Round,Date,Team 1,FT,HT,Team 2
?,(Fri) 21 Aug 2015 (W34),Málaga CF (1),0-0,0-0,Sevilla FC (1)
?,(Sat) 22 Aug 2015 (W34),Atlético Madrid (1),1-0,1-0,UD Las Palmas (1)
?,(Sat) 22 Aug 2015 (W34),RCD Espanyol (1),1-0,1-0,Getafe CF (1)
?,(Sat) 22 Aug 2015 (W34),RCD La Coruña (1),0-0,0-0,Real Sociedad (1)
?,(Sat) 22 Aug 2015 (W34),Rayo Vallecano (1),0-0,0-0,Valencia CF (1)
?,(Sun) 23 Aug 2015 (W34),Athletic Club Bilbao (1),0-1,0-0,FC Barcelona (1)
?,(Sun) 23 Aug 2015 (W34),Real Betis (1),1-1,0-1,Villarreal CF (1)
?,(Sun) 23 Aug 2015 (W34),Levante UD (1),1-2,0-1,RC Celta Vigo (1)
?,(Sun) 23 Aug 2015 (W34),Sporting Gijón (1),0-0,0-0,Real Madrid (1)
?,(Mon) 24 Aug 2015 (W35),Granada CF (1),1-3,0-2,SD Eibar (1)
?,(Fri) 28 Aug 2015 (W35),Villarreal CF (2),3-1,0-1,RCD Espanyol (2)
?,(Sat) 29 Aug 2015 (W35),FC Barcelona (2),1-0,0-0,Málaga CF (2)
?,(Sat) 29 Aug 2015 (W35),RC Celta Vigo (2),3-0,1-0,Rayo Vallecano (2)
?,(Sat) 29 Aug 2015 (W35),Real Madrid (2),5-0,2-0,Real Betis (2)
?,(Sat) 29 Aug 2015 (W35),Real Sociedad (2),0-0,0-0,Sporting Gijón (2)
?,(Sun) 30 Aug 2015 (W35),SD Eibar (2),2-0,1-0,Athletic Club Bilbao (2)
?,(Sun) 30 Aug 2015 (W35),Getafe CF (2),1-2,0-2,Granada CF (2)
?,(Sun) 30 Aug 2015 (W35),UD Las Palmas (2),0-0,0-0,Levante UD (2)
?,(Sun) 30 Aug 2015 (W35),Sevilla FC (2),0-3,0-1,Atlético Madrid (2)
?,(Sun) 30 Aug 2015 (W35),Valencia CF (2),1-1,1-1,RCD La Coruña (2)
?,(Fri) 11 Sep 2015 (W37),Levante UD (3),1-1,0-1,Sevilla FC (3)
?,(Sat) 12 Sep 2015 (W37),Atlético Madrid (3),1-2,0-0,FC Barcelona (3)
?,(Sat) 12 Sep 2015 (W37),Real Betis (3),1-0,1-0,Real Sociedad (3)
?,(Sat) 12 Sep 2015 (W37),RCD Espanyol (3),0-6,0-4,Real Madrid (3)
?,(Sat) 12 Sep 2015 (W37),Sporting Gijón (3),0-1,0-0,Valencia CF (3)
?,(Sun) 13 Sep 2015 (W37),Athletic Club Bilbao (3),3-1,2-0,Getafe CF (3)
?,(Sun) 13 Sep 2015 (W37),RC Celta Vigo (3),3-3,2-1,UD Las Palmas (3)
?,(Sun) 13 Sep 2015 (W37),Granada CF (3),1-3,0-0,Villarreal CF (3)
?,(Sun) 13 Sep 2015 (W37),Málaga CF (3),0-0,0-0,SD Eibar (3)
?,(Mon) 14 Sep 2015 (W38),Rayo Vallecano (3),1-3,1-2,RCD La Coruña (3)
?,(Fri) 18 Sep 2015 (W38),Getafe CF (4),1-0,1-0,Málaga CF (4)
?,(Sat) 19 Sep 2015 (W38),SD Eibar (4),0-2,0-0,Atlético Madrid (4)
?,(Sat) 19 Sep 2015 (W38),Real Madrid (4),1-0,0-0,Granada CF (4)
?,(Sat) 19 Sep 2015 (W38),Real Sociedad (4),2-3,1-1,RCD Espanyol (4)
?,(Sat) 19 Sep 2015 (W38),Valencia CF (4),0-0,0-0,Real Betis (4)
?,(Sun) 20 Sep 2015 (W38),FC Barcelona (4),4-1,0-0,Levante UD (4)
?,(Sun) 20 Sep 2015 (W38),RCD La Coruña (4),2-3,2-3,Sporting Gijón (4)
?,(Sun) 20 Sep 2015 (W38),UD Las Palmas (4),0-1,0-1,Rayo Vallecano (4)
?,(Sun) 20 Sep 2015 (W38),Sevilla FC (4),1-2,0-2,RC Celta Vigo (4)
?,(Sun) 20 Sep 2015 (W38),Villarreal CF (4),3-1,1-0,Athletic Club Bilbao (4)
?,(Tue) 22 Sep 2015 (W39),Atlético Madrid (5),2-0,1-0,Getafe CF (5)
?,(Tue) 22 Sep 2015 (W39),RCD Espanyol (5),1-0,1-0,Valencia CF (5)
?,(Tue) 22 Sep 2015 (W39),Granada CF (5),0-3,0-2,Real Sociedad (5)
?,(Wed) 23 Sep 2015 (W39),Athletic Club Bilbao (5),1-2,0-1,Real Madrid (5)
?,(Wed) 23 Sep 2015 (W39),RC Celta Vigo (5),4-1,2-0,FC Barcelona (5)
?,(Wed) 23 Sep 2015 (W39),UD Las Palmas (5),2-0,1-0,Sevilla FC (5)
?,(Wed) 23 Sep 2015 (W39),Levante UD (5),2-2,0-1,SD Eibar (5)
?,(Wed) 23 Sep 2015 (W39),Málaga CF (5),0-1,0-0,Villarreal CF (5)
?,(Wed) 23 Sep 2015 (W39),Rayo Vallecano (5),2-1,1-0,Sporting Gijón (5)
?,(Thu) 24 Sep 2015 (W39),Real Betis (5),1-2,0-0,RCD La Coruña (5)
?,(Fri) 25 Sep 2015 (W39),Valencia CF (6),1-0,1-0,Granada CF (6)
?,(Sat) 26 Sep 2015 (W39),FC Barcelona (6),2-1,1-0,UD Las Palmas (6)
?,(Sat) 26 Sep 2015 (W39),SD Eibar (6),1-1,1-0,RC Celta Vigo (6)
?,(Sat) 26 Sep 2015 (W39),Real Madrid (6),0-0,0-0,Málaga CF (6)
?,(Sat) 26 Sep 2015 (W39),Sevilla FC (6),3-2,2-0,Rayo Vallecano (6)
?,(Sat) 26 Sep 2015 (W39),Villarreal CF (6),1-0,1-0,Atlético Madrid (6)
?,(Sun) 27 Sep 2015 (W39),Getafe CF (6),3-0,0-0,Levante UD (6)
?,(Sun) 27 Sep 2015 (W39),RCD La Coruña (6),3-0,2-0,RCD Espanyol (6)
?,(Sun) 27 Sep 2015 (W39),Real Sociedad (6),0-0,0-0,Athletic Club Bilbao (6)
?,(Sun) 27 Sep 2015 (W39),Sporting Gijón (6),1-2,1-0,Real Betis (6)
?,(Fri) 2 Oct 2015 (W40),RC Celta Vigo (7),0-0,0-0,Getafe CF (7)
?,(Sat) 3 Oct 2015 (W40),RCD Espanyol (7),1-2,0-1,Sporting Gijón (7)
?,(Sat) 3 Oct 2015 (W40),Granada CF (7),1-1,0-1,RCD La Coruña (7)
?,(Sat) 3 Oct 2015 (W40),UD Las Palmas (7),0-2,0-1,SD Eibar (7)
?,(Sat) 3 Oct 2015 (W40),Málaga CF (7),3-1,2-1,Real Sociedad (7)
?,(Sat) 3 Oct 2015 (W40),Sevilla FC (7),2-1,0-0,FC Barcelona (7)
?,(Sun) 4 Oct 2015 (W40),Athletic Club Bilbao (7),3-1,1-1,Valencia CF (7)
?,(Sun) 4 Oct 2015 (W40),Atlético Madrid (7),1-1,0-1,Real Madrid (7)
?,(Sun) 4 Oct 2015 (W40),Levante UD (7),1-0,0-0,Villarreal CF (7)
?,(Sun) 4 Oct 2015 (W40),Rayo Vallecano (7),0-2,0-1,Real Betis (7)
?,(Sat) 17 Oct 2015 (W42),FC Barcelona (8),5-2,2-1,Rayo Vallecano (8)
?,(Sat) 17 Oct 2015 (W42),Real Betis (8),1-3,0-1,RCD Espanyol (8)
?,(Sat) 17 Oct 2015 (W42),SD Eibar (8),1-1,1-0,Sevilla FC (8)
?,(Sat) 17 Oct 2015 (W42),Real Madrid (8),3-0,2-0,Levante UD (8)
?,(Sat) 17 Oct 2015 (W42),Valencia CF (8),3-0,2-0,Málaga CF (8)
?,(Sun) 18 Oct 2015 (W42),Getafe CF (8),4-0,2-0,UD Las Palmas (8)
?,(Sun) 18 Oct 2015 (W42),RCD La Coruña (8),2-2,0-1,Athletic Club Bilbao (8)
?,(Sun) 18 Oct 2015 (W42),Real Sociedad (8),0-2,0-1,Atlético Madrid (8)
?,(Sun) 18 Oct 2015 (W42),Villarreal CF (8),1-2,0-1,RC Celta Vigo (8)
?,(Mon) 19 Oct 2015 (W43),Sporting Gijón (8),3-3,1-2,Granada CF (8)
?,(Fri) 23 Oct 2015 (W43),Rayo Vallecano (9),3-0,1-0,RCD Espanyol (9)
?,(Sat) 24 Oct 2015 (W43),RC Celta Vigo (9),1-3,0-2,Real Madrid (9)
?,(Sat) 24 Oct 2015 (W43),Granada CF (9),1-1,1-1,Real Betis (9)
?,(Sat) 24 Oct 2015 (W43),Málaga CF (9),2-0,0-0,RCD La Coruña (9)
?,(Sat) 24 Oct 2015 (W43),Sevilla FC (9),5-0,2-0,Getafe CF (9)
?,(Sun) 25 Oct 2015 (W43),Atlético Madrid (9),2-1,2-0,Valencia CF (9)
?,(Sun) 25 Oct 2015 (W43),FC Barcelona (9),3-1,1-1,SD Eibar (9)
?,(Sun) 25 Oct 2015 (W43),UD Las Palmas (9),0-0,0-0,Villarreal CF (9)
?,(Sun) 25 Oct 2015 (W43),Levante UD (9),0-4,0-2,Real Sociedad (9)
?,(Mon) 26 Oct 2015 (W44),Athletic Club Bilbao (9),3-0,2-0,Sporting Gijón (9)
?,(Fri) 30 Oct 2015 (W44),RCD La Coruña (10),1-1,0-1,Atlético Madrid (10)
?,(Sat) 31 Oct 2015 (W44),Getafe CF (10),0-2,0-1,FC Barcelona (10)
?,(Sat) 31 Oct 2015 (W44),Real Madrid (10),3-1,3-1,UD Las Palmas (10)
?,(Sat) 31 Oct 2015 (W44),Real Sociedad (10),2-3,2-1,RC Celta Vigo (10)
?,(Sat) 31 Oct 2015 (W44),Valencia CF (10),3-0,0-0,Levante UD (10)
?,(Sat) 31 Oct 2015 (W44),Villarreal CF (10),2-1,1-0,Sevilla FC (10)
?,(Sun) 1 Nov 2015 (W44),Real Betis (10),1-3,0-2,Athletic Club Bilbao (10)
?,(Sun) 1 Nov 2015 (W44),SD Eibar (10),1-0,1-0,Rayo Vallecano (10)
?,(Sun) 1 Nov 2015 (W44),RCD Espanyol (10),1-1,0-0,Granada CF (10)
?,(Sun) 1 Nov 2015 (W44),Sporting Gijón (10),1-0,1-0,Málaga CF (10)
?,(Fri) 6 Nov 2015 (W45),UD Las Palmas (11),2-0,1-0,Real Sociedad (11)
?,(Sat) 7 Nov 2015 (W45),RC Celta Vigo (11),1-5,1-2,Valencia CF (11)
?,(Sat) 7 Nov 2015 (W45),SD Eibar (11),3-1,2-1,Getafe CF (11)
?,(Sat) 7 Nov 2015 (W45),Levante UD (11),1-1,0-1,RCD La Coruña (11)
?,(Sat) 7 Nov 2015 (W45),Málaga CF (11),0-1,0-0,Real Betis (11)
?,(Sat) 7 Nov 2015 (W45),Rayo Vallecano (11),2-1,2-0,Granada CF (11)
?,(Sun) 8 Nov 2015 (W45),Athletic Club Bilbao (11),2-1,1-0,RCD Espanyol (11)
?,(Sun) 8 Nov 2015 (W45),Atlético Madrid (11),1-0,0-0,Sporting Gijón (11)
?,(Sun) 8 Nov 2015 (W45),FC Barcelona (11),3-0,0-0,Villarreal CF (11)
?,(Sun) 8 Nov 2015 (W45),Sevilla FC (11),3-2,1-1,Real Madrid (11)
?,(Sat) 21 Nov 2015 (W47),RCD Espanyol (12),2-0,2-0,Málaga CF (12)
?,(Sat) 21 Nov 2015 (W47),RCD La Coruña (12),2-0,1-0,RC Celta Vigo (12)
?,(Sat) 21 Nov 2015 (W47),Real Madrid (12),0-4,0-2,FC Barcelona (12)
?,(Sat) 21 Nov 2015 (W47),Real Sociedad (12),2-0,0-0,Sevilla FC (12)
?,(Sat) 21 Nov 2015 (W47),Valencia CF (12),1-1,1-0,UD Las Palmas (12)
?,(Sun) 22 Nov 2015 (W47),Real Betis (12),0-1,0-1,Atlético Madrid (12)
?,(Sun) 22 Nov 2015 (W47),Granada CF (12),2-0,1-0,Athletic Club Bilbao (12)
?,(Sun) 22 Nov 2015 (W47),Sporting Gijón (12),0-3,0-3,Levante UD (12)
?,(Sun) 22 Nov 2015 (W47),Villarreal CF (12),1-1,0-1,SD Eibar (12)
?,(Mon) 23 Nov 2015 (W48),Getafe CF (12),1-1,0-0,Rayo Vallecano (12)
?,(Fri) 27 Nov 2015 (W48),Levante UD (13),0-1,0-1,Real Betis (13)
?,(Sat) 28 Nov 2015 (W48),Atlético Madrid (13),1-0,1-0,RCD Espanyol (13)
?,(Sat) 28 Nov 2015 (W48),FC Barcelona (13),4-0,2-0,Real Sociedad (13)
?,(Sat) 28 Nov 2015 (W48),RC Celta Vigo (13),2-1,1-0,Sporting Gijón (13)
?,(Sat) 28 Nov 2015 (W48),UD Las Palmas (13),0-2,0-1,RCD La Coruña (13)
?,(Sat) 28 Nov 2015 (W48),Málaga CF (13),2-2,1-0,Granada CF (13)
?,(Sun) 29 Nov 2015 (W48),SD Eibar (13),0-2,0-1,Real Madrid (13)
?,(Sun) 29 Nov 2015 (W48),Getafe CF (13),2-0,1-0,Villarreal CF (13)
?,(Sun) 29 Nov 2015 (W48),Sevilla FC (13),1-0,0-0,Valencia CF (13)
?,(Sun) 29 Nov 2015 (W48),Rayo Vallecano (13),0-3,0-2,Athletic Club Bilbao (13)
?,(Sat) 5 Dec 2015 (W49),Real Betis (14),1-1,0-1,RC Celta Vigo (14)
?,(Sat) 5 Dec 2015 (W49),Granada CF (14),0-2,0-1,Atlético Madrid (14)
?,(Sat) 5 Dec 2015 (W49),RCD La Coruña (14),1-1,1-0,Sevilla FC (14)
?,(Sat) 5 Dec 2015 (W49),Real Madrid (14),4-1,4-0,Getafe CF (14)
?,(Sat) 5 Dec 2015 (W49),Valencia CF (14),1-1,0-0,FC Barcelona (14)
?,(Sun) 6 Dec 2015 (W49),Athletic Club Bilbao (14),0-0,0-0,Málaga CF (14)
?,(Sun) 6 Dec 2015 (W49),Real Sociedad (14),2-1,1-1,SD Eibar (14)
?,(Sun) 6 Dec 2015 (W49),Sporting Gijón (14),3-1,1-1,UD Las Palmas (14)
?,(Sun) 6 Dec 2015 (W49),Villarreal CF (14),2-1,0-1,Rayo Vallecano (14)
?,(Mon) 7 Dec 2015 (W50),RCD Espanyol (14),1-1,0-1,Levante UD (14)
?,(Fri) 11 Dec 2015 (W50),Getafe CF (15),1-1,0-0,Real Sociedad (15)
?,(Sat) 12 Dec 2015 (W50),FC Barcelona (15),2-2,1-0,RCD La Coruña (15)
?,(Sat) 12 Dec 2015 (W50),RC Celta Vigo (15),1-0,1-0,RCD Espanyol (15)
?,(Sat) 12 Dec 2015 (W50),UD Las Palmas (15),1-0,0-0,Real Betis (15)
?,(Sat) 12 Dec 2015 (W50),Levante UD (15),1-2,0-0,Granada CF (15)
?,(Sat) 12 Dec 2015 (W50),Sevilla FC (15),2-0,0-0,Sporting Gijón (15)
?,(Sun) 13 Dec 2015 (W50),Atlético Madrid (15),2-1,1-1,Athletic Club Bilbao (15)
?,(Sun) 13 Dec 2015 (W50),SD Eibar (15),1-1,1-0,Valencia CF (15)
?,(Sun) 13 Dec 2015 (W50),Rayo Vallecano (15),1-2,1-0,Málaga CF (15)
?,(Sun) 13 Dec 2015 (W50),Villarreal CF (15),1-0,1-0,Real Madrid (15)
?,(Sat) 19 Dec 2015 (W51),Real Betis (16),0-0,0-0,Sevilla FC (16)
?,(Sat) 19 Dec 2015 (W51),RCD Espanyol (16),1-0,0-0,UD Las Palmas (16)
?,(Sat) 19 Dec 2015 (W51),RCD La Coruña (16),2-0,1-0,SD Eibar (16)
?,(Sat) 19 Dec 2015 (W51),Valencia CF (16),2-2,2-2,Getafe CF (16)
?,(Sun) 20 Dec 2015 (W51),Athletic Club Bilbao (16),2-0,0-0,Levante UD (16)
?,(Sun) 20 Dec 2015 (W51),Granada CF (16),0-2,0-2,RC Celta Vigo (16)
?,(Sun) 20 Dec 2015 (W51),Málaga CF (16),1-0,0-0,Atlético Madrid (16)
?,(Sun) 20 Dec 2015 (W51),Real Madrid (16),10-2,4-2,Rayo Vallecano (16)
?,(Sun) 20 Dec 2015 (W51),Real Sociedad (16),0-2,0-1,Villarreal CF (16)
?,(Wed) 30 Dec 2015 (W53),FC Barcelona (16),4-0,2-0,Real Betis (17)
?,(Wed) 30 Dec 2015 (W53),RC Celta Vigo (17),0-1,0-0,Athletic Club Bilbao (17)
?,(Wed) 30 Dec 2015 (W53),SD Eibar (17),2-0,0-0,Sporting Gijón (16)
?,(Wed) 30 Dec 2015 (W53),Getafe CF (17),0-0,0-0,RCD La Coruña (17)
?,(Wed) 30 Dec 2015 (W53),UD Las Palmas (17),4-1,1-0,Granada CF (17)
?,(Wed) 30 Dec 2015 (W53),Levante UD (17),0-1,0-0,Málaga CF (17)
?,(Wed) 30 Dec 2015 (W53),Real Madrid (17),3-1,1-0,Real Sociedad (17)
?,(Wed) 30 Dec 2015 (W53),Sevilla FC (17),2-0,2-0,RCD Espanyol (17)
?,(Wed) 30 Dec 2015 (W53),Rayo Vallecano (17),0-2,0-0,Atlético Madrid (17)
?,(Thu) 31 Dec 2015 (W53),Villarreal CF (17),1-0,0-0,Valencia CF (17)
?,(Sat) 2 Jan 2016 (W53),Atlético Madrid (18),1-0,0-0,Levante UD (18)
?,(Sat) 2 Jan 2016 (W53),RCD Espanyol (18),0-0,0-0,FC Barcelona (17)
?,(Sat) 2 Jan 2016 (W53),Málaga CF (18),2-0,2-0,RC Celta Vigo (18)
?,(Sun) 3 Jan 2016 (W53),Athletic Club Bilbao (18),2-2,1-0,UD Las Palmas (18)
?,(Sun) 3 Jan 2016 (W53),Real Betis (18),0-4,0-2,SD Eibar (18)
?,(Sun) 3 Jan 2016 (W53),Granada CF (18),2-1,2-1,Sevilla FC (18)
?,(Sun) 3 Jan 2016 (W53),RCD La Coruña (18),1-2,0-1,Villarreal CF (18)
?,(Sun) 3 Jan 2016 (W53),Valencia CF (18),2-2,1-1,Real Madrid (18)
?,(Sun) 3 Jan 2016 (W53),Rayo Vallecano (18),2-2,1-1,Real Sociedad (18)
?,(Mon) 4 Jan 2016 (W1),Sporting Gijón (17),1-2,1-0,Getafe CF (18)
?,(Sat) 9 Jan 2016 (W1),FC Barcelona (18),4-0,2-0,Granada CF (19)
?,(Sat) 9 Jan 2016 (W1),Getafe CF (19),1-0,0-0,Real Betis (19)
?,(Sat) 9 Jan 2016 (W1),Levante UD (19),2-1,0-0,Rayo Vallecano (19)
?,(Sat) 9 Jan 2016 (W1),Real Madrid (19),5-0,2-0,RCD La Coruña (19)
?,(Sat) 9 Jan 2016 (W1),Sevilla FC (19),2-0,1-0,Athletic Club Bilbao (19)
?,(Sun) 10 Jan 2016 (W1),RC Celta Vigo (19),0-2,0-0,Atlético Madrid (19)
?,(Sun) 10 Jan 2016 (W1),SD Eibar (19),2-1,1-1,RCD Espanyol (19)
?,(Sun) 10 Jan 2016 (W1),UD Las Palmas (19),1-1,0-0,Málaga CF (19)
?,(Sun) 10 Jan 2016 (W1),Real Sociedad (19),2-0,0-0,Valencia CF (19)
?,(Sun) 10 Jan 2016 (W1),Villarreal CF (19),2-0,1-0,Sporting Gijón (18)
?,(Sat) 16 Jan 2016 (W2),RC Celta Vigo (20),4-3,2-0,Levante UD (20)
?,(Sat) 16 Jan 2016 (W2),Sevilla FC (20),2-1,2-0,Málaga CF (20)
?,(Sat) 16 Jan 2016 (W2),Real Sociedad (20),1-1,0-1,RCD La Coruña (20)
?,(Sat) 16 Jan 2016 (W2),Villarreal CF (20),0-0,0-0,Real Betis (20)
?,(Sun) 17 Jan 2016 (W2),FC Barcelona (19),6-0,2-0,Athletic Club Bilbao (20)
?,(Sun) 17 Jan 2016 (W2),Getafe CF (20),3-1,2-1,RCD Espanyol (20)
?,(Sun) 17 Jan 2016 (W2),UD Las Palmas (20),0-3,0-1,Atlético Madrid (20)
?,(Sun) 17 Jan 2016 (W2),Real Madrid (20),5-1,5-0,Sporting Gijón (19)
?,(Sun) 17 Jan 2016 (W2),Valencia CF (20),2-2,0-1,Rayo Vallecano (20)
?,(Mon) 18 Jan 2016 (W3),SD Eibar (20),5-1,2-0,Granada CF (20)
?,(Fri) 22 Jan 2016 (W3),Sporting Gijón (20),5-1,3-1,Real Sociedad (21)
?,(Sat) 23 Jan 2016 (W3),RCD Espanyol (21),2-2,2-1,Villarreal CF (21)
?,(Sat) 23 Jan 2016 (W3),Granada CF (21),3-2,2-0,Getafe CF (21)
?,(Sat) 23 Jan 2016 (W3),Málaga CF (21),1-2,1-1,FC Barcelona (20)
?,(Sat) 23 Jan 2016 (W3),Rayo Vallecano (21),3-0,3-0,RC Celta Vigo (21)
?,(Sun) 24 Jan 2016 (W3),Athletic Club Bilbao (21),5-2,3-1,SD Eibar (21)
?,(Sun) 24 Jan 2016 (W3),Atlético Madrid (21),0-0,0-0,Sevilla FC (21)
?,(Sun) 24 Jan 2016 (W3),Real Betis (21),1-1,1-0,Real Madrid (21)
?,(Sun) 24 Jan 2016 (W3),RCD La Coruña (21),1-1,1-0,Valencia CF (21)
?,(Mon) 25 Jan 2016 (W4),Levante UD (21),3-2,1-0,UD Las Palmas (21)
?,(Sat) 30 Jan 2016 (W4),FC Barcelona (21),2-1,2-1,Atlético Madrid (22)
?,(Sat) 30 Jan 2016 (W4),SD Eibar (22),1-2,0-1,Málaga CF (22)
?,(Sat) 30 Jan 2016 (W4),Getafe CF (22),0-1,0-1,Athletic Club Bilbao (22)
?,(Sat) 30 Jan 2016 (W4),Real Sociedad (22),2-1,2-0,Real Betis (22)
?,(Sat) 30 Jan 2016 (W4),Villarreal CF (22),1-0,0-0,Granada CF (22)
?,(Sun) 31 Jan 2016 (W4),UD Las Palmas (22),2-1,1-1,RC Celta Vigo (22)
?,(Sun) 31 Jan 2016 (W4),Real Madrid (22),6-0,4-0,RCD Espanyol (22)
?,(Sun) 31 Jan 2016 (W4),Sevilla FC (22),3-1,1-0,Levante UD (22)
?,(Sun) 31 Jan 2016 (W4),Valencia CF (22),0-1,0-0,Sporting Gijón (21)
?,(Mon) 1 Feb 2016 (W5),RCD La Coruña (22),2-2,1-2,Rayo Vallecano (22)
?,(Fri) 5 Feb 2016 (W5),Málaga CF (23),3-0,3-0,Getafe CF (23)
?,(Sat) 6 Feb 2016 (W5),Athletic Club Bilbao (23),0-0,0-0,Villarreal CF (23)
?,(Sat) 6 Feb 2016 (W5),Atlético Madrid (23),3-1,0-0,SD Eibar (23)
?,(Sat) 6 Feb 2016 (W5),Sporting Gijón (22),1-1,1-1,RCD La Coruña (23)
?,(Sat) 6 Feb 2016 (W5),Rayo Vallecano (23),2-0,1-0,UD Las Palmas (23)
?,(Sun) 7 Feb 2016 (W5),Real Betis (23),1-0,0-0,Valencia CF (23)
?,(Sun) 7 Feb 2016 (W5),RC Celta Vigo (23),1-1,0-1,Sevilla FC (23)
?,(Sun) 7 Feb 2016 (W5),Granada CF (23),1-2,0-1,Real Madrid (23)
?,(Sun) 7 Feb 2016 (W5),Levante UD (23),0-2,0-1,FC Barcelona (22)
?,(Mon) 8 Feb 2016 (W6),RCD Espanyol (23),0-5,0-2,Real Sociedad (23)
?,(Fri) 12 Feb 2016 (W6),Sporting Gijón (23),2-2,2-1,Rayo Vallecano (24)
?,(Sat) 13 Feb 2016 (W6),RCD La Coruña (24),2-2,1-2,Real Betis (24)
?,(Sat) 13 Feb 2016 (W6),Real Madrid (24),4-2,3-1,Athletic Club Bilbao (24)
?,(Sat) 13 Feb 2016 (W6),Valencia CF (24),2-1,0-0,RCD Espanyol (24)
?,(Sat) 13 Feb 2016 (W6),Villarreal CF (24),1-0,1-0,Málaga CF (24)
?,(Sun) 14 Feb 2016 (W6),FC Barcelona (23),6-1,1-1,RC Celta Vigo (24)
?,(Sun) 14 Feb 2016 (W6),SD Eibar (24),2-0,1-0,Levante UD (24)
?,(Sun) 14 Feb 2016 (W6),Getafe CF (24),0-1,0-1,Atlético Madrid (24)
?,(Sun) 14 Feb 2016 (W6),Sevilla FC (24),2-0,0-0,UD Las Palmas (24)
?,(Sun) 14 Feb 2016 (W6),Real Sociedad (24),3-0,2-0,Granada CF (24)
?,(Wed) 17 Feb 2016 (W7),Sporting Gijón (24),1-3,1-2,FC Barcelona (24)
?,(Fri) 19 Feb 2016 (W7),Levante UD (25),3-0,2-0,Getafe CF (25)
?,(Sat) 20 Feb 2016 (W7),Real Betis (25),1-1,0-0,Sporting Gijón (25)
?,(Sat) 20 Feb 2016 (W7),RC Celta Vigo (25),3-2,2-0,SD Eibar (25)
?,(Sat) 20 Feb 2016 (W7),RCD Espanyol (25),1-0,0-0,RCD La Coruña (25)
?,(Sat) 20 Feb 2016 (W7),UD Las Palmas (25),1-2,1-2,FC Barcelona (25)
?,(Sun) 21 Feb 2016 (W7),Athletic Club Bilbao (25),0-1,0-1,Real Sociedad (25)
?,(Sun) 21 Feb 2016 (W7),Atlético Madrid (25),0-0,0-0,Villarreal CF (25)
?,(Sun) 21 Feb 2016 (W7),Granada CF (25),1-2,0-0,Valencia CF (25)
?,(Sun) 21 Feb 2016 (W7),Málaga CF (25),1-1,0-1,Real Madrid (25)
?,(Sun) 21 Feb 2016 (W7),Rayo Vallecano (25),2-2,1-2,Sevilla FC (25)
?,(Fri) 26 Feb 2016 (W8),SD Eibar (26),0-1,0-1,UD Las Palmas (26)
?,(Sat) 27 Feb 2016 (W8),Real Betis (26),2-2,2-0,Rayo Vallecano (26)
?,(Sat) 27 Feb 2016 (W8),Getafe CF (26),0-1,0-0,RC Celta Vigo (26)
?,(Sat) 27 Feb 2016 (W8),Real Madrid (26),0-1,0-0,Atlético Madrid (26)
?,(Sat) 27 Feb 2016 (W8),Real Sociedad (26),1-1,0-0,Málaga CF (26)
?,(Sat) 27 Feb 2016 (W8),Sporting Gijón (26),2-4,1-1,RCD Espanyol (26)
?,(Sun) 28 Feb 2016 (W8),FC Barcelona (26),2-1,1-1,Sevilla FC (26)
?,(Sun) 28 Feb 2016 (W8),RCD La Coruña (26),0-1,0-1,Granada CF (26)
?,(Sun) 28 Feb 2016 (W8),Valencia CF (26),0-3,0-0,Athletic Club Bilbao (26)
?,(Sun) 28 Feb 2016 (W8),Villarreal CF (26),3-0,2-0,Levante UD (26)
?,(Tue) 1 Mar 2016 (W9),Atlético Madrid (27),3-0,1-0,Real Sociedad (27)
?,(Tue) 1 Mar 2016 (W9),UD Las Palmas (27),4-0,2-0,Getafe CF (27)
?,(Wed) 2 Mar 2016 (W9),Athletic Club Bilbao (27),4-1,2-0,RCD La Coruña (27)
?,(Wed) 2 Mar 2016 (W9),RC Celta Vigo (27),0-0,0-0,Villarreal CF (27)
?,(Wed) 2 Mar 2016 (W9),Levante UD (27),1-3,1-2,Real Madrid (27)
?,(Wed) 2 Mar 2016 (W9),Málaga CF (27),1-2,1-1,Valencia CF (27)
?,(Wed) 2 Mar 2016 (W9),Sevilla FC (27),1-0,1-0,SD Eibar (27)
?,(Thu) 3 Mar 2016 (W9),RCD Espanyol (27),0-3,0-2,Real Betis (27)
?,(Thu) 3 Mar 2016 (W9),Granada CF (27),2-0,0-0,Sporting Gijón (27)
?,(Thu) 3 Mar 2016 (W9),Rayo Vallecano (27),1-5,0-2,FC Barcelona (27)
?,(Sat) 5 Mar 2016 (W9),Getafe CF (28),1-1,0-0,Sevilla FC (28)
?,(Sat) 5 Mar 2016 (W9),RCD La Coruña (28),3-3,1-1,Málaga CF (28)
?,(Sat) 5 Mar 2016 (W9),Real Madrid (28),7-1,1-0,RC Celta Vigo (28)
?,(Sat) 5 Mar 2016 (W9),Villarreal CF (28),0-1,0-1,UD Las Palmas (28)
?,(Sun) 6 Mar 2016 (W9),Real Betis (28),2-0,0-0,Granada CF (28)
?,(Sun) 6 Mar 2016 (W9),SD Eibar (28),0-4,0-2,FC Barcelona (28)
?,(Sun) 6 Mar 2016 (W9),Real Sociedad (28),1-1,1-1,Levante UD (28)
?,(Sun) 6 Mar 2016 (W9),Sporting Gijón (28),0-2,0-1,Athletic Club Bilbao (28)
?,(Sun) 6 Mar 2016 (W9),Valencia CF (28),1-3,1-1,Atlético Madrid (28)
?,(Mon) 7 Mar 2016 (W10),RCD Espanyol (28),2-1,1-0,Rayo Vallecano (28)
?,(Fri) 11 Mar 2016 (W10),Málaga CF (29),1-0,1-0,Sporting Gijón (29)
?,(Sat) 12 Mar 2016 (W10),Atlético Madrid (29),3-0,1-0,RCD La Coruña (29)
?,(Sat) 12 Mar 2016 (W10),FC Barcelona (29),6-0,4-0,Getafe CF (29)
?,(Sat) 12 Mar 2016 (W10),RC Celta Vigo (29),1-0,1-0,Real Sociedad (29)
?,(Sat) 12 Mar 2016 (W10),Rayo Vallecano (29),1-1,1-1,SD Eibar (29)
?,(Sun) 13 Mar 2016 (W10),Athletic Club Bilbao (29),3-1,2-0,Real Betis (29)
?,(Sun) 13 Mar 2016 (W10),UD Las Palmas (29),1-2,0-1,Real Madrid (29)
?,(Sun) 13 Mar 2016 (W10),Levante UD (29),1-0,0-0,Valencia CF (29)
?,(Sun) 13 Mar 2016 (W10),Sevilla FC (29),4-2,1-2,Villarreal CF (29)
?,(Mon) 14 Mar 2016 (W11),Granada CF (29),1-1,1-0,RCD Espanyol (29)
?,(Fri) 18 Mar 2016 (W11),Getafe CF (30),1-1,1-0,SD Eibar (30)
?,(Sat) 19 Mar 2016 (W11),Real Betis (30),0-1,0-0,Málaga CF (30)
?,(Sat) 19 Mar 2016 (W11),Granada CF (30),2-2,1-1,Rayo Vallecano (30)
?,(Sat) 19 Mar 2016 (W11),RCD La Coruña (30),2-1,1-0,Levante UD (30)
?,(Sat) 19 Mar 2016 (W11),Real Sociedad (30),0-1,0-1,UD Las Palmas (30)
?,(Sat) 19 Mar 2016 (W11),Sporting Gijón (30),2-1,0-1,Atlético Madrid (30)
?,(Sun) 20 Mar 2016 (W11),RCD Espanyol (30),2-1,0-1,Athletic Club Bilbao (30)
?,(Sun) 20 Mar 2016 (W11),Real Madrid (30),4-0,1-0,Sevilla FC (30)
?,(Sun) 20 Mar 2016 (W11),Valencia CF (30),0-2,0-0,RC Celta Vigo (30)
?,(Sun) 20 Mar 2016 (W11),Villarreal CF (30),2-2,0-2,FC Barcelona (30)
?,(Fri) 1 Apr 2016 (W13),Rayo Vallecano (31),2-0,1-0,Getafe CF (31)
?,(Sat) 2 Apr 2016 (W13),Atlético Madrid (31),5-1,2-0,Real Betis (31)
?,(Sat) 2 Apr 2016 (W13),FC Barcelona (31),1-2,0-0,Real Madrid (31)
?,(Sat) 2 Apr 2016 (W13),RC Celta Vigo (31),1-1,1-1,RCD La Coruña (31)
?,(Sat) 2 Apr 2016 (W13),UD Las Palmas (31),2-1,0-1,Valencia CF (31)
?,(Sun) 3 Apr 2016 (W13),Athletic Club Bilbao (31),1-1,1-0,Granada CF (31)
?,(Sun) 3 Apr 2016 (W13),SD Eibar (31),1-2,1-1,Villarreal CF (31)
?,(Sun) 3 Apr 2016 (W13),Málaga CF (31),1-1,1-1,RCD Espanyol (31)
?,(Sun) 3 Apr 2016 (W13),Sevilla FC (31),1-2,0-2,Real Sociedad (31)
?,(Mon) 4 Apr 2016 (W14),Levante UD (31),0-0,0-0,Sporting Gijón (31)
?,(Fri) 8 Apr 2016 (W14),Granada CF (32),0-0,0-0,Málaga CF (32)
?,(Sat) 9 Apr 2016 (W14),Real Betis (32),1-0,0-0,Levante UD (32)
?,(Sat) 9 Apr 2016 (W14),RCD Espanyol (32),1-3,1-1,Atlético Madrid (32)
?,(Sat) 9 Apr 2016 (W14),Real Madrid (32),4-0,4-0,SD Eibar (32)
?,(Sat) 9 Apr 2016 (W14),Real Sociedad (32),1-0,1-0,FC Barcelona (32)
?,(Sun) 10 Apr 2016 (W14),Athletic Club Bilbao (32),1-0,0-0,Rayo Vallecano (32)
?,(Sun) 10 Apr 2016 (W14),Sporting Gijón (32),0-1,0-0,RC Celta Vigo (32)
?,(Sun) 10 Apr 2016 (W14),Valencia CF (32),2-1,1-0,Sevilla FC (32)
?,(Sun) 10 Apr 2016 (W14),Villarreal CF (32),2-0,1-0,Getafe CF (32)
?,(Mon) 11 Apr 2016 (W15),RCD La Coruña (32),1-3,0-0,UD Las Palmas (32)
?,(Fri) 15 Apr 2016 (W15),Levante UD (33),2-1,1-1,RCD Espanyol (33)
?,(Sat) 16 Apr 2016 (W15),RC Celta Vigo (33),1-1,0-1,Real Betis (33)
?,(Sat) 16 Apr 2016 (W15),SD Eibar (33),2-1,1-1,Real Sociedad (33)
?,(Sat) 16 Apr 2016 (W15),Getafe CF (33),1-5,0-2,Real Madrid (33)
?,(Sat) 16 Apr 2016 (W15),UD Las Palmas (33),1-1,1-0,Sporting Gijón (33)
?,(Sun) 17 Apr 2016 (W15),Atlético Madrid (33),3-0,1-0,Granada CF (33)
?,(Sun) 17 Apr 2016 (W15),FC Barcelona (33),1-2,0-2,Valencia CF (33)
?,(Sun) 17 Apr 2016 (W15),Málaga CF (33),0-1,0-0,Athletic Club Bilbao (33)
?,(Sun) 17 Apr 2016 (W15),Sevilla FC (33),1-1,1-0,RCD La Coruña (33)
?,(Sun) 17 Apr 2016 (W15),Rayo Vallecano (33),2-1,1-1,Villarreal CF (33)
?,(Tue) 19 Apr 2016 (W16),Real Betis (34),1-0,0-0,UD Las Palmas (34)
?,(Tue) 19 Apr 2016 (W16),RCD Espanyol (34),1-1,1-1,RC Celta Vigo (34)
?,(Wed) 20 Apr 2016 (W16),Athletic Club Bilbao (34),0-1,0-1,Atlético Madrid (34)
?,(Wed) 20 Apr 2016 (W16),RCD La Coruña (34),0-8,0-2,FC Barcelona (34)
?,(Wed) 20 Apr 2016 (W16),Málaga CF (34),1-1,0-0,Rayo Vallecano (34)
?,(Wed) 20 Apr 2016 (W16),Real Madrid (34),3-0,1-0,Villarreal CF (34)
?,(Wed) 20 Apr 2016 (W16),Sporting Gijón (34),2-1,1-1,Sevilla FC (34)
?,(Wed) 20 Apr 2016 (W16),Valencia CF (34),4-0,3-0,SD Eibar (34)
?,(Thu) 21 Apr 2016 (W16),Granada CF (34),5-1,3-0,Levante UD (34)
?,(Thu) 21 Apr 2016 (W16),Real Sociedad (34),1-2,1-1,Getafe CF (34)
?,(Fri) 22 Apr 2016 (W16),UD Las Palmas (35),4-0,1-0,RCD Espanyol (35)
?,(Sat) 23 Apr 2016 (W16),Atlético Madrid (35),1-0,0-0,Málaga CF (35)
?,(Sat) 23 Apr 2016 (W16),FC Barcelona (35),6-0,1-0,Sporting Gijón (35)
?,(Sat) 23 Apr 2016 (W16),SD Eibar (35),1-1,1-0,RCD La Coruña (35)
?,(Sat) 23 Apr 2016 (W16),Rayo Vallecano (35),2-3,2-1,Real Madrid (35)
?,(Sun) 24 Apr 2016 (W16),Getafe CF (35),2-2,0-0,Valencia CF (35)
?,(Sun) 24 Apr 2016 (W16),Levante UD (35),2-2,1-0,Athletic Club Bilbao (35)
?,(Sun) 24 Apr 2016 (W16),Sevilla FC (35),2-0,0-0,Real Betis (35)
?,(Sun) 24 Apr 2016 (W16),Villarreal CF (35),0-0,0-0,Real Sociedad (35)
?,(Mon) 25 Apr 2016 (W17),RC Celta Vigo (35),2-1,1-0,Granada CF (35)
?,(Fri) 29 Apr 2016 (W17),Sporting Gijón (36),2-0,1-0,SD Eibar (36)
?,(Sat) 30 Apr 2016 (W17),Atlético Madrid (36),1-0,0-0,Rayo Vallecano (36)
?,(Sat) 30 Apr 2016 (W17),Real Betis (36),0-2,0-0,FC Barcelona (36)
?,(Sat) 30 Apr 2016 (W17),Granada CF (36),3-2,2-2,UD Las Palmas (36)
?,(Sat) 30 Apr 2016 (W17),Real Sociedad (36),0-1,0-0,Real Madrid (36)
?,(Sun) 1 May 2016 (W17),Athletic Club Bilbao (36),2-1,1-1,RC Celta Vigo (36)
?,(Sun) 1 May 2016 (W17),RCD Espanyol (36),1-0,0-0,Sevilla FC (36)
?,(Sun) 1 May 2016 (W17),RCD La Coruña (36),0-2,0-1,Getafe CF (36)
?,(Sun) 1 May 2016 (W17),Valencia CF (36),0-2,0-2,Villarreal CF (36)
?,(Mon) 2 May 2016 (W18),Málaga CF (36),3-1,1-1,Levante UD (36)
?,(Sun) 8 May 2016 (W18),FC Barcelona (37),5-0,1-0,RCD Espanyol (37)
?,(Sun) 8 May 2016 (W18),RC Celta Vigo (37),1-0,1-0,Málaga CF (37)
?,(Sun) 8 May 2016 (W18),SD Eibar (37),1-1,0-1,Real Betis (37)
?,(Sun) 8 May 2016 (W18),Getafe CF (37),1-1,0-0,Sporting Gijón (37)
?,(Sun) 8 May 2016 (W18),UD Las Palmas (37),0-0,0-0,Athletic Club Bilbao (37)
?,(Sun) 8 May 2016 (W18),Levante UD (37),2-1,1-1,Atlético Madrid (37)
?,(Sun) 8 May 2016 (W18),Real Madrid (37),3-2,2-0,Valencia CF (37)
?,(Sun) 8 May 2016 (W18),Sevilla FC (37),1-4,0-1,Granada CF (37)
?,(Sun) 8 May 2016 (W18),Real Sociedad (37),2-1,1-0,Rayo Vallecano (37)
?,(Sun) 8 May 2016 (W18),Villarreal CF (37),0-2,0-1,RCD La Coruña (37)
?,(Fri) 13 May 2016 (W19),Valencia CF (38),0-1,0-0,Real Sociedad (38)
?,(Sat) 14 May 2016 (W19),Athletic Club Bilbao (38),3-1,2-0,Sevilla FC (38)
?,(Sat) 14 May 2016 (W19),Atlético Madrid (38),2-0,0-0,RC Celta Vigo (38)
?,(Sat) 14 May 2016 (W19),Granada CF (38),0-3,0-2,FC Barcelona (38)
?,(Sat) 14 May 2016 (W19),RCD La Coruña (38),0-2,0-2,Real Madrid (38)
?,(Sun) 15 May 2016 (W19),Real Betis (38),2-1,0-0,Getafe CF (38)
?,(Sun) 15 May 2016 (W19),RCD Espanyol (38),4-2,2-0,SD Eibar (38)
?,(Sun) 15 May 2016 (W19),Málaga CF (38),4-1,2-1,UD Las Palmas (38)
?,(Sun) 15 May 2016 (W19),Sporting Gijón (38),2-0,1-0,Villarreal CF (38)
?,(Sun) 15 May 2016 (W19),Rayo Vallecano (38),3-1,2-0,Levante UD (38)
