Round,Date,Team 1,FT,HT,Team 2
?,(Sat) 5 Sep 1992 (35),FC Barcelona (1),2-1,?,Real Madrid CF (1)
?,(Sat) 5 Sep 1992 (35),Valencia CF (1),1-0,?,Rayo Vallecano (1)
?,(Sun) 6 Sep 1992 (35),Albacete Balompié (1),3-4,?,Sevilla FC (1)
?,(Sun) 6 Sep 1992 (35),Athletic Club Bilbao (1),2-1,?,Cádiz CF (1)
?,(Sun) 6 Sep 1992 (35),Atlético Madrid (1),3-2,?,CD Tenerife (1)
?,(Sun) 6 Sep 1992 (35),RCD La Coruña (1),2-0,?,RC Celta Vigo (1)
?,(Sun) 6 Sep 1992 (35),Real Sporting (1),0-0,?,CA Osasuna (1)
?,(Sun) 6 Sep 1992 (35),CD Logroñés (1),1-0,?,Real Oviedo (1)
?,(Sun) 6 Sep 1992 (35),Real Burgos CF (1),4-0,?,Real Sociedad (1)
?,(Sun) 6 Sep 1992 (35),Real Zaragoza (1),2-1,?,RCD Español (1)
?,(Sat) 12 Sep 1992 (36),Real Sociedad (2),1-2,?,Real Sporting (2)
?,(Sat) 12 Sep 1992 (36),CD Tenerife (2),1-1,?,FC Barcelona (2)
?,(Sun) 13 Sep 1992 (36),Cádiz CF (2),1-1,?,Real Zaragoza (2)
?,(Sun) 13 Sep 1992 (36),RC Celta Vigo (2),0-0,?,Valencia CF (2)
?,(Sun) 13 Sep 1992 (36),RCD Español (2),1-3,?,Atlético Madrid (2)
?,(Sun) 13 Sep 1992 (36),CA Osasuna (2),3-0,?,Albacete Balompié (2)
?,(Sun) 13 Sep 1992 (36),Rayo Vallecano (2),2-1,?,CD Logroñés (2)
?,(Sun) 13 Sep 1992 (36),Real Madrid CF (2),3-0,?,Real Burgos CF (2)
?,(Sun) 13 Sep 1992 (36),Real Oviedo (2),1-0,?,Athletic Club Bilbao (2)
?,(Sun) 13 Sep 1992 (36),Sevilla FC (2),1-3,?,RCD La Coruña (2)
?,(Sat) 19 Sep 1992 (37),Atlético Madrid (3),1-4,?,FC Barcelona (3)
?,(Sat) 19 Sep 1992 (37),CD Logroñés (3),0-1,?,RC Celta Vigo (3)
?,(Sat) 19 Sep 1992 (37),Valencia CF (3),1-1,?,Sevilla FC (3)
?,(Sun) 20 Sep 1992 (37),Albacete Balompié (3),1-2,?,Real Sociedad (3)
?,(Sun) 20 Sep 1992 (37),Athletic Club Bilbao (3),4-2,?,Rayo Vallecano (3)
?,(Sun) 20 Sep 1992 (37),RCD La Coruña (3),2-1,?,CA Osasuna (3)
?,(Sun) 20 Sep 1992 (37),RCD Español (3),1-2,?,Cádiz CF (3)
?,(Sun) 20 Sep 1992 (37),Real Sporting (3),0-0,?,Real Madrid CF (3)
?,(Sun) 20 Sep 1992 (37),Real Burgos CF (3),0-3,?,CD Tenerife (3)
?,(Sun) 20 Sep 1992 (37),Real Zaragoza (3),1-0,?,Real Oviedo (3)
?,(Sat) 26 Sep 1992 (38),CA Osasuna (4),2-2,?,Valencia CF (4)
?,(Sat) 26 Sep 1992 (38),Real Sociedad (4),0-2,?,RCD La Coruña (4)
?,(Sat) 26 Sep 1992 (38),Real Madrid CF (4),3-0,?,Albacete Balompié (4)
?,(Sat) 26 Sep 1992 (38),Sevilla FC (4),3-0,?,CD Logroñés (4)
?,(Sun) 27 Sep 1992 (38),FC Barcelona (4),4-1,?,Real Burgos CF (4)
?,(Sun) 27 Sep 1992 (38),Cádiz CF (4),1-1,?,Atlético Madrid (4)
?,(Sun) 27 Sep 1992 (38),RC Celta Vigo (4),1-0,?,Athletic Club Bilbao (4)
?,(Sun) 27 Sep 1992 (38),Rayo Vallecano (4),0-0,?,Real Zaragoza (4)
?,(Sun) 27 Sep 1992 (38),Real Oviedo (4),2-2,?,RCD Español (4)
?,(Sun) 27 Sep 1992 (38),CD Tenerife (4),0-2,?,Real Sporting (4)
?,(Sat) 3 Oct 1992 (39),RCD La Coruña (5),3-2,?,Real Madrid CF (5)
?,(Sun) 4 Oct 1992 (39),Albacete Balompié (5),1-0,?,CD Tenerife (5)
?,(Sun) 4 Oct 1992 (39),Athletic Club Bilbao (5),2-1,?,Sevilla FC (5)
?,(Sun) 4 Oct 1992 (39),Atlético Madrid (5),2-0,?,Real Burgos CF (5)
?,(Sun) 4 Oct 1992 (39),Cádiz CF (5),0-2,?,Real Oviedo (5)
?,(Sun) 4 Oct 1992 (39),RCD Español (5),2-2,?,Rayo Vallecano (5)
?,(Sun) 4 Oct 1992 (39),Real Sporting (5),1-1,?,FC Barcelona (5)
?,(Sun) 4 Oct 1992 (39),CD Logroñés (5),1-1,?,CA Osasuna (5)
?,(Sun) 4 Oct 1992 (39),Valencia CF (5),1-0,?,Real Sociedad (5)
?,(Sun) 4 Oct 1992 (39),Real Zaragoza (5),0-0,?,RC Celta Vigo (5)
?,(Wed) 7 Oct 1992 (40),FC Barcelona (6),3-3,?,Albacete Balompié (6)
?,(Wed) 7 Oct 1992 (40),RC Celta Vigo (6),0-1,?,RCD Español (6)
?,(Wed) 7 Oct 1992 (40),CA Osasuna (6),1-2,?,Athletic Club Bilbao (6)
?,(Wed) 7 Oct 1992 (40),Real Sociedad (6),3-0,?,CD Logroñés (6)
?,(Wed) 7 Oct 1992 (40),Rayo Vallecano (6),1-1,?,Cádiz CF (6)
?,(Wed) 7 Oct 1992 (40),Real Burgos CF (6),2-1,?,Real Sporting (6)
?,(Wed) 7 Oct 1992 (40),Real Oviedo (6),1-4,?,Atlético Madrid (6)
?,(Wed) 7 Oct 1992 (40),Sevilla FC (6),1-0,?,Real Zaragoza (6)
?,(Wed) 7 Oct 1992 (40),CD Tenerife (6),3-1,?,RCD La Coruña (6)
?,(Thu) 8 Oct 1992 (40),Real Madrid CF (6),2-0,?,Valencia CF (6)
?,(Sat) 17 Oct 1992 (41),RCD La Coruña (7),1-0,?,FC Barcelona (7)
?,(Sun) 18 Oct 1992 (41),Albacete Balompié (7),4-0,?,Real Burgos CF (7)
?,(Sun) 18 Oct 1992 (41),Athletic Club Bilbao (7),2-0,?,Real Sociedad (7)
?,(Sun) 18 Oct 1992 (41),Atlético Madrid (7),1-1,?,Real Sporting (7)
?,(Sun) 18 Oct 1992 (41),Cádiz CF (7),1-1,?,RC Celta Vigo (7)
?,(Sun) 18 Oct 1992 (41),RCD Español (7),1-1,?,Sevilla FC (7)
?,(Sun) 18 Oct 1992 (41),CD Logroñés (7),0-3,?,Real Madrid CF (7)
?,(Sun) 18 Oct 1992 (41),Real Oviedo (7),1-1,?,Rayo Vallecano (7)
?,(Sun) 18 Oct 1992 (41),Valencia CF (7),2-1,?,CD Tenerife (7)
?,(Sun) 18 Oct 1992 (41),Real Zaragoza (7),3-2,?,CA Osasuna (7)
?,(Sat) 24 Oct 1992 (42),Real Madrid CF (8),2-0,?,Athletic Club Bilbao (8)
?,(Sun) 25 Oct 1992 (42),FC Barcelona (8),3-0,?,Valencia CF (8)
?,(Sun) 25 Oct 1992 (42),RC Celta Vigo (8),0-0,?,Real Oviedo (8)
?,(Sun) 25 Oct 1992 (42),Real Sporting (8),1-0,?,Albacete Balompié (8)
?,(Sun) 25 Oct 1992 (42),CA Osasuna (8),1-3,?,RCD Español (8)
?,(Sun) 25 Oct 1992 (42),Real Sociedad (8),1-1,?,Real Zaragoza (8)
?,(Sun) 25 Oct 1992 (42),Rayo Vallecano (8),2-0,?,Atlético Madrid (8)
?,(Sun) 25 Oct 1992 (42),Real Burgos CF (8),0-0,?,RCD La Coruña (8)
?,(Sun) 25 Oct 1992 (42),Sevilla FC (8),1-0,?,Cádiz CF (8)
?,(Sun) 25 Oct 1992 (42),CD Tenerife (8),1-1,?,CD Logroñés (8)
?,(Sat) 31 Oct 1992 (43),CD Logroñés (9),1-2,?,FC Barcelona (9)
?,(Sat) 31 Oct 1992 (43),Real Zaragoza (9),0-1,?,Real Madrid CF (9)
?,(Sun) 1 Nov 1992 (43),Athletic Club Bilbao (9),2-2,?,CD Tenerife (9)
?,(Sun) 1 Nov 1992 (43),Atlético Madrid (9),3-2,?,Albacete Balompié (9)
?,(Sun) 1 Nov 1992 (43),Cádiz CF (9),0-2,?,CA Osasuna (9)
?,(Sun) 1 Nov 1992 (43),RCD La Coruña (9),2-1,?,Real Sporting (9)
?,(Sun) 1 Nov 1992 (43),RCD Español (9),4-1,?,Real Sociedad (9)
?,(Sun) 1 Nov 1992 (43),Rayo Vallecano (9),0-1,?,RC Celta Vigo (9)
?,(Sun) 1 Nov 1992 (43),Real Oviedo (9),1-1,?,Sevilla FC (9)
?,(Sun) 1 Nov 1992 (43),Valencia CF (9),5-0,?,Real Burgos CF (9)
?,(Sat) 7 Nov 1992 (44),FC Barcelona (10),2-1,?,Athletic Club Bilbao (10)
?,(Sun) 8 Nov 1992 (44),Albacete Balompié (10),1-1,?,RCD La Coruña (10)
?,(Sun) 8 Nov 1992 (44),RC Celta Vigo (10),0-2,?,Atlético Madrid (10)
?,(Sun) 8 Nov 1992 (44),Real Sporting (10),1-0,?,Valencia CF (10)
?,(Sun) 8 Nov 1992 (44),CA Osasuna (10),2-1,?,Real Oviedo (10)
?,(Sun) 8 Nov 1992 (44),Real Sociedad (10),3-0,?,Cádiz CF (10)
?,(Sun) 8 Nov 1992 (44),Real Burgos CF (10),2-2,?,CD Logroñés (10)
?,(Sun) 8 Nov 1992 (44),Real Madrid CF (10),3-1,?,RCD Español (10)
?,(Sun) 8 Nov 1992 (44),Sevilla FC (10),3-2,?,Rayo Vallecano (10)
?,(Sun) 8 Nov 1992 (44),CD Tenerife (10),2-2,?,Real Zaragoza (10)
?,(Sat) 21 Nov 1992 (46),Cádiz CF (11),1-1,?,Real Madrid CF (11)
?,(Sat) 21 Nov 1992 (46),Real Zaragoza (11),1-6,?,FC Barcelona (11)
?,(Sun) 22 Nov 1992 (46),Athletic Club Bilbao (11),1-1,?,Real Burgos CF (11)
?,(Sun) 22 Nov 1992 (46),Atlético Madrid (11),2-1,?,RCD La Coruña (11)
?,(Sun) 22 Nov 1992 (46),RC Celta Vigo (11),1-2,?,Sevilla FC (11)
?,(Sun) 22 Nov 1992 (46),RCD Español (11),0-0,?,CD Tenerife (11)
?,(Sun) 22 Nov 1992 (46),CD Logroñés (11),1-2,?,Real Sporting (11)
?,(Sun) 22 Nov 1992 (46),Rayo Vallecano (11),1-0,?,CA Osasuna (11)
?,(Sun) 22 Nov 1992 (46),Real Oviedo (11),2-2,?,Real Sociedad (11)
?,(Sun) 22 Nov 1992 (46),Valencia CF (11),2-0,?,Albacete Balompié (11)
?,(Sat) 28 Nov 1992 (47),Sevilla FC (12),1-3,?,Atlético Madrid (12)
?,(Sun) 29 Nov 1992 (47),Albacete Balompié (12),3-1,?,CD Logroñés (12)
?,(Sun) 29 Nov 1992 (47),FC Barcelona (12),5-0,?,RCD Español (12)
?,(Sun) 29 Nov 1992 (47),RCD La Coruña (12),0-0,?,Valencia CF (12)
?,(Sun) 29 Nov 1992 (47),Real Sporting (12),0-4,?,Athletic Club Bilbao (12)
?,(Sun) 29 Nov 1992 (47),CA Osasuna (12),3-0,?,RC Celta Vigo (12)
?,(Sun) 29 Nov 1992 (47),Real Sociedad (12),1-2,?,Rayo Vallecano (12)
?,(Sun) 29 Nov 1992 (47),Real Burgos CF (12),1-1,?,Real Zaragoza (12)
?,(Sun) 29 Nov 1992 (47),Real Madrid CF (12),3-2,?,Real Oviedo (12)
?,(Sun) 29 Nov 1992 (47),CD Tenerife (12),1-1,?,Cádiz CF (12)
?,(Sat) 5 Dec 1992 (48),Atlético Madrid (13),1-1,?,Valencia CF (13)
?,(Sat) 5 Dec 1992 (48),Real Zaragoza (13),1-1,?,Real Sporting (13)
?,(Sun) 6 Dec 1992 (48),Athletic Club Bilbao (13),3-1,?,Albacete Balompié (13)
?,(Sun) 6 Dec 1992 (48),Cádiz CF (13),0-4,?,FC Barcelona (13)
?,(Sun) 6 Dec 1992 (48),RC Celta Vigo (13),2-1,?,Real Sociedad (13)
?,(Sun) 6 Dec 1992 (48),RCD Español (13),3-1,?,Real Burgos CF (13)
?,(Sun) 6 Dec 1992 (48),CD Logroñés (13),0-3,?,RCD La Coruña (13)
?,(Sun) 6 Dec 1992 (48),Rayo Vallecano (13),2-0,?,Real Madrid CF (13)
?,(Sun) 6 Dec 1992 (48),Real Oviedo (13),1-2,?,CD Tenerife (13)
?,(Sun) 6 Dec 1992 (48),Sevilla FC (13),0-0,?,CA Osasuna (13)
?,(Sat) 12 Dec 1992 (49),Real Sociedad (14),1-0,?,Sevilla FC (14)
?,(Sun) 13 Dec 1992 (49),Albacete Balompié (14),1-3,?,Real Zaragoza (14)
?,(Sun) 13 Dec 1992 (49),RCD La Coruña (14),3-0,?,Athletic Club Bilbao (14)
?,(Sun) 13 Dec 1992 (49),Real Sporting (14),1-1,?,RCD Español (14)
?,(Sun) 13 Dec 1992 (49),CA Osasuna (14),1-0,?,Atlético Madrid (14)
?,(Sun) 13 Dec 1992 (49),Real Burgos CF (14),0-2,?,Cádiz CF (14)
?,(Sun) 13 Dec 1992 (49),Real Madrid CF (14),1-0,?,RC Celta Vigo (14)
?,(Sun) 13 Dec 1992 (49),CD Tenerife (14),4-0,?,Rayo Vallecano (14)
?,(Sun) 13 Dec 1992 (49),Valencia CF (14),2-1,?,CD Logroñés (14)
?,(Wed) 3 Mar 1993 (9),FC Barcelona (14),2-0,?,Real Oviedo (14)
?,(Sat) 19 Dec 1992 (50),Sevilla FC (15),2-0,?,Real Madrid CF (15)
?,(Sun) 20 Dec 1992 (50),Athletic Club Bilbao (15),1-4,?,Valencia CF (15)
?,(Sun) 20 Dec 1992 (50),Atlético Madrid (15),0-1,?,CD Logroñés (15)
?,(Sun) 20 Dec 1992 (50),Cádiz CF (15),2-3,?,Real Sporting (15)
?,(Sun) 20 Dec 1992 (50),RC Celta Vigo (15),0-1,?,CD Tenerife (15)
?,(Sun) 20 Dec 1992 (50),RCD Español (15),2-0,?,Albacete Balompié (15)
?,(Sun) 20 Dec 1992 (50),CA Osasuna (15),2-0,?,Real Sociedad (15)
?,(Sun) 20 Dec 1992 (50),Rayo Vallecano (15),3-3,?,FC Barcelona (15)
?,(Sun) 20 Dec 1992 (50),Real Oviedo (15),3-0,?,Real Burgos CF (15)
?,(Sun) 20 Dec 1992 (50),Real Zaragoza (15),0-2,?,RCD La Coruña (15)
?,(Sat) 2 Jan 1993 (0),Real Sociedad (16),1-0,?,Atlético Madrid (16)
?,(Sun) 3 Jan 1993 (0),Albacete Balompié (16),5-0,?,Cádiz CF (16)
?,(Sun) 3 Jan 1993 (0),FC Barcelona (16),2-0,?,RC Celta Vigo (16)
?,(Sun) 3 Jan 1993 (0),RCD La Coruña (16),3-0,?,RCD Español (16)
?,(Sun) 3 Jan 1993 (0),Real Sporting (16),0-1,?,Real Oviedo (16)
?,(Sun) 3 Jan 1993 (0),CD Logroñés (16),0-1,?,Athletic Club Bilbao (16)
?,(Sun) 3 Jan 1993 (0),Real Burgos CF (16),0-3,?,Rayo Vallecano (16)
?,(Sun) 3 Jan 1993 (0),Real Madrid CF (16),3-0,?,CA Osasuna (16)
?,(Sun) 3 Jan 1993 (0),CD Tenerife (16),3-0,?,Sevilla FC (16)
?,(Sun) 3 Jan 1993 (0),Valencia CF (16),0-1,?,Real Zaragoza (16)
?,(Sat) 9 Jan 1993 (1),RCD Español (17),1-1,?,Valencia CF (17)
?,(Sun) 10 Jan 1993 (1),Atlético Madrid (17),1-1,?,Athletic Club Bilbao (17)
?,(Sun) 10 Jan 1993 (1),Cádiz CF (17),0-3,?,RCD La Coruña (17)
?,(Sun) 10 Jan 1993 (1),RC Celta Vigo (17),1-1,?,Real Burgos CF (17)
?,(Sun) 10 Jan 1993 (1),CA Osasuna (17),1-2,?,CD Tenerife (17)
?,(Sun) 10 Jan 1993 (1),Real Sociedad (17),1-5,?,Real Madrid CF (17)
?,(Sun) 10 Jan 1993 (1),Rayo Vallecano (17),2-2,?,Real Sporting (17)
?,(Sun) 10 Jan 1993 (1),Real Oviedo (17),0-0,?,Albacete Balompié (17)
?,(Sun) 10 Jan 1993 (1),Sevilla FC (17),0-0,?,FC Barcelona (17)
?,(Sun) 10 Jan 1993 (1),Real Zaragoza (17),1-1,?,CD Logroñés (17)
?,(Sat) 16 Jan 1993 (2),Atlético Madrid (18),1-1,?,Real Madrid CF (18)
?,(Sun) 17 Jan 1993 (2),Albacete Balompié (18),1-0,?,Rayo Vallecano (18)
?,(Sun) 17 Jan 1993 (2),Athletic Club Bilbao (18),3-2,?,Real Zaragoza (18)
?,(Sun) 17 Jan 1993 (2),FC Barcelona (18),2-1,?,CA Osasuna (18)
?,(Sun) 17 Jan 1993 (2),RCD La Coruña (18),2-1,?,Real Oviedo (18)
?,(Sun) 17 Jan 1993 (2),Real Sporting (18),0-3,?,RC Celta Vigo (18)
?,(Sun) 17 Jan 1993 (2),CD Logroñés (18),0-0,?,RCD Español (18)
?,(Sun) 17 Jan 1993 (2),Real Burgos CF (18),0-2,?,Sevilla FC (18)
?,(Sun) 17 Jan 1993 (2),CD Tenerife (18),1-0,?,Real Sociedad (18)
?,(Sun) 17 Jan 1993 (2),Valencia CF (18),5-0,?,Cádiz CF (18)
?,(Sat) 23 Jan 1993 (3),Rayo Vallecano (19),1-1,?,RCD La Coruña (19)
?,(Sun) 24 Jan 1993 (3),Cádiz CF (19),2-2,?,CD Logroñés (19)
?,(Sun) 24 Jan 1993 (3),RC Celta Vigo (19),1-1,?,Albacete Balompié (19)
?,(Sun) 24 Jan 1993 (3),RCD Español (19),2-0,?,Athletic Club Bilbao (19)
?,(Sun) 24 Jan 1993 (3),CA Osasuna (19),1-0,?,Real Burgos CF (19)
?,(Sun) 24 Jan 1993 (3),Real Sociedad (19),2-2,?,FC Barcelona (19)
?,(Sun) 24 Jan 1993 (3),Real Madrid CF (19),3-0,?,CD Tenerife (19)
?,(Sun) 24 Jan 1993 (3),Real Oviedo (19),0-1,?,Valencia CF (19)
?,(Sun) 24 Jan 1993 (3),Sevilla FC (19),1-0,?,Real Sporting (19)
?,(Sun) 24 Jan 1993 (3),Real Zaragoza (19),1-0,?,Atlético Madrid (19)
?,(Sat) 30 Jan 1993 (4),Real Madrid CF (20),2-1,?,FC Barcelona (20)
?,(Sun) 31 Jan 1993 (4),Cádiz CF (20),2-3,?,Athletic Club Bilbao (20)
?,(Sun) 31 Jan 1993 (4),RC Celta Vigo (20),0-0,?,RCD La Coruña (20)
?,(Sun) 31 Jan 1993 (4),RCD Español (20),2-0,?,Real Zaragoza (20)
?,(Sun) 31 Jan 1993 (4),CA Osasuna (20),3-0,?,Real Sporting (20)
?,(Sun) 31 Jan 1993 (4),Real Sociedad (20),2-2,?,Real Burgos CF (20)
?,(Sun) 31 Jan 1993 (4),Rayo Vallecano (20),0-1,?,Valencia CF (20)
?,(Sun) 31 Jan 1993 (4),Real Oviedo (20),0-0,?,CD Logroñés (20)
?,(Sun) 31 Jan 1993 (4),Sevilla FC (20),2-1,?,Albacete Balompié (20)
?,(Sun) 31 Jan 1993 (4),CD Tenerife (20),2-2,?,Atlético Madrid (20)
?,(Sat) 6 Feb 1993 (5),RCD La Coruña (21),2-0,?,Sevilla FC (21)
?,(Sun) 7 Feb 1993 (5),Albacete Balompié (21),0-0,?,CA Osasuna (21)
?,(Sun) 7 Feb 1993 (5),Athletic Club Bilbao (21),1-0,?,Real Oviedo (21)
?,(Sun) 7 Feb 1993 (5),Atlético Madrid (21),2-1,?,RCD Español (21)
?,(Sun) 7 Feb 1993 (5),FC Barcelona (21),1-1,?,CD Tenerife (21)
?,(Sun) 7 Feb 1993 (5),Real Sporting (21),2-4,?,Real Sociedad (21)
?,(Sun) 7 Feb 1993 (5),CD Logroñés (21),0-0,?,Rayo Vallecano (21)
?,(Sun) 7 Feb 1993 (5),Real Burgos CF (21),1-2,?,Real Madrid CF (21)
?,(Sun) 7 Feb 1993 (5),Valencia CF (21),1-1,?,RC Celta Vigo (21)
?,(Sun) 7 Feb 1993 (5),Real Zaragoza (21),0-0,?,Cádiz CF (21)
?,(Sat) 13 Feb 1993 (6),FC Barcelona (22),1-1,?,Atlético Madrid (22)
?,(Sat) 13 Feb 1993 (6),Rayo Vallecano (22),1-0,?,Athletic Club Bilbao (22)
?,(Sun) 14 Feb 1993 (6),Cádiz CF (22),1-0,?,RCD Español (22)
?,(Sun) 14 Feb 1993 (6),RC Celta Vigo (22),2-0,?,CD Logroñés (22)
?,(Sun) 14 Feb 1993 (6),CA Osasuna (22),1-1,?,RCD La Coruña (22)
?,(Sun) 14 Feb 1993 (6),Real Sociedad (22),2-1,?,Albacete Balompié (22)
?,(Sun) 14 Feb 1993 (6),Real Madrid CF (22),0-0,?,Real Sporting (22)
?,(Sun) 14 Feb 1993 (6),Real Oviedo (22),4-1,?,Real Zaragoza (22)
?,(Sun) 14 Feb 1993 (6),Sevilla FC (22),2-2,?,Valencia CF (22)
?,(Sun) 14 Feb 1993 (6),CD Tenerife (22),3-1,?,Real Burgos CF (22)
?,(Sat) 20 Feb 1993 (7),Real Sporting (23),1-2,?,CD Tenerife (23)
?,(Sun) 21 Feb 1993 (7),Albacete Balompié (23),0-3,?,Real Madrid CF (23)
?,(Sun) 21 Feb 1993 (7),Athletic Club Bilbao (23),0-1,?,RC Celta Vigo (23)
?,(Sun) 21 Feb 1993 (7),Atlético Madrid (23),2-0,?,Cádiz CF (23)
?,(Sun) 21 Feb 1993 (7),RCD La Coruña (23),5-1,?,Real Sociedad (23)
?,(Sun) 21 Feb 1993 (7),RCD Español (23),2-0,?,Real Oviedo (23)
?,(Sun) 21 Feb 1993 (7),CD Logroñés (23),2-0,?,Sevilla FC (23)
?,(Sun) 21 Feb 1993 (7),Real Burgos CF (23),0-1,?,FC Barcelona (23)
?,(Sun) 21 Feb 1993 (7),Valencia CF (23),3-1,?,CA Osasuna (23)
?,(Sun) 21 Feb 1993 (7),Real Zaragoza (23),2-0,?,Rayo Vallecano (23)
?,(Sat) 27 Feb 1993 (8),Real Madrid CF (24),2-1,?,RCD La Coruña (24)
?,(Sun) 28 Feb 1993 (8),FC Barcelona (24),7-2,?,Real Sporting (24)
?,(Sun) 28 Feb 1993 (8),RC Celta Vigo (24),0-1,?,Real Zaragoza (24)
?,(Sun) 28 Feb 1993 (8),CA Osasuna (24),1-2,?,CD Logroñés (24)
?,(Sun) 28 Feb 1993 (8),Real Sociedad (24),1-0,?,Valencia CF (24)
?,(Sun) 28 Feb 1993 (8),Rayo Vallecano (24),1-1,?,RCD Español (24)
?,(Sun) 28 Feb 1993 (8),Sevilla FC (24),3-1,?,Athletic Club Bilbao (24)
?,(Sun) 28 Feb 1993 (8),CD Tenerife (24),2-2,?,Albacete Balompié (24)
?,(Thu) 11 Mar 1993 (10),Real Oviedo (24),2-1,?,Cádiz CF (24)
?,(Thu) 25 Mar 1993 (12),Real Burgos CF (24),0-2,?,Atlético Madrid (24)
?,(Sat) 6 Mar 1993 (9),Athletic Club Bilbao (25),1-0,?,CA Osasuna (25)
?,(Sun) 7 Mar 1993 (9),Albacete Balompié (25),0-2,?,FC Barcelona (25)
?,(Sun) 7 Mar 1993 (9),Atlético Madrid (25),2-1,?,Real Oviedo (25)
?,(Sun) 7 Mar 1993 (9),Cádiz CF (25),1-1,?,Rayo Vallecano (25)
?,(Sun) 7 Mar 1993 (9),RCD La Coruña (25),2-2,?,CD Tenerife (25)
?,(Sun) 7 Mar 1993 (9),RCD Español (25),0-0,?,RC Celta Vigo (25)
?,(Sun) 7 Mar 1993 (9),Real Sporting (25),0-0,?,Real Burgos CF (25)
?,(Sun) 7 Mar 1993 (9),CD Logroñés (25),0-1,?,Real Sociedad (25)
?,(Sun) 7 Mar 1993 (9),Valencia CF (25),1-2,?,Real Madrid CF (25)
?,(Sun) 7 Mar 1993 (9),Real Zaragoza (25),2-1,?,Sevilla FC (25)
?,(Sat) 13 Mar 1993 (10),FC Barcelona (26),3-0,?,RCD La Coruña (26)
?,(Sun) 14 Mar 1993 (10),RC Celta Vigo (26),1-0,?,Cádiz CF (26)
?,(Sun) 14 Mar 1993 (10),Real Sporting (26),2-1,?,Atlético Madrid (26)
?,(Sun) 14 Mar 1993 (10),CA Osasuna (26),1-0,?,Real Zaragoza (26)
?,(Sun) 14 Mar 1993 (10),Real Sociedad (26),1-0,?,Athletic Club Bilbao (26)
?,(Sun) 14 Mar 1993 (10),Rayo Vallecano (26),2-2,?,Real Oviedo (26)
?,(Sun) 14 Mar 1993 (10),Real Burgos CF (26),0-0,?,Albacete Balompié (26)
?,(Sun) 14 Mar 1993 (10),Real Madrid CF (26),2-2,?,CD Logroñés (26)
?,(Sun) 14 Mar 1993 (10),Sevilla FC (26),1-1,?,RCD Español (26)
?,(Sun) 14 Mar 1993 (10),CD Tenerife (26),0-0,?,Valencia CF (26)
?,(Sat) 20 Mar 1993 (11),Valencia CF (27),3-4,?,FC Barcelona (27)
?,(Sun) 21 Mar 1993 (11),Albacete Balompié (27),6-2,?,Real Sporting (27)
?,(Sun) 21 Mar 1993 (11),Athletic Club Bilbao (27),1-1,?,Real Madrid CF (27)
?,(Sun) 21 Mar 1993 (11),Atlético Madrid (27),1-0,?,Rayo Vallecano (27)
?,(Sun) 21 Mar 1993 (11),Cádiz CF (27),0-0,?,Sevilla FC (27)
?,(Sun) 21 Mar 1993 (11),RCD La Coruña (27),5-0,?,Real Burgos CF (27)
?,(Sun) 21 Mar 1993 (11),RCD Español (27),2-1,?,CA Osasuna (27)
?,(Sun) 21 Mar 1993 (11),CD Logroñés (27),2-0,?,CD Tenerife (27)
?,(Sun) 21 Mar 1993 (11),Real Oviedo (27),3-1,?,RC Celta Vigo (27)
?,(Sun) 21 Mar 1993 (11),Real Zaragoza (27),1-1,?,Real Sociedad (27)
?,(Sat) 3 Apr 1993 (13),Albacete Balompié (28),2-1,?,Atlético Madrid (28)
?,(Sun) 4 Apr 1993 (13),FC Barcelona (28),3-0,?,CD Logroñés (28)
?,(Sun) 4 Apr 1993 (13),RC Celta Vigo (28),0-0,?,Rayo Vallecano (28)
?,(Sun) 4 Apr 1993 (13),Real Sporting (28),0-1,?,RCD La Coruña (28)
?,(Sun) 4 Apr 1993 (13),CA Osasuna (28),1-1,?,Cádiz CF (28)
?,(Sun) 4 Apr 1993 (13),Real Sociedad (28),4-1,?,RCD Español (28)
?,(Sun) 4 Apr 1993 (13),Real Burgos CF (28),1-1,?,Valencia CF (28)
?,(Sun) 4 Apr 1993 (13),Real Madrid CF (28),4-0,?,Real Zaragoza (28)
?,(Sun) 4 Apr 1993 (13),Sevilla FC (28),0-1,?,Real Oviedo (28)
?,(Sun) 4 Apr 1993 (13),CD Tenerife (28),2-1,?,Athletic Club Bilbao (28)
?,(Sat) 10 Apr 1993 (14),Athletic Club Bilbao (29),1-0,?,FC Barcelona (29)
?,(Sun) 11 Apr 1993 (14),Atlético Madrid (29),1-1,?,RC Celta Vigo (29)
?,(Sun) 11 Apr 1993 (14),Cádiz CF (29),2-1,?,Real Sociedad (29)
?,(Sun) 11 Apr 1993 (14),RCD La Coruña (29),3-2,?,Albacete Balompié (29)
?,(Sun) 11 Apr 1993 (14),RCD Español (29),1-3,?,Real Madrid CF (29)
?,(Sun) 11 Apr 1993 (14),CD Logroñés (29),0-1,?,Real Burgos CF (29)
?,(Sun) 11 Apr 1993 (14),Rayo Vallecano (29),0-1,?,Sevilla FC (29)
?,(Sun) 11 Apr 1993 (14),Real Oviedo (29),1-2,?,CA Osasuna (29)
?,(Sun) 11 Apr 1993 (14),Valencia CF (29),2-0,?,Real Sporting (29)
?,(Sun) 11 Apr 1993 (14),Real Zaragoza (29),2-2,?,CD Tenerife (29)
?,(Sat) 17 Apr 1993 (15),RCD La Coruña (30),1-1,?,Atlético Madrid (30)
?,(Sat) 17 Apr 1993 (15),Real Burgos CF (30),1-1,?,Athletic Club Bilbao (30)
?,(Sun) 18 Apr 1993 (15),Albacete Balompié (30),0-1,?,Valencia CF (30)
?,(Sun) 18 Apr 1993 (15),FC Barcelona (30),1-0,?,Real Zaragoza (30)
?,(Sun) 18 Apr 1993 (15),Real Sporting (30),1-1,?,CD Logroñés (30)
?,(Sun) 18 Apr 1993 (15),CA Osasuna (30),1-0,?,Rayo Vallecano (30)
?,(Sun) 18 Apr 1993 (15),Real Sociedad (30),1-0,?,Real Oviedo (30)
?,(Sun) 18 Apr 1993 (15),Real Madrid CF (30),3-1,?,Cádiz CF (30)
?,(Sun) 18 Apr 1993 (15),Sevilla FC (30),1-0,?,RC Celta Vigo (30)
?,(Sun) 18 Apr 1993 (15),CD Tenerife (30),2-1,?,RCD Español (30)
?,(Sat) 1 May 1993 (17),Rayo Vallecano (31),1-1,?,Real Sociedad (31)
?,(Sat) 1 May 1993 (17),Real Oviedo (31),0-4,?,Real Madrid CF (31)
?,(Sat) 1 May 1993 (17),Valencia CF (31),3-0,?,RCD La Coruña (31)
?,(Sun) 2 May 1993 (17),Athletic Club Bilbao (31),0-0,?,Real Sporting (31)
?,(Sun) 2 May 1993 (17),Atlético Madrid (31),1-0,?,Sevilla FC (31)
?,(Sun) 2 May 1993 (17),Cádiz CF (31),1-3,?,CD Tenerife (31)
?,(Sun) 2 May 1993 (17),RC Celta Vigo (31),0-0,?,CA Osasuna (31)
?,(Sun) 2 May 1993 (17),RCD Español (31),0-1,?,FC Barcelona (31)
?,(Sun) 2 May 1993 (17),CD Logroñés (31),1-0,?,Albacete Balompié (31)
?,(Sun) 2 May 1993 (17),Real Zaragoza (31),2-1,?,Real Burgos CF (31)
?,(Sat) 8 May 1993 (18),Real Sporting (32),3-1,?,Real Zaragoza (32)
?,(Sat) 8 May 1993 (18),Valencia CF (32),1-0,?,Atlético Madrid (32)
?,(Sun) 9 May 1993 (18),FC Barcelona (32),4-1,?,Cádiz CF (32)
?,(Sun) 9 May 1993 (18),RCD La Coruña (32),0-1,?,CD Logroñés (32)
?,(Sun) 9 May 1993 (18),CA Osasuna (32),0-1,?,Sevilla FC (32)
?,(Sun) 9 May 1993 (18),Real Sociedad (32),1-1,?,RC Celta Vigo (32)
?,(Sun) 9 May 1993 (18),Real Burgos CF (32),1-1,?,RCD Español (32)
?,(Sun) 9 May 1993 (18),Real Madrid CF (32),1-1,?,Rayo Vallecano (32)
?,(Sun) 9 May 1993 (18),CD Tenerife (32),1-2,?,Real Oviedo (32)
?,(Wed) 26 May 1993 (21),Albacete Balompié (32),4-5,?,Athletic Club Bilbao (32)
?,(Sat) 15 May 1993 (19),Atlético Madrid (33),2-1,?,CA Osasuna (33)
?,(Sat) 15 May 1993 (19),RC Celta Vigo (33),1-1,?,Real Madrid CF (33)
?,(Sat) 15 May 1993 (19),Real Oviedo (33),1-0,?,FC Barcelona (33)
?,(Sun) 16 May 1993 (19),Athletic Club Bilbao (33),0-1,?,RCD La Coruña (33)
?,(Sun) 16 May 1993 (19),Cádiz CF (33),3-2,?,Real Burgos CF (33)
?,(Sun) 16 May 1993 (19),RCD Español (33),1-2,?,Real Sporting (33)
?,(Sun) 16 May 1993 (19),CD Logroñés (33),3-2,?,Valencia CF (33)
?,(Sun) 16 May 1993 (19),Rayo Vallecano (33),2-2,?,CD Tenerife (33)
?,(Sun) 16 May 1993 (19),Sevilla FC (33),3-1,?,Real Sociedad (33)
?,(Sun) 16 May 1993 (19),Real Zaragoza (33),0-1,?,Albacete Balompié (33)
?,(Sat) 22 May 1993 (20),Valencia CF (34),3-1,?,Athletic Club Bilbao (34)
?,(Sun) 23 May 1993 (20),Albacete Balompié (34),2-0,?,RCD Español (34)
?,(Sun) 23 May 1993 (20),FC Barcelona (34),4-0,?,Rayo Vallecano (34)
?,(Sun) 23 May 1993 (20),RCD La Coruña (34),1-0,?,Real Zaragoza (34)
?,(Sun) 23 May 1993 (20),Real Sporting (34),1-0,?,Cádiz CF (34)
?,(Sun) 23 May 1993 (20),CD Logroñés (34),2-1,?,Atlético Madrid (34)
?,(Sun) 23 May 1993 (20),Real Sociedad (34),1-3,?,CA Osasuna (34)
?,(Sun) 23 May 1993 (20),Real Burgos CF (34),1-1,?,Real Oviedo (34)
?,(Sun) 23 May 1993 (20),Real Madrid CF (34),5-0,?,Sevilla FC (34)
?,(Sun) 23 May 1993 (20),CD Tenerife (34),1-0,?,RC Celta Vigo (34)
?,(Sat) 29 May 1993 (21),Real Oviedo (35),2-1,?,Real Sporting (35)
?,(Sat) 29 May 1993 (21),Sevilla FC (35),1-0,?,CD Tenerife (35)
?,(Sun) 30 May 1993 (21),Athletic Club Bilbao (35),2-0,?,CD Logroñés (35)
?,(Sun) 30 May 1993 (21),Atlético Madrid (35),0-0,?,Real Sociedad (35)
?,(Sun) 30 May 1993 (21),Cádiz CF (35),1-1,?,Albacete Balompié (35)
?,(Sun) 30 May 1993 (21),RC Celta Vigo (35),3-2,?,FC Barcelona (35)
?,(Sun) 30 May 1993 (21),RCD Español (35),0-2,?,RCD La Coruña (35)
?,(Sun) 30 May 1993 (21),CA Osasuna (35),0-0,?,Real Madrid CF (35)
?,(Sun) 30 May 1993 (21),Rayo Vallecano (35),2-1,?,Real Burgos CF (35)
?,(Sun) 30 May 1993 (21),Real Zaragoza (35),2-1,?,Valencia CF (35)
?,(Sat) 5 Jun 1993 (22),FC Barcelona (36),2-1,?,Sevilla FC (36)
?,(Sat) 5 Jun 1993 (22),RCD La Coruña (36),3-0,?,Cádiz CF (36)
?,(Sat) 5 Jun 1993 (22),Real Madrid CF (36),2-0,?,Real Sociedad (36)
?,(Sun) 6 Jun 1993 (22),Albacete Balompié (36),2-0,?,Real Oviedo (36)
?,(Sun) 6 Jun 1993 (22),Athletic Club Bilbao (36),1-2,?,Atlético Madrid (36)
?,(Sun) 6 Jun 1993 (22),Real Sporting (36),1-0,?,Rayo Vallecano (36)
?,(Sun) 6 Jun 1993 (22),CD Logroñés (36),0-0,?,Real Zaragoza (36)
?,(Sun) 6 Jun 1993 (22),Real Burgos CF (36),1-1,?,RC Celta Vigo (36)
?,(Sun) 6 Jun 1993 (22),CD Tenerife (36),2-2,?,CA Osasuna (36)
?,(Sun) 6 Jun 1993 (22),Valencia CF (36),2-0,?,RCD Español (36)
?,(Sat) 12 Jun 1993 (23),Real Madrid CF (37),1-0,?,Atlético Madrid (37)
?,(Sun) 13 Jun 1993 (23),Cádiz CF (37),0-2,?,Valencia CF (37)
?,(Sun) 13 Jun 1993 (23),RC Celta Vigo (37),0-0,?,Real Sporting (37)
?,(Sun) 13 Jun 1993 (23),RCD Español (37),0-1,?,CD Logroñés (37)
?,(Sun) 13 Jun 1993 (23),CA Osasuna (37),0-1,?,FC Barcelona (37)
?,(Sun) 13 Jun 1993 (23),Real Sociedad (37),3-1,?,CD Tenerife (37)
?,(Sun) 13 Jun 1993 (23),Rayo Vallecano (37),2-2,?,Albacete Balompié (37)
?,(Sun) 13 Jun 1993 (23),Real Oviedo (37),3-3,?,RCD La Coruña (37)
?,(Sun) 13 Jun 1993 (23),Sevilla FC (37),1-1,?,Real Burgos CF (37)
?,(Sun) 13 Jun 1993 (23),Real Zaragoza (37),0-3,?,Athletic Club Bilbao (37)
?,(Sat) 19 Jun 1993 (24),RCD La Coruña (38),1-1,?,Rayo Vallecano (38)
?,(Sat) 19 Jun 1993 (24),Real Burgos CF (38),1-0,?,CA Osasuna (38)
?,(Sun) 20 Jun 1993 (24),Albacete Balompié (38),1-0,?,RC Celta Vigo (38)
?,(Sun) 20 Jun 1993 (24),Athletic Club Bilbao (38),2-0,?,RCD Español (38)
?,(Sun) 20 Jun 1993 (24),Atlético Madrid (38),2-2,?,Real Zaragoza (38)
?,(Sun) 20 Jun 1993 (24),FC Barcelona (38),1-0,?,Real Sociedad (38)
?,(Sun) 20 Jun 1993 (24),Real Sporting (38),1-3,?,Sevilla FC (38)
?,(Sun) 20 Jun 1993 (24),CD Logroñés (38),1-0,?,Cádiz CF (38)
?,(Sun) 20 Jun 1993 (24),CD Tenerife (38),2-0,?,Real Madrid CF (38)
?,(Sun) 20 Jun 1993 (24),Valencia CF (38),3-0,?,Real Oviedo (38)
