Round,Date,Team 1,FT,HT,Team 2
?,(Sat) 25 Aug 2007 (W34),Racing Ferrol (1),1-1,0-1,SD Eibar (1)
?,(Sat) 25 Aug 2007 (W34),Hércules CF (1),2-2,2-0,Xerez CD (1)
?,(Sat) 25 Aug 2007 (W34),CD Numancia (1),3-0,1-0,UD Las Palmas (1)
?,(Sun) 26 Aug 2007 (W34),Albacete Balompié (1),0-1,0-1,Elche CF (1)
?,(Sun) 26 Aug 2007 (W34),Cádiz CF (1),2-0,0-0,Granada 74 (1)
?,(Sun) 26 Aug 2007 (W34),RC Celta Vigo (1),1-1,0-0,Córdoba CF (1)
?,(Sun) 26 Aug 2007 (W34),Gimnàstic Tarragona (1),2-0,1-0,Deportivo Alavés (1)
?,(Sun) 26 Aug 2007 (W34),Málaga CF (1),3-0,1-0,UD Salamanca (1)
?,(Sun) 26 Aug 2007 (W34),Sevilla FC B (1),1-1,1-0,CD Tenerife (1)
?,(Sun) 26 Aug 2007 (W34),Real Sociedad (1),0-2,0-1,CD Castellón (1)
?,(Sun) 26 Aug 2007 (W34),Sporting Gijón (1),4-0,1-0,Polideportivo Ejido (1)
?,(Sun) 2 Sep 2007 (W35),Deportivo Alavés (2),0-1,0-0,Málaga CF (2)
?,(Sun) 2 Sep 2007 (W35),CD Castellón (2),2-1,0-0,RC Celta Vigo (2)
?,(Sun) 2 Sep 2007 (W35),Granada 74 (2),2-3,1-1,Hércules CF (2)
?,(Sun) 2 Sep 2007 (W35),Córdoba CF (2),2-2,1-1,Gimnàstic Tarragona (2)
?,(Sun) 2 Sep 2007 (W35),SD Eibar (2),0-1,0-0,Real Sociedad (2)
?,(Sun) 2 Sep 2007 (W35),Elche CF (2),1-1,0-0,CD Numancia (2)
?,(Sun) 2 Sep 2007 (W35),UD Las Palmas (2),2-2,0-1,Sporting Gijón (2)
?,(Sun) 2 Sep 2007 (W35),Polideportivo Ejido (2),1-3,0-2,Racing Ferrol (2)
?,(Sun) 2 Sep 2007 (W35),UD Salamanca (2),0-1,0-1,Sevilla FC B (2)
?,(Sun) 2 Sep 2007 (W35),CD Tenerife (2),2-0,1-0,Cádiz CF (2)
?,(Sun) 2 Sep 2007 (W35),Xerez CD (2),1-1,1-1,Albacete Balompié (2)
?,(Sat) 8 Sep 2007 (W36),RC Celta Vigo (3),0-1,0-0,SD Eibar (3)
?,(Sat) 8 Sep 2007 (W36),Gimnàstic Tarragona (3),1-0,0-0,CD Castellón (3)
?,(Sat) 8 Sep 2007 (W36),Granada 74 (3),4-1,1-1,CD Tenerife (3)
?,(Sat) 8 Sep 2007 (W36),Málaga CF (3),4-1,2-1,Córdoba CF (3)
?,(Sun) 9 Sep 2007 (W36),Cádiz CF (3),1-0,1-0,UD Salamanca (3)
?,(Sun) 9 Sep 2007 (W36),Racing Ferrol (3),3-1,1-0,UD Las Palmas (3)
?,(Sun) 9 Sep 2007 (W36),Hércules CF (3),2-0,1-0,Albacete Balompié (3)
?,(Sun) 9 Sep 2007 (W36),CD Numancia (3),2-1,2-1,Xerez CD (3)
?,(Sun) 9 Sep 2007 (W36),Sevilla FC B (3),1-0,1-0,Deportivo Alavés (3)
?,(Sun) 9 Sep 2007 (W36),Real Sociedad (3),0-1,0-0,Polideportivo Ejido (3)
?,(Sun) 9 Sep 2007 (W36),Sporting Gijón (3),1-1,1-0,Elche CF (3)
?,(Sat) 15 Sep 2007 (W37),Deportivo Alavés (4),1-1,0-0,Cádiz CF (4)
?,(Sat) 15 Sep 2007 (W37),Albacete Balompié (4),1-4,1-2,CD Numancia (4)
?,(Sat) 15 Sep 2007 (W37),Elche CF (4),0-1,0-1,Racing Ferrol (4)
?,(Sat) 15 Sep 2007 (W37),UD Las Palmas (4),2-3,1-0,Real Sociedad (4)
?,(Sat) 15 Sep 2007 (W37),Xerez CD (4),0-2,0-0,Sporting Gijón (4)
?,(Sun) 16 Sep 2007 (W37),CD Castellón (4),2-3,0-1,Málaga CF (4)
?,(Sun) 16 Sep 2007 (W37),Córdoba CF (4),2-1,1-0,Sevilla FC B (4)
?,(Sun) 16 Sep 2007 (W37),SD Eibar (4),2-0,1-0,Gimnàstic Tarragona (4)
?,(Sun) 16 Sep 2007 (W37),Polideportivo Ejido (4),0-1,0-0,RC Celta Vigo (4)
?,(Sun) 16 Sep 2007 (W37),UD Salamanca (4),3-1,2-1,Granada 74 (4)
?,(Sun) 16 Sep 2007 (W37),CD Tenerife (4),0-1,0-0,Hércules CF (4)
?,(Sat) 22 Sep 2007 (W38),Cádiz CF (5),0-1,0-1,Córdoba CF (5)
?,(Sat) 22 Sep 2007 (W38),Gimnàstic Tarragona (5),4-1,3-0,Polideportivo Ejido (5)
?,(Sat) 22 Sep 2007 (W38),Real Sociedad (5),2-1,0-0,Elche CF (5)
?,(Sun) 23 Sep 2007 (W38),RC Celta Vigo (5),2-0,0-0,UD Las Palmas (5)
?,(Sun) 23 Sep 2007 (W38),Racing Ferrol (5),1-2,0-2,Xerez CD (5)
?,(Sun) 23 Sep 2007 (W38),Granada 74 (5),2-2,0-1,Deportivo Alavés (5)
?,(Sun) 23 Sep 2007 (W38),Hércules CF (5),1-3,0-1,CD Numancia (5)
?,(Sun) 23 Sep 2007 (W38),Málaga CF (5),1-0,0-0,SD Eibar (5)
?,(Sun) 23 Sep 2007 (W38),Sevilla FC B (5),2-2,1-2,CD Castellón (5)
?,(Sun) 23 Sep 2007 (W38),Sporting Gijón (5),1-0,0-0,Albacete Balompié (5)
?,(Sun) 23 Sep 2007 (W38),CD Tenerife (5),2-1,1-1,UD Salamanca (5)
?,(Sat) 29 Sep 2007 (W39),Deportivo Alavés (6),0-0,0-0,CD Tenerife (6)
?,(Sat) 29 Sep 2007 (W39),CD Castellón (6),2-0,1-0,Cádiz CF (6)
?,(Sat) 29 Sep 2007 (W39),UD Las Palmas (6),1-0,1-0,Gimnàstic Tarragona (6)
?,(Sat) 29 Sep 2007 (W39),CD Numancia (6),0-2,0-0,Sporting Gijón (6)
?,(Sat) 29 Sep 2007 (W39),Polideportivo Ejido (6),2-3,0-1,Málaga CF (6)
?,(Sun) 30 Sep 2007 (W39),Albacete Balompié (6),1-2,0-2,Racing Ferrol (6)
?,(Sun) 30 Sep 2007 (W39),Córdoba CF (6),0-0,0-0,Granada 74 (6)
?,(Sun) 30 Sep 2007 (W39),SD Eibar (6),0-1,0-0,Sevilla FC B (6)
?,(Sun) 30 Sep 2007 (W39),Elche CF (6),2-0,1-0,RC Celta Vigo (6)
?,(Sun) 30 Sep 2007 (W39),UD Salamanca (6),1-1,1-1,Hércules CF (6)
?,(Sun) 30 Sep 2007 (W39),Xerez CD (6),1-1,1-1,Real Sociedad (6)
?,(Sat) 6 Oct 2007 (W40),RC Celta Vigo (7),3-1,1-1,Xerez CD (7)
?,(Sat) 6 Oct 2007 (W40),Hércules CF (7),2-3,1-2,Sporting Gijón (7)
?,(Sat) 6 Oct 2007 (W40),Málaga CF (7),2-0,0-0,UD Las Palmas (7)
?,(Sat) 6 Oct 2007 (W40),Real Sociedad (7),1-0,0-0,Albacete Balompié (7)
?,(Sun) 7 Oct 2007 (W40),Cádiz CF (7),1-2,1-0,SD Eibar (7)
?,(Sun) 7 Oct 2007 (W40),Racing Ferrol (7),1-3,0-2,CD Numancia (7)
?,(Sun) 7 Oct 2007 (W40),Gimnàstic Tarragona (7),1-2,1-2,Elche CF (7)
?,(Sun) 7 Oct 2007 (W40),Granada 74 (7),1-1,0-0,CD Castellón (7)
?,(Sun) 7 Oct 2007 (W40),UD Salamanca (7),2-3,2-1,Deportivo Alavés (7)
?,(Sun) 7 Oct 2007 (W40),Sevilla FC B (7),2-2,0-1,Polideportivo Ejido (7)
?,(Sun) 7 Oct 2007 (W40),CD Tenerife (7),0-0,0-0,Córdoba CF (7)
?,(Sat) 13 Oct 2007 (W41),Deportivo Alavés (8),2-1,0-0,Hércules CF (8)
?,(Sat) 13 Oct 2007 (W41),Albacete Balompié (8),1-1,0-1,RC Celta Vigo (8)
?,(Sat) 13 Oct 2007 (W41),UD Las Palmas (8),0-1,0-0,Sevilla FC B (8)
?,(Sat) 13 Oct 2007 (W41),CD Numancia (8),2-1,1-0,Real Sociedad (8)
?,(Sat) 13 Oct 2007 (W41),Polideportivo Ejido (8),1-0,1-0,Cádiz CF (8)
?,(Sun) 14 Oct 2007 (W41),CD Castellón (8),1-1,0-1,CD Tenerife (8)
?,(Sun) 14 Oct 2007 (W41),Córdoba CF (8),1-1,0-0,UD Salamanca (8)
?,(Sun) 14 Oct 2007 (W41),SD Eibar (8),2-0,0-0,Granada 74 (8)
?,(Sun) 14 Oct 2007 (W41),Elche CF (8),2-0,1-0,Málaga CF (8)
?,(Sun) 14 Oct 2007 (W41),Sporting Gijón (8),0-0,0-0,Racing Ferrol (8)
?,(Sun) 14 Oct 2007 (W41),Xerez CD (8),2-2,1-1,Gimnàstic Tarragona (8)
?,(Sat) 20 Oct 2007 (W42),Cádiz CF (9),0-0,0-0,UD Las Palmas (9)
?,(Sat) 20 Oct 2007 (W42),Granada 74 (9),1-0,1-0,Polideportivo Ejido (9)
?,(Sat) 20 Oct 2007 (W42),Sevilla FC B (9),2-1,0-0,Elche CF (9)
?,(Sat) 20 Oct 2007 (W42),Real Sociedad (9),0-1,0-0,Sporting Gijón (9)
?,(Sun) 21 Oct 2007 (W42),Deportivo Alavés (9),0-2,0-1,Córdoba CF (9)
?,(Sun) 21 Oct 2007 (W42),RC Celta Vigo (9),2-2,1-1,CD Numancia (9)
?,(Sun) 21 Oct 2007 (W42),Gimnàstic Tarragona (9),0-2,0-1,Albacete Balompié (9)
?,(Sun) 21 Oct 2007 (W42),Hércules CF (9),1-0,1-0,Racing Ferrol (9)
?,(Sun) 21 Oct 2007 (W42),Málaga CF (9),1-0,1-0,Xerez CD (9)
?,(Sun) 21 Oct 2007 (W42),UD Salamanca (9),1-0,1-0,CD Castellón (9)
?,(Sun) 21 Oct 2007 (W42),CD Tenerife (9),4-2,1-0,SD Eibar (9)
?,(Sat) 27 Oct 2007 (W43),Elche CF (10),1-0,0-0,Cádiz CF (10)
?,(Sat) 27 Oct 2007 (W43),Racing Ferrol (10),0-0,0-0,Real Sociedad (10)
?,(Sat) 27 Oct 2007 (W43),UD Las Palmas (10),0-1,0-1,Granada 74 (10)
?,(Sat) 27 Oct 2007 (W43),Polideportivo Ejido (10),1-1,1-0,CD Tenerife (10)
?,(Sun) 28 Oct 2007 (W43),Albacete Balompié (10),2-1,0-0,Málaga CF (10)
?,(Sun) 28 Oct 2007 (W43),CD Castellón (10),2-0,2-0,Deportivo Alavés (10)
?,(Sun) 28 Oct 2007 (W43),Córdoba CF (10),3-3,1-1,Hércules CF (10)
?,(Sun) 28 Oct 2007 (W43),SD Eibar (10),2-2,1-1,UD Salamanca (10)
?,(Sun) 28 Oct 2007 (W43),CD Numancia (10),1-0,0-0,Gimnàstic Tarragona (10)
?,(Sun) 28 Oct 2007 (W43),Sporting Gijón (10),0-1,0-0,RC Celta Vigo (10)
?,(Sun) 28 Oct 2007 (W43),Xerez CD (10),0-0,0-0,Sevilla FC B (10)
?,(Sat) 3 Nov 2007 (W44),Deportivo Alavés (11),1-0,1-0,SD Eibar (11)
?,(Sat) 3 Nov 2007 (W44),Cádiz CF (11),2-1,2-1,Xerez CD (11)
?,(Sat) 3 Nov 2007 (W44),Gimnàstic Tarragona (11),2-0,1-0,Sporting Gijón (11)
?,(Sat) 3 Nov 2007 (W44),Granada 74 (11),0-0,0-0,Elche CF (11)
?,(Sat) 3 Nov 2007 (W44),Sevilla FC B (11),0-0,0-0,Albacete Balompié (11)
?,(Sat) 3 Nov 2007 (W44),CD Tenerife (11),2-2,1-1,UD Las Palmas (11)
?,(Sun) 4 Nov 2007 (W44),RC Celta Vigo (11),1-1,0-0,Racing Ferrol (11)
?,(Sun) 4 Nov 2007 (W44),Córdoba CF (11),2-1,0-0,CD Castellón (11)
?,(Sun) 4 Nov 2007 (W44),Hércules CF (11),1-1,1-0,Real Sociedad (11)
?,(Sun) 4 Nov 2007 (W44),Málaga CF (11),0-1,0-0,CD Numancia (11)
?,(Sun) 4 Nov 2007 (W44),UD Salamanca (11),4-1,2-1,Polideportivo Ejido (11)
?,(Sat) 10 Nov 2007 (W45),CD Castellón (12),0-0,0-0,Hércules CF (12)
?,(Sat) 10 Nov 2007 (W45),SD Eibar (12),2-1,1-0,Córdoba CF (12)
?,(Sat) 10 Nov 2007 (W45),Racing Ferrol (12),0-2,0-0,Gimnàstic Tarragona (12)
?,(Sat) 10 Nov 2007 (W45),UD Las Palmas (12),1-2,0-0,UD Salamanca (12)
?,(Sun) 11 Nov 2007 (W45),Albacete Balompié (12),0-1,0-0,Cádiz CF (12)
?,(Sun) 11 Nov 2007 (W45),Elche CF (12),3-1,1-0,CD Tenerife (12)
?,(Sun) 11 Nov 2007 (W45),CD Numancia (12),0-1,0-0,Sevilla FC B (12)
?,(Sun) 11 Nov 2007 (W45),Polideportivo Ejido (12),1-0,0-0,Deportivo Alavés (12)
?,(Sun) 11 Nov 2007 (W45),Real Sociedad (12),1-1,1-1,RC Celta Vigo (12)
?,(Sun) 11 Nov 2007 (W45),Sporting Gijón (12),0-1,0-1,Málaga CF (12)
?,(Sun) 11 Nov 2007 (W45),Xerez CD (12),2-1,2-1,Granada 74 (12)
?,(Sat) 17 Nov 2007 (W46),Gimnàstic Tarragona (13),1-1,0-1,Real Sociedad (13)
?,(Sat) 17 Nov 2007 (W46),Granada 74 (13),1-0,0-0,Albacete Balompié (13)
?,(Sat) 17 Nov 2007 (W46),Málaga CF (13),4-2,0-2,Racing Ferrol (13)
?,(Sat) 17 Nov 2007 (W46),Sevilla FC B (13),1-3,0-2,Sporting Gijón (13)
?,(Sun) 18 Nov 2007 (W46),Deportivo Alavés (13),3-1,1-0,UD Las Palmas (13)
?,(Sun) 18 Nov 2007 (W46),Cádiz CF (13),0-0,0-0,CD Numancia (13)
?,(Sun) 18 Nov 2007 (W46),CD Castellón (13),0-0,0-0,SD Eibar (13)
?,(Sun) 18 Nov 2007 (W46),Córdoba CF (13),1-1,0-0,Polideportivo Ejido (13)
?,(Sun) 18 Nov 2007 (W46),Hércules CF (13),0-1,0-0,RC Celta Vigo (13)
?,(Sun) 18 Nov 2007 (W46),UD Salamanca (13),3-1,0-1,Elche CF (13)
?,(Sun) 18 Nov 2007 (W46),CD Tenerife (13),3-1,2-0,Xerez CD (13)
?,(Sat) 24 Nov 2007 (W47),Elche CF (14),2-2,1-1,Deportivo Alavés (14)
?,(Sat) 24 Nov 2007 (W47),UD Las Palmas (14),3-1,1-0,Córdoba CF (14)
?,(Sun) 25 Nov 2007 (W47),Albacete Balompié (14),0-0,0-0,CD Tenerife (14)
?,(Sun) 25 Nov 2007 (W47),RC Celta Vigo (14),1-1,0-1,Gimnàstic Tarragona (14)
?,(Sun) 25 Nov 2007 (W47),SD Eibar (14),0-3,0-1,Hércules CF (14)
?,(Sun) 25 Nov 2007 (W47),Racing Ferrol (14),1-1,1-1,Sevilla FC B (14)
?,(Sun) 25 Nov 2007 (W47),CD Numancia (14),0-2,0-1,Granada 74 (14)
?,(Sun) 25 Nov 2007 (W47),Polideportivo Ejido (14),1-0,1-0,CD Castellón (14)
?,(Sun) 25 Nov 2007 (W47),Real Sociedad (14),2-0,1-0,Málaga CF (14)
?,(Sun) 25 Nov 2007 (W47),Sporting Gijón (14),4-2,1-1,Cádiz CF (14)
?,(Sun) 25 Nov 2007 (W47),Xerez CD (14),1-1,1-0,UD Salamanca (14)
?,(Sat) 1 Dec 2007 (W48),Granada 74 (15),1-0,1-0,Sporting Gijón (15)
?,(Sat) 1 Dec 2007 (W48),Hércules CF (15),3-0,1-0,Gimnàstic Tarragona (15)
?,(Sat) 1 Dec 2007 (W48),Sevilla FC B (15),0-0,0-0,Real Sociedad (15)
?,(Sat) 1 Dec 2007 (W48),CD Tenerife (15),0-2,0-1,CD Numancia (15)
?,(Sun) 2 Dec 2007 (W48),Deportivo Alavés (15),0-0,0-0,Xerez CD (15)
?,(Sun) 2 Dec 2007 (W48),Cádiz CF (15),3-1,1-0,Racing Ferrol (15)
?,(Sun) 2 Dec 2007 (W48),CD Castellón (15),1-1,1-1,UD Las Palmas (15)
?,(Sun) 2 Dec 2007 (W48),Córdoba CF (15),1-1,0-1,Elche CF (15)
?,(Sun) 2 Dec 2007 (W48),SD Eibar (15),1-0,0-0,Polideportivo Ejido (15)
?,(Sun) 2 Dec 2007 (W48),Málaga CF (15),1-1,0-0,RC Celta Vigo (15)
?,(Sun) 2 Dec 2007 (W48),UD Salamanca (15),0-1,0-1,Albacete Balompié (15)
?,(Sat) 8 Dec 2007 (W49),Albacete Balompié (16),0-3,0-0,Deportivo Alavés (16)
?,(Sat) 8 Dec 2007 (W49),Elche CF (16),1-0,1-0,CD Castellón (16)
?,(Sat) 8 Dec 2007 (W49),Racing Ferrol (16),1-3,1-0,Granada 74 (16)
?,(Sat) 8 Dec 2007 (W49),Gimnàstic Tarragona (16),1-1,0-0,Málaga CF (16)
?,(Sat) 8 Dec 2007 (W49),UD Las Palmas (16),1-0,0-0,SD Eibar (16)
?,(Sun) 9 Dec 2007 (W49),RC Celta Vigo (16),2-1,0-1,Sevilla FC B (16)
?,(Sun) 9 Dec 2007 (W49),CD Numancia (16),1-0,1-0,UD Salamanca (16)
?,(Sun) 9 Dec 2007 (W49),Polideportivo Ejido (16),0-0,0-0,Hércules CF (16)
?,(Sun) 9 Dec 2007 (W49),Real Sociedad (16),0-0,0-0,Cádiz CF (16)
?,(Sun) 9 Dec 2007 (W49),Sporting Gijón (16),0-1,0-0,CD Tenerife (16)
?,(Sun) 9 Dec 2007 (W49),Xerez CD (16),0-0,0-0,Córdoba CF (16)
?,(Sat) 15 Dec 2007 (W50),Córdoba CF (17),1-1,0-0,Albacete Balompié (17)
?,(Sat) 15 Dec 2007 (W50),SD Eibar (17),2-1,1-1,Elche CF (17)
?,(Sat) 15 Dec 2007 (W50),Polideportivo Ejido (17),3-1,1-1,UD Las Palmas (17)
?,(Sat) 15 Dec 2007 (W50),UD Salamanca (17),1-1,1-1,Sporting Gijón (17)
?,(Sun) 16 Dec 2007 (W50),Deportivo Alavés (17),1-1,1-1,CD Numancia (17)
?,(Sun) 16 Dec 2007 (W50),Cádiz CF (17),3-1,0-0,RC Celta Vigo (17)
?,(Sun) 16 Dec 2007 (W50),CD Castellón (17),1-0,0-0,Xerez CD (17)
?,(Sun) 16 Dec 2007 (W50),Granada 74 (17),1-2,1-1,Real Sociedad (17)
?,(Sun) 16 Dec 2007 (W50),Hércules CF (17),1-1,0-0,Málaga CF (17)
?,(Sun) 16 Dec 2007 (W50),Sevilla FC B (17),2-0,1-0,Gimnàstic Tarragona (17)
?,(Sun) 16 Dec 2007 (W50),CD Tenerife (17),2-1,1-0,Racing Ferrol (17)
?,(Sat) 22 Dec 2007 (W51),Elche CF (18),2-1,1-1,Polideportivo Ejido (18)
?,(Sat) 22 Dec 2007 (W51),Racing Ferrol (18),0-2,0-1,UD Salamanca (18)
?,(Sat) 22 Dec 2007 (W51),Gimnàstic Tarragona (18),0-1,0-0,Cádiz CF (18)
?,(Sat) 22 Dec 2007 (W51),UD Las Palmas (18),0-0,0-0,Hércules CF (18)
?,(Sat) 22 Dec 2007 (W51),Málaga CF (18),3-0,0-0,Sevilla FC B (18)
?,(Sat) 22 Dec 2007 (W51),Real Sociedad (18),2-1,0-1,CD Tenerife (18)
?,(Sat) 22 Dec 2007 (W51),Sporting Gijón (18),3-2,2-0,Deportivo Alavés (18)
?,(Sat) 22 Dec 2007 (W51),Xerez CD (18),3-3,0-2,SD Eibar (18)
?,(Sun) 23 Dec 2007 (W51),Albacete Balompié (18),2-0,1-0,CD Castellón (18)
?,(Sun) 23 Dec 2007 (W51),RC Celta Vigo (18),4-1,1-0,Granada 74 (18)
?,(Sun) 23 Dec 2007 (W51),CD Numancia (18),2-1,1-0,Córdoba CF (18)
?,(Sat) 5 Jan 2008 (W1),Cádiz CF (19),0-1,0-1,Málaga CF (19)
?,(Sat) 5 Jan 2008 (W1),CD Castellón (19),0-0,0-0,CD Numancia (19)
?,(Sat) 5 Jan 2008 (W1),SD Eibar (19),1-0,1-0,Albacete Balompié (19)
?,(Sun) 6 Jan 2008 (W1),Deportivo Alavés (19),1-0,0-0,Racing Ferrol (19)
?,(Sun) 6 Jan 2008 (W1),Córdoba CF (19),2-2,2-0,Sporting Gijón (19)
?,(Sun) 6 Jan 2008 (W1),Granada 74 (19),1-0,0-0,Gimnàstic Tarragona (19)
?,(Sun) 6 Jan 2008 (W1),Hércules CF (19),1-2,0-0,Sevilla FC B (19)
?,(Sun) 6 Jan 2008 (W1),UD Las Palmas (19),1-0,0-0,Elche CF (19)
?,(Sun) 6 Jan 2008 (W1),Polideportivo Ejido (19),0-0,0-0,Xerez CD (19)
?,(Sun) 6 Jan 2008 (W1),UD Salamanca (19),3-2,1-0,Real Sociedad (19)
?,(Sun) 6 Jan 2008 (W1),CD Tenerife (19),3-2,3-1,RC Celta Vigo (19)
?,(Sat) 12 Jan 2008 (W2),RC Celta Vigo (20),0-0,0-0,UD Salamanca (20)
?,(Sat) 12 Jan 2008 (W2),Málaga CF (20),1-1,1-1,Granada 74 (20)
?,(Sat) 12 Jan 2008 (W2),Real Sociedad (20),1-0,0-0,Deportivo Alavés (20)
?,(Sat) 12 Jan 2008 (W2),Xerez CD (20),0-3,0-1,UD Las Palmas (20)
?,(Sun) 13 Jan 2008 (W2),Albacete Balompié (20),2-0,1-0,Polideportivo Ejido (20)
?,(Sun) 13 Jan 2008 (W2),Racing Ferrol (20),0-1,0-1,Córdoba CF (20)
?,(Sun) 13 Jan 2008 (W2),Gimnàstic Tarragona (20),1-1,1-1,CD Tenerife (20)
?,(Sun) 13 Jan 2008 (W2),Hércules CF (20),0-1,0-1,Elche CF (20)
?,(Sun) 13 Jan 2008 (W2),CD Numancia (20),1-1,1-1,SD Eibar (20)
?,(Sun) 13 Jan 2008 (W2),Sevilla FC B (20),1-2,0-0,Cádiz CF (20)
?,(Sun) 13 Jan 2008 (W2),Sporting Gijón (20),0-2,0-1,CD Castellón (20)
?,(Sat) 19 Jan 2008 (W3),Deportivo Alavés (21),2-3,1-1,RC Celta Vigo (21)
?,(Sat) 19 Jan 2008 (W3),Granada 74 (21),1-1,1-1,Sevilla FC B (21)
?,(Sun) 20 Jan 2008 (W3),Cádiz CF (21),1-2,0-1,Hércules CF (21)
?,(Sun) 20 Jan 2008 (W3),CD Castellón (21),1-0,1-0,Racing Ferrol (21)
?,(Sun) 20 Jan 2008 (W3),Córdoba CF (21),1-3,0-1,Real Sociedad (21)
?,(Sun) 20 Jan 2008 (W3),SD Eibar (21),0-3,0-1,Sporting Gijón (21)
?,(Sun) 20 Jan 2008 (W3),Elche CF (21),2-4,1-3,Xerez CD (21)
?,(Sun) 20 Jan 2008 (W3),UD Las Palmas (21),2-1,1-0,Albacete Balompié (21)
?,(Sun) 20 Jan 2008 (W3),Polideportivo Ejido (21),1-2,1-1,CD Numancia (21)
?,(Sun) 20 Jan 2008 (W3),UD Salamanca (21),1-1,1-0,Gimnàstic Tarragona (21)
?,(Sun) 20 Jan 2008 (W3),CD Tenerife (21),1-1,1-1,Málaga CF (21)
?,(Sat) 26 Jan 2008 (W4),Deportivo Alavés (22),1-1,0-1,Gimnàstic Tarragona (22)
?,(Sat) 26 Jan 2008 (W4),Elche CF (22),1-1,0-0,Albacete Balompié (22)
?,(Sat) 26 Jan 2008 (W4),UD Las Palmas (22),1-2,1-0,CD Numancia (22)
?,(Sat) 26 Jan 2008 (W4),Polideportivo Ejido (22),1-1,1-0,Sporting Gijón (22)
?,(Sat) 26 Jan 2008 (W4),CD Tenerife (22),1-1,0-1,Sevilla FC B (22)
?,(Sun) 27 Jan 2008 (W4),CD Castellón (22),1-0,0-0,Real Sociedad (22)
?,(Sun) 27 Jan 2008 (W4),Córdoba CF (22),0-2,0-1,RC Celta Vigo (22)
?,(Sun) 27 Jan 2008 (W4),SD Eibar (22),1-3,1-0,Racing Ferrol (22)
?,(Sun) 27 Jan 2008 (W4),Granada 74 (22),2-1,1-0,Cádiz CF (22)
?,(Sun) 27 Jan 2008 (W4),UD Salamanca (22),0-0,0-0,Málaga CF (22)
?,(Sun) 27 Jan 2008 (W4),Xerez CD (22),4-3,1-3,Hércules CF (22)
?,(Sat) 2 Feb 2008 (W5),Albacete Balompié (23),1-0,1-0,Xerez CD (23)
?,(Sat) 2 Feb 2008 (W5),Cádiz CF (23),0-0,0-0,CD Tenerife (23)
?,(Sat) 2 Feb 2008 (W5),RC Celta Vigo (23),1-2,0-1,CD Castellón (23)
?,(Sat) 2 Feb 2008 (W5),Málaga CF (23),1-0,0-0,Deportivo Alavés (23)
?,(Sat) 2 Feb 2008 (W5),Real Sociedad (23),1-1,0-0,SD Eibar (23)
?,(Sun) 3 Feb 2008 (W5),Racing Ferrol (23),2-0,0-0,Polideportivo Ejido (23)
?,(Sun) 3 Feb 2008 (W5),Gimnàstic Tarragona (23),2-2,0-1,Córdoba CF (23)
?,(Sun) 3 Feb 2008 (W5),Hércules CF (23),0-0,0-0,Granada 74 (23)
?,(Sun) 3 Feb 2008 (W5),CD Numancia (23),0-1,0-1,Elche CF (23)
?,(Sun) 3 Feb 2008 (W5),Sevilla FC B (23),2-1,1-0,UD Salamanca (23)
?,(Sun) 3 Feb 2008 (W5),Sporting Gijón (23),0-1,0-0,UD Las Palmas (23)
?,(Sat) 9 Feb 2008 (W6),Deportivo Alavés (24),1-0,0-0,Sevilla FC B (24)
?,(Sat) 9 Feb 2008 (W6),CD Castellón (24),3-1,1-0,Gimnàstic Tarragona (24)
?,(Sat) 9 Feb 2008 (W6),Córdoba CF (24),2-1,1-1,Málaga CF (24)
?,(Sat) 9 Feb 2008 (W6),UD Las Palmas (24),2-2,1-2,Racing Ferrol (24)
?,(Sun) 10 Feb 2008 (W6),Albacete Balompié (24),1-1,1-1,Hércules CF (24)
?,(Sun) 10 Feb 2008 (W6),SD Eibar (24),2-1,0-1,RC Celta Vigo (24)
?,(Sun) 10 Feb 2008 (W6),Elche CF (24),3-1,2-1,Sporting Gijón (24)
?,(Sun) 10 Feb 2008 (W6),Polideportivo Ejido (24),0-1,0-0,Real Sociedad (24)
?,(Sun) 10 Feb 2008 (W6),UD Salamanca (24),1-1,0-1,Cádiz CF (24)
?,(Sun) 10 Feb 2008 (W6),CD Tenerife (24),2-0,1-0,Granada 74 (24)
?,(Sun) 10 Feb 2008 (W6),Xerez CD (24),0-3,0-1,CD Numancia (24)
?,(Sat) 16 Feb 2008 (W7),RC Celta Vigo (25),2-1,1-1,Polideportivo Ejido (25)
?,(Sat) 16 Feb 2008 (W7),Gimnàstic Tarragona (25),2-1,2-1,SD Eibar (25)
?,(Sat) 16 Feb 2008 (W7),Hércules CF (25),2-1,1-0,CD Tenerife (25)
?,(Sat) 16 Feb 2008 (W7),CD Numancia (25),1-0,0-0,Albacete Balompié (25)
?,(Sat) 16 Feb 2008 (W7),Sporting Gijón (25),2-0,2-0,Xerez CD (25)
?,(Sun) 17 Feb 2008 (W7),Cádiz CF (25),2-0,1-0,Deportivo Alavés (25)
?,(Sun) 17 Feb 2008 (W7),Racing Ferrol (25),1-0,0-0,Elche CF (25)
?,(Sun) 17 Feb 2008 (W7),Granada 74 (25),0-0,0-0,UD Salamanca (25)
?,(Sun) 17 Feb 2008 (W7),Málaga CF (25),3-1,2-0,CD Castellón (25)
?,(Sun) 17 Feb 2008 (W7),Sevilla FC B (25),2-1,0-1,Córdoba CF (25)
?,(Sun) 17 Feb 2008 (W7),Real Sociedad (25),4-0,1-0,UD Las Palmas (25)
?,(Sat) 23 Feb 2008 (W8),Albacete Balompié (26),1-2,0-1,Sporting Gijón (26)
?,(Sat) 23 Feb 2008 (W8),CD Castellón (26),0-0,0-0,Sevilla FC B (26)
?,(Sat) 23 Feb 2008 (W8),Córdoba CF (26),2-2,2-1,Cádiz CF (26)
?,(Sat) 23 Feb 2008 (W8),Elche CF (26),0-0,0-0,Real Sociedad (26)
?,(Sat) 23 Feb 2008 (W8),UD Las Palmas (26),1-0,1-0,RC Celta Vigo (26)
?,(Sun) 24 Feb 2008 (W8),Deportivo Alavés (26),2-2,0-1,Granada 74 (26)
?,(Sun) 24 Feb 2008 (W8),SD Eibar (26),1-1,0-0,Málaga CF (26)
?,(Sun) 24 Feb 2008 (W8),CD Numancia (26),2-1,0-0,Hércules CF (26)
?,(Sun) 24 Feb 2008 (W8),Polideportivo Ejido (26),1-1,0-1,Gimnàstic Tarragona (26)
?,(Sun) 24 Feb 2008 (W8),UD Salamanca (26),1-0,1-0,CD Tenerife (26)
?,(Sun) 24 Feb 2008 (W8),Xerez CD (26),0-2,0-2,Racing Ferrol (26)
?,(Sat) 1 Mar 2008 (W9),Racing Ferrol (27),1-1,0-0,Albacete Balompié (27)
?,(Sat) 1 Mar 2008 (W9),Granada 74 (27),0-2,0-1,Córdoba CF (27)
?,(Sat) 1 Mar 2008 (W9),CD Tenerife (27),1-0,1-0,Deportivo Alavés (27)
?,(Sun) 2 Mar 2008 (W9),Cádiz CF (27),1-1,1-0,CD Castellón (27)
?,(Sun) 2 Mar 2008 (W9),RC Celta Vigo (27),2-2,1-0,Elche CF (27)
?,(Sun) 2 Mar 2008 (W9),Gimnàstic Tarragona (27),2-0,0-0,UD Las Palmas (27)
?,(Sun) 2 Mar 2008 (W9),Hércules CF (27),2-2,1-2,UD Salamanca (27)
?,(Sun) 2 Mar 2008 (W9),Málaga CF (27),1-1,0-0,Polideportivo Ejido (27)
?,(Sun) 2 Mar 2008 (W9),Sevilla FC B (27),2-0,0-0,SD Eibar (27)
?,(Sun) 2 Mar 2008 (W9),Real Sociedad (27),4-2,2-0,Xerez CD (27)
?,(Sun) 2 Mar 2008 (W9),Sporting Gijón (27),1-0,1-0,CD Numancia (27)
?,(Sat) 8 Mar 2008 (W10),Córdoba CF (28),2-2,1-0,CD Tenerife (28)
?,(Sat) 8 Mar 2008 (W10),SD Eibar (28),1-0,1-0,Cádiz CF (28)
?,(Sat) 8 Mar 2008 (W10),Xerez CD (28),1-0,1-0,RC Celta Vigo (28)
?,(Sun) 9 Mar 2008 (W10),Deportivo Alavés (28),0-0,0-0,UD Salamanca (28)
?,(Sun) 9 Mar 2008 (W10),Albacete Balompié (28),1-2,0-2,Real Sociedad (28)
?,(Sun) 9 Mar 2008 (W10),CD Castellón (28),2-1,1-1,Granada 74 (28)
?,(Sun) 9 Mar 2008 (W10),Elche CF (28),2-0,2-0,Gimnàstic Tarragona (28)
?,(Sun) 9 Mar 2008 (W10),UD Las Palmas (28),1-2,0-1,Málaga CF (28)
?,(Sun) 9 Mar 2008 (W10),CD Numancia (28),1-0,1-0,Racing Ferrol (28)
?,(Sun) 9 Mar 2008 (W10),Polideportivo Ejido (28),2-0,0-0,Sevilla FC B (28)
?,(Sun) 9 Mar 2008 (W10),Sporting Gijón (28),1-1,0-0,Hércules CF (28)
?,(Sat) 15 Mar 2008 (W11),Racing Ferrol (29),2-2,2-1,Sporting Gijón (29)
?,(Sat) 15 Mar 2008 (W11),Sevilla FC B (29),0-0,0-0,UD Las Palmas (29)
?,(Sat) 15 Mar 2008 (W11),Real Sociedad (29),0-1,0-0,CD Numancia (29)
?,(Sun) 16 Mar 2008 (W11),Cádiz CF (29),2-0,1-0,Polideportivo Ejido (29)
?,(Sun) 16 Mar 2008 (W11),RC Celta Vigo (29),0-1,0-1,Albacete Balompié (29)
?,(Sun) 16 Mar 2008 (W11),Gimnàstic Tarragona (29),1-1,0-1,Xerez CD (29)
?,(Sun) 16 Mar 2008 (W11),Granada 74 (29),1-0,1-0,SD Eibar (29)
?,(Sun) 16 Mar 2008 (W11),Hércules CF (29),1-1,1-1,Deportivo Alavés (29)
?,(Sun) 16 Mar 2008 (W11),Málaga CF (29),2-0,1-0,Elche CF (29)
?,(Sun) 16 Mar 2008 (W11),UD Salamanca (29),1-1,0-0,Córdoba CF (29)
?,(Sun) 16 Mar 2008 (W11),CD Tenerife (29),2-1,2-0,CD Castellón (29)
?,(Sat) 22 Mar 2008 (W12),SD Eibar (30),4-0,1-0,CD Tenerife (30)
?,(Sat) 22 Mar 2008 (W12),Elche CF (30),2-0,0-0,Sevilla FC B (30)
?,(Sat) 22 Mar 2008 (W12),Sporting Gijón (30),1-0,0-0,Real Sociedad (30)
?,(Sat) 22 Mar 2008 (W12),Xerez CD (30),1-0,0-0,Málaga CF (30)
?,(Sun) 23 Mar 2008 (W12),UD Las Palmas (30),2-0,1-0,Cádiz CF (30)
?,(Sun) 23 Mar 2008 (W12),Albacete Balompié (30),0-0,0-0,Gimnàstic Tarragona (30)
?,(Sun) 23 Mar 2008 (W12),CD Castellón (30),1-0,0-0,UD Salamanca (30)
?,(Sun) 23 Mar 2008 (W12),Córdoba CF (30),0-1,0-1,Deportivo Alavés (30)
?,(Sun) 23 Mar 2008 (W12),Racing Ferrol (30),1-1,0-0,Hércules CF (30)
?,(Sun) 23 Mar 2008 (W12),CD Numancia (30),1-2,1-0,RC Celta Vigo (30)
?,(Sun) 23 Mar 2008 (W12),Polideportivo Ejido (30),1-0,0-0,Granada 74 (30)
?,(Sat) 29 Mar 2008 (W13),Deportivo Alavés (31),0-0,0-0,CD Castellón (31)
?,(Sat) 29 Mar 2008 (W13),Gimnàstic Tarragona (31),1-2,0-1,CD Numancia (31)
?,(Sat) 29 Mar 2008 (W13),Granada 74 (31),0-3,0-0,UD Las Palmas (31)
?,(Sun) 30 Mar 2008 (W13),Cádiz CF (31),1-1,0-0,Elche CF (31)
?,(Sun) 30 Mar 2008 (W13),RC Celta Vigo (31),0-0,0-0,Sporting Gijón (31)
?,(Sun) 30 Mar 2008 (W13),Hércules CF (31),2-1,2-0,Córdoba CF (31)
?,(Sun) 30 Mar 2008 (W13),Málaga CF (31),0-0,0-0,Albacete Balompié (31)
?,(Sun) 30 Mar 2008 (W13),UD Salamanca (31),1-0,1-0,SD Eibar (31)
?,(Sun) 30 Mar 2008 (W13),Sevilla FC B (31),1-1,0-0,Xerez CD (31)
?,(Sun) 30 Mar 2008 (W13),Real Sociedad (31),1-2,0-1,Racing Ferrol (31)
?,(Sun) 30 Mar 2008 (W13),CD Tenerife (31),2-1,0-0,Polideportivo Ejido (31)
?,(Sat) 5 Apr 2008 (W14),SD Eibar (32),2-0,1-0,Deportivo Alavés (32)
?,(Sat) 5 Apr 2008 (W14),Racing Ferrol (32),2-1,1-1,RC Celta Vigo (32)
?,(Sat) 5 Apr 2008 (W14),UD Las Palmas (32),1-1,0-0,CD Tenerife (32)
?,(Sat) 5 Apr 2008 (W14),Sporting Gijón (32),3-3,1-1,Gimnàstic Tarragona (32)
?,(Sat) 5 Apr 2008 (W14),Xerez CD (32),2-1,0-0,Cádiz CF (32)
?,(Sun) 6 Apr 2008 (W14),Albacete Balompié (32),1-0,0-0,Sevilla FC B (32)
?,(Sun) 6 Apr 2008 (W14),CD Castellón (32),1-1,1-0,Córdoba CF (32)
?,(Sun) 6 Apr 2008 (W14),Elche CF (32),0-0,0-0,Granada 74 (32)
?,(Sun) 6 Apr 2008 (W14),CD Numancia (32),2-1,1-0,Málaga CF (32)
?,(Sun) 6 Apr 2008 (W14),Polideportivo Ejido (32),1-1,0-0,UD Salamanca (32)
?,(Sun) 6 Apr 2008 (W14),Real Sociedad (32),2-1,0-0,Hércules CF (32)
?,(Sat) 12 Apr 2008 (W15),RC Celta Vigo (33),1-1,1-1,Real Sociedad (33)
?,(Sat) 12 Apr 2008 (W15),Córdoba CF (33),0-1,0-0,SD Eibar (33)
?,(Sat) 12 Apr 2008 (W15),Hércules CF (33),1-0,1-0,CD Castellón (33)
?,(Sat) 12 Apr 2008 (W15),CD Tenerife (33),1-1,1-0,Elche CF (33)
?,(Sun) 13 Apr 2008 (W15),Deportivo Alavés (33),2-1,0-1,Polideportivo Ejido (33)
?,(Sun) 13 Apr 2008 (W15),Cádiz CF (33),2-1,1-1,Albacete Balompié (33)
?,(Sun) 13 Apr 2008 (W15),Gimnàstic Tarragona (33),0-0,0-0,Racing Ferrol (33)
?,(Sun) 13 Apr 2008 (W15),Granada 74 (33),1-1,0-1,Xerez CD (33)
?,(Sun) 13 Apr 2008 (W15),Málaga CF (33),3-2,1-1,Sporting Gijón (33)
?,(Sun) 13 Apr 2008 (W15),UD Salamanca (33),2-2,2-0,UD Las Palmas (33)
?,(Sun) 13 Apr 2008 (W15),Sevilla FC B (33),1-1,0-0,CD Numancia (33)
?,(Sat) 19 Apr 2008 (W16),RC Celta Vigo (34),1-0,1-0,Hércules CF (34)
?,(Sat) 19 Apr 2008 (W16),UD Las Palmas (34),2-1,2-0,Deportivo Alavés (34)
?,(Sat) 19 Apr 2008 (W16),Polideportivo Ejido (34),1-0,0-0,Córdoba CF (34)
?,(Sun) 20 Apr 2008 (W16),Albacete Balompié (34),3-2,3-0,Granada 74 (34)
?,(Sun) 20 Apr 2008 (W16),SD Eibar (34),1-2,0-0,CD Castellón (34)
?,(Sun) 20 Apr 2008 (W16),Elche CF (34),0-3,0-2,UD Salamanca (34)
?,(Sun) 20 Apr 2008 (W16),Racing Ferrol (34),0-0,0-0,Málaga CF (34)
?,(Sun) 20 Apr 2008 (W16),CD Numancia (34),0-1,0-0,Cádiz CF (34)
?,(Sun) 20 Apr 2008 (W16),Real Sociedad (34),0-0,0-0,Gimnàstic Tarragona (34)
?,(Sun) 20 Apr 2008 (W16),Sporting Gijón (34),4-1,1-1,Sevilla FC B (34)
?,(Sun) 20 Apr 2008 (W16),Xerez CD (34),2-1,1-0,CD Tenerife (34)
?,(Sat) 26 Apr 2008 (W17),Córdoba CF (35),0-1,0-1,UD Las Palmas (35)
?,(Sat) 26 Apr 2008 (W17),Gimnàstic Tarragona (35),2-1,0-0,RC Celta Vigo (35)
?,(Sat) 26 Apr 2008 (W17),Hércules CF (35),5-1,2-1,SD Eibar (35)
?,(Sat) 26 Apr 2008 (W17),Málaga CF (35),0-2,0-1,Real Sociedad (35)
?,(Sun) 27 Apr 2008 (W17),Deportivo Alavés (35),2-0,2-0,Elche CF (35)
?,(Sun) 27 Apr 2008 (W17),Cádiz CF (35),0-1,0-0,Sporting Gijón (35)
?,(Sun) 27 Apr 2008 (W17),CD Castellón (35),1-0,0-0,Polideportivo Ejido (35)
?,(Sun) 27 Apr 2008 (W17),Granada 74 (35),1-1,0-0,CD Numancia (35)
?,(Sun) 27 Apr 2008 (W17),UD Salamanca (35),2-2,2-2,Xerez CD (35)
?,(Sun) 27 Apr 2008 (W17),Sevilla FC B (35),2-1,2-0,Racing Ferrol (35)
?,(Sun) 27 Apr 2008 (W17),CD Tenerife (35),2-2,2-1,Albacete Balompié (35)
?,(Sat) 3 May 2008 (W18),Albacete Balompié (36),2-1,1-0,UD Salamanca (36)
?,(Sat) 3 May 2008 (W18),UD Las Palmas (36),1-1,0-0,CD Castellón (36)
?,(Sat) 3 May 2008 (W18),Real Sociedad (36),2-0,1-0,Sevilla FC B (36)
?,(Sun) 4 May 2008 (W18),RC Celta Vigo (36),1-2,1-0,Málaga CF (36)
?,(Sun) 4 May 2008 (W18),Elche CF (36),3-2,0-1,Córdoba CF (36)
?,(Sun) 4 May 2008 (W18),Racing Ferrol (36),2-1,2-0,Cádiz CF (36)
?,(Sun) 4 May 2008 (W18),Gimnàstic Tarragona (36),2-2,0-1,Hércules CF (36)
?,(Sun) 4 May 2008 (W18),CD Numancia (36),4-2,1-0,CD Tenerife (36)
?,(Sun) 4 May 2008 (W18),Polideportivo Ejido (36),1-0,0-0,SD Eibar (36)
?,(Sun) 4 May 2008 (W18),Sporting Gijón (36),2-1,0-0,Granada 74 (36)
?,(Sun) 4 May 2008 (W18),Xerez CD (36),3-0,0-0,Deportivo Alavés (36)
?,(Sat) 10 May 2008 (W19),CD Castellón (37),1-0,0-0,Elche CF (37)
?,(Sat) 10 May 2008 (W19),SD Eibar (37),2-2,2-1,UD Las Palmas (37)
?,(Sat) 10 May 2008 (W19),Málaga CF (37),1-2,1-1,Gimnàstic Tarragona (37)
?,(Sat) 10 May 2008 (W19),Sevilla FC B (37),2-1,1-0,RC Celta Vigo (37)
?,(Sat) 10 May 2008 (W19),CD Tenerife (37),0-2,0-2,Sporting Gijón (37)
?,(Sun) 11 May 2008 (W19),Deportivo Alavés (37),0-0,0-0,Albacete Balompié (37)
?,(Sun) 11 May 2008 (W19),Cádiz CF (37),2-2,0-1,Real Sociedad (37)
?,(Sun) 11 May 2008 (W19),Córdoba CF (37),2-1,1-1,Xerez CD (37)
?,(Sun) 11 May 2008 (W19),Granada 74 (37),3-3,2-2,Racing Ferrol (37)
?,(Sun) 11 May 2008 (W19),Hércules CF (37),1-2,1-1,Polideportivo Ejido (37)
?,(Sun) 11 May 2008 (W19),UD Salamanca (37),0-1,0-1,CD Numancia (37)
?,(Sat) 17 May 2008 (W20),Racing Ferrol (38),0-0,0-0,CD Tenerife (38)
?,(Sat) 17 May 2008 (W20),UD Las Palmas (38),2-1,1-1,Polideportivo Ejido (38)
?,(Sat) 17 May 2008 (W20),Real Sociedad (38),3-1,0-0,Granada 74 (38)
?,(Sat) 17 May 2008 (W20),Sporting Gijón (38),0-0,0-0,UD Salamanca (38)
?,(Sat) 17 May 2008 (W20),Xerez CD (38),2-1,0-1,CD Castellón (38)
?,(Sun) 18 May 2008 (W20),Albacete Balompié (38),0-1,0-0,Córdoba CF (38)
?,(Sun) 18 May 2008 (W20),RC Celta Vigo (38),5-2,2-0,Cádiz CF (38)
?,(Sun) 18 May 2008 (W20),Elche CF (38),1-1,1-1,SD Eibar (38)
?,(Sun) 18 May 2008 (W20),Gimnàstic Tarragona (38),1-0,0-0,Sevilla FC B (38)
?,(Sun) 18 May 2008 (W20),Málaga CF (38),4-6,3-1,Hércules CF (38)
?,(Sun) 18 May 2008 (W20),CD Numancia (38),0-0,0-0,Deportivo Alavés (38)
?,(Sat) 24 May 2008 (W21),CD Castellón (39),0-2,0-1,Albacete Balompié (39)
?,(Sat) 24 May 2008 (W21),Granada 74 (39),1-1,0-0,RC Celta Vigo (39)
?,(Sat) 24 May 2008 (W21),Sevilla FC B (39),0-1,0-1,Málaga CF (39)
?,(Sat) 24 May 2008 (W21),CD Tenerife (39),1-2,1-1,Real Sociedad (39)
?,(Sun) 25 May 2008 (W21),Deportivo Alavés (39),0-0,0-0,Sporting Gijón (39)
?,(Sun) 25 May 2008 (W21),Cádiz CF (39),0-2,0-0,Gimnàstic Tarragona (39)
?,(Sun) 25 May 2008 (W21),Córdoba CF (39),3-2,2-1,CD Numancia (39)
?,(Sun) 25 May 2008 (W21),SD Eibar (39),0-0,0-0,Xerez CD (39)
?,(Sun) 25 May 2008 (W21),Hércules CF (39),1-2,0-0,UD Las Palmas (39)
?,(Sun) 25 May 2008 (W21),Polideportivo Ejido (39),2-0,0-0,Elche CF (39)
?,(Sun) 25 May 2008 (W21),UD Salamanca (39),2-1,1-0,Racing Ferrol (39)
?,(Sat) 31 May 2008 (W22),RC Celta Vigo (40),2-2,1-0,CD Tenerife (40)
?,(Sat) 31 May 2008 (W22),Elche CF (40),1-4,0-1,UD Las Palmas (40)
?,(Sat) 31 May 2008 (W22),Racing Ferrol (40),1-1,1-0,Deportivo Alavés (40)
?,(Sat) 31 May 2008 (W22),Gimnàstic Tarragona (40),3-2,2-1,Granada 74 (40)
?,(Sat) 31 May 2008 (W22),Real Sociedad (40),1-1,1-1,UD Salamanca (40)
?,(Sat) 31 May 2008 (W22),Sporting Gijón (40),2-1,0-0,Córdoba CF (40)
?,(Sun) 1 Jun 2008 (W22),Albacete Balompié (40),1-0,0-0,SD Eibar (40)
?,(Sun) 1 Jun 2008 (W22),Málaga CF (40),0-0,0-0,Cádiz CF (40)
?,(Sun) 1 Jun 2008 (W22),CD Numancia (40),2-2,0-2,CD Castellón (40)
?,(Sun) 1 Jun 2008 (W22),Sevilla FC B (40),3-4,1-2,Hércules CF (40)
?,(Sun) 1 Jun 2008 (W22),Xerez CD (40),1-0,0-0,Polideportivo Ejido (40)
?,(Sat) 7 Jun 2008 (W23),Elche CF (41),0-2,0-2,Hércules CF (41)
?,(Sun) 8 Jun 2008 (W23),Deportivo Alavés (41),3-2,0-1,Real Sociedad (41)
?,(Sun) 8 Jun 2008 (W23),Cádiz CF (41),0-0,0-0,Sevilla FC B (41)
?,(Sun) 8 Jun 2008 (W23),CD Castellón (41),1-0,0-0,Sporting Gijón (41)
?,(Sun) 8 Jun 2008 (W23),Córdoba CF (41),1-0,1-0,Racing Ferrol (41)
?,(Sun) 8 Jun 2008 (W23),SD Eibar (41),1-0,0-0,CD Numancia (41)
?,(Sun) 8 Jun 2008 (W23),Granada 74 (41),0-0,0-0,Málaga CF (41)
?,(Sun) 8 Jun 2008 (W23),UD Las Palmas (41),0-0,0-0,Xerez CD (41)
?,(Sun) 8 Jun 2008 (W23),Polideportivo Ejido (41),0-0,0-0,Albacete Balompié (41)
?,(Sun) 8 Jun 2008 (W23),UD Salamanca (41),3-1,0-0,RC Celta Vigo (41)
?,(Sun) 8 Jun 2008 (W23),CD Tenerife (41),2-1,2-1,Gimnàstic Tarragona (41)
?,(Sat) 14 Jun 2008 (W24),Gimnàstic Tarragona (42),1-2,0-1,UD Salamanca (42)
?,(Sat) 14 Jun 2008 (W24),CD Numancia (42),2-2,0-1,Polideportivo Ejido (42)
?,(Sun) 15 Jun 2008 (W24),Albacete Balompié (42),3-1,2-0,UD Las Palmas (42)
?,(Sun) 15 Jun 2008 (W24),RC Celta Vigo (42),2-3,1-0,Deportivo Alavés (42)
?,(Sun) 15 Jun 2008 (W24),Racing Ferrol (42),1-0,1-0,CD Castellón (42)
?,(Sun) 15 Jun 2008 (W24),Hércules CF (42),1-1,1-1,Cádiz CF (42)
?,(Sun) 15 Jun 2008 (W24),Málaga CF (42),2-1,1-0,CD Tenerife (42)
?,(Sun) 15 Jun 2008 (W24),Sevilla FC B (42),4-2,0-1,Granada 74 (42)
?,(Sun) 15 Jun 2008 (W24),Real Sociedad (42),1-1,1-1,Córdoba CF (42)
?,(Sun) 15 Jun 2008 (W24),Sporting Gijón (42),2-0,1-0,SD Eibar (42)
?,(Sun) 15 Jun 2008 (W24),Xerez CD (42),1-0,0-0,Elche CF (42)
