Round,Date,Team 1,FT,HT,Team 2
?,(Sun) 9 Sep 1956 (36),Athletic Club Bilbao (1),4-0,?,Real Valladolid CF (1)
?,(Sun) 9 Sep 1956 (36),FC Barcelona (1),2-0,?,CA Osasuna (1)
?,(Sun) 9 Sep 1956 (36),RCD La Coruña (1),0-4,?,Atlético Madrid (1)
?,(Sun) 9 Sep 1956 (36),UD Las Palmas (1),2-0,?,R. Jaén (1)
?,(Sun) 9 Sep 1956 (36),Real Sociedad (1),1-1,?,Sevilla FC (1)
?,(Sun) 9 Sep 1956 (36),Real Madrid CF (1),6-0,?,CD Condal (1)
?,(Sun) 9 Sep 1956 (36),Valencia CF (1),3-1,?,RCD Español (1)
?,(Sun) 9 Sep 1956 (36),Real Zaragoza (1),2-0,?,RC Celta Vigo (1)
?,(Sat) 15 Sep 1956 (37),CD Condal (2),0-0,?,Real Zaragoza (2)
?,(Sat) 15 Sep 1956 (37),Atlético Madrid (2),0-0,?,Athletic Club Bilbao (2)
?,(Sat) 15 Sep 1956 (37),RC Celta Vigo (2),3-3,?,UD Las Palmas (2)
?,(Sat) 15 Sep 1956 (37),RCD Español (2),0-0,?,Real Madrid CF (2)
?,(Sat) 15 Sep 1956 (37),R. Jaén (2),2-3,?,RCD La Coruña (2)
?,(Sat) 15 Sep 1956 (37),CA Osasuna (2),1-2,?,Real Sociedad (2)
?,(Sat) 15 Sep 1956 (37),Sevilla FC (2),3-2,?,Valencia CF (2)
?,(Sat) 15 Sep 1956 (37),Real Valladolid CF (2),2-1,?,FC Barcelona (2)
?,(Sun) 23 Sep 1956 (38),Athletic Club Bilbao (3),3-1,?,R. Jaén (3)
?,(Sun) 23 Sep 1956 (38),FC Barcelona (3),7-3,?,Atlético Madrid (3)
?,(Sun) 23 Sep 1956 (38),RC Celta Vigo (3),2-2,?,CD Condal (3)
?,(Sun) 23 Sep 1956 (38),UD Las Palmas (3),2-0,?,RCD La Coruña (3)
?,(Sun) 23 Sep 1956 (38),Real Sociedad (3),2-3,?,Real Valladolid CF (3)
?,(Sun) 23 Sep 1956 (38),Real Madrid CF (3),1-1,?,Sevilla FC (3)
?,(Sun) 23 Sep 1956 (38),Valencia CF (3),4-1,?,CA Osasuna (3)
?,(Sun) 23 Sep 1956 (38),Real Zaragoza (3),2-0,?,RCD Español (3)
?,(Sun) 30 Sep 1956 (39),Atlético Madrid (4),3-0,?,Real Sociedad (4)
?,(Sun) 30 Sep 1956 (39),RCD La Coruña (4),1-2,?,Athletic Club Bilbao (4)
?,(Sun) 30 Sep 1956 (39),RCD Español (4),2-0,?,RC Celta Vigo (4)
?,(Sun) 30 Sep 1956 (39),R. Jaén (4),1-2,?,FC Barcelona (4)
?,(Sun) 30 Sep 1956 (39),UD Las Palmas (4),3-3,?,CD Condal (4)
?,(Sun) 30 Sep 1956 (39),CA Osasuna (4),2-0,?,Real Madrid CF (4)
?,(Sun) 30 Sep 1956 (39),Sevilla FC (4),3-0,?,Real Zaragoza (4)
?,(Sun) 30 Sep 1956 (39),Real Valladolid CF (4),4-0,?,Valencia CF (4)
?,(Sat) 6 Oct 1956 (40),CD Condal (5),3-0,?,RCD Español (5)
?,(Sat) 6 Oct 1956 (40),Athletic Club Bilbao (5),3-0,?,UD Las Palmas (5)
?,(Sat) 6 Oct 1956 (40),FC Barcelona (5),3-1,?,RCD La Coruña (5)
?,(Sat) 6 Oct 1956 (40),RC Celta Vigo (5),3-3,?,Sevilla FC (5)
?,(Sat) 6 Oct 1956 (40),Real Sociedad (5),2-0,?,R. Jaén (5)
?,(Sat) 6 Oct 1956 (40),Real Madrid CF (5),3-1,?,Real Valladolid CF (5)
?,(Sat) 6 Oct 1956 (40),Valencia CF (5),2-2,?,Atlético Madrid (5)
?,(Sat) 6 Oct 1956 (40),Real Zaragoza (5),0-2,?,CA Osasuna (5)
?,(Sun) 14 Oct 1956 (41),Athletic Club Bilbao (6),1-1,?,FC Barcelona (6)
?,(Sun) 14 Oct 1956 (41),Atlético Madrid (6),2-4,?,Real Madrid CF (6)
?,(Sun) 14 Oct 1956 (41),RCD La Coruña (6),4-0,?,Real Sociedad (6)
?,(Sun) 14 Oct 1956 (41),RCD Español (6),2-0,?,UD Las Palmas (6)
?,(Sun) 14 Oct 1956 (41),R. Jaén (6),2-2,?,Valencia CF (6)
?,(Sun) 14 Oct 1956 (41),CA Osasuna (6),2-1,?,RC Celta Vigo (6)
?,(Sun) 14 Oct 1956 (41),Sevilla FC (6),2-1,?,CD Condal (6)
?,(Sun) 14 Oct 1956 (41),Real Valladolid CF (6),4-1,?,Real Zaragoza (6)
?,(Sat) 20 Oct 1956 (42),CD Condal (7),0-0,?,CA Osasuna (7)
?,(Sat) 20 Oct 1956 (42),RC Celta Vigo (7),1-1,?,Real Valladolid CF (7)
?,(Sat) 20 Oct 1956 (42),RCD Español (7),2-2,?,Sevilla FC (7)
?,(Sat) 20 Oct 1956 (42),UD Las Palmas (7),1-0,?,FC Barcelona (7)
?,(Sat) 20 Oct 1956 (42),Real Sociedad (7),3-4,?,Athletic Club Bilbao (7)
?,(Sat) 20 Oct 1956 (42),Real Madrid CF (7),7-1,?,R. Jaén (7)
?,(Sat) 20 Oct 1956 (42),Valencia CF (7),3-0,?,RCD La Coruña (7)
?,(Sat) 20 Oct 1956 (42),Real Zaragoza (7),2-1,?,Atlético Madrid (7)
?,(Sun) 28 Oct 1956 (43),Athletic Club Bilbao (8),3-1,?,Valencia CF (8)
?,(Sun) 28 Oct 1956 (43),Atlético Madrid (8),1-0,?,RC Celta Vigo (8)
?,(Sun) 28 Oct 1956 (43),FC Barcelona (8),1-0,?,Real Sociedad (8)
?,(Sun) 28 Oct 1956 (43),RCD La Coruña (8),1-2,?,Real Madrid CF (8)
?,(Sun) 28 Oct 1956 (43),R. Jaén (8),0-1,?,Real Zaragoza (8)
?,(Sun) 28 Oct 1956 (43),UD Las Palmas (8),2-1,?,Sevilla FC (8)
?,(Sun) 28 Oct 1956 (43),CA Osasuna (8),5-0,?,RCD Español (8)
?,(Sun) 28 Oct 1956 (43),Real Valladolid CF (8),3-0,?,CD Condal (8)
?,(Sat) 3 Nov 1956 (44),CD Condal (9),1-2,?,Atlético Madrid (9)
?,(Sat) 3 Nov 1956 (44),RC Celta Vigo (9),4-0,?,R. Jaén (9)
?,(Sat) 3 Nov 1956 (44),RCD Español (9),4-0,?,Real Valladolid CF (9)
?,(Sat) 3 Nov 1956 (44),Real Sociedad (9),2-2,?,UD Las Palmas (9)
?,(Sat) 3 Nov 1956 (44),Real Madrid CF (9),3-0,?,Athletic Club Bilbao (9)
?,(Sat) 3 Nov 1956 (44),Sevilla FC (9),3-1,?,CA Osasuna (9)
?,(Sat) 3 Nov 1956 (44),Valencia CF (9),3-3,?,FC Barcelona (9)
?,(Sat) 3 Nov 1956 (44),Real Zaragoza (9),2-2,?,RCD La Coruña (9)
?,(Sun) 11 Nov 1956 (45),Athletic Club Bilbao (10),5-0,?,Real Zaragoza (10)
?,(Sun) 11 Nov 1956 (45),Atlético Madrid (10),8-1,?,RCD Español (10)
?,(Sun) 11 Nov 1956 (45),FC Barcelona (10),1-0,?,Real Madrid CF (10)
?,(Sun) 11 Nov 1956 (45),RCD La Coruña (10),0-3,?,RC Celta Vigo (10)
?,(Sun) 11 Nov 1956 (45),R. Jaén (10),2-0,?,CD Condal (10)
?,(Sun) 11 Nov 1956 (45),UD Las Palmas (10),1-1,?,CA Osasuna (10)
?,(Sun) 11 Nov 1956 (45),Real Sociedad (10),1-2,?,Valencia CF (10)
?,(Sun) 11 Nov 1956 (45),Real Valladolid CF (10),1-2,?,Sevilla FC (10)
?,(Sat) 17 Nov 1956 (46),CD Condal (11),2-1,?,RCD La Coruña (11)
?,(Sat) 17 Nov 1956 (46),RC Celta Vigo (11),3-0,?,Athletic Club Bilbao (11)
?,(Sat) 17 Nov 1956 (46),RCD Español (11),3-0,?,R. Jaén (11)
?,(Sat) 17 Nov 1956 (46),UD Las Palmas (11),1-0,?,Valencia CF (11)
?,(Sat) 17 Nov 1956 (46),CA Osasuna (11),1-0,?,Real Valladolid CF (11)
?,(Sat) 17 Nov 1956 (46),Real Madrid CF (11),3-0,?,Real Sociedad (11)
?,(Sat) 17 Nov 1956 (46),Sevilla FC (11),5-1,?,Atlético Madrid (11)
?,(Sat) 17 Nov 1956 (46),Real Zaragoza (11),2-0,?,FC Barcelona (11)
?,(Sun) 25 Nov 1956 (47),Athletic Club Bilbao (12),3-0,?,CD Condal (12)
?,(Sun) 25 Nov 1956 (47),Atlético Madrid (12),2-0,?,CA Osasuna (12)
?,(Sun) 25 Nov 1956 (47),FC Barcelona (12),4-1,?,RC Celta Vigo (12)
?,(Sun) 25 Nov 1956 (47),RCD La Coruña (12),2-1,?,RCD Español (12)
?,(Sun) 25 Nov 1956 (47),R. Jaén (12),3-1,?,Sevilla FC (12)
?,(Sun) 25 Nov 1956 (47),Real Sociedad (12),1-1,?,Real Zaragoza (12)
?,(Sun) 25 Nov 1956 (47),Valencia CF (12),1-2,?,Real Madrid CF (12)
?,(Sun) 25 Nov 1956 (47),Real Valladolid CF (12),6-2,?,UD Las Palmas (12)
?,(Sat) 1 Dec 1956 (48),CD Condal (13),1-1,?,FC Barcelona (13)
?,(Sat) 1 Dec 1956 (48),RC Celta Vigo (13),2-3,?,Real Sociedad (13)
?,(Sat) 1 Dec 1956 (48),RCD Español (13),3-0,?,Athletic Club Bilbao (13)
?,(Sat) 1 Dec 1956 (48),CA Osasuna (13),1-1,?,R. Jaén (13)
?,(Sat) 1 Dec 1956 (48),Real Madrid CF (13),3-0,?,UD Las Palmas (13)
?,(Sat) 1 Dec 1956 (48),Sevilla FC (13),5-1,?,RCD La Coruña (13)
?,(Sat) 1 Dec 1956 (48),Real Valladolid CF (13),4-3,?,Atlético Madrid (13)
?,(Sat) 1 Dec 1956 (48),Real Zaragoza (13),0-0,?,Valencia CF (13)
?,(Sun) 16 Dec 1956 (50),Athletic Club Bilbao (14),5-0,?,Sevilla FC (14)
?,(Sun) 16 Dec 1956 (50),FC Barcelona (14),1-1,?,RCD Español (14)
?,(Sun) 16 Dec 1956 (50),RCD La Coruña (14),3-1,?,CA Osasuna (14)
?,(Sun) 16 Dec 1956 (50),R. Jaén (14),2-0,?,Real Valladolid CF (14)
?,(Sun) 16 Dec 1956 (50),UD Las Palmas (14),1-1,?,Atlético Madrid (14)
?,(Sun) 16 Dec 1956 (50),Real Sociedad (14),1-0,?,CD Condal (14)
?,(Sun) 16 Dec 1956 (50),Real Madrid CF (14),3-3,?,Real Zaragoza (14)
?,(Sun) 16 Dec 1956 (50),Valencia CF (14),3-1,?,RC Celta Vigo (14)
?,(Sat) 22 Dec 1956 (51),CD Condal (15),1-1,?,Valencia CF (15)
?,(Sat) 22 Dec 1956 (51),Atlético Madrid (15),1-1,?,R. Jaén (15)
?,(Sat) 22 Dec 1956 (51),RC Celta Vigo (15),0-3,?,Real Madrid CF (15)
?,(Sat) 22 Dec 1956 (51),RCD Español (15),1-0,?,Real Sociedad (15)
?,(Sat) 22 Dec 1956 (51),CA Osasuna (15),1-2,?,Athletic Club Bilbao (15)
?,(Sat) 22 Dec 1956 (51),Sevilla FC (15),2-1,?,FC Barcelona (15)
?,(Sat) 22 Dec 1956 (51),Real Valladolid CF (15),3-2,?,RCD La Coruña (15)
?,(Sat) 22 Dec 1956 (51),Real Zaragoza (15),3-2,?,UD Las Palmas (15)
?,(Sat) 29 Dec 1956 (52),CD Condal (16),0-1,?,Real Madrid CF (16)
?,(Sat) 29 Dec 1956 (52),Atlético Madrid (16),6-0,?,RCD La Coruña (16)
?,(Sat) 29 Dec 1956 (52),RC Celta Vigo (16),5-0,?,Real Zaragoza (16)
?,(Sat) 29 Dec 1956 (52),RCD Español (16),3-0,?,Valencia CF (16)
?,(Sat) 29 Dec 1956 (52),R. Jaén (16),0-0,?,UD Las Palmas (16)
?,(Sat) 29 Dec 1956 (52),CA Osasuna (16),2-2,?,FC Barcelona (16)
?,(Sat) 29 Dec 1956 (52),Sevilla FC (16),3-2,?,Real Sociedad (16)
?,(Sat) 29 Dec 1956 (52),Real Valladolid CF (16),2-0,?,Athletic Club Bilbao (16)
?,(Sun) 6 Jan 1957 (0),Athletic Club Bilbao (17),1-4,?,Atlético Madrid (17)
?,(Sun) 6 Jan 1957 (0),FC Barcelona (17),4-0,?,Real Valladolid CF (17)
?,(Sun) 6 Jan 1957 (0),RCD La Coruña (17),3-1,?,R. Jaén (17)
?,(Sun) 6 Jan 1957 (0),UD Las Palmas (17),1-0,?,RC Celta Vigo (17)
?,(Sun) 6 Jan 1957 (0),Real Sociedad (17),0-0,?,CA Osasuna (17)
?,(Sun) 6 Jan 1957 (0),Real Madrid CF (17),7-2,?,RCD Español (17)
?,(Sun) 6 Jan 1957 (0),Valencia CF (17),2-0,?,Sevilla FC (17)
?,(Sun) 6 Jan 1957 (0),Real Zaragoza (17),2-3,?,CD Condal (17)
?,(Sat) 12 Jan 1957 (1),CD Condal (18),0-3,?,RC Celta Vigo (18)
?,(Sat) 12 Jan 1957 (1),Atlético Madrid (18),2-1,?,FC Barcelona (18)
?,(Sat) 12 Jan 1957 (1),RCD La Coruña (18),1-2,?,UD Las Palmas (18)
?,(Sat) 12 Jan 1957 (1),RCD Español (18),2-0,?,Real Zaragoza (18)
?,(Sat) 12 Jan 1957 (1),R. Jaén (18),4-2,?,Athletic Club Bilbao (18)
?,(Sat) 12 Jan 1957 (1),CA Osasuna (18),2-0,?,Valencia CF (18)
?,(Sat) 12 Jan 1957 (1),Sevilla FC (18),2-0,?,Real Madrid CF (18)
?,(Sat) 12 Jan 1957 (1),Real Valladolid CF (18),2-2,?,Real Sociedad (18)
?,(Sat) 19 Jan 1957 (2),CD Condal (19),2-0,?,UD Las Palmas (19)
?,(Sat) 19 Jan 1957 (2),Athletic Club Bilbao (19),2-0,?,RCD La Coruña (19)
?,(Sat) 19 Jan 1957 (2),FC Barcelona (19),4-2,?,R. Jaén (19)
?,(Sat) 19 Jan 1957 (2),RC Celta Vigo (19),0-0,?,RCD Español (19)
?,(Sat) 19 Jan 1957 (2),Real Sociedad (19),2-1,?,Atlético Madrid (19)
?,(Sat) 19 Jan 1957 (2),Real Madrid CF (19),2-1,?,CA Osasuna (19)
?,(Sat) 19 Jan 1957 (2),Valencia CF (19),0-0,?,Real Valladolid CF (19)
?,(Sat) 19 Jan 1957 (2),Real Zaragoza (19),3-1,?,Sevilla FC (19)
?,(Sun) 27 Jan 1957 (3),Atlético Madrid (20),1-0,?,Valencia CF (20)
?,(Sun) 27 Jan 1957 (3),RCD La Coruña (20),1-6,?,FC Barcelona (20)
?,(Sun) 27 Jan 1957 (3),RCD Español (20),2-1,?,CD Condal (20)
?,(Sun) 27 Jan 1957 (3),R. Jaén (20),3-0,?,Real Sociedad (20)
?,(Sun) 27 Jan 1957 (3),UD Las Palmas (20),4-0,?,Athletic Club Bilbao (20)
?,(Sun) 27 Jan 1957 (3),CA Osasuna (20),2-0,?,Real Zaragoza (20)
?,(Sun) 27 Jan 1957 (3),Sevilla FC (20),2-0,?,RC Celta Vigo (20)
?,(Sun) 27 Jan 1957 (3),Real Valladolid CF (20),3-3,?,Real Madrid CF (20)
?,(Sat) 2 Feb 1957 (4),CD Condal (21),5-1,?,Sevilla FC (21)
?,(Sat) 2 Feb 1957 (4),FC Barcelona (21),2-0,?,Athletic Club Bilbao (21)
?,(Sat) 2 Feb 1957 (4),RC Celta Vigo (21),1-0,?,CA Osasuna (21)
?,(Sat) 2 Feb 1957 (4),UD Las Palmas (21),2-2,?,RCD Español (21)
?,(Sat) 2 Feb 1957 (4),Real Sociedad (21),2-0,?,RCD La Coruña (21)
?,(Sat) 2 Feb 1957 (4),Real Madrid CF (21),0-2,?,Atlético Madrid (21)
?,(Sat) 2 Feb 1957 (4),Valencia CF (21),3-1,?,R. Jaén (21)
?,(Sat) 2 Feb 1957 (4),Real Zaragoza (21),3-1,?,Real Valladolid CF (21)
?,(Sun) 10 Feb 1957 (5),Athletic Club Bilbao (22),2-0,?,Real Sociedad (22)
?,(Sun) 10 Feb 1957 (5),Atlético Madrid (22),2-1,?,Real Zaragoza (22)
?,(Sun) 10 Feb 1957 (5),FC Barcelona (22),6-1,?,UD Las Palmas (22)
?,(Sun) 10 Feb 1957 (5),RCD La Coruña (22),1-0,?,Valencia CF (22)
?,(Sun) 10 Feb 1957 (5),R. Jaén (22),2-4,?,Real Madrid CF (22)
?,(Sun) 10 Feb 1957 (5),CA Osasuna (22),2-1,?,CD Condal (22)
?,(Sun) 10 Feb 1957 (5),Sevilla FC (22),3-0,?,RCD Español (22)
?,(Sun) 10 Feb 1957 (5),Real Valladolid CF (22),1-1,?,RC Celta Vigo (22)
?,(Sat) 16 Feb 1957 (6),CD Condal (23),4-0,?,Real Valladolid CF (23)
?,(Sat) 16 Feb 1957 (6),RC Celta Vigo (23),1-0,?,Atlético Madrid (23)
?,(Sat) 16 Feb 1957 (6),RCD Español (23),1-1,?,CA Osasuna (23)
?,(Sat) 16 Feb 1957 (6),Real Sociedad (23),2-2,?,FC Barcelona (23)
?,(Sat) 16 Feb 1957 (6),Real Madrid CF (23),1-0,?,RCD La Coruña (23)
?,(Sat) 16 Feb 1957 (6),Sevilla FC (23),3-1,?,UD Las Palmas (23)
?,(Sat) 16 Feb 1957 (6),Valencia CF (23),1-2,?,Athletic Club Bilbao (23)
?,(Sat) 16 Feb 1957 (6),Real Zaragoza (23),2-0,?,R. Jaén (23)
?,(Sun) 24 Feb 1957 (7),Athletic Club Bilbao (24),4-2,?,Real Madrid CF (24)
?,(Sun) 24 Feb 1957 (7),Atlético Madrid (24),6-2,?,CD Condal (24)
?,(Sun) 24 Feb 1957 (7),FC Barcelona (24),3-2,?,Valencia CF (24)
?,(Sun) 24 Feb 1957 (7),RCD La Coruña (24),4-1,?,Real Zaragoza (24)
?,(Sun) 24 Feb 1957 (7),R. Jaén (24),2-0,?,RC Celta Vigo (24)
?,(Sun) 24 Feb 1957 (7),UD Las Palmas (24),1-1,?,Real Sociedad (24)
?,(Sun) 24 Feb 1957 (7),CA Osasuna (24),5-2,?,Sevilla FC (24)
?,(Sun) 24 Feb 1957 (7),Real Valladolid CF (24),2-2,?,RCD Español (24)
?,(Sat) 2 Mar 1957 (8),CD Condal (25),1-0,?,R. Jaén (25)
?,(Sat) 2 Mar 1957 (8),RC Celta Vigo (25),1-1,?,RCD La Coruña (25)
?,(Sat) 2 Mar 1957 (8),RCD Español (25),0-1,?,Atlético Madrid (25)
?,(Sat) 2 Mar 1957 (8),CA Osasuna (25),2-1,?,UD Las Palmas (25)
?,(Sat) 2 Mar 1957 (8),Real Madrid CF (25),1-0,?,FC Barcelona (25)
?,(Sat) 2 Mar 1957 (8),Sevilla FC (25),2-0,?,Real Valladolid CF (25)
?,(Sat) 2 Mar 1957 (8),Valencia CF (25),3-2,?,Real Sociedad (25)
?,(Sat) 2 Mar 1957 (8),Real Zaragoza (25),1-1,?,Athletic Club Bilbao (25)
?,(Sun) 17 Mar 1957 (10),Athletic Club Bilbao (26),1-0,?,RC Celta Vigo (26)
?,(Sun) 17 Mar 1957 (10),Atlético Madrid (26),1-2,?,Sevilla FC (26)
?,(Sun) 17 Mar 1957 (10),FC Barcelona (26),4-2,?,Real Zaragoza (26)
?,(Sun) 17 Mar 1957 (10),RCD La Coruña (26),3-0,?,CD Condal (26)
?,(Sun) 17 Mar 1957 (10),R. Jaén (26),0-0,?,RCD Español (26)
?,(Sun) 17 Mar 1957 (10),Real Sociedad (26),3-0,?,Real Madrid CF (26)
?,(Sun) 17 Mar 1957 (10),Valencia CF (26),2-2,?,UD Las Palmas (26)
?,(Sun) 17 Mar 1957 (10),Real Valladolid CF (26),3-0,?,CA Osasuna (26)
?,(Sat) 23 Mar 1957 (11),CD Condal (27),3-3,?,Athletic Club Bilbao (27)
?,(Sat) 23 Mar 1957 (11),RC Celta Vigo (27),0-2,?,FC Barcelona (27)
?,(Sat) 23 Mar 1957 (11),RCD Español (27),2-0,?,RCD La Coruña (27)
?,(Sat) 23 Mar 1957 (11),UD Las Palmas (27),3-2,?,Real Valladolid CF (27)
?,(Sat) 23 Mar 1957 (11),CA Osasuna (27),2-1,?,Atlético Madrid (27)
?,(Sat) 23 Mar 1957 (11),Real Madrid CF (27),2-0,?,Valencia CF (27)
?,(Sat) 23 Mar 1957 (11),Sevilla FC (27),3-0,?,R. Jaén (27)
?,(Sat) 23 Mar 1957 (11),Real Zaragoza (27),1-0,?,Real Sociedad (27)
?,(Sun) 7 Apr 1957 (13),Athletic Club Bilbao (28),4-0,?,RCD Español (28)
?,(Sun) 7 Apr 1957 (13),Atlético Madrid (28),1-3,?,Real Valladolid CF (28)
?,(Sun) 7 Apr 1957 (13),FC Barcelona (28),5-0,?,CD Condal (28)
?,(Sun) 7 Apr 1957 (13),RCD La Coruña (28),3-1,?,Sevilla FC (28)
?,(Sun) 7 Apr 1957 (13),R. Jaén (28),2-0,?,CA Osasuna (28)
?,(Sun) 7 Apr 1957 (13),UD Las Palmas (28),1-5,?,Real Madrid CF (28)
?,(Sun) 7 Apr 1957 (13),Real Sociedad (28),3-0,?,RC Celta Vigo (28)
?,(Sun) 7 Apr 1957 (13),Valencia CF (28),1-0,?,Real Zaragoza (28)
?,(Sat) 13 Apr 1957 (14),CD Condal (29),1-1,?,Real Sociedad (29)
?,(Sat) 13 Apr 1957 (14),Atlético Madrid (29),3-0,?,UD Las Palmas (29)
?,(Sat) 13 Apr 1957 (14),RC Celta Vigo (29),2-1,?,Valencia CF (29)
?,(Sat) 13 Apr 1957 (14),RCD Español (29),2-0,?,FC Barcelona (29)
?,(Sat) 13 Apr 1957 (14),CA Osasuna (29),1-0,?,RCD La Coruña (29)
?,(Sat) 13 Apr 1957 (14),Sevilla FC (29),4-1,?,Athletic Club Bilbao (29)
?,(Sat) 13 Apr 1957 (14),Real Valladolid CF (29),1-2,?,R. Jaén (29)
?,(Sat) 13 Apr 1957 (14),Real Zaragoza (29),1-2,?,Real Madrid CF (29)
?,(Sun) 21 Apr 1957 (15),Athletic Club Bilbao (30),1-1,?,CA Osasuna (30)
?,(Sun) 21 Apr 1957 (15),FC Barcelona (30),1-1,?,Sevilla FC (30)
?,(Sun) 21 Apr 1957 (15),RCD La Coruña (30),3-0,?,Real Valladolid CF (30)
?,(Sun) 21 Apr 1957 (15),R. Jaén (30),2-0,?,Atlético Madrid (30)
?,(Sun) 21 Apr 1957 (15),UD Las Palmas (30),0-1,?,Real Zaragoza (30)
?,(Sun) 21 Apr 1957 (15),Real Sociedad (30),1-0,?,RCD Español (30)
?,(Sun) 21 Apr 1957 (15),Real Madrid CF (30),4-1,?,RC Celta Vigo (30)
?,(Sun) 21 Apr 1957 (15),Valencia CF (30),1-0,?,CD Condal (30)
