Round,Date,Team 1,FT,HT,Team 2
?,(Sat) 3 Sep 1988 (35),Athletic Club Bilbao (1),3-0,?,Sevilla FC (1)
?,(Sat) 3 Sep 1988 (35),FC Barcelona (1),2-0,?,RCD Español (1)
?,(Sat) 3 Sep 1988 (35),CD Logroñés (1),1-0,?,Atlético Madrid (1)
?,(Sat) 3 Sep 1988 (35),Real Oviedo (1),1-0,?,Real Sociedad (1)
?,(Sun) 4 Sep 1988 (35),Real Betis (1),0-1,?,Real Sporting (1)
?,(Sun) 4 Sep 1988 (35),RC Celta Vigo (1),3-2,?,Cádiz CF (1)
?,(Sun) 4 Sep 1988 (35),Real Murcia CF (1),1-0,?,Málaga CF (1)
?,(Sun) 4 Sep 1988 (35),Real Madrid CF (1),2-2,?,CA Osasuna (1)
?,(Sun) 4 Sep 1988 (35),Real Valladolid CF (1),3-0,?,Elche CF (1)
?,(Sun) 4 Sep 1988 (35),Real Zaragoza (1),0-0,?,Valencia CF (1)
?,(Sat) 10 Sep 1988 (36),RCD Español (2),3-0,?,Real Murcia CF (2)
?,(Sat) 10 Sep 1988 (36),Málaga CF (2),2-2,?,RC Celta Vigo (2)
?,(Sat) 10 Sep 1988 (36),Valencia CF (2),1-0,?,Real Valladolid CF (2)
?,(Sun) 11 Sep 1988 (36),Atlético Madrid (2),0-1,?,Athletic Club Bilbao (2)
?,(Sun) 11 Sep 1988 (36),Cádiz CF (2),0-1,?,CD Logroñés (2)
?,(Sun) 11 Sep 1988 (36),Elche CF (2),0-3,?,FC Barcelona (2)
?,(Sun) 11 Sep 1988 (36),Real Sporting (2),2-2,?,Real Madrid CF (2)
?,(Sun) 11 Sep 1988 (36),CA Osasuna (2),3-0,?,Real Zaragoza (2)
?,(Sun) 11 Sep 1988 (36),Real Sociedad (2),2-1,?,Real Betis (2)
?,(Sun) 11 Sep 1988 (36),Sevilla FC (2),2-1,?,Real Oviedo (2)
?,(Sat) 17 Sep 1988 (37),FC Barcelona (3),1-1,?,Valencia CF (3)
?,(Sat) 17 Sep 1988 (37),Real Valladolid CF (3),1-0,?,CA Osasuna (3)
?,(Sun) 18 Sep 1988 (37),Athletic Club Bilbao (3),1-0,?,Cádiz CF (3)
?,(Sun) 18 Sep 1988 (37),RC Celta Vigo (3),0-0,?,RCD Español (3)
?,(Sun) 18 Sep 1988 (37),CD Logroñés (3),1-0,?,Málaga CF (3)
?,(Sun) 18 Sep 1988 (37),Real Murcia CF (3),0-1,?,Elche CF (3)
?,(Sun) 18 Sep 1988 (37),Real Madrid CF (3),2-2,?,Real Sociedad (3)
?,(Sun) 18 Sep 1988 (37),Real Oviedo (3),0-3,?,Real Betis (3)
?,(Sun) 18 Sep 1988 (37),Sevilla FC (3),4-1,?,Atlético Madrid (3)
?,(Sun) 18 Sep 1988 (37),Real Zaragoza (3),1-1,?,Real Sporting (3)
?,(Sat) 24 Sep 1988 (38),CA Osasuna (4),1-1,?,FC Barcelona (4)
?,(Sat) 24 Sep 1988 (38),Valencia CF (4),3-0,?,Real Murcia CF (4)
?,(Sun) 25 Sep 1988 (38),Atlético Madrid (4),2-2,?,Real Oviedo (4)
?,(Sun) 25 Sep 1988 (38),Real Betis (4),0-2,?,Real Madrid CF (4)
?,(Sun) 25 Sep 1988 (38),Cádiz CF (4),0-0,?,Sevilla FC (4)
?,(Sun) 25 Sep 1988 (38),Elche CF (4),0-1,?,RC Celta Vigo (4)
?,(Sun) 25 Sep 1988 (38),RCD Español (4),2-0,?,CD Logroñés (4)
?,(Sun) 25 Sep 1988 (38),Real Sporting (4),2-1,?,Real Valladolid CF (4)
?,(Sun) 25 Sep 1988 (38),Málaga CF (4),1-1,?,Athletic Club Bilbao (4)
?,(Sun) 25 Sep 1988 (38),Real Sociedad (4),2-1,?,Real Zaragoza (4)
?,(Sat) 1 Oct 1988 (39),Athletic Club Bilbao (5),1-0,?,RCD Español (5)
?,(Sat) 1 Oct 1988 (39),Atlético Madrid (5),3-0,?,Cádiz CF (5)
?,(Sat) 1 Oct 1988 (39),RC Celta Vigo (5),2-0,?,Valencia CF (5)
?,(Sat) 1 Oct 1988 (39),Real Valladolid CF (5),2-0,?,Real Sociedad (5)
?,(Sun) 2 Oct 1988 (39),FC Barcelona (5),4-0,?,Real Sporting (5)
?,(Sun) 2 Oct 1988 (39),CD Logroñés (5),2-1,?,Elche CF (5)
?,(Sun) 2 Oct 1988 (39),Real Murcia CF (5),6-1,?,CA Osasuna (5)
?,(Sun) 2 Oct 1988 (39),Real Oviedo (5),1-3,?,Real Madrid CF (5)
?,(Sun) 2 Oct 1988 (39),Sevilla FC (5),1-1,?,Málaga CF (5)
?,(Sun) 2 Oct 1988 (39),Real Zaragoza (5),2-1,?,Real Betis (5)
?,(Sat) 8 Oct 1988 (40),Real Sociedad (6),0-1,?,FC Barcelona (6)
?,(Sat) 8 Oct 1988 (40),Valencia CF (6),0-0,?,CD Logroñés (6)
?,(Sun) 9 Oct 1988 (40),Real Betis (6),0-1,?,Real Valladolid CF (6)
?,(Sun) 9 Oct 1988 (40),Cádiz CF (6),1-1,?,Real Oviedo (6)
?,(Sun) 9 Oct 1988 (40),Elche CF (6),2-0,?,Athletic Club Bilbao (6)
?,(Sun) 9 Oct 1988 (40),RCD Español (6),1-1,?,Sevilla FC (6)
?,(Sun) 9 Oct 1988 (40),Real Sporting (6),0-1,?,Real Murcia CF (6)
?,(Sun) 9 Oct 1988 (40),Málaga CF (6),1-2,?,Atlético Madrid (6)
?,(Sun) 9 Oct 1988 (40),CA Osasuna (6),1-0,?,RC Celta Vigo (6)
?,(Sun) 9 Oct 1988 (40),Real Madrid CF (6),4-0,?,Real Zaragoza (6)
?,(Sat) 15 Oct 1988 (41),Athletic Club Bilbao (7),1-2,?,Valencia CF (7)
?,(Sun) 16 Oct 1988 (41),Atlético Madrid (7),6-1,?,RCD Español (7)
?,(Sun) 16 Oct 1988 (41),FC Barcelona (7),3-0,?,Real Betis (7)
?,(Sun) 16 Oct 1988 (41),Cádiz CF (7),0-1,?,Málaga CF (7)
?,(Sun) 16 Oct 1988 (41),RC Celta Vigo (7),2-1,?,Real Sporting (7)
?,(Sun) 16 Oct 1988 (41),CD Logroñés (7),1-1,?,CA Osasuna (7)
?,(Sun) 16 Oct 1988 (41),Real Murcia CF (7),0-1,?,Real Sociedad (7)
?,(Sun) 16 Oct 1988 (41),Real Oviedo (7),1-1,?,Real Zaragoza (7)
?,(Sun) 16 Oct 1988 (41),Sevilla FC (7),4-1,?,Elche CF (7)
?,(Sun) 16 Oct 1988 (41),Real Valladolid CF (7),0-1,?,Real Madrid CF (7)
?,(Sat) 22 Oct 1988 (42),Real Madrid CF (8),3-2,?,FC Barcelona (8)
?,(Sun) 23 Oct 1988 (42),Real Betis (8),3-0,?,Real Murcia CF (8)
?,(Sun) 23 Oct 1988 (42),Elche CF (8),1-3,?,Atlético Madrid (8)
?,(Sun) 23 Oct 1988 (42),RCD Español (8),0-2,?,Cádiz CF (8)
?,(Sun) 23 Oct 1988 (42),Real Sporting (8),3-0,?,CD Logroñés (8)
?,(Sun) 23 Oct 1988 (42),Málaga CF (8),1-1,?,Real Oviedo (8)
?,(Sun) 23 Oct 1988 (42),CA Osasuna (8),1-0,?,Athletic Club Bilbao (8)
?,(Sun) 23 Oct 1988 (42),Valencia CF (8),1-0,?,Sevilla FC (8)
?,(Sun) 23 Oct 1988 (42),Real Zaragoza (8),2-0,?,Real Valladolid CF (8)
?,(Thu) 18 May 1989 (20),Real Sociedad (8),4-2,?,RC Celta Vigo (8)
?,(Sat) 29 Oct 1988 (43),Atlético Madrid (9),2-0,?,Valencia CF (9)
?,(Sun) 30 Oct 1988 (43),Athletic Club Bilbao (9),1-4,?,Real Sporting (9)
?,(Sun) 30 Oct 1988 (43),FC Barcelona (9),1-0,?,Real Zaragoza (9)
?,(Sun) 30 Oct 1988 (43),Cádiz CF (9),2-1,?,Elche CF (9)
?,(Sun) 30 Oct 1988 (43),RC Celta Vigo (9),0-0,?,Real Betis (9)
?,(Sun) 30 Oct 1988 (43),CD Logroñés (9),1-1,?,Real Sociedad (9)
?,(Sun) 30 Oct 1988 (43),Málaga CF (9),1-0,?,RCD Español (9)
?,(Sun) 30 Oct 1988 (43),Real Murcia CF (9),0-3,?,Real Madrid CF (9)
?,(Sun) 30 Oct 1988 (43),Real Oviedo (9),0-1,?,Real Valladolid CF (9)
?,(Sun) 30 Oct 1988 (43),Sevilla FC (9),1-0,?,CA Osasuna (9)
?,(Sat) 5 Nov 1988 (44),Real Sociedad (10),1-0,?,Athletic Club Bilbao (10)
?,(Sun) 6 Nov 1988 (44),Real Betis (10),0-0,?,CD Logroñés (10)
?,(Sun) 6 Nov 1988 (44),Elche CF (10),0-2,?,Málaga CF (10)
?,(Sun) 6 Nov 1988 (44),RCD Español (10),1-2,?,Real Oviedo (10)
?,(Sun) 6 Nov 1988 (44),Real Sporting (10),0-0,?,Sevilla FC (10)
?,(Sun) 6 Nov 1988 (44),CA Osasuna (10),2-0,?,Atlético Madrid (10)
?,(Sun) 6 Nov 1988 (44),Real Madrid CF (10),4-1,?,RC Celta Vigo (10)
?,(Sun) 6 Nov 1988 (44),Valencia CF (10),1-2,?,Cádiz CF (10)
?,(Sun) 6 Nov 1988 (44),Real Valladolid CF (10),0-0,?,FC Barcelona (10)
?,(Sun) 6 Nov 1988 (44),Real Zaragoza (10),2-1,?,Real Murcia CF (10)
?,(Sat) 19 Nov 1988 (46),CD Logroñés (11),0-1,?,Real Madrid CF (11)
?,(Sun) 20 Nov 1988 (46),Athletic Club Bilbao (11),1-1,?,Real Betis (11)
?,(Sun) 20 Nov 1988 (46),Atlético Madrid (11),0-0,?,Real Sporting (11)
?,(Sun) 20 Nov 1988 (46),Cádiz CF (11),1-1,?,CA Osasuna (11)
?,(Sun) 20 Nov 1988 (46),RC Celta Vigo (11),1-1,?,Real Zaragoza (11)
?,(Sun) 20 Nov 1988 (46),RCD Español (11),1-1,?,Elche CF (11)
?,(Sun) 20 Nov 1988 (46),Málaga CF (11),0-1,?,Valencia CF (11)
?,(Sun) 20 Nov 1988 (46),Real Murcia CF (11),2-1,?,Real Valladolid CF (11)
?,(Sun) 20 Nov 1988 (46),Real Oviedo (11),1-2,?,FC Barcelona (11)
?,(Sun) 20 Nov 1988 (46),Sevilla FC (11),2-0,?,Real Sociedad (11)
?,(Sat) 26 Nov 1988 (47),Real Madrid CF (12),3-3,?,Athletic Club Bilbao (12)
?,(Sun) 27 Nov 1988 (47),FC Barcelona (12),3-1,?,Real Murcia CF (12)
?,(Sun) 27 Nov 1988 (47),Real Betis (12),1-3,?,Sevilla FC (12)
?,(Sun) 27 Nov 1988 (47),Elche CF (12),0-1,?,Real Oviedo (12)
?,(Sun) 27 Nov 1988 (47),Real Sporting (12),1-0,?,Cádiz CF (12)
?,(Sun) 27 Nov 1988 (47),CA Osasuna (12),1-0,?,Málaga CF (12)
?,(Sun) 27 Nov 1988 (47),Real Sociedad (12),1-2,?,Atlético Madrid (12)
?,(Sun) 27 Nov 1988 (47),Valencia CF (12),1-1,?,RCD Español (12)
?,(Sun) 27 Nov 1988 (47),Real Valladolid CF (12),0-1,?,RC Celta Vigo (12)
?,(Sun) 27 Nov 1988 (47),Real Zaragoza (12),1-1,?,CD Logroñés (12)
?,(Wed) 30 Nov 1988 (48),Athletic Club Bilbao (13),1-1,?,Real Zaragoza (13)
?,(Wed) 30 Nov 1988 (48),Atlético Madrid (13),6-2,?,Real Betis (13)
?,(Wed) 30 Nov 1988 (48),Cádiz CF (13),1-1,?,Real Sociedad (13)
?,(Wed) 30 Nov 1988 (48),Elche CF (13),0-1,?,Valencia CF (13)
?,(Wed) 30 Nov 1988 (48),RCD Español (13),1-1,?,CA Osasuna (13)
?,(Wed) 30 Nov 1988 (48),CD Logroñés (13),1-1,?,Real Valladolid CF (13)
?,(Wed) 30 Nov 1988 (48),Málaga CF (13),1-0,?,Real Sporting (13)
?,(Wed) 30 Nov 1988 (48),Real Oviedo (13),2-0,?,Real Murcia CF (13)
?,(Wed) 30 Nov 1988 (48),Sevilla FC (13),1-1,?,Real Madrid CF (13)
?,(Thu) 1 Dec 1988 (48),RC Celta Vigo (13),0-3,?,FC Barcelona (13)
?,(Sat) 3 Dec 1988 (48),Real Madrid CF (14),2-1,?,Atlético Madrid (14)
?,(Sun) 4 Dec 1988 (48),FC Barcelona (14),2-1,?,CD Logroñés (14)
?,(Sun) 4 Dec 1988 (48),Real Betis (14),1-1,?,Cádiz CF (14)
?,(Sun) 4 Dec 1988 (48),Real Sporting (14),2-1,?,RCD Español (14)
?,(Sun) 4 Dec 1988 (48),Real Murcia CF (14),1-2,?,RC Celta Vigo (14)
?,(Sun) 4 Dec 1988 (48),CA Osasuna (14),1-1,?,Elche CF (14)
?,(Sun) 4 Dec 1988 (48),Real Sociedad (14),2-2,?,Málaga CF (14)
?,(Sun) 4 Dec 1988 (48),Valencia CF (14),0-1,?,Real Oviedo (14)
?,(Sun) 4 Dec 1988 (48),Real Valladolid CF (14),1-0,?,Athletic Club Bilbao (14)
?,(Sun) 4 Dec 1988 (48),Real Zaragoza (14),0-0,?,Sevilla FC (14)
?,(Sat) 10 Dec 1988 (49),Athletic Club Bilbao (15),3-2,?,FC Barcelona (15)
?,(Sun) 11 Dec 1988 (49),Atlético Madrid (15),3-1,?,Real Zaragoza (15)
?,(Sun) 11 Dec 1988 (49),Cádiz CF (15),0-2,?,Real Madrid CF (15)
?,(Sun) 11 Dec 1988 (49),Elche CF (15),0-0,?,Real Sporting (15)
?,(Sun) 11 Dec 1988 (49),RCD Español (15),1-1,?,Real Sociedad (15)
?,(Sun) 11 Dec 1988 (49),CD Logroñés (15),0-0,?,Real Murcia CF (15)
?,(Sun) 11 Dec 1988 (49),Málaga CF (15),2-2,?,Real Betis (15)
?,(Sun) 11 Dec 1988 (49),Real Oviedo (15),4-0,?,RC Celta Vigo (15)
?,(Sun) 11 Dec 1988 (49),Sevilla FC (15),2-4,?,Real Valladolid CF (15)
?,(Sun) 11 Dec 1988 (49),Valencia CF (15),3-2,?,CA Osasuna (15)
?,(Sat) 31 Dec 1988 (52),Athletic Club Bilbao (16),2-0,?,RC Celta Vigo (16)
?,(Sat) 31 Dec 1988 (52),RCD Español (16),1-4,?,Real Madrid CF (16)
?,(Sat) 31 Dec 1988 (52),Málaga CF (16),1-3,?,Real Zaragoza (16)
?,(Sat) 31 Dec 1988 (52),CA Osasuna (16),0-0,?,Real Sporting (16)
?,(Sat) 31 Dec 1988 (52),Real Oviedo (16),1-1,?,CD Logroñés (16)
?,(Sat) 31 Dec 1988 (52),Sevilla FC (16),3-0,?,Real Murcia CF (16)
?,(Sun) 1 Jan 1989 (0),Atlético Madrid (16),1-3,?,FC Barcelona (16)
?,(Sun) 1 Jan 1989 (0),Cádiz CF (16),1-1,?,Real Valladolid CF (16)
?,(Sun) 1 Jan 1989 (0),Elche CF (16),0-0,?,Real Betis (16)
?,(Sun) 1 Jan 1989 (0),Valencia CF (16),1-0,?,Real Sociedad (16)
?,(Sat) 7 Jan 1989 (1),RC Celta Vigo (17),1-0,?,Sevilla FC (17)
?,(Sun) 8 Jan 1989 (1),FC Barcelona (17),3-0,?,Cádiz CF (17)
?,(Sun) 8 Jan 1989 (1),Real Betis (17),0-0,?,Valencia CF (17)
?,(Sun) 8 Jan 1989 (1),CD Logroñés (17),1-1,?,Athletic Club Bilbao (17)
?,(Sun) 8 Jan 1989 (1),Real Murcia CF (17),1-1,?,Atlético Madrid (17)
?,(Sun) 8 Jan 1989 (1),Real Sociedad (17),2-1,?,CA Osasuna (17)
?,(Sun) 8 Jan 1989 (1),Real Madrid CF (17),4-2,?,Elche CF (17)
?,(Sun) 8 Jan 1989 (1),Real Oviedo (17),1-0,?,Real Sporting (17)
?,(Sun) 8 Jan 1989 (1),Real Valladolid CF (17),1-0,?,Málaga CF (17)
?,(Sun) 8 Jan 1989 (1),Real Zaragoza (17),2-1,?,RCD Español (17)
?,(Wed) 11 Jan 1989 (2),FC Barcelona (18),4-0,?,Sevilla FC (18)
?,(Wed) 11 Jan 1989 (2),Real Betis (18),2-2,?,RCD Español (18)
?,(Wed) 11 Jan 1989 (2),RC Celta Vigo (18),1-0,?,CD Logroñés (18)
?,(Wed) 11 Jan 1989 (2),Real Sporting (18),1-0,?,Valencia CF (18)
?,(Wed) 11 Jan 1989 (2),Real Murcia CF (18),1-1,?,Athletic Club Bilbao (18)
?,(Wed) 11 Jan 1989 (2),CA Osasuna (18),3-1,?,Real Oviedo (18)
?,(Wed) 11 Jan 1989 (2),Real Sociedad (18),1-0,?,Elche CF (18)
?,(Wed) 11 Jan 1989 (2),Real Madrid CF (18),2-1,?,Málaga CF (18)
?,(Wed) 11 Jan 1989 (2),Real Valladolid CF (18),0-1,?,Atlético Madrid (18)
?,(Wed) 11 Jan 1989 (2),Real Zaragoza (18),0-1,?,Cádiz CF (18)
?,(Sat) 14 Jan 1989 (2),Valencia CF (19),1-1,?,Real Madrid CF (19)
?,(Sun) 15 Jan 1989 (2),Athletic Club Bilbao (19),1-0,?,Real Oviedo (19)
?,(Sun) 15 Jan 1989 (2),Atlético Madrid (19),0-0,?,RC Celta Vigo (19)
?,(Sun) 15 Jan 1989 (2),Cádiz CF (19),0-2,?,Real Murcia CF (19)
?,(Sun) 15 Jan 1989 (2),Elche CF (19),1-4,?,Real Zaragoza (19)
?,(Sun) 15 Jan 1989 (2),RCD Español (19),0-1,?,Real Valladolid CF (19)
?,(Sun) 15 Jan 1989 (2),Real Sporting (19),4-2,?,Real Sociedad (19)
?,(Sun) 15 Jan 1989 (2),Málaga CF (19),2-2,?,FC Barcelona (19)
?,(Sun) 15 Jan 1989 (2),CA Osasuna (19),3-1,?,Real Betis (19)
?,(Sun) 15 Jan 1989 (2),Sevilla FC (19),0-1,?,CD Logroñés (19)
?,(Sun) 29 Jan 1989 (4),Atlético Madrid (20),2-0,?,CD Logroñés (20)
?,(Sun) 29 Jan 1989 (4),Cádiz CF (20),1-1,?,RC Celta Vigo (20)
?,(Sun) 29 Jan 1989 (4),Elche CF (20),1-0,?,Real Valladolid CF (20)
?,(Sun) 29 Jan 1989 (4),RCD Español (20),2-2,?,FC Barcelona (20)
?,(Sun) 29 Jan 1989 (4),Real Sporting (20),0-0,?,Real Betis (20)
?,(Sun) 29 Jan 1989 (4),Málaga CF (20),1-3,?,Real Murcia CF (20)
?,(Sun) 29 Jan 1989 (4),Real Sociedad (20),0-0,?,Real Oviedo (20)
?,(Sun) 29 Jan 1989 (4),Sevilla FC (20),0-0,?,Athletic Club Bilbao (20)
?,(Sun) 29 Jan 1989 (4),Valencia CF (20),2-2,?,Real Zaragoza (20)
?,(Wed) 3 May 1989 (18),CA Osasuna (20),1-1,?,Real Madrid CF (20)
?,(Sat) 11 Feb 1989 (6),Athletic Club Bilbao (21),1-1,?,Atlético Madrid (21)
?,(Sun) 12 Feb 1989 (6),FC Barcelona (21),2-0,?,Elche CF (21)
?,(Sun) 12 Feb 1989 (6),Real Betis (21),1-1,?,Real Sociedad (21)
?,(Sun) 12 Feb 1989 (6),RC Celta Vigo (21),2-0,?,Málaga CF (21)
?,(Sun) 12 Feb 1989 (6),CD Logroñés (21),1-0,?,Cádiz CF (21)
?,(Sun) 12 Feb 1989 (6),Real Murcia CF (21),1-0,?,RCD Español (21)
?,(Sun) 12 Feb 1989 (6),Real Madrid CF (21),5-1,?,Real Sporting (21)
?,(Sun) 12 Feb 1989 (6),Real Oviedo (21),0-0,?,Sevilla FC (21)
?,(Sun) 12 Feb 1989 (6),Real Valladolid CF (21),1-1,?,Valencia CF (21)
?,(Sun) 12 Feb 1989 (6),Real Zaragoza (21),0-1,?,CA Osasuna (21)
?,(Sat) 18 Feb 1989 (7),Valencia CF (22),1-1,?,FC Barcelona (22)
?,(Sun) 19 Feb 1989 (7),Atlético Madrid (22),2-0,?,Sevilla FC (22)
?,(Sun) 19 Feb 1989 (7),Real Betis (22),1-0,?,Real Oviedo (22)
?,(Sun) 19 Feb 1989 (7),Cádiz CF (22),0-0,?,Athletic Club Bilbao (22)
?,(Sun) 19 Feb 1989 (7),Elche CF (22),3-0,?,Real Murcia CF (22)
?,(Sun) 19 Feb 1989 (7),RCD Español (22),1-1,?,RC Celta Vigo (22)
?,(Sun) 19 Feb 1989 (7),Real Sporting (22),1-2,?,Real Zaragoza (22)
?,(Sun) 19 Feb 1989 (7),Málaga CF (22),1-0,?,CD Logroñés (22)
?,(Sun) 19 Feb 1989 (7),CA Osasuna (22),0-2,?,Real Valladolid CF (22)
?,(Sun) 19 Feb 1989 (7),Real Sociedad (22),1-1,?,Real Madrid CF (22)
?,(Sat) 25 Feb 1989 (8),Real Madrid CF (23),5-1,?,Real Betis (23)
?,(Sat) 25 Feb 1989 (8),Real Oviedo (23),5-2,?,Atlético Madrid (23)
?,(Sat) 25 Feb 1989 (8),Real Zaragoza (23),0-0,?,Real Sociedad (23)
?,(Sun) 26 Feb 1989 (8),Athletic Club Bilbao (23),3-1,?,Málaga CF (23)
?,(Sun) 26 Feb 1989 (8),FC Barcelona (23),1-2,?,CA Osasuna (23)
?,(Sun) 26 Feb 1989 (8),RC Celta Vigo (23),3-0,?,Elche CF (23)
?,(Sun) 26 Feb 1989 (8),CD Logroñés (23),0-0,?,RCD Español (23)
?,(Sun) 26 Feb 1989 (8),Real Murcia CF (23),0-1,?,Valencia CF (23)
?,(Sun) 26 Feb 1989 (8),Sevilla FC (23),1-1,?,Cádiz CF (23)
?,(Sun) 26 Feb 1989 (8),Real Valladolid CF (23),0-1,?,Real Sporting (23)
?,(Sat) 4 Mar 1989 (9),Real Sporting (24),0-2,?,FC Barcelona (24)
?,(Sun) 5 Mar 1989 (9),Real Betis (24),2-1,?,Real Zaragoza (24)
?,(Sun) 5 Mar 1989 (9),Cádiz CF (24),2-0,?,Atlético Madrid (24)
?,(Sun) 5 Mar 1989 (9),Elche CF (24),1-2,?,CD Logroñés (24)
?,(Sun) 5 Mar 1989 (9),RCD Español (24),1-0,?,Athletic Club Bilbao (24)
?,(Sun) 5 Mar 1989 (9),Málaga CF (24),1-0,?,Sevilla FC (24)
?,(Sun) 5 Mar 1989 (9),CA Osasuna (24),1-0,?,Real Murcia CF (24)
?,(Sun) 5 Mar 1989 (9),Real Sociedad (24),1-0,?,Real Valladolid CF (24)
?,(Sun) 5 Mar 1989 (9),Real Madrid CF (24),1-0,?,Real Oviedo (24)
?,(Sun) 5 Mar 1989 (9),Valencia CF (24),1-0,?,RC Celta Vigo (24)
?,(Sat) 11 Mar 1989 (10),FC Barcelona (25),4-1,?,Real Sociedad (25)
?,(Sat) 11 Mar 1989 (10),Real Zaragoza (25),1-4,?,Real Madrid CF (25)
?,(Sun) 12 Mar 1989 (10),Athletic Club Bilbao (25),2-0,?,Elche CF (25)
?,(Sun) 12 Mar 1989 (10),Atlético Madrid (25),3-0,?,Málaga CF (25)
?,(Sun) 12 Mar 1989 (10),RC Celta Vigo (25),1-0,?,CA Osasuna (25)
?,(Sun) 12 Mar 1989 (10),CD Logroñés (25),0-1,?,Valencia CF (25)
?,(Sun) 12 Mar 1989 (10),Real Murcia CF (25),0-3,?,Real Sporting (25)
?,(Sun) 12 Mar 1989 (10),Real Oviedo (25),1-0,?,Cádiz CF (25)
?,(Sun) 12 Mar 1989 (10),Sevilla FC (25),0-0,?,RCD Español (25)
?,(Sun) 12 Mar 1989 (10),Real Valladolid CF (25),2-1,?,Real Betis (25)
?,(Sat) 25 Mar 1989 (12),Real Betis (26),0-2,?,FC Barcelona (26)
?,(Sat) 25 Mar 1989 (12),Valencia CF (26),0-0,?,Athletic Club Bilbao (26)
?,(Sun) 26 Mar 1989 (12),Elche CF (26),1-2,?,Sevilla FC (26)
?,(Sun) 26 Mar 1989 (12),RCD Español (26),1-0,?,Atlético Madrid (26)
?,(Sun) 26 Mar 1989 (12),Real Sporting (26),1-2,?,RC Celta Vigo (26)
?,(Sun) 26 Mar 1989 (12),Málaga CF (26),0-2,?,Cádiz CF (26)
?,(Sun) 26 Mar 1989 (12),CA Osasuna (26),0-0,?,CD Logroñés (26)
?,(Sun) 26 Mar 1989 (12),Real Sociedad (26),0-2,?,Real Murcia CF (26)
?,(Sun) 26 Mar 1989 (12),Real Madrid CF (26),3-2,?,Real Valladolid CF (26)
?,(Sun) 26 Mar 1989 (12),Real Zaragoza (26),3-1,?,Real Oviedo (26)
?,(Sat) 1 Apr 1989 (13),FC Barcelona (27),0-0,?,Real Madrid CF (27)
?,(Sun) 2 Apr 1989 (13),Athletic Club Bilbao (27),0-0,?,CA Osasuna (27)
?,(Sun) 2 Apr 1989 (13),Atlético Madrid (27),3-1,?,Elche CF (27)
?,(Sun) 2 Apr 1989 (13),Cádiz CF (27),0-0,?,RCD Español (27)
?,(Sun) 2 Apr 1989 (13),RC Celta Vigo (27),2-2,?,Real Sociedad (27)
?,(Sun) 2 Apr 1989 (13),CD Logroñés (27),1-0,?,Real Sporting (27)
?,(Sun) 2 Apr 1989 (13),Real Murcia CF (27),0-2,?,Real Betis (27)
?,(Sun) 2 Apr 1989 (13),Real Oviedo (27),2-3,?,Málaga CF (27)
?,(Sun) 2 Apr 1989 (13),Sevilla FC (27),1-0,?,Valencia CF (27)
?,(Sun) 2 Apr 1989 (13),Real Valladolid CF (27),1-0,?,Real Zaragoza (27)
?,(Sat) 8 Apr 1989 (14),RCD Español (28),0-1,?,Málaga CF (28)
?,(Sat) 8 Apr 1989 (14),Valencia CF (28),1-0,?,Atlético Madrid (28)
?,(Sun) 9 Apr 1989 (14),Real Betis (28),2-0,?,RC Celta Vigo (28)
?,(Sun) 9 Apr 1989 (14),Elche CF (28),2-2,?,Cádiz CF (28)
?,(Sun) 9 Apr 1989 (14),Real Sporting (28),0-1,?,Athletic Club Bilbao (28)
?,(Sun) 9 Apr 1989 (14),CA Osasuna (28),1-3,?,Sevilla FC (28)
?,(Sun) 9 Apr 1989 (14),Real Sociedad (28),2-2,?,CD Logroñés (28)
?,(Sun) 9 Apr 1989 (14),Real Madrid CF (28),3-0,?,Real Murcia CF (28)
?,(Sun) 9 Apr 1989 (14),Real Valladolid CF (28),1-0,?,Real Oviedo (28)
?,(Sun) 9 Apr 1989 (14),Real Zaragoza (28),0-0,?,FC Barcelona (28)
?,(Sat) 15 Apr 1989 (15),FC Barcelona (29),0-0,?,Real Valladolid CF (29)
?,(Sat) 15 Apr 1989 (15),RC Celta Vigo (29),2-0,?,Real Madrid CF (29)
?,(Sun) 16 Apr 1989 (15),Athletic Club Bilbao (29),2-3,?,Real Sociedad (29)
?,(Sun) 16 Apr 1989 (15),Atlético Madrid (29),4-1,?,CA Osasuna (29)
?,(Sun) 16 Apr 1989 (15),Cádiz CF (29),1-1,?,Valencia CF (29)
?,(Sun) 16 Apr 1989 (15),CD Logroñés (29),3-1,?,Real Betis (29)
?,(Sun) 16 Apr 1989 (15),Málaga CF (29),2-1,?,Elche CF (29)
?,(Sun) 16 Apr 1989 (15),Real Murcia CF (29),0-3,?,Real Zaragoza (29)
?,(Sun) 16 Apr 1989 (15),Real Oviedo (29),0-1,?,RCD Español (29)
?,(Sun) 16 Apr 1989 (15),Sevilla FC (29),1-0,?,Real Sporting (29)
?,(Sat) 29 Apr 1989 (17),Real Sociedad (30),1-0,?,Sevilla FC (30)
?,(Sat) 29 Apr 1989 (17),Valencia CF (30),2-1,?,Málaga CF (30)
?,(Sun) 30 Apr 1989 (17),FC Barcelona (30),7-1,?,Real Oviedo (30)
?,(Sun) 30 Apr 1989 (17),Real Betis (30),2-0,?,Athletic Club Bilbao (30)
?,(Sun) 30 Apr 1989 (17),Elche CF (30),1-1,?,RCD Español (30)
?,(Sun) 30 Apr 1989 (17),Real Sporting (30),2-2,?,Atlético Madrid (30)
?,(Sun) 30 Apr 1989 (17),CA Osasuna (30),0-1,?,Cádiz CF (30)
?,(Sun) 30 Apr 1989 (17),Real Madrid CF (30),1-0,?,CD Logroñés (30)
?,(Sun) 30 Apr 1989 (17),Real Valladolid CF (30),2-1,?,Real Murcia CF (30)
?,(Sun) 30 Apr 1989 (17),Real Zaragoza (30),2-1,?,RC Celta Vigo (30)
?,(Sat) 6 May 1989 (18),RCD Español (31),0-1,?,Valencia CF (31)
?,(Sun) 7 May 1989 (18),Athletic Club Bilbao (31),1-1,?,Real Madrid CF (31)
?,(Sun) 7 May 1989 (18),Atlético Madrid (31),3-0,?,Real Sociedad (31)
?,(Sun) 7 May 1989 (18),Cádiz CF (31),0-3,?,Real Sporting (31)
?,(Sun) 7 May 1989 (18),RC Celta Vigo (31),1-1,?,Real Valladolid CF (31)
?,(Sun) 7 May 1989 (18),CD Logroñés (31),0-2,?,Real Zaragoza (31)
?,(Sun) 7 May 1989 (18),Málaga CF (31),1-2,?,CA Osasuna (31)
?,(Sun) 7 May 1989 (18),Real Oviedo (31),3-0,?,Elche CF (31)
?,(Sun) 7 May 1989 (18),Sevilla FC (31),1-0,?,Real Betis (31)
?,(Thu) 25 May 1989 (21),Real Murcia CF (31),2-0,?,FC Barcelona (31)
?,(Sat) 13 May 1989 (19),Real Betis (32),0-1,?,Atlético Madrid (32)
?,(Sat) 13 May 1989 (19),Real Sociedad (32),0-0,?,Cádiz CF (32)
?,(Sat) 13 May 1989 (19),Valencia CF (32),3-2,?,Elche CF (32)
?,(Sun) 14 May 1989 (19),FC Barcelona (32),3-1,?,RC Celta Vigo (32)
?,(Sun) 14 May 1989 (19),Real Sporting (32),1-2,?,Málaga CF (32)
?,(Sun) 14 May 1989 (19),Real Murcia CF (32),0-0,?,Real Oviedo (32)
?,(Sun) 14 May 1989 (19),CA Osasuna (32),0-0,?,RCD Español (32)
?,(Sun) 14 May 1989 (19),Real Madrid CF (32),3-0,?,Sevilla FC (32)
?,(Sun) 14 May 1989 (19),Real Valladolid CF (32),3-1,?,CD Logroñés (32)
?,(Sun) 14 May 1989 (19),Real Zaragoza (32),1-0,?,Athletic Club Bilbao (32)
?,(Sat) 20 May 1989 (20),Atlético Madrid (33),3-3,?,Real Madrid CF (33)
?,(Sun) 21 May 1989 (20),Athletic Club Bilbao (33),2-0,?,Real Valladolid CF (33)
?,(Sun) 21 May 1989 (20),Cádiz CF (33),4-0,?,Real Betis (33)
?,(Sun) 21 May 1989 (20),RC Celta Vigo (33),0-0,?,Real Murcia CF (33)
?,(Sun) 21 May 1989 (20),Elche CF (33),0-1,?,CA Osasuna (33)
?,(Sun) 21 May 1989 (20),RCD Español (33),2-1,?,Real Sporting (33)
?,(Sun) 21 May 1989 (20),CD Logroñés (33),0-2,?,FC Barcelona (33)
?,(Sun) 21 May 1989 (20),Málaga CF (33),1-0,?,Real Sociedad (33)
?,(Sun) 21 May 1989 (20),Real Oviedo (33),0-0,?,Valencia CF (33)
?,(Sun) 21 May 1989 (20),Sevilla FC (33),0-1,?,Real Zaragoza (33)
?,(Sat) 27 May 1989 (21),FC Barcelona (34),3-0,?,Athletic Club Bilbao (34)
?,(Sat) 27 May 1989 (21),Real Betis (34),1-2,?,Málaga CF (34)
?,(Sat) 27 May 1989 (21),Real Sporting (34),2-0,?,Elche CF (34)
?,(Sat) 27 May 1989 (21),Real Valladolid CF (34),2-1,?,Sevilla FC (34)
?,(Sun) 28 May 1989 (21),RC Celta Vigo (34),1-2,?,Real Oviedo (34)
?,(Sun) 28 May 1989 (21),Real Murcia CF (34),0-0,?,CD Logroñés (34)
?,(Sun) 28 May 1989 (21),CA Osasuna (34),0-1,?,Valencia CF (34)
?,(Sun) 28 May 1989 (21),Real Sociedad (34),0-1,?,RCD Español (34)
?,(Sun) 28 May 1989 (21),Real Madrid CF (34),4-0,?,Cádiz CF (34)
?,(Sun) 28 May 1989 (21),Real Zaragoza (34),0-0,?,Atlético Madrid (34)
?,(Sat) 3 Jun 1989 (22),Atlético Madrid (35),3-2,?,Real Valladolid CF (35)
?,(Sat) 3 Jun 1989 (22),Sevilla FC (35),1-1,?,FC Barcelona (35)
?,(Sat) 3 Jun 1989 (22),Valencia CF (35),2-1,?,Real Sporting (35)
?,(Sun) 4 Jun 1989 (22),Athletic Club Bilbao (35),3-0,?,Real Murcia CF (35)
?,(Sun) 4 Jun 1989 (22),Cádiz CF (35),1-1,?,Real Zaragoza (35)
?,(Sun) 4 Jun 1989 (22),Elche CF (35),1-1,?,Real Sociedad (35)
?,(Sun) 4 Jun 1989 (22),RCD Español (35),0-0,?,Real Betis (35)
?,(Sun) 4 Jun 1989 (22),CD Logroñés (35),1-1,?,RC Celta Vigo (35)
?,(Sun) 4 Jun 1989 (22),Málaga CF (35),2-2,?,Real Madrid CF (35)
?,(Sun) 4 Jun 1989 (22),Real Oviedo (35),3-2,?,CA Osasuna (35)
?,(Sat) 10 Jun 1989 (23),FC Barcelona (36),3-0,?,Atlético Madrid (36)
?,(Sat) 10 Jun 1989 (23),Real Sporting (36),2-1,?,CA Osasuna (36)
?,(Sat) 10 Jun 1989 (23),Real Valladolid CF (36),1-0,?,Cádiz CF (36)
?,(Sun) 11 Jun 1989 (23),Real Betis (36),3-1,?,Elche CF (36)
?,(Sun) 11 Jun 1989 (23),RC Celta Vigo (36),1-2,?,Athletic Club Bilbao (36)
?,(Sun) 11 Jun 1989 (23),CD Logroñés (36),1-1,?,Real Oviedo (36)
?,(Sun) 11 Jun 1989 (23),Real Murcia CF (36),1-2,?,Sevilla FC (36)
?,(Sun) 11 Jun 1989 (23),Real Sociedad (36),0-0,?,Valencia CF (36)
?,(Sun) 11 Jun 1989 (23),Real Madrid CF (36),3-0,?,RCD Español (36)
?,(Sun) 11 Jun 1989 (23),Real Zaragoza (36),2-1,?,Málaga CF (36)
?,(Sat) 17 Jun 1989 (24),Atlético Madrid (37),3-0,?,Real Murcia CF (37)
?,(Sat) 17 Jun 1989 (24),Real Sporting (37),0-0,?,Real Oviedo (37)
?,(Sat) 17 Jun 1989 (24),Valencia CF (37),3-0,?,Real Betis (37)
?,(Sun) 18 Jun 1989 (24),Athletic Club Bilbao (37),3-0,?,CD Logroñés (37)
?,(Sun) 18 Jun 1989 (24),Cádiz CF (37),1-1,?,FC Barcelona (37)
?,(Sun) 18 Jun 1989 (24),Elche CF (37),1-3,?,Real Madrid CF (37)
?,(Sun) 18 Jun 1989 (24),RCD Español (37),2-2,?,Real Zaragoza (37)
?,(Sun) 18 Jun 1989 (24),Málaga CF (37),0-0,?,Real Valladolid CF (37)
?,(Sun) 18 Jun 1989 (24),CA Osasuna (37),1-0,?,Real Sociedad (37)
?,(Sun) 18 Jun 1989 (24),Sevilla FC (37),1-3,?,RC Celta Vigo (37)
?,(Fri) 23 Jun 1989 (25),Real Madrid CF (38),2-1,?,Valencia CF (38)
?,(Sat) 24 Jun 1989 (25),FC Barcelona (38),4-0,?,Málaga CF (38)
?,(Sat) 24 Jun 1989 (25),RC Celta Vigo (38),0-3,?,Atlético Madrid (38)
?,(Sat) 24 Jun 1989 (25),CD Logroñés (38),0-0,?,Sevilla FC (38)
?,(Sat) 24 Jun 1989 (25),Real Sociedad (38),2-1,?,Real Sporting (38)
?,(Sun) 25 Jun 1989 (25),Real Betis (38),1-0,?,CA Osasuna (38)
?,(Sun) 25 Jun 1989 (25),Real Murcia CF (38),0-1,?,Cádiz CF (38)
?,(Sun) 25 Jun 1989 (25),Real Oviedo (38),0-3,?,Athletic Club Bilbao (38)
?,(Sun) 25 Jun 1989 (25),Real Valladolid CF (38),1-0,?,RCD Español (38)
?,(Sun) 25 Jun 1989 (25),Real Zaragoza (38),3-1,?,Elche CF (38)
