Round,Date,Team 1,FT,HT,Team 2
?,(Sat) 27 Aug 2005 (W34),CF Ciudad de Murcia (1),3-1,2-1,Recreativo Huelva (1)
?,(Sat) 27 Aug 2005 (W34),Levante UD (1),2-0,1-0,Polideportivo Ejido (1)
?,(Sat) 27 Aug 2005 (W34),Lorca FC (1),1-1,0-0,Racing Ferrol (1)
?,(Sat) 27 Aug 2005 (W34),Sporting Gijón (1),2-0,2-0,Albacete Balompié (1)
?,(Sat) 27 Aug 2005 (W34),CD Tenerife (1),3-1,3-1,Gimnàstic Tarragona (1)
?,(Sat) 27 Aug 2005 (W34),Xerez CD (1),2-1,1-1,Real Madrid B (1)
?,(Sun) 28 Aug 2005 (W34),SD Eibar (1),1-2,0-1,Elche CF (1)
?,(Sun) 28 Aug 2005 (W34),Hércules CF (1),1-1,1-1,Málaga CF B (1)
?,(Sun) 28 Aug 2005 (W34),UE Lleida (1),1-0,1-0,CD Castellón (1)
?,(Sun) 28 Aug 2005 (W34),CD Numancia (1),3-0,2-0,UD Almería (1)
?,(Sun) 28 Aug 2005 (W34),Real Valladolid CF (1),1-0,1-0,Real Murcia CF (1)
?,(Sat) 3 Sep 2005 (W35),CD Castellón (2),0-1,0-0,CD Numancia (2)
?,(Sat) 3 Sep 2005 (W35),Racing Ferrol (2),1-2,1-2,Levante UD (2)
?,(Sat) 3 Sep 2005 (W35),Recreativo Huelva (2),3-1,2-0,CD Tenerife (2)
?,(Sun) 4 Sep 2005 (W35),Albacete Balompié (2),2-3,1-2,Real Valladolid CF (2)
?,(Sun) 4 Sep 2005 (W35),UD Almería (2),3-0,0-0,Xerez CD (2)
?,(Sun) 4 Sep 2005 (W35),Elche CF (2),1-3,0-0,Lorca FC (2)
?,(Sun) 4 Sep 2005 (W35),Gimnàstic Tarragona (2),0-4,0-2,Sporting Gijón (2)
?,(Sun) 4 Sep 2005 (W35),Málaga CF B (2),0-1,0-0,CF Ciudad de Murcia (2)
?,(Sun) 4 Sep 2005 (W35),Real Murcia CF (2),1-0,1-0,SD Eibar (2)
?,(Sun) 4 Sep 2005 (W35),Polideportivo Ejido (2),2-1,0-1,UE Lleida (2)
?,(Sun) 4 Sep 2005 (W35),Real Madrid B (2),3-0,2-0,Hércules CF (2)
?,(Sat) 10 Sep 2005 (W36),SD Eibar (3),1-1,1-1,Albacete Balompié (3)
?,(Sat) 10 Sep 2005 (W36),Hércules CF (3),2-2,1-0,UD Almería (3)
?,(Sat) 10 Sep 2005 (W36),UE Lleida (3),5-0,1-0,CD Numancia (3)
?,(Sat) 10 Sep 2005 (W36),Real Valladolid CF (3),0-2,0-1,Gimnàstic Tarragona (3)
?,(Sun) 11 Sep 2005 (W36),CF Ciudad de Murcia (3),2-1,1-0,Real Madrid B (3)
?,(Sun) 11 Sep 2005 (W36),Levante UD (3),1-0,0-0,Elche CF (3)
?,(Sun) 11 Sep 2005 (W36),Lorca FC (3),0-1,0-1,Real Murcia CF (3)
?,(Sun) 11 Sep 2005 (W36),Polideportivo Ejido (3),4-2,2-1,Racing Ferrol (3)
?,(Sun) 11 Sep 2005 (W36),Sporting Gijón (3),1-1,1-0,Recreativo Huelva (3)
?,(Sun) 11 Sep 2005 (W36),CD Tenerife (3),3-2,2-1,Málaga CF B (3)
?,(Sun) 11 Sep 2005 (W36),Xerez CD (3),2-1,1-0,CD Castellón (3)
?,(Sat) 17 Sep 2005 (W37),UD Almería (4),1-0,0-0,CF Ciudad de Murcia (4)
?,(Sat) 17 Sep 2005 (W37),CD Castellón (4),1-2,0-1,Hércules CF (4)
?,(Sat) 17 Sep 2005 (W37),Málaga CF B (4),1-0,0-0,Sporting Gijón (4)
?,(Sat) 17 Sep 2005 (W37),Real Madrid B (4),1-2,1-1,CD Tenerife (4)
?,(Sun) 18 Sep 2005 (W37),Albacete Balompié (4),1-0,0-0,Lorca FC (4)
?,(Sun) 18 Sep 2005 (W37),Elche CF (4),2-0,0-0,Polideportivo Ejido (4)
?,(Sun) 18 Sep 2005 (W37),Racing Ferrol (4),0-0,0-0,UE Lleida (4)
?,(Sun) 18 Sep 2005 (W37),Gimnàstic Tarragona (4),1-0,1-0,SD Eibar (4)
?,(Sun) 18 Sep 2005 (W37),Real Murcia CF (4),0-0,0-0,Levante UD (4)
?,(Sun) 18 Sep 2005 (W37),CD Numancia (4),1-1,0-0,Xerez CD (4)
?,(Sun) 18 Sep 2005 (W37),Recreativo Huelva (4),2-0,1-0,Real Valladolid CF (4)
?,(Sat) 24 Sep 2005 (W38),SD Eibar (5),2-1,1-1,Recreativo Huelva (5)
?,(Sat) 24 Sep 2005 (W38),Racing Ferrol (5),2-1,0-0,Elche CF (5)
?,(Sat) 24 Sep 2005 (W38),Hércules CF (5),4-0,1-0,CD Numancia (5)
?,(Sat) 24 Sep 2005 (W38),UE Lleida (5),0-1,0-0,Xerez CD (5)
?,(Sun) 25 Sep 2005 (W38),CF Ciudad de Murcia (5),0-0,0-0,CD Castellón (5)
?,(Sun) 25 Sep 2005 (W38),Levante UD (5),1-1,0-0,Albacete Balompié (5)
?,(Sun) 25 Sep 2005 (W38),Lorca FC (5),1-0,1-0,Gimnàstic Tarragona (5)
?,(Sun) 25 Sep 2005 (W38),Polideportivo Ejido (5),0-3,0-0,Real Murcia CF (5)
?,(Sun) 25 Sep 2005 (W38),Sporting Gijón (5),1-1,0-0,Real Madrid B (5)
?,(Sun) 25 Sep 2005 (W38),CD Tenerife (5),2-1,1-0,UD Almería (5)
?,(Sun) 25 Sep 2005 (W38),Real Valladolid CF (5),1-1,0-0,Málaga CF B (5)
?,(Sat) 1 Oct 2005 (W39),CD Castellón (6),1-0,0-0,CD Tenerife (6)
?,(Sat) 1 Oct 2005 (W39),Gimnàstic Tarragona (6),1-0,0-0,Levante UD (6)
?,(Sat) 1 Oct 2005 (W39),Real Madrid B (6),2-3,1-1,Real Valladolid CF (6)
?,(Sun) 2 Oct 2005 (W39),Albacete Balompié (6),1-0,0-0,Polideportivo Ejido (6)
?,(Sun) 2 Oct 2005 (W39),UD Almería (6),3-0,1-0,Sporting Gijón (6)
?,(Sun) 2 Oct 2005 (W39),Elche CF (6),3-2,0-1,UE Lleida (6)
?,(Sun) 2 Oct 2005 (W39),Real Murcia CF (6),2-1,1-0,Racing Ferrol (6)
?,(Sun) 2 Oct 2005 (W39),CD Numancia (6),1-1,0-0,CF Ciudad de Murcia (6)
?,(Sun) 2 Oct 2005 (W39),Recreativo Huelva (6),2-1,0-1,Lorca FC (6)
?,(Sun) 2 Oct 2005 (W39),Xerez CD (6),1-0,0-0,Hércules CF (6)
?,(Mon) 3 Oct 2005 (W40),Málaga CF B (6),1-1,0-0,SD Eibar (6)
?,(Sat) 8 Oct 2005 (W40),Racing Ferrol (7),2-3,1-1,Albacete Balompié (7)
?,(Sat) 8 Oct 2005 (W40),UE Lleida (7),0-1,0-0,Hércules CF (7)
?,(Sat) 8 Oct 2005 (W40),Polideportivo Ejido (7),2-0,1-0,Gimnàstic Tarragona (7)
?,(Sat) 8 Oct 2005 (W40),CD Tenerife (7),2-1,1-0,CD Numancia (7)
?,(Sun) 9 Oct 2005 (W40),CF Ciudad de Murcia (7),2-6,1-3,Xerez CD (7)
?,(Sun) 9 Oct 2005 (W40),SD Eibar (7),1-3,0-1,Real Madrid B (7)
?,(Sun) 9 Oct 2005 (W40),Elche CF (7),1-1,1-1,Real Murcia CF (7)
?,(Sun) 9 Oct 2005 (W40),Levante UD (7),1-3,0-0,Recreativo Huelva (7)
?,(Sun) 9 Oct 2005 (W40),Lorca FC (7),1-0,0-0,Málaga CF B (7)
?,(Sun) 9 Oct 2005 (W40),Sporting Gijón (7),2-0,0-0,CD Castellón (7)
?,(Sun) 9 Oct 2005 (W40),Real Valladolid CF (7),1-0,0-0,UD Almería (7)
?,(Sat) 15 Oct 2005 (W41),Albacete Balompié (8),1-2,0-1,Elche CF (8)
?,(Sat) 15 Oct 2005 (W41),CD Castellón (8),0-0,0-0,Real Valladolid CF (8)
?,(Sat) 15 Oct 2005 (W41),Gimnàstic Tarragona (8),1-2,0-1,Racing Ferrol (8)
?,(Sat) 15 Oct 2005 (W41),Málaga CF B (8),0-0,0-0,Levante UD (8)
?,(Sat) 15 Oct 2005 (W41),Recreativo Huelva (8),2-2,1-1,Polideportivo Ejido (8)
?,(Sun) 16 Oct 2005 (W41),UD Almería (8),1-1,1-1,SD Eibar (8)
?,(Sun) 16 Oct 2005 (W41),Hércules CF (8),2-1,1-0,CF Ciudad de Murcia (8)
?,(Sun) 16 Oct 2005 (W41),Real Murcia CF (8),2-0,1-0,UE Lleida (8)
?,(Sun) 16 Oct 2005 (W41),CD Numancia (8),1-0,0-0,Sporting Gijón (8)
?,(Sun) 16 Oct 2005 (W41),Real Madrid B (8),1-2,0-0,Lorca FC (8)
?,(Sun) 16 Oct 2005 (W41),Xerez CD (8),3-1,1-1,CD Tenerife (8)
?,(Sat) 22 Oct 2005 (W42),Elche CF (9),1-0,1-0,Gimnàstic Tarragona (9)
?,(Sat) 22 Oct 2005 (W42),Polideportivo Ejido (9),1-2,1-1,Málaga CF B (9)
?,(Sun) 23 Oct 2005 (W42),SD Eibar (9),2-0,1-0,CD Castellón (9)
?,(Sun) 23 Oct 2005 (W42),Racing Ferrol (9),0-3,0-1,Recreativo Huelva (9)
?,(Sun) 23 Oct 2005 (W42),Levante UD (9),3-0,0-0,Real Madrid B (9)
?,(Sun) 23 Oct 2005 (W42),UE Lleida (9),1-2,0-1,CF Ciudad de Murcia (9)
?,(Sun) 23 Oct 2005 (W42),Lorca FC (9),1-1,1-0,UD Almería (9)
?,(Sun) 23 Oct 2005 (W42),Real Murcia CF (9),2-0,1-0,Albacete Balompié (9)
?,(Sun) 23 Oct 2005 (W42),Sporting Gijón (9),1-1,1-0,Xerez CD (9)
?,(Sun) 23 Oct 2005 (W42),CD Tenerife (9),0-0,0-0,Hércules CF (9)
?,(Sun) 23 Oct 2005 (W42),Real Valladolid CF (9),3-1,2-0,CD Numancia (9)
?,(Sat) 29 Oct 2005 (W43),UD Almería (10),5-1,2-1,Levante UD (10)
?,(Sat) 29 Oct 2005 (W43),CF Ciudad de Murcia (10),3-0,3-0,CD Tenerife (10)
?,(Sat) 29 Oct 2005 (W43),Gimnàstic Tarragona (10),3-1,1-1,Real Murcia CF (10)
?,(Sat) 29 Oct 2005 (W43),Hércules CF (10),3-2,1-1,Sporting Gijón (10)
?,(Sun) 30 Oct 2005 (W43),Albacete Balompié (10),1-0,1-0,UE Lleida (10)
?,(Sun) 30 Oct 2005 (W43),CD Castellón (10),0-0,0-0,Lorca FC (10)
?,(Sun) 30 Oct 2005 (W43),Málaga CF B (10),0-1,0-1,Racing Ferrol (10)
?,(Sun) 30 Oct 2005 (W43),CD Numancia (10),1-2,0-0,SD Eibar (10)
?,(Sun) 30 Oct 2005 (W43),Real Madrid B (10),2-0,0-0,Polideportivo Ejido (10)
?,(Sun) 30 Oct 2005 (W43),Recreativo Huelva (10),2-0,2-0,Elche CF (10)
?,(Sun) 30 Oct 2005 (W43),Xerez CD (10),0-0,0-0,Real Valladolid CF (10)
?,(Sat) 5 Nov 2005 (W44),Albacete Balompié (11),1-4,0-1,Gimnàstic Tarragona (11)
?,(Sat) 5 Nov 2005 (W44),SD Eibar (11),0-1,0-1,Xerez CD (11)
?,(Sat) 5 Nov 2005 (W44),Levante UD (11),3-2,1-1,CD Castellón (11)
?,(Sat) 5 Nov 2005 (W44),UE Lleida (11),2-1,0-1,CD Tenerife (11)
?,(Sun) 6 Nov 2005 (W44),Elche CF (11),2-0,1-0,Málaga CF B (11)
?,(Sun) 6 Nov 2005 (W44),Racing Ferrol (11),0-0,0-0,Real Madrid B (11)
?,(Sun) 6 Nov 2005 (W44),Lorca FC (11),1-1,0-0,CD Numancia (11)
?,(Sun) 6 Nov 2005 (W44),Real Murcia CF (11),0-2,0-0,Recreativo Huelva (11)
?,(Sun) 6 Nov 2005 (W44),Polideportivo Ejido (11),0-1,0-0,UD Almería (11)
?,(Sun) 6 Nov 2005 (W44),Sporting Gijón (11),2-2,0-2,CF Ciudad de Murcia (11)
?,(Sun) 6 Nov 2005 (W44),Real Valladolid CF (11),1-1,0-0,Hércules CF (11)
?,(Sat) 12 Nov 2005 (W45),Gimnàstic Tarragona (12),0-2,0-1,UE Lleida (12)
?,(Sat) 12 Nov 2005 (W45),Hércules CF (12),1-1,0-1,SD Eibar (12)
?,(Sat) 12 Nov 2005 (W45),Recreativo Huelva (12),1-1,0-0,Albacete Balompié (12)
?,(Sun) 13 Nov 2005 (W45),UD Almería (12),2-1,1-0,Racing Ferrol (12)
?,(Sun) 13 Nov 2005 (W45),CD Castellón (12),2-1,0-0,Polideportivo Ejido (12)
?,(Sun) 13 Nov 2005 (W45),CF Ciudad de Murcia (12),0-2,0-1,Real Valladolid CF (12)
?,(Sun) 13 Nov 2005 (W45),Málaga CF B (12),2-0,2-0,Real Murcia CF (12)
?,(Sun) 13 Nov 2005 (W45),CD Numancia (12),0-1,0-1,Levante UD (12)
?,(Sun) 13 Nov 2005 (W45),Real Madrid B (12),4-0,2-0,Elche CF (12)
?,(Sun) 13 Nov 2005 (W45),CD Tenerife (12),1-3,0-1,Sporting Gijón (12)
?,(Sun) 13 Nov 2005 (W45),Xerez CD (12),3-0,0-0,Lorca FC (12)
?,(Sat) 19 Nov 2005 (W46),Elche CF (13),0-0,0-0,UD Almería (13)
?,(Sat) 19 Nov 2005 (W46),UE Lleida (13),0-1,0-1,Sporting Gijón (13)
?,(Sat) 19 Nov 2005 (W46),Real Valladolid CF (13),1-1,1-1,CD Tenerife (13)
?,(Sun) 20 Nov 2005 (W46),Albacete Balompié (13),0-1,0-0,Málaga CF B (13)
?,(Sun) 20 Nov 2005 (W46),SD Eibar (13),0-0,0-0,CF Ciudad de Murcia (13)
?,(Sun) 20 Nov 2005 (W46),Racing Ferrol (13),1-1,0-0,CD Castellón (13)
?,(Sun) 20 Nov 2005 (W46),Gimnàstic Tarragona (13),0-0,0-0,Recreativo Huelva (13)
?,(Sun) 20 Nov 2005 (W46),Levante UD (13),2-3,1-2,Xerez CD (13)
?,(Sun) 20 Nov 2005 (W46),Lorca FC (13),4-0,2-0,Hércules CF (13)
?,(Sun) 20 Nov 2005 (W46),Real Murcia CF (13),1-1,1-1,Real Madrid B (13)
?,(Sun) 20 Nov 2005 (W46),Polideportivo Ejido (13),0-1,0-1,CD Numancia (13)
?,(Sat) 26 Nov 2005 (W47),Hércules CF (14),3-0,2-0,Levante UD (14)
?,(Sat) 26 Nov 2005 (W47),CD Tenerife (14),1-1,0-1,SD Eibar (14)
?,(Sat) 26 Nov 2005 (W47),Xerez CD (14),1-1,0-0,Polideportivo Ejido (14)
?,(Sun) 27 Nov 2005 (W47),UD Almería (14),2-0,1-0,Real Murcia CF (14)
?,(Sun) 27 Nov 2005 (W47),CD Castellón (14),1-1,0-0,Elche CF (14)
?,(Sun) 27 Nov 2005 (W47),CF Ciudad de Murcia (14),1-0,1-0,Lorca FC (14)
?,(Sun) 27 Nov 2005 (W47),Málaga CF B (14),1-2,0-2,Gimnàstic Tarragona (14)
?,(Sun) 27 Nov 2005 (W47),CD Numancia (14),1-1,0-0,Racing Ferrol (14)
?,(Sun) 27 Nov 2005 (W47),Real Madrid B (14),3-0,2-0,Albacete Balompié (14)
?,(Sun) 27 Nov 2005 (W47),Recreativo Huelva (14),3-2,1-2,UE Lleida (14)
?,(Sun) 27 Nov 2005 (W47),Sporting Gijón (14),1-1,0-1,Real Valladolid CF (14)
?,(Sat) 3 Dec 2005 (W48),Racing Ferrol (15),1-1,1-0,Xerez CD (15)
?,(Sat) 3 Dec 2005 (W48),UE Lleida (15),0-4,0-2,Real Valladolid CF (15)
?,(Sat) 3 Dec 2005 (W48),Lorca FC (15),1-1,1-1,CD Tenerife (15)
?,(Sat) 3 Dec 2005 (W48),Real Murcia CF (15),4-1,2-0,CD Castellón (15)
?,(Sun) 4 Dec 2005 (W48),Albacete Balompié (15),3-1,2-0,UD Almería (15)
?,(Sun) 4 Dec 2005 (W48),SD Eibar (15),0-1,0-1,Sporting Gijón (15)
?,(Sun) 4 Dec 2005 (W48),Elche CF (15),4-1,2-1,CD Numancia (15)
?,(Sun) 4 Dec 2005 (W48),Gimnàstic Tarragona (15),0-1,0-1,Real Madrid B (15)
?,(Sun) 4 Dec 2005 (W48),Levante UD (15),6-0,3-0,CF Ciudad de Murcia (15)
?,(Sun) 4 Dec 2005 (W48),Polideportivo Ejido (15),3-1,1-0,Hércules CF (15)
?,(Sun) 4 Dec 2005 (W48),Recreativo Huelva (15),0-0,0-0,Málaga CF B (15)
?,(Sat) 10 Dec 2005 (W49),Hércules CF (16),1-1,1-0,Racing Ferrol (16)
?,(Sat) 10 Dec 2005 (W49),Real Madrid B (16),1-2,0-1,Recreativo Huelva (16)
?,(Sun) 11 Dec 2005 (W49),UD Almería (16),0-1,0-1,Gimnàstic Tarragona (16)
?,(Sun) 11 Dec 2005 (W49),CD Castellón (16),0-0,0-0,Albacete Balompié (16)
?,(Sun) 11 Dec 2005 (W49),CF Ciudad de Murcia (16),0-1,0-1,Polideportivo Ejido (16)
?,(Sun) 11 Dec 2005 (W49),CD Numancia (16),0-0,0-0,Real Murcia CF (16)
?,(Sun) 11 Dec 2005 (W49),Sporting Gijón (16),1-0,0-0,Lorca FC (16)
?,(Sun) 11 Dec 2005 (W49),CD Tenerife (16),0-1,0-0,Levante UD (16)
?,(Sun) 11 Dec 2005 (W49),Real Valladolid CF (16),0-0,0-0,SD Eibar (16)
?,(Sun) 11 Dec 2005 (W49),Xerez CD (16),1-2,1-1,Elche CF (16)
?,(Mon) 12 Dec 2005 (W50),Málaga CF B (16),0-1,0-0,UE Lleida (16)
?,(Sat) 17 Dec 2005 (W50),Albacete Balompié (17),0-0,0-0,CD Numancia (17)
?,(Sat) 17 Dec 2005 (W50),Racing Ferrol (17),1-1,1-0,CF Ciudad de Murcia (17)
?,(Sat) 17 Dec 2005 (W50),Levante UD (17),0-0,0-0,Sporting Gijón (17)
?,(Sat) 17 Dec 2005 (W50),UE Lleida (17),0-0,0-0,SD Eibar (17)
?,(Sat) 17 Dec 2005 (W50),Málaga CF B (17),0-1,0-1,Real Madrid B (17)
?,(Sat) 17 Dec 2005 (W50),Real Murcia CF (17),0-1,0-1,Xerez CD (17)
?,(Sat) 17 Dec 2005 (W50),Polideportivo Ejido (17),2-0,2-0,CD Tenerife (17)
?,(Sun) 18 Dec 2005 (W50),Elche CF (17),1-1,1-1,Hércules CF (17)
?,(Sun) 18 Dec 2005 (W50),Gimnàstic Tarragona (17),1-1,0-1,CD Castellón (17)
?,(Sun) 18 Dec 2005 (W50),Lorca FC (17),2-0,2-0,Real Valladolid CF (17)
?,(Sun) 18 Dec 2005 (W50),Recreativo Huelva (17),2-0,0-0,UD Almería (17)
?,(Tue) 20 Dec 2005 (W51),Real Madrid B (18),0-0,0-0,UE Lleida (18)
?,(Tue) 20 Dec 2005 (W51),CD Tenerife (18),1-2,1-1,Racing Ferrol (18)
?,(Wed) 21 Dec 2005 (W51),UD Almería (18),2-1,1-0,Málaga CF B (18)
?,(Wed) 21 Dec 2005 (W51),CF Ciudad de Murcia (18),4-1,1-0,Elche CF (18)
?,(Wed) 21 Dec 2005 (W51),Hércules CF (18),1-1,1-1,Real Murcia CF (18)
?,(Wed) 21 Dec 2005 (W51),CD Numancia (18),0-1,0-1,Gimnàstic Tarragona (18)
?,(Wed) 21 Dec 2005 (W51),Sporting Gijón (18),1-1,0-1,Polideportivo Ejido (18)
?,(Wed) 21 Dec 2005 (W51),Real Valladolid CF (18),3-3,2-2,Levante UD (18)
?,(Wed) 21 Dec 2005 (W51),Xerez CD (18),3-1,2-1,Albacete Balompié (18)
?,(Thu) 22 Dec 2005 (W51),CD Castellón (18),2-0,2-0,Recreativo Huelva (18)
?,(Thu) 22 Dec 2005 (W51),SD Eibar (18),0-3,0-0,Lorca FC (18)
?,(Sat) 7 Jan 2006 (W1),Elche CF (19),2-2,1-0,CD Tenerife (19)
?,(Sat) 7 Jan 2006 (W1),Racing Ferrol (19),0-0,0-0,Sporting Gijón (19)
?,(Sat) 7 Jan 2006 (W1),Gimnàstic Tarragona (19),0-3,0-2,Xerez CD (19)
?,(Sun) 8 Jan 2006 (W1),Albacete Balompié (19),2-0,1-0,Hércules CF (19)
?,(Sun) 8 Jan 2006 (W1),Levante UD (19),0-0,0-0,SD Eibar (19)
?,(Sun) 8 Jan 2006 (W1),UE Lleida (19),2-2,1-1,Lorca FC (19)
?,(Sun) 8 Jan 2006 (W1),Málaga CF B (19),1-2,0-2,CD Castellón (19)
?,(Sun) 8 Jan 2006 (W1),Real Murcia CF (19),0-0,0-0,CF Ciudad de Murcia (19)
?,(Sun) 8 Jan 2006 (W1),Polideportivo Ejido (19),1-1,1-0,Real Valladolid CF (19)
?,(Sun) 8 Jan 2006 (W1),Real Madrid B (19),0-1,0-1,UD Almería (19)
?,(Sun) 8 Jan 2006 (W1),Recreativo Huelva (19),1-1,0-0,CD Numancia (19)
?,(Sat) 14 Jan 2006 (W2),CF Ciudad de Murcia (20),0-0,0-0,Albacete Balompié (20)
?,(Sat) 14 Jan 2006 (W2),SD Eibar (20),3-1,1-1,Polideportivo Ejido (20)
?,(Sat) 14 Jan 2006 (W2),Hércules CF (20),0-1,0-0,Gimnàstic Tarragona (20)
?,(Sun) 15 Jan 2006 (W2),CD Castellón (20),3-1,2-1,Real Madrid B (20)
?,(Sun) 15 Jan 2006 (W2),UE Lleida (20),1-0,0-0,UD Almería (20)
?,(Sun) 15 Jan 2006 (W2),Lorca FC (20),1-1,1-0,Levante UD (20)
?,(Sun) 15 Jan 2006 (W2),CD Numancia (20),2-1,0-1,Málaga CF B (20)
?,(Sun) 15 Jan 2006 (W2),Sporting Gijón (20),2-2,1-1,Elche CF (20)
?,(Sun) 15 Jan 2006 (W2),CD Tenerife (20),3-1,1-1,Real Murcia CF (20)
?,(Sun) 15 Jan 2006 (W2),Real Valladolid CF (20),3-3,1-1,Racing Ferrol (20)
?,(Sun) 15 Jan 2006 (W2),Xerez CD (20),1-1,0-0,Recreativo Huelva (20)
?,(Sat) 21 Jan 2006 (W3),Albacete Balompié (21),3-2,2-1,CD Tenerife (21)
?,(Sat) 21 Jan 2006 (W3),Levante UD (21),2-0,0-0,UE Lleida (21)
?,(Sat) 21 Jan 2006 (W3),Málaga CF B (21),0-0,0-0,Xerez CD (21)
?,(Sat) 21 Jan 2006 (W3),Real Murcia CF (21),1-0,1-0,Sporting Gijón (21)
?,(Sun) 22 Jan 2006 (W3),UD Almería (21),2-1,1-0,CD Castellón (21)
?,(Sun) 22 Jan 2006 (W3),Elche CF (21),0-2,0-2,Real Valladolid CF (21)
?,(Sun) 22 Jan 2006 (W3),Racing Ferrol (21),4-0,1-0,SD Eibar (21)
?,(Sun) 22 Jan 2006 (W3),Gimnàstic Tarragona (21),2-0,0-0,CF Ciudad de Murcia (21)
?,(Sun) 22 Jan 2006 (W3),Polideportivo Ejido (21),2-3,0-2,Lorca FC (21)
?,(Sun) 22 Jan 2006 (W3),Real Madrid B (21),1-1,1-1,CD Numancia (21)
?,(Sun) 22 Jan 2006 (W3),Recreativo Huelva (21),1-0,1-0,Hércules CF (21)
?,(Sat) 28 Jan 2006 (W4),Gimnàstic Tarragona (22),0-0,0-0,CD Tenerife (22)
?,(Sat) 28 Jan 2006 (W4),Málaga CF B (22),1-1,0-0,Hércules CF (22)
?,(Sat) 28 Jan 2006 (W4),Polideportivo Ejido (22),0-0,0-0,Levante UD (22)
?,(Sat) 28 Jan 2006 (W4),Real Madrid B (22),4-3,2-0,Xerez CD (22)
?,(Sun) 29 Jan 2006 (W4),UD Almería (22),1-2,0-1,CD Numancia (22)
?,(Sun) 29 Jan 2006 (W4),CD Castellón (22),0-3,0-1,UE Lleida (22)
?,(Sun) 29 Jan 2006 (W4),Elche CF (22),1-1,0-1,SD Eibar (22)
?,(Sun) 29 Jan 2006 (W4),Racing Ferrol (22),0-3,0-2,Lorca FC (22)
?,(Sun) 29 Jan 2006 (W4),Real Murcia CF (22),2-2,0-1,Real Valladolid CF (22)
?,(Sun) 29 Jan 2006 (W4),Recreativo Huelva (22),1-0,0-0,CF Ciudad de Murcia (22)
?,(Sat) 4 Feb 2006 (W5),Hércules CF (23),0-1,0-0,Real Madrid B (23)
?,(Sat) 4 Feb 2006 (W5),Sporting Gijón (22),0-1,0-0,Gimnàstic Tarragona (23)
?,(Sat) 4 Feb 2006 (W5),CD Tenerife (23),1-0,1-0,Recreativo Huelva (23)
?,(Sat) 4 Feb 2006 (W5),Real Valladolid CF (23),0-1,0-1,Albacete Balompié (22)
?,(Sun) 5 Feb 2006 (W5),CF Ciudad de Murcia (23),5-0,3-0,Málaga CF B (23)
?,(Sun) 5 Feb 2006 (W5),SD Eibar (23),0-0,0-0,Real Murcia CF (23)
?,(Sun) 5 Feb 2006 (W5),Levante UD (23),2-1,2-0,Racing Ferrol (23)
?,(Sun) 5 Feb 2006 (W5),UE Lleida (23),1-0,0-0,Polideportivo Ejido (23)
?,(Sun) 5 Feb 2006 (W5),Lorca FC (23),2-1,1-0,Elche CF (23)
?,(Sun) 5 Feb 2006 (W5),CD Numancia (23),2-1,1-1,CD Castellón (23)
?,(Sun) 5 Feb 2006 (W5),Xerez CD (23),0-0,0-0,UD Almería (23)
?,(Sat) 11 Feb 2006 (W6),Elche CF (24),0-1,0-0,Levante UD (24)
?,(Sat) 11 Feb 2006 (W6),Málaga CF B (24),1-4,1-1,CD Tenerife (24)
?,(Sun) 12 Feb 2006 (W6),Albacete Balompié (23),2-1,2-1,SD Eibar (24)
?,(Sun) 12 Feb 2006 (W6),UD Almería (24),1-0,1-0,Hércules CF (24)
?,(Sun) 12 Feb 2006 (W6),CD Castellón (24),3-2,2-1,Xerez CD (24)
?,(Sun) 12 Feb 2006 (W6),Racing Ferrol (24),0-1,0-1,Polideportivo Ejido (24)
?,(Sun) 12 Feb 2006 (W6),Gimnàstic Tarragona (24),3-2,2-0,Real Valladolid CF (24)
?,(Sun) 12 Feb 2006 (W6),Real Murcia CF (24),0-1,0-0,Lorca FC (24)
?,(Sun) 12 Feb 2006 (W6),CD Numancia (24),1-0,1-0,UE Lleida (24)
?,(Sun) 12 Feb 2006 (W6),Real Madrid B (24),0-1,0-1,CF Ciudad de Murcia (24)
?,(Sun) 12 Feb 2006 (W6),Recreativo Huelva (24),0-0,0-0,Sporting Gijón (23)
?,(Wed) 15 Feb 2006 (W7),Albacete Balompié (24),1-0,1-0,Sporting Gijón (24)
?,(Sat) 18 Feb 2006 (W7),CF Ciudad de Murcia (25),0-0,0-0,UD Almería (25)
?,(Sat) 18 Feb 2006 (W7),SD Eibar (25),0-1,0-1,Gimnàstic Tarragona (25)
?,(Sat) 18 Feb 2006 (W7),Hércules CF (25),1-0,1-0,CD Castellón (25)
?,(Sat) 18 Feb 2006 (W7),Lorca FC (25),3-0,0-0,Albacete Balompié (25)
?,(Sat) 18 Feb 2006 (W7),Sporting Gijón (25),0-0,0-0,Málaga CF B (25)
?,(Sun) 19 Feb 2006 (W7),Levante UD (25),1-0,1-0,Real Murcia CF (25)
?,(Sun) 19 Feb 2006 (W7),UE Lleida (25),1-1,1-1,Racing Ferrol (25)
?,(Sun) 19 Feb 2006 (W7),Polideportivo Ejido (25),2-1,0-1,Elche CF (25)
?,(Sun) 19 Feb 2006 (W7),CD Tenerife (25),0-1,0-0,Real Madrid B (25)
?,(Sun) 19 Feb 2006 (W7),Real Valladolid CF (25),0-1,0-1,Recreativo Huelva (25)
?,(Sun) 19 Feb 2006 (W7),Xerez CD (25),1-1,0-0,CD Numancia (25)
?,(Sat) 25 Feb 2006 (W8),Albacete Balompié (26),1-1,1-1,Levante UD (26)
?,(Sat) 25 Feb 2006 (W8),UD Almería (26),2-0,1-0,CD Tenerife (26)
?,(Sat) 25 Feb 2006 (W8),Málaga CF B (26),2-1,2-0,Real Valladolid CF (26)
?,(Sat) 25 Feb 2006 (W8),Real Madrid B (26),1-1,0-1,Sporting Gijón (26)
?,(Sat) 25 Feb 2006 (W8),Recreativo Huelva (26),0-0,0-0,SD Eibar (26)
?,(Sun) 26 Feb 2006 (W8),CD Castellón (26),1-2,1-0,CF Ciudad de Murcia (26)
?,(Sun) 26 Feb 2006 (W8),Elche CF (26),1-0,0-0,Racing Ferrol (26)
?,(Sun) 26 Feb 2006 (W8),Gimnàstic Tarragona (26),2-0,1-0,Lorca FC (26)
?,(Sun) 26 Feb 2006 (W8),Real Murcia CF (26),0-0,0-0,Polideportivo Ejido (26)
?,(Sun) 26 Feb 2006 (W8),Xerez CD (26),0-1,0-0,UE Lleida (26)
?,(Sat) 4 Mar 2006 (W9),Racing Ferrol (27),2-2,2-1,Real Murcia CF (27)
?,(Sat) 4 Mar 2006 (W9),UE Lleida (27),0-0,0-0,Elche CF (27)
?,(Sat) 4 Mar 2006 (W9),Sporting Gijón (27),1-0,1-0,UD Almería (27)
?,(Sat) 4 Mar 2006 (W9),CD Tenerife (27),1-1,1-0,CD Castellón (27)
?,(Sun) 5 Mar 2006 (W9),CF Ciudad de Murcia (27),0-1,0-1,CD Numancia (26)
?,(Sun) 5 Mar 2006 (W9),SD Eibar (27),1-1,1-0,Málaga CF B (27)
?,(Sun) 5 Mar 2006 (W9),Levante UD (27),1-1,1-0,Gimnàstic Tarragona (27)
?,(Sun) 5 Mar 2006 (W9),Lorca FC (27),2-1,2-1,Recreativo Huelva (27)
?,(Sun) 5 Mar 2006 (W9),Polideportivo Ejido (27),2-0,1-0,Albacete Balompié (27)
?,(Sun) 5 Mar 2006 (W9),Real Valladolid CF (27),1-0,0-0,Real Madrid B (27)
?,(Sat) 11 Mar 2006 (W10),UD Almería (28),2-1,0-0,Real Valladolid CF (28)
?,(Sat) 11 Mar 2006 (W10),CD Castellón (28),1-0,1-0,Sporting Gijón (28)
?,(Sat) 11 Mar 2006 (W10),Hércules CF (26),2-1,2-1,UE Lleida (28)
?,(Sat) 11 Mar 2006 (W10),Málaga CF B (28),2-1,1-1,Lorca FC (28)
?,(Sat) 11 Mar 2006 (W10),CD Numancia (27),2-0,0-0,CD Tenerife (28)
?,(Sat) 11 Mar 2006 (W10),Real Madrid B (28),1-0,1-0,SD Eibar (28)
?,(Sun) 12 Mar 2006 (W10),Albacete Balompié (28),1-2,0-1,Racing Ferrol (28)
?,(Sun) 12 Mar 2006 (W10),Gimnàstic Tarragona (28),2-0,1-0,Polideportivo Ejido (28)
?,(Sun) 12 Mar 2006 (W10),Real Murcia CF (28),1-0,0-0,Elche CF (28)
?,(Sun) 12 Mar 2006 (W10),Recreativo Huelva (28),4-1,2-1,Levante UD (28)
?,(Sun) 12 Mar 2006 (W10),Xerez CD (27),0-0,0-0,CF Ciudad de Murcia (28)
?,(Sat) 18 Mar 2006 (W11),CF Ciudad de Murcia (29),1-0,0-0,Hércules CF (27)
?,(Sat) 18 Mar 2006 (W11),Elche CF (29),4-3,2-1,Albacete Balompié (29)
?,(Sat) 18 Mar 2006 (W11),UE Lleida (29),1-1,0-0,Real Murcia CF (29)
?,(Sat) 18 Mar 2006 (W11),Polideportivo Ejido (29),0-0,0-0,Recreativo Huelva (29)
?,(Sat) 18 Mar 2006 (W11),CD Tenerife (29),3-1,2-1,Xerez CD (28)
?,(Sun) 19 Mar 2006 (W11),SD Eibar (29),0-1,0-1,UD Almería (29)
?,(Sun) 19 Mar 2006 (W11),Racing Ferrol (29),1-1,0-0,Gimnàstic Tarragona (29)
?,(Sun) 19 Mar 2006 (W11),Levante UD (29),2-1,2-1,Málaga CF B (29)
?,(Sun) 19 Mar 2006 (W11),Lorca FC (29),2-1,2-1,Real Madrid B (29)
?,(Sun) 19 Mar 2006 (W11),Sporting Gijón (29),1-0,1-0,CD Numancia (28)
?,(Sun) 19 Mar 2006 (W11),Real Valladolid CF (29),1-0,0-0,CD Castellón (29)
?,(Wed) 22 Mar 2006 (W12),CD Numancia (29),1-0,0-0,Hércules CF (28)
?,(Sat) 25 Mar 2006 (W12),Albacete Balompié (30),0-0,0-0,Real Murcia CF (30)
?,(Sat) 25 Mar 2006 (W12),UD Almería (30),1-0,1-0,Lorca FC (30)
?,(Sat) 25 Mar 2006 (W12),Gimnàstic Tarragona (30),1-0,0-0,Elche CF (30)
?,(Sat) 25 Mar 2006 (W12),Hércules CF (29),1-0,1-0,CD Tenerife (30)
?,(Sun) 26 Mar 2006 (W12),CD Castellón (30),2-0,1-0,SD Eibar (30)
?,(Sun) 26 Mar 2006 (W12),CF Ciudad de Murcia (30),3-1,1-1,UE Lleida (30)
?,(Sun) 26 Mar 2006 (W12),Málaga CF B (30),0-1,0-1,Polideportivo Ejido (30)
?,(Sun) 26 Mar 2006 (W12),CD Numancia (30),3-2,2-0,Real Valladolid CF (30)
?,(Sun) 26 Mar 2006 (W12),Real Madrid B (30),0-0,0-0,Levante UD (30)
?,(Sun) 26 Mar 2006 (W12),Recreativo Huelva (30),3-0,0-0,Racing Ferrol (30)
?,(Sun) 26 Mar 2006 (W12),Xerez CD (29),0-0,0-0,Sporting Gijón (30)
?,(Sat) 1 Apr 2006 (W13),SD Eibar (31),1-2,0-0,CD Numancia (31)
?,(Sat) 1 Apr 2006 (W13),Polideportivo Ejido (31),0-3,0-2,Real Madrid B (31)
?,(Sat) 1 Apr 2006 (W13),Sporting Gijón (31),1-1,0-1,Hércules CF (30)
?,(Sat) 1 Apr 2006 (W13),CD Tenerife (31),0-1,0-0,CF Ciudad de Murcia (31)
?,(Sun) 2 Apr 2006 (W13),Elche CF (31),1-1,1-1,Recreativo Huelva (31)
?,(Sun) 2 Apr 2006 (W13),Racing Ferrol (31),2-1,2-0,Málaga CF B (31)
?,(Sun) 2 Apr 2006 (W13),Levante UD (31),2-4,1-1,UD Almería (31)
?,(Sun) 2 Apr 2006 (W13),UE Lleida (31),3-0,1-0,Albacete Balompié (31)
?,(Sun) 2 Apr 2006 (W13),Lorca FC (31),3-2,1-1,CD Castellón (31)
?,(Sun) 2 Apr 2006 (W13),Real Murcia CF (31),0-1,0-0,Gimnàstic Tarragona (31)
?,(Sun) 2 Apr 2006 (W13),Real Valladolid CF (31),3-1,3-0,Xerez CD (30)
?,(Wed) 5 Apr 2006 (W14),Hércules CF (31),0-3,0-1,Xerez CD (31)
?,(Sat) 8 Apr 2006 (W14),CD Castellón (32),0-0,0-0,Levante UD (32)
?,(Sat) 8 Apr 2006 (W14),CF Ciudad de Murcia (32),1-0,0-0,Sporting Gijón (32)
?,(Sat) 8 Apr 2006 (W14),Real Madrid B (32),1-0,0-0,Racing Ferrol (32)
?,(Sat) 8 Apr 2006 (W14),Xerez CD (32),2-1,2-0,SD Eibar (32)
?,(Sun) 9 Apr 2006 (W14),UD Almería (32),1-2,1-0,Polideportivo Ejido (32)
?,(Sun) 9 Apr 2006 (W14),Gimnàstic Tarragona (32),4-1,2-1,Albacete Balompié (32)
?,(Sun) 9 Apr 2006 (W14),Hércules CF (32),2-0,1-0,Real Valladolid CF (32)
?,(Sun) 9 Apr 2006 (W14),Málaga CF B (32),1-3,0-0,Elche CF (32)
?,(Sun) 9 Apr 2006 (W14),CD Numancia (32),1-0,0-0,Lorca FC (32)
?,(Sun) 9 Apr 2006 (W14),Recreativo Huelva (32),1-0,1-0,Real Murcia CF (32)
?,(Sun) 9 Apr 2006 (W14),CD Tenerife (32),2-2,1-1,UE Lleida (32)
?,(Sat) 15 Apr 2006 (W15),Albacete Balompié (33),1-0,1-0,Recreativo Huelva (33)
?,(Sat) 15 Apr 2006 (W15),Elche CF (33),2-1,0-1,Real Madrid B (33)
?,(Sat) 15 Apr 2006 (W15),UE Lleida (33),1-2,0-1,Gimnàstic Tarragona (33)
?,(Sat) 15 Apr 2006 (W15),Sporting Gijón (33),2-2,1-2,CD Tenerife (33)
?,(Sun) 16 Apr 2006 (W15),SD Eibar (33),0-1,0-1,Hércules CF (33)
?,(Sun) 16 Apr 2006 (W15),Racing Ferrol (33),1-1,1-0,UD Almería (33)
?,(Sun) 16 Apr 2006 (W15),Levante UD (33),1-0,0-0,CD Numancia (33)
?,(Sun) 16 Apr 2006 (W15),Lorca FC (33),1-1,0-1,Xerez CD (33)
?,(Sun) 16 Apr 2006 (W15),Real Murcia CF (33),4-1,3-0,Málaga CF B (33)
?,(Sun) 16 Apr 2006 (W15),Polideportivo Ejido (33),0-2,0-1,CD Castellón (33)
?,(Sun) 16 Apr 2006 (W15),Real Valladolid CF (33),0-2,0-0,CF Ciudad de Murcia (33)
?,(Sat) 22 Apr 2006 (W16),CF Ciudad de Murcia (34),0-2,0-1,SD Eibar (34)
?,(Sat) 22 Apr 2006 (W16),Málaga CF B (34),1-1,0-1,Albacete Balompié (34)
?,(Sat) 22 Apr 2006 (W16),Real Madrid B (34),1-0,0-0,Real Murcia CF (34)
?,(Sat) 22 Apr 2006 (W16),Xerez CD (34),0-1,0-0,Levante UD (34)
?,(Sun) 23 Apr 2006 (W16),UD Almería (34),2-0,1-0,Elche CF (34)
?,(Sun) 23 Apr 2006 (W16),CD Castellón (34),1-0,1-0,Racing Ferrol (34)
?,(Sun) 23 Apr 2006 (W16),Hércules CF (34),0-2,0-0,Lorca FC (34)
?,(Sun) 23 Apr 2006 (W16),CD Numancia (34),1-2,0-2,Polideportivo Ejido (34)
?,(Sun) 23 Apr 2006 (W16),Recreativo Huelva (34),3-0,2-0,Gimnàstic Tarragona (34)
?,(Sun) 23 Apr 2006 (W16),Sporting Gijón (34),2-0,1-0,UE Lleida (34)
?,(Sun) 23 Apr 2006 (W16),CD Tenerife (34),2-1,1-0,Real Valladolid CF (34)
?,(Sat) 29 Apr 2006 (W17),SD Eibar (35),0-1,0-0,CD Tenerife (35)
?,(Sat) 29 Apr 2006 (W17),Levante UD (35),2-0,0-0,Hércules CF (35)
?,(Sat) 29 Apr 2006 (W17),Real Murcia CF (35),1-0,1-0,UD Almería (35)
?,(Sat) 29 Apr 2006 (W17),Real Valladolid CF (35),1-3,1-2,Sporting Gijón (35)
?,(Sun) 30 Apr 2006 (W17),Albacete Balompié (35),1-0,0-0,Real Madrid B (35)
?,(Sun) 30 Apr 2006 (W17),Elche CF (35),1-2,1-0,CD Castellón (35)
?,(Sun) 30 Apr 2006 (W17),Racing Ferrol (35),1-3,1-3,CD Numancia (35)
?,(Sun) 30 Apr 2006 (W17),Gimnàstic Tarragona (35),3-2,1-0,Málaga CF B (35)
?,(Sun) 30 Apr 2006 (W17),UE Lleida (35),0-4,0-2,Recreativo Huelva (35)
?,(Sun) 30 Apr 2006 (W17),Lorca FC (35),2-2,1-2,CF Ciudad de Murcia (35)
?,(Sun) 30 Apr 2006 (W17),Polideportivo Ejido (35),4-1,0-0,Xerez CD (35)
?,(Sat) 6 May 2006 (W18),UD Almería (36),1-2,0-2,Albacete Balompié (36)
?,(Sat) 6 May 2006 (W18),CD Castellón (36),2-1,2-0,Real Murcia CF (36)
?,(Sat) 6 May 2006 (W18),CD Numancia (36),3-1,2-0,Elche CF (36)
?,(Sat) 6 May 2006 (W18),Sporting Gijón (36),1-1,0-0,SD Eibar (36)
?,(Sat) 6 May 2006 (W18),CD Tenerife (36),2-3,0-0,Lorca FC (36)
?,(Sun) 7 May 2006 (W18),CF Ciudad de Murcia (36),2-1,2-1,Levante UD (36)
?,(Sun) 7 May 2006 (W18),Hércules CF (36),1-0,0-0,Polideportivo Ejido (36)
?,(Sun) 7 May 2006 (W18),Málaga CF B (36),0-2,0-2,Recreativo Huelva (36)
?,(Sun) 7 May 2006 (W18),Real Madrid B (36),1-0,1-0,Gimnàstic Tarragona (36)
?,(Sun) 7 May 2006 (W18),Real Valladolid CF (36),3-2,0-1,UE Lleida (36)
?,(Sun) 7 May 2006 (W18),Xerez CD (36),2-0,1-0,Racing Ferrol (36)
?,(Sat) 13 May 2006 (W19),Racing Ferrol (37),1-1,1-1,Hércules CF (37)
?,(Sat) 13 May 2006 (W19),Levante UD (37),1-0,0-0,CD Tenerife (37)
?,(Sat) 13 May 2006 (W19),Lorca FC (37),1-0,1-0,Sporting Gijón (37)
?,(Sat) 13 May 2006 (W19),Recreativo Huelva (37),4-1,3-0,Real Madrid B (37)
?,(Sun) 14 May 2006 (W19),Albacete Balompié (37),1-1,1-0,CD Castellón (37)
?,(Sun) 14 May 2006 (W19),SD Eibar (37),0-1,0-1,Real Valladolid CF (37)
?,(Sun) 14 May 2006 (W19),Elche CF (37),1-0,0-0,Xerez CD (37)
?,(Sun) 14 May 2006 (W19),Gimnàstic Tarragona (37),1-0,1-0,UD Almería (37)
?,(Sun) 14 May 2006 (W19),UE Lleida (37),0-0,0-0,Málaga CF B (37)
?,(Sun) 14 May 2006 (W19),Real Murcia CF (37),3-1,2-1,CD Numancia (37)
?,(Sun) 14 May 2006 (W19),Polideportivo Ejido (37),2-3,1-1,CF Ciudad de Murcia (37)
?,(Sat) 20 May 2006 (W20),CF Ciudad de Murcia (38),2-1,2-0,Racing Ferrol (38)
?,(Sat) 20 May 2006 (W20),SD Eibar (38),1-1,1-0,UE Lleida (38)
?,(Sat) 20 May 2006 (W20),Hércules CF (38),0-0,0-0,Elche CF (38)
?,(Sat) 20 May 2006 (W20),CD Numancia (38),1-0,0-0,Albacete Balompié (38)
?,(Sat) 20 May 2006 (W20),CD Tenerife (38),2-1,1-0,Polideportivo Ejido (38)
?,(Sun) 21 May 2006 (W20),UD Almería (38),2-1,1-0,Recreativo Huelva (38)
?,(Sun) 21 May 2006 (W20),CD Castellón (38),0-2,0-2,Gimnàstic Tarragona (38)
?,(Sun) 21 May 2006 (W20),Real Madrid B (38),4-1,2-0,Málaga CF B (38)
?,(Sun) 21 May 2006 (W20),Sporting Gijón (38),0-2,0-1,Levante UD (38)
?,(Sun) 21 May 2006 (W20),Real Valladolid CF (38),1-1,0-0,Lorca FC (38)
?,(Sun) 21 May 2006 (W20),Xerez CD (38),2-0,1-0,Real Murcia CF (38)
?,(Sat) 27 May 2006 (W21),Racing Ferrol (39),2-3,0-2,CD Tenerife (39)
?,(Sat) 27 May 2006 (W21),Levante UD (39),2-1,0-0,Real Valladolid CF (39)
?,(Sat) 27 May 2006 (W21),Lorca FC (39),1-0,0-0,SD Eibar (39)
?,(Sat) 27 May 2006 (W21),Málaga CF B (39),3-1,2-1,UD Almería (39)
?,(Sat) 27 May 2006 (W21),Real Murcia CF (39),3-1,2-0,Hércules CF (39)
?,(Sun) 28 May 2006 (W21),Albacete Balompié (39),2-0,1-0,Xerez CD (39)
?,(Sun) 28 May 2006 (W21),Elche CF (39),0-0,0-0,CF Ciudad de Murcia (39)
?,(Sun) 28 May 2006 (W21),Gimnàstic Tarragona (39),1-0,0-0,CD Numancia (39)
?,(Sun) 28 May 2006 (W21),UE Lleida (39),2-1,2-1,Real Madrid B (39)
?,(Sun) 28 May 2006 (W21),Polideportivo Ejido (39),1-0,0-0,Sporting Gijón (39)
?,(Sun) 28 May 2006 (W21),Recreativo Huelva (39),2-2,2-2,CD Castellón (39)
?,(Sun) 4 Jun 2006 (W22),UD Almería (40),3-2,0-2,Real Madrid B (40)
?,(Sun) 4 Jun 2006 (W22),CD Castellón (40),2-2,1-1,Málaga CF B (40)
?,(Sat) 3 Jun 2006 (W22),CF Ciudad de Murcia (40),1-0,0-0,Real Murcia CF (40)
?,(Sun) 4 Jun 2006 (W22),SD Eibar (40),1-1,0-0,Levante UD (40)
?,(Sun) 4 Jun 2006 (W22),Hércules CF (40),2-1,2-0,Albacete Balompié (40)
?,(Sun) 4 Jun 2006 (W22),Lorca FC (40),1-2,1-0,UE Lleida (40)
?,(Sun) 4 Jun 2006 (W22),CD Numancia (40),0-3,0-1,Recreativo Huelva (40)
?,(Sat) 3 Jun 2006 (W22),Sporting Gijón (40),3-1,0-1,Racing Ferrol (40)
?,(Sat) 3 Jun 2006 (W22),CD Tenerife (40),0-0,0-0,Elche CF (40)
?,(Sun) 4 Jun 2006 (W22),Real Valladolid CF (40),0-1,0-1,Polideportivo Ejido (40)
?,(Sat) 3 Jun 2006 (W22),Xerez CD (40),0-0,0-0,Gimnàstic Tarragona (40)
?,(Sat) 10 Jun 2006 (W23),Elche CF (41),0-0,0-0,Sporting Gijón (41)
?,(Sat) 10 Jun 2006 (W23),Racing Ferrol (41),0-1,0-1,Real Valladolid CF (41)
?,(Sat) 10 Jun 2006 (W23),Málaga CF B (41),5-4,2-0,CD Numancia (41)
?,(Sat) 10 Jun 2006 (W23),Real Murcia CF (41),2-2,1-0,CD Tenerife (41)
?,(Sat) 10 Jun 2006 (W23),Real Madrid B (41),1-2,1-1,CD Castellón (41)
?,(Sat) 10 Jun 2006 (W23),Recreativo Huelva (41),1-2,0-1,Xerez CD (41)
?,(Sun) 11 Jun 2006 (W23),Albacete Balompié (41),2-2,0-1,CF Ciudad de Murcia (41)
?,(Sun) 11 Jun 2006 (W23),UD Almería (41),3-1,1-0,UE Lleida (41)
?,(Sun) 11 Jun 2006 (W23),Gimnàstic Tarragona (41),1-1,0-0,Hércules CF (41)
?,(Sun) 11 Jun 2006 (W23),Levante UD (41),0-0,0-0,Lorca FC (41)
?,(Sun) 11 Jun 2006 (W23),Polideportivo Ejido (41),0-1,0-0,SD Eibar (41)
?,(Sat) 17 Jun 2006 (W24),CD Castellón (42),2-0,0-0,UD Almería (42)
?,(Sat) 17 Jun 2006 (W24),CF Ciudad de Murcia (42),2-0,0-0,Gimnàstic Tarragona (42)
?,(Sat) 17 Jun 2006 (W24),SD Eibar (42),1-1,0-1,Racing Ferrol (42)
?,(Sat) 17 Jun 2006 (W24),UE Lleida (42),0-1,0-1,Levante UD (42)
?,(Sat) 17 Jun 2006 (W24),Lorca FC (42),0-0,0-0,Polideportivo Ejido (42)
?,(Sat) 17 Jun 2006 (W24),CD Numancia (42),3-2,2-0,Real Madrid B (42)
?,(Sat) 17 Jun 2006 (W24),Sporting Gijón (42),1-0,0-0,Real Murcia CF (42)
?,(Sat) 17 Jun 2006 (W24),CD Tenerife (42),1-1,0-0,Albacete Balompié (42)
?,(Sat) 17 Jun 2006 (W24),Real Valladolid CF (42),2-2,0-2,Elche CF (42)
?,(Sat) 17 Jun 2006 (W24),Xerez CD (42),4-2,4-1,Málaga CF B (42)
?,(Sun) 18 Jun 2006 (W24),Hércules CF (42),0-2,0-2,Recreativo Huelva (42)
