Round,Date,Team 1,FT,HT,Team 2
?,(Sat) 14 Sep 1968 (37),FC Barcelona (1),0-0,?,Real Sociedad (1)
?,(Sun) 15 Sep 1968 (37),Elche CF (1),4-1,?,Córdoba CF (1)
?,(Sun) 15 Sep 1968 (37),Granada CF (1),0-1,?,CE Sabadell (1)
?,(Sun) 15 Sep 1968 (37),UD Las Palmas (1),2-1,?,Atlético Madrid (1)
?,(Sun) 15 Sep 1968 (37),Málaga CF (1),3-1,?,RCD La Coruña (1)
?,(Sun) 15 Sep 1968 (37),Pontevedra CF (1),2-0,?,Valencia CF (1)
?,(Sun) 15 Sep 1968 (37),Real Madrid CF (1),3-1,?,RCD Español (1)
?,(Sun) 15 Sep 1968 (37),Real Zaragoza (1),0-2,?,Athletic Club Bilbao (1)
?,(Sat) 21 Sep 1968 (38),Atlético Madrid (2),0-1,?,FC Barcelona (2)
?,(Sat) 21 Sep 1968 (38),RCD Español (2),1-2,?,UD Las Palmas (2)
?,(Sun) 22 Sep 1968 (38),Athletic Club Bilbao (2),1-1,?,Elche CF (2)
?,(Sun) 22 Sep 1968 (38),Córdoba CF (2),2-2,?,Málaga CF (2)
?,(Sun) 22 Sep 1968 (38),RCD La Coruña (2),2-4,?,Real Madrid CF (2)
?,(Sun) 22 Sep 1968 (38),Real Sociedad (2),0-0,?,Pontevedra CF (2)
?,(Sun) 22 Sep 1968 (38),CE Sabadell (2),1-0,?,Real Zaragoza (2)
?,(Sun) 22 Sep 1968 (38),Valencia CF (2),4-1,?,Granada CF (2)
?,(Sat) 28 Sep 1968 (39),Granada CF (3),0-0,?,Real Sociedad (3)
?,(Sat) 28 Sep 1968 (39),Málaga CF (3),4-0,?,Athletic Club Bilbao (3)
?,(Sun) 29 Sep 1968 (39),Elche CF (3),3-0,?,CE Sabadell (3)
?,(Sun) 29 Sep 1968 (39),RCD Español (3),4-0,?,RCD La Coruña (3)
?,(Sun) 29 Sep 1968 (39),UD Las Palmas (3),0-0,?,FC Barcelona (3)
?,(Sun) 29 Sep 1968 (39),Pontevedra CF (3),0-0,?,Atlético Madrid (3)
?,(Sun) 29 Sep 1968 (39),Real Madrid CF (3),2-0,?,Córdoba CF (3)
?,(Sun) 29 Sep 1968 (39),Real Zaragoza (3),3-1,?,Valencia CF (3)
?,(Sun) 6 Oct 1968 (40),Athletic Club Bilbao (4),0-1,?,Real Madrid CF (4)
?,(Sun) 6 Oct 1968 (40),Atlético Madrid (4),1-0,?,Granada CF (4)
?,(Sun) 6 Oct 1968 (40),FC Barcelona (4),1-0,?,Pontevedra CF (4)
?,(Sun) 6 Oct 1968 (40),Córdoba CF (4),5-0,?,RCD Español (4)
?,(Sun) 6 Oct 1968 (40),UD Las Palmas (4),2-1,?,RCD La Coruña (4)
?,(Sun) 6 Oct 1968 (40),Real Sociedad (4),2-1,?,Real Zaragoza (4)
?,(Sun) 6 Oct 1968 (40),CE Sabadell (4),2-1,?,Málaga CF (4)
?,(Sun) 6 Oct 1968 (40),Valencia CF (4),1-0,?,Elche CF (4)
?,(Sun) 13 Oct 1968 (41),RCD La Coruña (5),1-0,?,Córdoba CF (5)
?,(Sun) 13 Oct 1968 (41),Elche CF (5),0-0,?,Real Sociedad (5)
?,(Sun) 13 Oct 1968 (41),RCD Español (5),2-0,?,Athletic Club Bilbao (5)
?,(Sun) 13 Oct 1968 (41),Granada CF (5),1-0,?,FC Barcelona (5)
?,(Sun) 13 Oct 1968 (41),Málaga CF (5),4-1,?,Valencia CF (5)
?,(Sun) 13 Oct 1968 (41),Pontevedra CF (5),3-0,?,UD Las Palmas (5)
?,(Sun) 13 Oct 1968 (41),Real Madrid CF (5),5-3,?,CE Sabadell (5)
?,(Sun) 13 Oct 1968 (41),Real Zaragoza (5),2-0,?,Atlético Madrid (5)
?,(Sun) 20 Oct 1968 (42),Athletic Club Bilbao (6),2-3,?,RCD La Coruña (6)
?,(Sun) 20 Oct 1968 (42),Atlético Madrid (6),0-0,?,Elche CF (6)
?,(Sun) 20 Oct 1968 (42),FC Barcelona (6),4-0,?,Real Zaragoza (6)
?,(Sun) 20 Oct 1968 (42),Córdoba CF (6),3-4,?,UD Las Palmas (6)
?,(Sun) 20 Oct 1968 (42),Pontevedra CF (6),1-0,?,Granada CF (6)
?,(Sun) 20 Oct 1968 (42),Real Sociedad (6),1-0,?,Málaga CF (6)
?,(Sun) 20 Oct 1968 (42),CE Sabadell (6),1-0,?,RCD Español (6)
?,(Sun) 20 Oct 1968 (42),Valencia CF (6),0-1,?,Real Madrid CF (6)
?,(Sun) 3 Nov 1968 (44),Córdoba CF (7),1-1,?,Athletic Club Bilbao (7)
?,(Sun) 3 Nov 1968 (44),RCD La Coruña (7),1-1,?,CE Sabadell (7)
?,(Sun) 3 Nov 1968 (44),Elche CF (7),1-2,?,FC Barcelona (7)
?,(Sun) 3 Nov 1968 (44),RCD Español (7),0-1,?,Valencia CF (7)
?,(Sun) 3 Nov 1968 (44),UD Las Palmas (7),1-0,?,Granada CF (7)
?,(Sun) 3 Nov 1968 (44),Málaga CF (7),0-0,?,Atlético Madrid (7)
?,(Sun) 3 Nov 1968 (44),Real Madrid CF (7),2-1,?,Real Sociedad (7)
?,(Sun) 3 Nov 1968 (44),Real Zaragoza (7),2-2,?,Pontevedra CF (7)
?,(Sun) 10 Nov 1968 (45),Atlético Madrid (8),0-1,?,Real Madrid CF (8)
?,(Sun) 10 Nov 1968 (45),FC Barcelona (8),1-0,?,Málaga CF (8)
?,(Sun) 10 Nov 1968 (45),Granada CF (8),1-0,?,Real Zaragoza (8)
?,(Sun) 10 Nov 1968 (45),UD Las Palmas (8),1-1,?,Athletic Club Bilbao (8)
?,(Sun) 10 Nov 1968 (45),Pontevedra CF (8),0-1,?,Elche CF (8)
?,(Sun) 10 Nov 1968 (45),Real Sociedad (8),2-1,?,RCD Español (8)
?,(Sun) 10 Nov 1968 (45),CE Sabadell (8),4-0,?,Córdoba CF (8)
?,(Sun) 10 Nov 1968 (45),Valencia CF (8),2-1,?,RCD La Coruña (8)
?,(Sat) 16 Nov 1968 (46),Athletic Club Bilbao (9),2-1,?,CE Sabadell (9)
?,(Sat) 16 Nov 1968 (46),Real Madrid CF (9),2-1,?,FC Barcelona (9)
?,(Sun) 17 Nov 1968 (46),Córdoba CF (9),2-0,?,Valencia CF (9)
?,(Sun) 17 Nov 1968 (46),RCD La Coruña (9),1-1,?,Real Sociedad (9)
?,(Sun) 17 Nov 1968 (46),Elche CF (9),0-1,?,Granada CF (9)
?,(Sun) 17 Nov 1968 (46),RCD Español (9),3-2,?,Atlético Madrid (9)
?,(Sun) 17 Nov 1968 (46),Málaga CF (9),2-1,?,Pontevedra CF (9)
?,(Sun) 17 Nov 1968 (46),Real Zaragoza (9),2-3,?,UD Las Palmas (9)
?,(Sun) 24 Nov 1968 (47),Atlético Madrid (10),5-1,?,RCD La Coruña (10)
?,(Sun) 24 Nov 1968 (47),FC Barcelona (10),1-0,?,RCD Español (10)
?,(Sun) 24 Nov 1968 (47),Granada CF (10),2-0,?,Málaga CF (10)
?,(Sun) 24 Nov 1968 (47),UD Las Palmas (10),3-1,?,CE Sabadell (10)
?,(Sun) 24 Nov 1968 (47),Pontevedra CF (10),0-0,?,Real Madrid CF (10)
?,(Sun) 24 Nov 1968 (47),Real Sociedad (10),5-1,?,Córdoba CF (10)
?,(Sun) 24 Nov 1968 (47),Valencia CF (10),5-1,?,Athletic Club Bilbao (10)
?,(Sun) 24 Nov 1968 (47),Real Zaragoza (10),0-2,?,Elche CF (10)
?,(Sat) 30 Nov 1968 (48),Real Madrid CF (11),2-1,?,Granada CF (11)
?,(Sun) 1 Dec 1968 (48),Athletic Club Bilbao (11),3-1,?,Real Sociedad (11)
?,(Sun) 1 Dec 1968 (48),Córdoba CF (11),0-3,?,Atlético Madrid (11)
?,(Sun) 1 Dec 1968 (48),RCD La Coruña (11),1-0,?,FC Barcelona (11)
?,(Sun) 1 Dec 1968 (48),RCD Español (11),2-1,?,Pontevedra CF (11)
?,(Sun) 1 Dec 1968 (48),UD Las Palmas (11),1-1,?,Elche CF (11)
?,(Sun) 1 Dec 1968 (48),Málaga CF (11),1-1,?,Real Zaragoza (11)
?,(Sun) 1 Dec 1968 (48),CE Sabadell (11),2-1,?,Valencia CF (11)
?,(Sun) 8 Dec 1968 (49),Elche CF (12),0-0,?,Málaga CF (12)
?,(Sun) 8 Dec 1968 (49),Pontevedra CF (12),0-0,?,RCD La Coruña (12)
?,(Sun) 8 Dec 1968 (49),Real Sociedad (12),1-1,?,CE Sabadell (12)
?,(Wed) 18 Dec 1968 (51),Atlético Madrid (12),4-4,?,Athletic Club Bilbao (12)
?,(Wed) 18 Dec 1968 (51),FC Barcelona (12),4-0,?,Córdoba CF (12)
?,(Wed) 18 Dec 1968 (51),Granada CF (12),1-0,?,RCD Español (12)
?,(Wed) 18 Dec 1968 (51),Valencia CF (12),2-2,?,UD Las Palmas (12)
?,(Wed) 18 Dec 1968 (51),Real Zaragoza (12),1-1,?,Real Madrid CF (12)
?,(Sun) 15 Dec 1968 (50),Athletic Club Bilbao (13),1-1,?,FC Barcelona (13)
?,(Sun) 15 Dec 1968 (50),Córdoba CF (13),3-1,?,Pontevedra CF (13)
?,(Sun) 15 Dec 1968 (50),RCD La Coruña (13),4-0,?,Granada CF (13)
?,(Sun) 15 Dec 1968 (50),RCD Español (13),3-1,?,Real Zaragoza (13)
?,(Sun) 15 Dec 1968 (50),Málaga CF (13),2-0,?,UD Las Palmas (13)
?,(Sun) 15 Dec 1968 (50),Real Madrid CF (13),1-1,?,Elche CF (13)
?,(Sun) 15 Dec 1968 (50),CE Sabadell (13),0-1,?,Atlético Madrid (13)
?,(Sun) 15 Dec 1968 (50),Valencia CF (13),2-1,?,Real Sociedad (13)
?,(Sun) 22 Dec 1968 (51),Atlético Madrid (14),2-2,?,Valencia CF (14)
?,(Sun) 22 Dec 1968 (51),FC Barcelona (14),2-0,?,CE Sabadell (14)
?,(Sun) 22 Dec 1968 (51),Elche CF (14),1-0,?,RCD Español (14)
?,(Sun) 22 Dec 1968 (51),Granada CF (14),3-0,?,Córdoba CF (14)
?,(Sun) 22 Dec 1968 (51),UD Las Palmas (14),4-0,?,Real Sociedad (14)
?,(Sun) 22 Dec 1968 (51),Málaga CF (14),1-2,?,Real Madrid CF (14)
?,(Sun) 22 Dec 1968 (51),Pontevedra CF (14),1-0,?,Athletic Club Bilbao (14)
?,(Sun) 22 Dec 1968 (51),Real Zaragoza (14),3-1,?,RCD La Coruña (14)
?,(Sun) 29 Dec 1968 (52),Athletic Club Bilbao (15),4-2,?,Granada CF (15)
?,(Sun) 29 Dec 1968 (52),Córdoba CF (15),0-1,?,Real Zaragoza (15)
?,(Sun) 29 Dec 1968 (52),RCD La Coruña (15),4-2,?,Elche CF (15)
?,(Sun) 29 Dec 1968 (52),RCD Español (15),2-1,?,Málaga CF (15)
?,(Sun) 29 Dec 1968 (52),Real Sociedad (15),2-2,?,Atlético Madrid (15)
?,(Sun) 29 Dec 1968 (52),Real Madrid CF (15),2-0,?,UD Las Palmas (15)
?,(Sun) 29 Dec 1968 (52),CE Sabadell (15),1-1,?,Pontevedra CF (15)
?,(Sun) 29 Dec 1968 (52),Valencia CF (15),0-0,?,FC Barcelona (15)
?,(Sat) 4 Jan 1969 (0),RCD La Coruña (16),2-0,?,Málaga CF (16)
?,(Sun) 5 Jan 1969 (0),Athletic Club Bilbao (16),3-0,?,Real Zaragoza (16)
?,(Sun) 5 Jan 1969 (0),Córdoba CF (16),0-0,?,Elche CF (16)
?,(Sun) 5 Jan 1969 (0),RCD Español (16),1-1,?,Real Madrid CF (16)
?,(Sun) 5 Jan 1969 (0),Real Sociedad (16),2-1,?,FC Barcelona (16)
?,(Sun) 5 Jan 1969 (0),CE Sabadell (16),2-1,?,Granada CF (16)
?,(Sun) 5 Jan 1969 (0),Valencia CF (16),2-0,?,Pontevedra CF (16)
?,(Mon) 6 Jan 1969 (1),Atlético Madrid (16),1-1,?,UD Las Palmas (16)
?,(Sun) 12 Jan 1969 (1),FC Barcelona (17),4-1,?,Atlético Madrid (17)
?,(Sun) 12 Jan 1969 (1),Elche CF (17),1-1,?,Athletic Club Bilbao (17)
?,(Sun) 12 Jan 1969 (1),Granada CF (17),3-0,?,Valencia CF (17)
?,(Sun) 12 Jan 1969 (1),UD Las Palmas (17),1-0,?,RCD Español (17)
?,(Sun) 12 Jan 1969 (1),Málaga CF (17),1-1,?,Córdoba CF (17)
?,(Sun) 12 Jan 1969 (1),Pontevedra CF (17),1-0,?,Real Sociedad (17)
?,(Sun) 12 Jan 1969 (1),Real Madrid CF (17),2-1,?,RCD La Coruña (17)
?,(Sun) 12 Jan 1969 (1),Real Zaragoza (17),3-0,?,CE Sabadell (17)
?,(Sun) 19 Jan 1969 (2),Athletic Club Bilbao (18),4-3,?,Málaga CF (18)
?,(Sun) 19 Jan 1969 (2),Atlético Madrid (18),1-0,?,Pontevedra CF (18)
?,(Sun) 19 Jan 1969 (2),FC Barcelona (18),1-2,?,UD Las Palmas (18)
?,(Sun) 19 Jan 1969 (2),Córdoba CF (18),2-2,?,Real Madrid CF (18)
?,(Sun) 19 Jan 1969 (2),RCD La Coruña (18),1-1,?,RCD Español (18)
?,(Sun) 19 Jan 1969 (2),Real Sociedad (18),5-1,?,Granada CF (18)
?,(Sun) 19 Jan 1969 (2),CE Sabadell (18),3-0,?,Elche CF (18)
?,(Sun) 19 Jan 1969 (2),Valencia CF (18),0-0,?,Real Zaragoza (18)
?,(Sun) 26 Jan 1969 (3),RCD La Coruña (19),2-0,?,UD Las Palmas (19)
?,(Sun) 26 Jan 1969 (3),Elche CF (19),0-0,?,Valencia CF (19)
?,(Sun) 26 Jan 1969 (3),RCD Español (19),3-0,?,Córdoba CF (19)
?,(Sun) 26 Jan 1969 (3),Granada CF (19),2-0,?,Atlético Madrid (19)
?,(Sun) 26 Jan 1969 (3),Málaga CF (19),4-2,?,CE Sabadell (19)
?,(Sun) 26 Jan 1969 (3),Pontevedra CF (19),0-1,?,FC Barcelona (19)
?,(Sun) 26 Jan 1969 (3),Real Madrid CF (19),2-1,?,Athletic Club Bilbao (19)
?,(Sun) 26 Jan 1969 (3),Real Zaragoza (19),2-2,?,Real Sociedad (19)
?,(Sun) 2 Feb 1969 (4),Athletic Club Bilbao (20),1-0,?,RCD Español (20)
?,(Sun) 2 Feb 1969 (4),Atlético Madrid (20),1-0,?,Real Zaragoza (20)
?,(Sun) 2 Feb 1969 (4),FC Barcelona (20),4-0,?,Granada CF (20)
?,(Sun) 2 Feb 1969 (4),Córdoba CF (20),0-0,?,RCD La Coruña (20)
?,(Sun) 2 Feb 1969 (4),UD Las Palmas (20),1-0,?,Pontevedra CF (20)
?,(Sun) 2 Feb 1969 (4),Real Sociedad (20),1-0,?,Elche CF (20)
?,(Sun) 2 Feb 1969 (4),CE Sabadell (20),0-0,?,Real Madrid CF (20)
?,(Sun) 2 Feb 1969 (4),Valencia CF (20),0-0,?,Málaga CF (20)
?,(Sun) 9 Feb 1969 (5),RCD La Coruña (21),1-0,?,Athletic Club Bilbao (21)
?,(Sun) 9 Feb 1969 (5),Elche CF (21),2-2,?,Atlético Madrid (21)
?,(Sun) 9 Feb 1969 (5),RCD Español (21),1-1,?,CE Sabadell (21)
?,(Sun) 9 Feb 1969 (5),Granada CF (21),0-0,?,Pontevedra CF (21)
?,(Sun) 9 Feb 1969 (5),UD Las Palmas (21),4-0,?,Córdoba CF (21)
?,(Sun) 9 Feb 1969 (5),Málaga CF (21),1-0,?,Real Sociedad (21)
?,(Sun) 9 Feb 1969 (5),Real Madrid CF (21),0-0,?,Valencia CF (21)
?,(Sun) 9 Feb 1969 (5),Real Zaragoza (21),0-0,?,FC Barcelona (21)
?,(Sun) 16 Feb 1969 (6),Athletic Club Bilbao (22),3-0,?,Córdoba CF (22)
?,(Sun) 16 Feb 1969 (6),Atlético Madrid (22),4-1,?,Málaga CF (22)
?,(Sun) 16 Feb 1969 (6),FC Barcelona (22),1-1,?,Elche CF (22)
?,(Sun) 16 Feb 1969 (6),Granada CF (22),2-2,?,UD Las Palmas (22)
?,(Sun) 16 Feb 1969 (6),Pontevedra CF (22),0-0,?,Real Zaragoza (22)
?,(Sun) 16 Feb 1969 (6),Real Sociedad (22),0-2,?,Real Madrid CF (22)
?,(Sun) 16 Feb 1969 (6),CE Sabadell (22),0-0,?,RCD La Coruña (22)
?,(Sun) 16 Feb 1969 (6),Valencia CF (22),2-2,?,RCD Español (22)
?,(Sun) 2 Mar 1969 (8),Athletic Club Bilbao (23),2-1,?,UD Las Palmas (23)
?,(Sun) 2 Mar 1969 (8),Córdoba CF (23),0-1,?,CE Sabadell (23)
?,(Sun) 2 Mar 1969 (8),RCD La Coruña (23),1-2,?,Valencia CF (23)
?,(Sun) 2 Mar 1969 (8),Elche CF (23),0-0,?,Pontevedra CF (23)
?,(Sun) 2 Mar 1969 (8),RCD Español (23),1-0,?,Real Sociedad (23)
?,(Sun) 2 Mar 1969 (8),Málaga CF (23),0-3,?,FC Barcelona (23)
?,(Sun) 2 Mar 1969 (8),Real Madrid CF (23),0-0,?,Atlético Madrid (23)
?,(Sun) 2 Mar 1969 (8),Real Zaragoza (23),6-0,?,Granada CF (23)
?,(Sun) 9 Mar 1969 (9),Atlético Madrid (24),1-0,?,RCD Español (24)
?,(Sun) 9 Mar 1969 (9),FC Barcelona (24),1-1,?,Real Madrid CF (24)
?,(Sun) 9 Mar 1969 (9),Granada CF (24),1-0,?,Elche CF (24)
?,(Sun) 9 Mar 1969 (9),UD Las Palmas (24),2-1,?,Real Zaragoza (24)
?,(Sun) 9 Mar 1969 (9),Pontevedra CF (24),1-0,?,Málaga CF (24)
?,(Sun) 9 Mar 1969 (9),Real Sociedad (24),1-3,?,RCD La Coruña (24)
?,(Sun) 9 Mar 1969 (9),CE Sabadell (24),1-1,?,Athletic Club Bilbao (24)
?,(Sun) 9 Mar 1969 (9),Valencia CF (24),2-2,?,Córdoba CF (24)
?,(Sat) 15 Mar 1969 (10),Athletic Club Bilbao (25),1-2,?,Valencia CF (25)
?,(Sun) 16 Mar 1969 (10),Córdoba CF (25),1-1,?,Real Sociedad (25)
?,(Sun) 16 Mar 1969 (10),RCD La Coruña (25),3-1,?,Atlético Madrid (25)
?,(Sun) 16 Mar 1969 (10),Elche CF (25),0-0,?,Real Zaragoza (25)
?,(Sun) 16 Mar 1969 (10),RCD Español (25),0-0,?,FC Barcelona (25)
?,(Sun) 16 Mar 1969 (10),Málaga CF (25),0-0,?,Granada CF (25)
?,(Sun) 16 Mar 1969 (10),Real Madrid CF (25),2-2,?,Pontevedra CF (25)
?,(Sun) 16 Mar 1969 (10),CE Sabadell (25),1-1,?,UD Las Palmas (25)
?,(Sat) 22 Mar 1969 (11),Pontevedra CF (26),1-0,?,RCD Español (26)
?,(Sun) 23 Mar 1969 (11),Atlético Madrid (26),1-2,?,Córdoba CF (26)
?,(Sun) 23 Mar 1969 (11),FC Barcelona (26),4-1,?,RCD La Coruña (26)
?,(Sun) 23 Mar 1969 (11),Elche CF (26),0-0,?,UD Las Palmas (26)
?,(Sun) 23 Mar 1969 (11),Granada CF (26),0-0,?,Real Madrid CF (26)
?,(Sun) 23 Mar 1969 (11),Real Sociedad (26),2-0,?,Athletic Club Bilbao (26)
?,(Sun) 23 Mar 1969 (11),Valencia CF (26),0-0,?,CE Sabadell (26)
?,(Sun) 23 Mar 1969 (11),Real Zaragoza (26),4-0,?,Málaga CF (26)
?,(Sun) 30 Mar 1969 (12),Athletic Club Bilbao (27),0-2,?,Atlético Madrid (27)
?,(Sun) 30 Mar 1969 (12),Córdoba CF (27),2-1,?,FC Barcelona (27)
?,(Sun) 30 Mar 1969 (12),RCD La Coruña (27),2-0,?,Pontevedra CF (27)
?,(Sun) 30 Mar 1969 (12),RCD Español (27),0-0,?,Granada CF (27)
?,(Sun) 30 Mar 1969 (12),UD Las Palmas (27),2-1,?,Valencia CF (27)
?,(Sun) 30 Mar 1969 (12),Málaga CF (27),1-0,?,Elche CF (27)
?,(Sun) 30 Mar 1969 (12),Real Madrid CF (27),2-0,?,Real Zaragoza (27)
?,(Sun) 30 Mar 1969 (12),CE Sabadell (27),1-0,?,Real Sociedad (27)
?,(Sun) 6 Apr 1969 (13),Atlético Madrid (28),2-2,?,CE Sabadell (28)
?,(Sun) 6 Apr 1969 (13),Elche CF (28),1-0,?,Real Madrid CF (28)
?,(Sun) 6 Apr 1969 (13),Granada CF (28),1-0,?,RCD La Coruña (28)
?,(Sun) 6 Apr 1969 (13),UD Las Palmas (28),3-1,?,Málaga CF (28)
?,(Sun) 6 Apr 1969 (13),Pontevedra CF (28),0-0,?,Córdoba CF (28)
?,(Sun) 6 Apr 1969 (13),Real Sociedad (28),4-0,?,Valencia CF (28)
?,(Sun) 6 Apr 1969 (13),Real Zaragoza (28),0-0,?,RCD Español (28)
?,(Mon) 7 Apr 1969 (14),FC Barcelona (28),0-1,?,Athletic Club Bilbao (28)
?,(Sat) 12 Apr 1969 (14),Athletic Club Bilbao (29),2-2,?,Pontevedra CF (29)
?,(Sat) 12 Apr 1969 (14),Valencia CF (29),2-1,?,Atlético Madrid (29)
?,(Sun) 13 Apr 1969 (14),Córdoba CF (29),1-1,?,Granada CF (29)
?,(Sun) 13 Apr 1969 (14),RCD La Coruña (29),0-1,?,Real Zaragoza (29)
?,(Sun) 13 Apr 1969 (14),RCD Español (29),1-1,?,Elche CF (29)
?,(Sun) 13 Apr 1969 (14),Real Sociedad (29),1-0,?,UD Las Palmas (29)
?,(Sun) 13 Apr 1969 (14),Real Madrid CF (29),2-0,?,Málaga CF (29)
?,(Sun) 13 Apr 1969 (14),CE Sabadell (29),0-0,?,FC Barcelona (29)
?,(Wed) 16 Apr 1969 (15),FC Barcelona (30),1-1,?,Valencia CF (30)
?,(Sun) 20 Apr 1969 (15),Atlético Madrid (30),1-0,?,Real Sociedad (30)
?,(Sun) 20 Apr 1969 (15),Elche CF (30),2-0,?,RCD La Coruña (30)
?,(Sun) 20 Apr 1969 (15),Granada CF (30),1-0,?,Athletic Club Bilbao (30)
?,(Sun) 20 Apr 1969 (15),UD Las Palmas (30),0-1,?,Real Madrid CF (30)
?,(Sun) 20 Apr 1969 (15),Málaga CF (30),4-0,?,RCD Español (30)
?,(Sun) 20 Apr 1969 (15),Pontevedra CF (30),0-0,?,CE Sabadell (30)
?,(Sun) 20 Apr 1969 (15),Real Zaragoza (30),2-2,?,Córdoba CF (30)
