Round,Date,Team 1,FT,HT,Team 2
?,(Fri) 17 Aug 2018 (W33),Albacete Balompié (1),1-1,0-0,RCD La Coruña (1)
?,(Fri) 17 Aug 2018 (W33),Cádiz CF (1),1-0,0-0,UD Almería (1)
?,(Sat) 18 Aug 2018 (W33),AD Alcorcón (1),1-1,0-0,Sporting Gijón (1)
?,(Sat) 18 Aug 2018 (W33),Córdoba CF (1),3-3,1-0,CD Numancia (1)
?,(Sat) 18 Aug 2018 (W33),Elche CF (1),0-0,0-0,Granada CF (1)
?,(Sat) 18 Aug 2018 (W33),CD Lugo (1),1-2,1-0,Málaga CF (1)
?,(Sun) 19 Aug 2018 (W33),UD Las Palmas (1),2-0,1-0,CF Reus (1)
?,(Sun) 19 Aug 2018 (W33),RCD Mallorca (1),1-0,1-0,CA Osasuna (1)
?,(Sun) 19 Aug 2018 (W33),Real Oviedo (1),1-1,1-0,Extremadura UD (1)
?,(Sun) 19 Aug 2018 (W33),Real Zaragoza (1),2-1,2-0,CF Rayo Majadahonda (1)
?,(Mon) 20 Aug 2018 (W34),Gimnàstic Tarragona (1),1-1,1-0,CD Tenerife (1)
?,(Fri) 24 Aug 2018 (W34),Extremadura UD (2),0-1,0-0,RCD La Coruña (2)
?,(Fri) 24 Aug 2018 (W34),Málaga CF (2),1-0,0-0,AD Alcorcón (2)
?,(Sat) 25 Aug 2018 (W34),Córdoba CF (2),2-4,0-2,Real Oviedo (2)
?,(Sat) 25 Aug 2018 (W34),UD Las Palmas (2),1-1,1-0,Albacete Balompié (2)
?,(Sat) 25 Aug 2018 (W34),CD Numancia (2),1-1,1-1,Cádiz CF (2)
?,(Sat) 25 Aug 2018 (W34),CF Reus (2),0-0,0-0,Real Zaragoza (2)
?,(Sun) 26 Aug 2018 (W34),UD Almería (2),1-1,1-0,CD Tenerife (2)
?,(Sun) 26 Aug 2018 (W34),Granada CF (2),1-1,1-0,CD Lugo (2)
?,(Sun) 26 Aug 2018 (W34),CA Osasuna (2),1-1,0-0,Elche CF (2)
?,(Sun) 26 Aug 2018 (W34),Sporting Gijón (2),2-0,1-0,Gimnàstic Tarragona (2)
?,(Mon) 27 Aug 2018 (W35),CF Rayo Majadahonda (2),0-1,0-1,RCD Mallorca (2)
?,(Fri) 31 Aug 2018 (W35),AD Alcorcón (3),1-0,1-0,RCD Mallorca (3)
?,(Sat) 1 Sep 2018 (W35),Cádiz CF (3),1-1,0-0,Real Oviedo (3)
?,(Sat) 1 Sep 2018 (W35),Elche CF (3),0-2,0-1,CF Reus (3)
?,(Sat) 1 Sep 2018 (W35),CD Lugo (3),3-2,0-2,CD Numancia (3)
?,(Sat) 1 Sep 2018 (W35),CD Tenerife (3),2-2,0-1,RCD La Coruña (3)
?,(Sat) 1 Sep 2018 (W35),Real Zaragoza (3),1-1,1-0,UD Las Palmas (3)
?,(Sun) 2 Sep 2018 (W35),Albacete Balompié (3),3-0,2-0,Córdoba CF (3)
?,(Sun) 2 Sep 2018 (W35),Gimnàstic Tarragona (3),0-1,0-0,CF Rayo Majadahonda (3)
?,(Sun) 2 Sep 2018 (W35),Granada CF (3),2-0,1-0,CA Osasuna (3)
?,(Sun) 2 Sep 2018 (W35),Sporting Gijón (3),2-0,0-0,Extremadura UD (3)
?,(Mon) 3 Sep 2018 (W36),UD Almería (3),0-1,0-0,Málaga CF (3)
?,(Fri) 7 Sep 2018 (W36),UD Las Palmas (4),4-0,1-0,Gimnàstic Tarragona (4)
?,(Fri) 7 Sep 2018 (W36),RCD Mallorca (4),1-0,0-0,Cádiz CF (4)
?,(Sat) 8 Sep 2018 (W36),Málaga CF (4),1-0,1-0,CD Tenerife (4)
?,(Sat) 8 Sep 2018 (W36),CA Osasuna (4),3-1,1-1,UD Almería (4)
?,(Sat) 8 Sep 2018 (W36),Real Oviedo (4),0-4,0-1,Real Zaragoza (4)
?,(Sun) 9 Sep 2018 (W36),Córdoba CF (4),0-0,0-0,AD Alcorcón (4)
?,(Sun) 9 Sep 2018 (W36),Extremadura UD (4),1-3,0-1,Granada CF (4)
?,(Sun) 9 Sep 2018 (W36),RCD La Coruña (4),1-0,0-0,Sporting Gijón (4)
?,(Sun) 9 Sep 2018 (W36),CD Numancia (4),1-0,1-0,Elche CF (4)
?,(Sun) 9 Sep 2018 (W36),CF Reus (4),1-2,0-1,Albacete Balompié (4)
?,(Mon) 10 Sep 2018 (W37),CF Rayo Majadahonda (4),1-0,1-0,CD Lugo (4)
?,(Sat) 15 Sep 2018 (W37),AD Alcorcón (5),1-0,1-0,RCD La Coruña (5)
?,(Sat) 15 Sep 2018 (W37),Gimnàstic Tarragona (5),1-0,0-0,CA Osasuna (5)
?,(Sat) 15 Sep 2018 (W37),Málaga CF (5),3-0,2-0,Córdoba CF (5)
?,(Sat) 15 Sep 2018 (W37),CD Tenerife (5),0-1,0-0,CF Reus (5)
?,(Sun) 16 Sep 2018 (W37),UD Almería (5),2-1,0-0,Real Zaragoza (5)
?,(Sun) 16 Sep 2018 (W37),Elche CF (5),1-1,0-1,RCD Mallorca (5)
?,(Sun) 16 Sep 2018 (W37),Extremadura UD (5),1-2,1-1,UD Las Palmas (5)
?,(Sun) 16 Sep 2018 (W37),Granada CF (5),3-0,2-0,CF Rayo Majadahonda (5)
?,(Sun) 16 Sep 2018 (W37),CD Lugo (5),0-2,0-1,Real Oviedo (5)
?,(Sun) 16 Sep 2018 (W37),Sporting Gijón (5),1-1,1-1,CD Numancia (5)
?,(Mon) 17 Sep 2018 (W38),Albacete Balompié (5),1-1,1-0,Cádiz CF (5)
?,(Sat) 22 Sep 2018 (W38),Córdoba CF (6),1-1,0-1,CD Tenerife (6)
?,(Sat) 22 Sep 2018 (W38),CA Osasuna (6),1-0,0-0,Sporting Gijón (6)
?,(Sat) 22 Sep 2018 (W38),CF Rayo Majadahonda (6),1-4,0-2,Extremadura UD (6)
?,(Sat) 22 Sep 2018 (W38),Real Zaragoza (6),0-2,0-1,CD Lugo (6)
?,(Sun) 23 Sep 2018 (W38),Cádiz CF (6),0-2,0-2,AD Alcorcón (6)
?,(Sun) 23 Sep 2018 (W38),UD Las Palmas (6),1-0,0-0,Málaga CF (6)
?,(Sun) 23 Sep 2018 (W38),RCD Mallorca (6),1-3,0-1,Albacete Balompié (6)
?,(Sun) 23 Sep 2018 (W38),CD Numancia (6),0-2,0-1,UD Almería (6)
?,(Sun) 23 Sep 2018 (W38),Real Oviedo (6),1-1,1-1,Elche CF (6)
?,(Sun) 23 Sep 2018 (W38),CF Reus (6),1-1,0-1,Gimnàstic Tarragona (6)
?,(Mon) 24 Sep 2018 (W39),RCD La Coruña (6),2-1,0-0,Granada CF (6)
?,(Fri) 28 Sep 2018 (W39),Albacete Balompié (7),2-2,2-0,Real Zaragoza (7)
?,(Sat) 29 Sep 2018 (W39),Granada CF (7),4-2,2-0,Córdoba CF (7)
?,(Sat) 29 Sep 2018 (W39),CD Lugo (7),1-1,1-1,RCD Mallorca (7)
?,(Sat) 29 Sep 2018 (W39),Sporting Gijón (7),1-0,1-0,UD Las Palmas (7)
?,(Sat) 29 Sep 2018 (W39),CD Tenerife (7),1-0,1-0,Cádiz CF (7)
?,(Sun) 30 Sep 2018 (W39),AD Alcorcón (7),2-0,1-0,Real Oviedo (7)
?,(Sun) 30 Sep 2018 (W39),UD Almería (7),2-0,1-0,CF Reus (7)
?,(Sun) 30 Sep 2018 (W39),Extremadura UD (7),2-2,2-0,Elche CF (7)
?,(Sun) 30 Sep 2018 (W39),Gimnàstic Tarragona (7),1-3,1-1,RCD La Coruña (7)
?,(Sun) 30 Sep 2018 (W39),Málaga CF (7),1-0,1-0,CF Rayo Majadahonda (7)
?,(Sun) 30 Sep 2018 (W39),CA Osasuna (7),0-0,0-0,CD Numancia (7)
?,(Sat) 6 Oct 2018 (W40),Córdoba CF (8),1-0,0-0,UD Almería (8)
?,(Sat) 6 Oct 2018 (W40),UD Las Palmas (8),0-0,0-0,AD Alcorcón (8)
?,(Sat) 6 Oct 2018 (W40),RCD Mallorca (8),4-1,2-0,CD Tenerife (8)
?,(Sat) 6 Oct 2018 (W40),CD Numancia (8),1-0,1-0,Extremadura UD (8)
?,(Sun) 7 Oct 2018 (W40),Cádiz CF (8),1-1,1-1,Gimnàstic Tarragona (8)
?,(Sun) 7 Oct 2018 (W40),Elche CF (8),2-1,1-0,CD Lugo (8)
?,(Sun) 7 Oct 2018 (W40),RCD La Coruña (8),1-1,0-0,Málaga CF (8)
?,(Sun) 7 Oct 2018 (W40),Real Oviedo (8),1-0,1-0,Albacete Balompié (8)
?,(Sun) 7 Oct 2018 (W40),CF Reus (8),1-2,0-1,Granada CF (8)
?,(Mon) 8 Oct 2018 (W41),CF Rayo Majadahonda (8),2-1,1-0,Sporting Gijón (8)
?,(Mon) 8 Oct 2018 (W41),Real Zaragoza (8),1-1,1-0,CA Osasuna (8)
?,(Fri) 12 Oct 2018 (W41),Extremadura UD (9),2-1,0-1,Cádiz CF (9)
?,(Fri) 12 Oct 2018 (W41),RCD La Coruña (9),4-0,1-0,Elche CF (9)
?,(Fri) 12 Oct 2018 (W41),Málaga CF (9),2-1,0-0,Albacete Balompié (9)
?,(Sat) 13 Oct 2018 (W41),UD Almería (9),3-0,1-0,UD Las Palmas (9)
?,(Sat) 13 Oct 2018 (W41),CD Numancia (9),1-0,0-0,Real Zaragoza (9)
?,(Sat) 13 Oct 2018 (W41),CA Osasuna (9),3-1,1-0,Córdoba CF (9)
?,(Sat) 13 Oct 2018 (W41),Sporting Gijón (9),1-1,0-0,CF Reus (9)
?,(Sun) 14 Oct 2018 (W41),Granada CF (9),1-0,1-0,RCD Mallorca (9)
?,(Sun) 14 Oct 2018 (W41),CF Rayo Majadahonda (9),1-0,0-0,Real Oviedo (9)
?,(Sun) 14 Oct 2018 (W41),CD Tenerife (9),0-0,0-0,CD Lugo (9)
?,(Mon) 15 Oct 2018 (W42),Gimnàstic Tarragona (9),1-3,0-3,AD Alcorcón (9)
?,(Fri) 19 Oct 2018 (W42),Elche CF (10),2-0,1-0,Málaga CF (10)
?,(Sat) 20 Oct 2018 (W42),AD Alcorcón (10),1-0,0-0,Granada CF (10)
?,(Sat) 20 Oct 2018 (W42),Córdoba CF (10),1-1,0-1,RCD La Coruña (10)
?,(Sat) 20 Oct 2018 (W42),UD Las Palmas (10),3-0,2-0,CD Numancia (10)
?,(Sat) 20 Oct 2018 (W42),Real Oviedo (10),2-1,0-1,CA Osasuna (10)
?,(Sun) 21 Oct 2018 (W42),Albacete Balompié (10),1-1,0-0,UD Almería (10)
?,(Sun) 21 Oct 2018 (W42),Cádiz CF (10),0-0,0-0,Sporting Gijón (10)
?,(Sun) 21 Oct 2018 (W42),CD Lugo (10),1-0,1-0,Gimnàstic Tarragona (10)
?,(Sun) 21 Oct 2018 (W42),RCD Mallorca (10),1-1,0-0,Extremadura UD (10)
?,(Sun) 21 Oct 2018 (W42),CF Reus (10),2-1,0-0,CF Rayo Majadahonda (10)
?,(Sun) 21 Oct 2018 (W42),Real Zaragoza (10),1-1,0-0,CD Tenerife (10)
?,(Fri) 26 Oct 2018 (W43),Sporting Gijón (11),0-0,0-0,Córdoba CF (11)
?,(Sat) 27 Oct 2018 (W43),Granada CF (11),1-0,0-0,UD Almería (11)
?,(Sat) 27 Oct 2018 (W43),RCD La Coruña (11),2-0,1-0,CF Reus (11)
?,(Sat) 27 Oct 2018 (W43),CD Lugo (11),1-2,1-1,Cádiz CF (11)
?,(Sat) 27 Oct 2018 (W43),RCD Mallorca (11),2-2,2-2,UD Las Palmas (11)
?,(Sat) 27 Oct 2018 (W43),CD Tenerife (11),3-2,0-2,AD Alcorcón (11)
?,(Sun) 28 Oct 2018 (W43),Elche CF (11),2-0,1-0,Real Zaragoza (11)
?,(Sun) 28 Oct 2018 (W43),Extremadura UD (11),1-2,1-1,Albacete Balompié (11)
?,(Sun) 28 Oct 2018 (W43),Gimnàstic Tarragona (11),2-1,1-0,Real Oviedo (11)
?,(Sun) 28 Oct 2018 (W43),CF Rayo Majadahonda (11),1-1,0-0,CA Osasuna (11)
?,(Mon) 29 Oct 2018 (W44),Málaga CF (11),2-0,1-0,CD Numancia (11)
?,(Fri) 2 Nov 2018 (W44),Albacete Balompié (12),2-0,2-0,Gimnàstic Tarragona (12)
?,(Sat) 3 Nov 2018 (W44),Córdoba CF (12),4-2,1-1,Extremadura UD (12)
?,(Sat) 3 Nov 2018 (W44),UD Las Palmas (12),1-1,0-0,RCD La Coruña (12)
?,(Sat) 3 Nov 2018 (W44),CD Numancia (12),2-0,0-0,CD Tenerife (12)
?,(Sat) 3 Nov 2018 (W44),CA Osasuna (12),2-1,0-1,Málaga CF (12)
?,(Sat) 3 Nov 2018 (W44),CF Reus (12),0-0,0-0,CD Lugo (12)
?,(Sun) 4 Nov 2018 (W44),AD Alcorcón (12),2-0,1-0,CF Rayo Majadahonda (12)
?,(Sun) 4 Nov 2018 (W44),UD Almería (12),2-1,1-1,Sporting Gijón (12)
?,(Sun) 4 Nov 2018 (W44),Cádiz CF (12),5-1,0-1,Elche CF (12)
?,(Sun) 4 Nov 2018 (W44),Real Oviedo (12),1-1,1-0,RCD Mallorca (12)
?,(Sun) 4 Nov 2018 (W44),Real Zaragoza (12),0-2,0-2,Granada CF (12)
?,(Sat) 10 Nov 2018 (W45),Cádiz CF (13),2-0,1-0,CF Reus (13)
?,(Sat) 10 Nov 2018 (W45),Elche CF (13),0-0,0-0,UD Las Palmas (13)
?,(Sat) 10 Nov 2018 (W45),Extremadura UD (13),2-3,2-1,CA Osasuna (13)
?,(Sat) 10 Nov 2018 (W45),RCD La Coruña (13),4-0,1-0,Real Oviedo (13)
?,(Sat) 10 Nov 2018 (W45),CD Lugo (13),0-1,0-0,AD Alcorcón (13)
?,(Sun) 11 Nov 2018 (W45),Granada CF (13),0-0,0-0,CD Numancia (13)
?,(Sun) 11 Nov 2018 (W45),RCD Mallorca (13),3-0,0-0,Córdoba CF (13)
?,(Sun) 11 Nov 2018 (W45),CF Rayo Majadahonda (13),2-0,1-0,UD Almería (13)
?,(Sun) 11 Nov 2018 (W45),Sporting Gijón (13),2-2,0-0,Málaga CF (13)
?,(Sun) 11 Nov 2018 (W45),CD Tenerife (13),0-0,0-0,Albacete Balompié (13)
?,(Mon) 12 Nov 2018 (W46),Gimnàstic Tarragona (13),1-3,1-1,Real Zaragoza (13)
?,(Fri) 16 Nov 2018 (W46),UD Las Palmas (14),2-2,1-0,Granada CF (14)
?,(Sat) 17 Nov 2018 (W46),Málaga CF (14),2-0,1-0,Gimnàstic Tarragona (14)
?,(Sat) 17 Nov 2018 (W46),CA Osasuna (14),2-0,2-0,CD Tenerife (14)
?,(Sat) 17 Nov 2018 (W46),Real Oviedo (14),2-1,2-0,Sporting Gijón (14)
?,(Sat) 17 Nov 2018 (W46),CF Reus (14),1-4,1-1,Extremadura UD (14)
?,(Sat) 17 Nov 2018 (W46),Real Zaragoza (14),2-2,0-2,RCD Mallorca (14)
?,(Sun) 18 Nov 2018 (W46),Albacete Balompié (14),1-0,0-0,CD Lugo (14)
?,(Sun) 18 Nov 2018 (W46),AD Alcorcón (14),1-0,0-0,Elche CF (14)
?,(Sun) 18 Nov 2018 (W46),Córdoba CF (14),1-3,0-0,Cádiz CF (14)
?,(Sun) 18 Nov 2018 (W46),CD Numancia (14),1-2,0-1,CF Rayo Majadahonda (14)
?,(Mon) 19 Nov 2018 (W47),UD Almería (14),1-1,0-0,RCD La Coruña (14)
?,(Fri) 23 Nov 2018 (W47),Granada CF (15),1-2,0-1,Sporting Gijón (15)
?,(Sat) 24 Nov 2018 (W47),Cádiz CF (15),4-1,2-0,UD Las Palmas (15)
?,(Sat) 24 Nov 2018 (W47),Gimnàstic Tarragona (15),2-2,1-2,UD Almería (15)
?,(Sat) 24 Nov 2018 (W47),RCD La Coruña (15),2-0,1-0,CA Osasuna (15)
?,(Sat) 24 Nov 2018 (W47),CD Lugo (15),2-1,2-0,Córdoba CF (15)
?,(Sun) 25 Nov 2018 (W47),AD Alcorcón (15),2-0,0-0,Real Zaragoza (15)
?,(Sun) 25 Nov 2018 (W47),Elche CF (15),0-1,0-1,Albacete Balompié (15)
?,(Sun) 25 Nov 2018 (W47),Extremadura UD (15),1-0,1-0,Málaga CF (15)
?,(Sun) 25 Nov 2018 (W47),RCD Mallorca (15),1-0,1-0,CD Numancia (15)
?,(Sun) 25 Nov 2018 (W47),Real Oviedo (15),3-0,0-0,CF Reus (15)
?,(Sun) 25 Nov 2018 (W47),CD Tenerife (15),2-1,1-0,CF Rayo Majadahonda (15)
?,(Fri) 30 Nov 2018 (W48),Real Zaragoza (16),0-1,0-1,Cádiz CF (16)
?,(Sat) 1 Dec 2018 (W48),UD Almería (16),1-1,1-1,Extremadura UD (16)
?,(Sat) 1 Dec 2018 (W48),Córdoba CF (16),1-1,0-1,Elche CF (16)
?,(Sat) 1 Dec 2018 (W48),Málaga CF (16),0-1,0-0,Granada CF (16)
?,(Sat) 1 Dec 2018 (W48),CF Reus (16),0-2,0-0,RCD Mallorca (16)
?,(Sat) 1 Dec 2018 (W48),Sporting Gijón (16),2-1,0-0,CD Tenerife (16)
?,(Sun) 2 Dec 2018 (W48),Albacete Balompié (16),2-1,1-0,AD Alcorcón (16)
?,(Sun) 2 Dec 2018 (W48),UD Las Palmas (16),0-0,0-0,Real Oviedo (16)
?,(Sun) 2 Dec 2018 (W48),CD Numancia (16),3-0,0-0,Gimnàstic Tarragona (16)
?,(Sun) 2 Dec 2018 (W48),CA Osasuna (16),1-0,0-0,CD Lugo (16)
?,(Sun) 2 Dec 2018 (W48),CF Rayo Majadahonda (16),0-0,0-0,RCD La Coruña (16)
?,(Fri) 7 Dec 2018 (W49),CD Tenerife (17),0-0,0-0,Extremadura UD (17)
?,(Sat) 8 Dec 2018 (W49),Albacete Balompié (17),2-2,2-1,CA Osasuna (17)
?,(Sat) 8 Dec 2018 (W49),Gimnàstic Tarragona (17),0-1,0-1,Granada CF (17)
?,(Sat) 8 Dec 2018 (W49),RCD La Coruña (17),2-2,2-0,CD Numancia (17)
?,(Sat) 8 Dec 2018 (W49),RCD Mallorca (17),1-2,0-1,Málaga CF (17)
?,(Sat) 8 Dec 2018 (W49),Real Oviedo (17),1-2,1-2,UD Almería (17)
?,(Sun) 9 Dec 2018 (W49),AD Alcorcón (17),0-1,0-1,CF Reus (17)
?,(Sun) 9 Dec 2018 (W49),Cádiz CF (17),1-0,0-0,CF Rayo Majadahonda (17)
?,(Sun) 9 Dec 2018 (W49),Elche CF (17),0-0,0-0,Sporting Gijón (17)
?,(Sun) 9 Dec 2018 (W49),CD Lugo (17),4-2,2-1,UD Las Palmas (17)
?,(Sun) 9 Dec 2018 (W49),Real Zaragoza (17),0-0,0-0,Córdoba CF (17)
?,(Fri) 14 Dec 2018 (W50),Málaga CF (18),1-0,0-0,Cádiz CF (18)
?,(Sat) 15 Dec 2018 (W50),Granada CF (18),1-0,0-0,Real Oviedo (18)
?,(Sat) 15 Dec 2018 (W50),CD Numancia (18),1-2,0-2,Albacete Balompié (18)
?,(Sat) 15 Dec 2018 (W50),CF Reus (18),1-1,1-1,Córdoba CF (18)
?,(Sat) 15 Dec 2018 (W50),Sporting Gijón (18),1-0,0-0,RCD Mallorca (18)
?,(Sun) 16 Dec 2018 (W50),UD Almería (18),1-1,1-1,CD Lugo (18)
?,(Sun) 16 Dec 2018 (W50),Extremadura UD (18),0-1,0-0,Gimnàstic Tarragona (18)
?,(Sun) 16 Dec 2018 (W50),RCD La Coruña (18),3-1,3-1,Real Zaragoza (18)
?,(Sun) 16 Dec 2018 (W50),UD Las Palmas (18),1-1,1-0,CD Tenerife (18)
?,(Sun) 16 Dec 2018 (W50),CA Osasuna (18),2-1,0-0,AD Alcorcón (18)
?,(Sun) 16 Dec 2018 (W50),CF Rayo Majadahonda (18),1-3,0-0,Elche CF (18)
?,(Fri) 21 Dec 2018 (W51),RCD Mallorca (19),2-0,1-0,Gimnàstic Tarragona (19)
?,(Fri) 21 Dec 2018 (W51),CD Tenerife (19),1-1,0-1,Granada CF (19)
?,(Sat) 22 Dec 2018 (W51),Cádiz CF (19),3-0,1-0,RCD La Coruña (19)
?,(Sat) 22 Dec 2018 (W51),Córdoba CF (19),4-1,1-0,UD Las Palmas (19)
?,(Sat) 22 Dec 2018 (W51),Elche CF (19),2-2,1-0,UD Almería (19)
?,(Sat) 22 Dec 2018 (W51),CD Lugo (19),0-0,0-0,Sporting Gijón (19)
?,(Sat) 22 Dec 2018 (W51),Real Oviedo (19),0-0,0-0,Málaga CF (19)
?,(Sat) 22 Dec 2018 (W51),Real Zaragoza (19),2-1,0-1,Extremadura UD (19)
?,(Sun) 23 Dec 2018 (W51),Albacete Balompié (19),1-0,0-0,CF Rayo Majadahonda (19)
?,(Sun) 23 Dec 2018 (W51),AD Alcorcón (19),1-1,1-0,CD Numancia (19)
?,(Sun) 23 Dec 2018 (W51),CF Reus (19),0-1,0-1,CA Osasuna (19)
?,(Fri) 4 Jan 2019 (W1),Granada CF (20),1-1,0-0,Albacete Balompié (20)
?,(Fri) 4 Jan 2019 (W1),CD Tenerife (20),2-1,1-1,Elche CF (20)
?,(Sat) 5 Jan 2019 (W1),Extremadura UD (20),3-0,1-0,AD Alcorcón (20)
?,(Sat) 5 Jan 2019 (W1),Sporting Gijón (20),1-2,1-2,Real Zaragoza (20)
?,(Sun) 6 Jan 2019 (W1),UD Almería (20),2-0,1-0,RCD Mallorca (20)
?,(Sun) 6 Jan 2019 (W1),Gimnàstic Tarragona (20),1-0,0-0,Córdoba CF (20)
?,(Sun) 6 Jan 2019 (W1),RCD La Coruña (20),0-0,0-0,CD Lugo (20)
?,(Sun) 6 Jan 2019 (W1),Málaga CF (20),0-3,0-1,CF Reus (20)
?,(Sun) 6 Jan 2019 (W1),CA Osasuna (20),2-1,2-1,Cádiz CF (20)
?,(Mon) 7 Jan 2019 (W2),CD Numancia (20),2-3,0-1,Real Oviedo (20)
?,(Mon) 7 Jan 2019 (W2),CF Rayo Majadahonda (20),0-0,0-0,UD Las Palmas (20)
?,(Fri) 11 Jan 2019 (W2),Cádiz CF (21),0-0,0-0,Granada CF (21)
?,(Sat) 12 Jan 2019 (W2),Albacete Balompié (21),1-1,0-1,Sporting Gijón (21)
?,(Sat) 12 Jan 2019 (W2),UD Las Palmas (21),4-1,3-0,CA Osasuna (21)
?,(Sat) 12 Jan 2019 (W2),RCD Mallorca (21),1-0,0-0,RCD La Coruña (21)
?,(Sat) 12 Jan 2019 (W2),Real Oviedo (21),1-0,1-0,CD Tenerife (21)
?,(Sat) 12 Jan 2019 (W2),CF Reus (21),1-1,0-1,CD Numancia (21)
?,(Sun) 13 Jan 2019 (W2),AD Alcorcón (21),0-0,0-0,UD Almería (21)
?,(Sun) 13 Jan 2019 (W2),Córdoba CF (21),1-1,0-1,CF Rayo Majadahonda (21)
?,(Sun) 13 Jan 2019 (W2),Elche CF (21),1-0,0-0,Gimnàstic Tarragona (21)
?,(Sun) 13 Jan 2019 (W2),CD Lugo (21),1-1,1-0,Extremadura UD (21)
?,(Sun) 13 Jan 2019 (W2),Real Zaragoza (21),0-2,0-1,Málaga CF (21)
?,(Sat) 19 Jan 2019 (W3),UD Almería (22),0-0,0-0,Cádiz CF (22)
?,(Sat) 19 Jan 2019 (W3),Málaga CF (22),2-1,0-1,CD Lugo (22)
?,(Sat) 19 Jan 2019 (W3),CD Numancia (22),3-2,3-0,Córdoba CF (22)
?,(Sat) 19 Jan 2019 (W3),CF Rayo Majadahonda (22),2-2,1-0,Real Zaragoza (22)
?,(Sat) 19 Jan 2019 (W3),CF Reus (22),0-1,?,UD Las Palmas (22)
?,(Sun) 20 Jan 2019 (W3),Extremadura UD (22),0-2,0-1,Real Oviedo (22)
?,(Sun) 20 Jan 2019 (W3),RCD La Coruña (22),2-0,1-0,Albacete Balompié (22)
?,(Sun) 20 Jan 2019 (W3),CA Osasuna (22),2-0,1-0,RCD Mallorca (22)
?,(Sun) 20 Jan 2019 (W3),Sporting Gijón (22),2-0,1-0,AD Alcorcón (22)
?,(Sun) 20 Jan 2019 (W3),CD Tenerife (22),2-0,1-0,Gimnàstic Tarragona (22)
?,(Mon) 21 Jan 2019 (W4),Granada CF (22),2-1,2-0,Elche CF (22)
?,(Fri) 25 Jan 2019 (W4),Real Zaragoza (23),2-0,0-0,Real Oviedo (23)
?,(Sat) 26 Jan 2019 (W4),UD Almería (23),0-1,0-0,CA Osasuna (23)
?,(Sat) 26 Jan 2019 (W4),Cádiz CF (23),1-1,0-1,RCD Mallorca (23)
?,(Sat) 26 Jan 2019 (W4),Elche CF (23),1-1,1-1,CD Numancia (23)
?,(Sat) 26 Jan 2019 (W4),CD Lugo (23),3-2,2-0,CF Rayo Majadahonda (23)
?,(Sat) 26 Jan 2019 (W4),CD Tenerife (23),0-0,0-0,Málaga CF (23)
?,(Sun) 27 Jan 2019 (W4),Albacete Balompié (23),1-0,?,CF Reus (23)
?,(Sun) 27 Jan 2019 (W4),AD Alcorcón (23),2-1,0-1,Córdoba CF (23)
?,(Sun) 27 Jan 2019 (W4),Gimnàstic Tarragona (23),0-0,0-0,UD Las Palmas (23)
?,(Sun) 27 Jan 2019 (W4),Granada CF (23),0-0,0-0,Extremadura UD (23)
?,(Sun) 27 Jan 2019 (W4),Sporting Gijón (23),1-2,1-2,RCD La Coruña (23)
?,(Fri) 1 Feb 2019 (W5),Málaga CF (24),1-1,1-0,UD Almería (24)
?,(Sat) 2 Feb 2019 (W5),Córdoba CF (24),1-3,1-0,Albacete Balompié (24)
?,(Sat) 2 Feb 2019 (W5),RCD La Coruña (24),0-0,0-0,CD Tenerife (24)
?,(Sat) 2 Feb 2019 (W5),CD Numancia (24),3-0,1-0,CD Lugo (24)
?,(Sat) 2 Feb 2019 (W5),CF Rayo Majadahonda (24),1-0,1-0,Gimnàstic Tarragona (24)
?,(Sun) 3 Feb 2019 (W5),Extremadura UD (24),0-3,0-0,Sporting Gijón (24)
?,(Sun) 3 Feb 2019 (W5),RCD Mallorca (24),2-0,2-0,AD Alcorcón (24)
?,(Sun) 3 Feb 2019 (W5),CA Osasuna (24),1-0,0-0,Granada CF (24)
?,(Sun) 3 Feb 2019 (W5),Real Oviedo (24),2-1,2-1,Cádiz CF (24)
?,(Sun) 3 Feb 2019 (W5),CF Reus (24),0-1,?,Elche CF (24)
?,(Mon) 4 Feb 2019 (W6),UD Las Palmas (24),1-1,1-1,Real Zaragoza (24)
?,(Fri) 8 Feb 2019 (W6),Sporting Gijón (25),0-2,0-1,CA Osasuna (25)
?,(Sat) 9 Feb 2019 (W6),Elche CF (25),1-2,0-0,Real Oviedo (25)
?,(Sat) 9 Feb 2019 (W6),Extremadura UD (25),1-1,0-0,CF Rayo Majadahonda (25)
?,(Sat) 9 Feb 2019 (W6),Gimnàstic Tarragona (25),1-0,?,CF Reus (25)
?,(Sat) 9 Feb 2019 (W6),CD Lugo (25),1-2,1-0,Real Zaragoza (25)
?,(Sat) 9 Feb 2019 (W6),CD Tenerife (25),0-2,0-1,Córdoba CF (25)
?,(Sun) 10 Feb 2019 (W6),Albacete Balompié (25),2-0,1-0,RCD Mallorca (25)
?,(Sun) 10 Feb 2019 (W6),AD Alcorcón (25),1-2,1-0,Cádiz CF (25)
?,(Sun) 10 Feb 2019 (W6),UD Almería (25),1-0,1-0,CD Numancia (25)
?,(Sun) 10 Feb 2019 (W6),Granada CF (25),0-1,0-0,RCD La Coruña (25)
?,(Sun) 10 Feb 2019 (W6),Málaga CF (25),0-0,0-0,UD Las Palmas (25)
?,(Fri) 15 Feb 2019 (W7),Córdoba CF (26),1-2,1-2,Granada CF (26)
?,(Sat) 16 Feb 2019 (W7),Cádiz CF (26),2-0,0-0,CD Tenerife (26)
?,(Sat) 16 Feb 2019 (W7),Elche CF (26),2-0,1-0,Extremadura UD (26)
?,(Sat) 16 Feb 2019 (W7),RCD La Coruña (26),1-1,0-0,Gimnàstic Tarragona (26)
?,(Sat) 16 Feb 2019 (W7),Real Oviedo (26),1-0,0-0,AD Alcorcón (26)
?,(Sat) 16 Feb 2019 (W7),Real Zaragoza (26),0-0,0-0,Albacete Balompié (26)
?,(Sun) 17 Feb 2019 (W7),UD Las Palmas (26),1-0,1-0,Sporting Gijón (26)
?,(Sun) 17 Feb 2019 (W7),RCD Mallorca (26),3-0,1-0,CD Lugo (26)
?,(Sun) 17 Feb 2019 (W7),CD Numancia (26),1-1,1-0,CA Osasuna (26)
?,(Sun) 17 Feb 2019 (W7),CF Rayo Majadahonda (26),0-1,0-0,Málaga CF (26)
?,(Sun) 17 Feb 2019 (W7),CF Reus (26),0-1,?,UD Almería (26)
?,(Fri) 22 Feb 2019 (W8),CD Tenerife (27),2-2,0-1,RCD Mallorca (27)
?,(Sat) 23 Feb 2019 (W8),Albacete Balompié (27),0-0,0-0,Real Oviedo (27)
?,(Sat) 23 Feb 2019 (W8),AD Alcorcón (27),2-0,0-0,UD Las Palmas (27)
?,(Sat) 23 Feb 2019 (W8),Gimnàstic Tarragona (27),2-3,1-2,Cádiz CF (27)
?,(Sat) 23 Feb 2019 (W8),CA Osasuna (27),1-0,0-0,Real Zaragoza (27)
?,(Sun) 24 Feb 2019 (W8),UD Almería (27),3-1,1-1,Córdoba CF (27)
?,(Sun) 24 Feb 2019 (W8),Extremadura UD (27),0-1,0-1,CD Numancia (27)
?,(Sun) 24 Feb 2019 (W8),Granada CF (27),1-0,?,CF Reus (27)
?,(Sun) 24 Feb 2019 (W8),CD Lugo (27),2-2,0-1,Elche CF (27)
?,(Sun) 24 Feb 2019 (W8),Málaga CF (27),0-0,0-0,RCD La Coruña (27)
?,(Sun) 24 Feb 2019 (W8),Sporting Gijón (27),2-3,0-1,CF Rayo Majadahonda (27)
?,(Sat) 2 Mar 2019 (W9),Cádiz CF (28),1-0,0-0,Albacete Balompié (28)
?,(Sat) 2 Mar 2019 (W9),Córdoba CF (28),1-1,0-0,Málaga CF (28)
?,(Sat) 2 Mar 2019 (W9),CA Osasuna (28),1-0,1-0,Gimnàstic Tarragona (28)
?,(Sun) 3 Mar 2019 (W9),UD Las Palmas (28),1-1,1-1,Extremadura UD (28)
?,(Sun) 3 Mar 2019 (W9),RCD Mallorca (28),1-1,0-1,Elche CF (28)
?,(Sun) 3 Mar 2019 (W9),CD Numancia (28),1-2,1-2,Sporting Gijón (28)
?,(Sun) 3 Mar 2019 (W9),Real Oviedo (28),1-1,1-0,CD Lugo (28)
?,(Sun) 3 Mar 2019 (W9),CF Rayo Majadahonda (28),0-3,0-1,Granada CF (28)
?,(Sun) 3 Mar 2019 (W9),CF Reus (28),0-1,?,CD Tenerife (28)
?,(Sun) 3 Mar 2019 (W9),Real Zaragoza (28),1-2,0-0,UD Almería (28)
?,(Mon) 4 Mar 2019 (W10),RCD La Coruña (28),2-2,1-1,AD Alcorcón (28)
?,(Sat) 9 Mar 2019 (W10),Elche CF (29),1-0,1-0,Cádiz CF (29)
?,(Sat) 9 Mar 2019 (W10),Gimnàstic Tarragona (29),1-0,0-0,Albacete Balompié (29)
?,(Sat) 9 Mar 2019 (W10),RCD Mallorca (29),1-0,0-0,Real Oviedo (29)
?,(Sat) 9 Mar 2019 (W10),Sporting Gijón (29),1-0,0-0,UD Almería (29)
?,(Sun) 10 Mar 2019 (W10),Extremadura UD (29),3-0,2-0,Córdoba CF (29)
?,(Sun) 10 Mar 2019 (W10),Granada CF (29),1-0,1-0,Real Zaragoza (29)
?,(Sun) 10 Mar 2019 (W10),RCD La Coruña (29),0-1,0-0,UD Las Palmas (29)
?,(Sun) 10 Mar 2019 (W10),CD Lugo (29),1-0,?,CF Reus (29)
?,(Sun) 10 Mar 2019 (W10),CF Rayo Majadahonda (29),2-0,1-0,AD Alcorcón (29)
?,(Sun) 10 Mar 2019 (W10),CD Tenerife (29),1-1,1-0,CD Numancia (29)
?,(Mon) 11 Mar 2019 (W11),Málaga CF (29),1-2,1-0,CA Osasuna (29)
?,(Sat) 16 Mar 2019 (W11),Albacete Balompié (30),1-0,0-0,Extremadura UD (30)
?,(Sat) 16 Mar 2019 (W11),AD Alcorcón (30),1-1,1-0,CD Tenerife (30)
?,(Sat) 16 Mar 2019 (W11),Cádiz CF (30),1-1,0-0,CD Lugo (30)
?,(Sat) 16 Mar 2019 (W11),Real Zaragoza (30),1-0,1-0,Elche CF (30)
?,(Sun) 17 Mar 2019 (W11),UD Almería (30),0-0,0-0,Granada CF (30)
?,(Sun) 17 Mar 2019 (W11),Córdoba CF (30),1-2,1-1,Sporting Gijón (30)
?,(Sun) 17 Mar 2019 (W11),UD Las Palmas (30),1-2,1-1,RCD Mallorca (30)
?,(Sun) 17 Mar 2019 (W11),CA Osasuna (30),3-0,1-0,CF Rayo Majadahonda (30)
?,(Sun) 17 Mar 2019 (W11),Real Oviedo (30),2-0,0-0,Gimnàstic Tarragona (30)
?,(Sun) 17 Mar 2019 (W11),CF Reus (30),0-1,?,RCD La Coruña (30)
?,(Mon) 18 Mar 2019 (W12),CD Numancia (30),1-1,1-0,Málaga CF (30)
?,(Fri) 22 Mar 2019 (W12),RCD La Coruña (31),0-0,0-0,UD Almería (31)
?,(Fri) 22 Mar 2019 (W12),CD Tenerife (31),3-2,0-2,CA Osasuna (31)
?,(Sat) 23 Mar 2019 (W12),Elche CF (31),3-1,2-1,AD Alcorcón (31)
?,(Sat) 23 Mar 2019 (W12),CD Lugo (31),0-3,0-1,Albacete Balompié (31)
?,(Sun) 24 Mar 2019 (W12),Cádiz CF (31),1-1,0-0,Córdoba CF (31)
?,(Sun) 24 Mar 2019 (W12),Extremadura UD (31),1-0,?,CF Reus (31)
?,(Sun) 24 Mar 2019 (W12),Gimnàstic Tarragona (31),0-1,0-0,Málaga CF (31)
?,(Sun) 24 Mar 2019 (W12),Granada CF (31),1-1,0-0,UD Las Palmas (31)
?,(Sun) 24 Mar 2019 (W12),CF Rayo Majadahonda (31),4-0,3-0,CD Numancia (31)
?,(Sun) 24 Mar 2019 (W12),Sporting Gijón (31),1-0,1-0,Real Oviedo (31)
?,(Mon) 25 Mar 2019 (W13),RCD Mallorca (31),3-0,1-0,Real Zaragoza (31)
?,(Fri) 29 Mar 2019 (W13),Málaga CF (32),1-1,0-1,Sporting Gijón (32)
?,(Sat) 30 Mar 2019 (W13),Albacete Balompié (32),2-2,1-1,CD Tenerife (32)
?,(Sat) 30 Mar 2019 (W13),UD Almería (32),2-2,1-0,CF Rayo Majadahonda (32)
?,(Sat) 30 Mar 2019 (W13),CD Numancia (32),2-1,0-0,Granada CF (32)
?,(Sun) 31 Mar 2019 (W13),AD Alcorcón (32),0-0,0-0,CD Lugo (32)
?,(Sun) 31 Mar 2019 (W13),Córdoba CF (32),3-2,1-0,RCD Mallorca (32)
?,(Sun) 31 Mar 2019 (W13),UD Las Palmas (32),0-1,0-0,Elche CF (32)
?,(Sun) 31 Mar 2019 (W13),CA Osasuna (32),1-0,1-0,Extremadura UD (32)
?,(Sun) 31 Mar 2019 (W13),Real Oviedo (32),1-1,1-0,RCD La Coruña (32)
?,(Sun) 31 Mar 2019 (W13),CF Reus (32),0-1,?,Cádiz CF (32)
?,(Mon) 1 Apr 2019 (W14),Real Zaragoza (32),3-0,3-0,Gimnàstic Tarragona (32)
?,(Fri) 5 Apr 2019 (W14),CD Tenerife (33),0-1,0-1,Sporting Gijón (33)
?,(Sat) 6 Apr 2019 (W14),Extremadura UD (33),1-0,0-0,UD Almería (33)
?,(Sat) 6 Apr 2019 (W14),Granada CF (33),1-0,1-0,Málaga CF (33)
?,(Sat) 6 Apr 2019 (W14),RCD La Coruña (33),0-2,0-0,CF Rayo Majadahonda (33)
?,(Sat) 6 Apr 2019 (W14),Real Oviedo (33),1-1,0-0,UD Las Palmas (33)
?,(Sun) 7 Apr 2019 (W14),AD Alcorcón (33),0-1,0-1,Albacete Balompié (33)
?,(Sun) 7 Apr 2019 (W14),Elche CF (33),1-0,1-0,Córdoba CF (33)
?,(Sun) 7 Apr 2019 (W14),Gimnàstic Tarragona (33),2-0,1-0,CD Numancia (33)
?,(Sun) 7 Apr 2019 (W14),CD Lugo (33),2-2,1-0,CA Osasuna (33)
?,(Sun) 7 Apr 2019 (W14),RCD Mallorca (33),1-0,?,CF Reus (33)
?,(Mon) 8 Apr 2019 (W15),Cádiz CF (33),3-3,1-2,Real Zaragoza (33)
?,(Fri) 12 Apr 2019 (W15),Sporting Gijón (34),1-0,1-0,Granada CF (34)
?,(Sat) 13 Apr 2019 (W15),UD Almería (34),3-0,2-0,Gimnàstic Tarragona (34)
?,(Sat) 13 Apr 2019 (W15),Málaga CF (34),1-2,0-1,Extremadura UD (34)
?,(Sat) 13 Apr 2019 (W15),CA Osasuna (34),2-1,2-1,RCD La Coruña (34)
?,(Sat) 13 Apr 2019 (W15),CF Rayo Majadahonda (34),1-3,1-1,CD Tenerife (34)
?,(Sun) 14 Apr 2019 (W15),Albacete Balompié (34),1-1,0-0,Elche CF (34)
?,(Sun) 14 Apr 2019 (W15),Córdoba CF (34),0-4,0-1,CD Lugo (34)
?,(Sun) 14 Apr 2019 (W15),UD Las Palmas (34),0-3,0-0,Cádiz CF (34)
?,(Sun) 14 Apr 2019 (W15),CD Numancia (34),1-1,1-0,RCD Mallorca (34)
?,(Sun) 14 Apr 2019 (W15),CF Reus (34),0-1,?,Real Oviedo (34)
?,(Sun) 14 Apr 2019 (W15),Real Zaragoza (34),0-2,0-1,AD Alcorcón (34)
?,(Fri) 19 Apr 2019 (W16),AD Alcorcón (35),1-4,1-2,Málaga CF (35)
?,(Fri) 19 Apr 2019 (W16),Real Zaragoza (35),1-0,?,CF Reus (35)
?,(Sat) 20 Apr 2019 (W16),Albacete Balompié (35),4-2,3-2,UD Las Palmas (35)
?,(Sat) 20 Apr 2019 (W16),Gimnàstic Tarragona (35),0-0,0-0,Sporting Gijón (35)
?,(Sat) 20 Apr 2019 (W16),CD Lugo (35),1-2,0-1,Granada CF (35)
?,(Sat) 20 Apr 2019 (W16),RCD Mallorca (35),2-0,2-0,CF Rayo Majadahonda (35)
?,(Sun) 21 Apr 2019 (W16),Cádiz CF (35),2-1,1-0,CD Numancia (35)
?,(Sun) 21 Apr 2019 (W16),RCD La Coruña (35),1-2,0-1,Extremadura UD (35)
?,(Sun) 21 Apr 2019 (W16),Real Oviedo (35),3-3,2-1,Córdoba CF (35)
?,(Sun) 21 Apr 2019 (W16),CD Tenerife (35),1-3,0-1,UD Almería (35)
?,(Mon) 22 Apr 2019 (W17),Elche CF (35),1-2,1-0,CA Osasuna (35)
?,(Fri) 26 Apr 2019 (W17),CD Numancia (36),1-2,0-2,RCD La Coruña (36)
?,(Sat) 27 Apr 2019 (W17),UD Almería (36),0-1,0-0,Real Oviedo (36)
?,(Sat) 27 Apr 2019 (W17),Extremadura UD (36),1-0,1-0,CD Tenerife (36)
?,(Sat) 27 Apr 2019 (W17),Málaga CF (36),0-1,0-0,RCD Mallorca (36)
?,(Sat) 27 Apr 2019 (W17),CA Osasuna (36),2-0,0-0,Albacete Balompié (36)
?,(Sun) 28 Apr 2019 (W17),Córdoba CF (36),0-3,0-0,Real Zaragoza (36)
?,(Sun) 28 Apr 2019 (W17),Granada CF (36),2-0,2-0,Gimnàstic Tarragona (36)
?,(Sun) 28 Apr 2019 (W17),UD Las Palmas (36),4-1,3-0,CD Lugo (36)
?,(Sun) 28 Apr 2019 (W17),CF Rayo Majadahonda (36),1-1,0-1,Cádiz CF (36)
?,(Sun) 28 Apr 2019 (W17),CF Reus (36),0-1,?,AD Alcorcón (36)
?,(Sun) 28 Apr 2019 (W17),Sporting Gijón (36),1-1,1-0,Elche CF (36)
?,(Fri) 3 May 2019 (W18),Córdoba CF (37),1-0,?,CF Reus (37)
?,(Sat) 4 May 2019 (W18),AD Alcorcón (37),0-0,0-0,CA Osasuna (37)
?,(Sat) 4 May 2019 (W18),Gimnàstic Tarragona (37),0-1,0-0,Extremadura UD (37)
?,(Sat) 4 May 2019 (W18),CD Tenerife (37),2-1,0-0,UD Las Palmas (37)
?,(Sat) 4 May 2019 (W18),Real Zaragoza (37),0-1,0-0,RCD La Coruña (37)
?,(Sun) 5 May 2019 (W18),Albacete Balompié (37),0-0,0-0,CD Numancia (37)
?,(Sun) 5 May 2019 (W18),Elche CF (37),2-1,0-0,CF Rayo Majadahonda (37)
?,(Sun) 5 May 2019 (W18),CD Lugo (37),4-2,2-1,UD Almería (37)
?,(Sun) 5 May 2019 (W18),RCD Mallorca (37),2-1,1-1,Sporting Gijón (37)
?,(Sun) 5 May 2019 (W18),Real Oviedo (37),1-1,0-0,Granada CF (37)
?,(Mon) 6 May 2019 (W19),Cádiz CF (37),1-1,1-1,Málaga CF (37)
?,(Fri) 10 May 2019 (W19),Granada CF (38),2-1,2-0,CD Tenerife (38)
?,(Fri) 10 May 2019 (W19),CA Osasuna (38),1-0,?,CF Reus (38)
?,(Sat) 11 May 2019 (W19),Extremadura UD (38),0-3,0-1,Real Zaragoza (38)
?,(Sat) 11 May 2019 (W19),Gimnàstic Tarragona (38),2-1,1-0,RCD Mallorca (38)
?,(Sat) 11 May 2019 (W19),CD Numancia (38),2-0,1-0,AD Alcorcón (38)
?,(Sat) 11 May 2019 (W19),Sporting Gijón (38),0-0,0-0,CD Lugo (38)
?,(Sun) 12 May 2019 (W19),UD Almería (38),5-3,3-2,Elche CF (38)
?,(Sun) 12 May 2019 (W19),RCD La Coruña (38),1-1,1-0,Cádiz CF (38)
?,(Sun) 12 May 2019 (W19),UD Las Palmas (38),1-0,1-0,Córdoba CF (38)
?,(Sun) 12 May 2019 (W19),CF Rayo Majadahonda (38),2-3,1-3,Albacete Balompié (38)
?,(Mon) 13 May 2019 (W20),Málaga CF (38),3-0,2-0,Real Oviedo (38)
?,(Fri) 17 May 2019 (W20),Real Zaragoza (39),4-2,1-1,Sporting Gijón (39)
?,(Sat) 18 May 2019 (W20),AD Alcorcón (39),0-1,0-0,Extremadura UD (39)
?,(Sat) 18 May 2019 (W20),Elche CF (39),3-0,1-0,CD Tenerife (39)
?,(Sun) 19 May 2019 (W20),Cádiz CF (39),0-0,0-0,CA Osasuna (39)
?,(Sun) 19 May 2019 (W20),Córdoba CF (39),4-3,3-0,Gimnàstic Tarragona (39)
?,(Sun) 19 May 2019 (W20),UD Las Palmas (39),3-2,0-1,CF Rayo Majadahonda (39)
?,(Sun) 19 May 2019 (W20),CD Lugo (39),1-0,0-0,RCD La Coruña (39)
?,(Sun) 19 May 2019 (W20),RCD Mallorca (39),1-0,0-0,UD Almería (39)
?,(Sun) 19 May 2019 (W20),Real Oviedo (39),1-0,0-0,CD Numancia (39)
?,(Sun) 19 May 2019 (W20),CF Reus (39),0-1,?,Málaga CF (39)
?,(Mon) 20 May 2019 (W21),Albacete Balompié (39),0-1,0-0,Granada CF (39)
?,(Fri) 24 May 2019 (W21),Málaga CF (40),3-1,0-1,Real Zaragoza (40)
?,(Sat) 25 May 2019 (W21),CA Osasuna (40),2-0,1-0,UD Las Palmas (40)
?,(Sat) 25 May 2019 (W21),CF Rayo Majadahonda (40),0-0,0-0,Córdoba CF (40)
?,(Sat) 25 May 2019 (W21),Sporting Gijón (40),0-2,0-1,Albacete Balompié (40)
?,(Sun) 26 May 2019 (W21),UD Almería (40),0-0,0-0,AD Alcorcón (40)
?,(Sun) 26 May 2019 (W21),Extremadura UD (40),0-0,0-0,CD Lugo (40)
?,(Sun) 26 May 2019 (W21),Gimnàstic Tarragona (40),3-3,0-1,Elche CF (40)
?,(Sun) 26 May 2019 (W21),Granada CF (40),1-1,1-0,Cádiz CF (40)
?,(Sun) 26 May 2019 (W21),CD Numancia (40),1-0,?,CF Reus (40)
?,(Sun) 26 May 2019 (W21),CD Tenerife (40),2-1,1-0,Real Oviedo (40)
?,(Mon) 27 May 2019 (W22),RCD La Coruña (40),1-0,0-0,RCD Mallorca (40)
?,(Fri) 31 May 2019 (W22),Córdoba CF (41),2-3,0-2,CA Osasuna (41)
?,(Sat) 1 Jun 2019 (W22),AD Alcorcón (41),0-1,0-1,Gimnàstic Tarragona (41)
?,(Sun) 2 Jun 2019 (W22),UD Las Palmas (41),0-0,0-0,UD Almería (41)
?,(Sun) 2 Jun 2019 (W22),CF Reus (41),0-1,?,Sporting Gijón (41)
?,(Tue) 4 Jun 2019 (W23),Albacete Balompié (41),1-2,0-1,Málaga CF (41)
?,(Tue) 4 Jun 2019 (W23),Cádiz CF (41),0-1,0-1,Extremadura UD (41)
?,(Tue) 4 Jun 2019 (W23),Elche CF (41),0-0,0-0,RCD La Coruña (41)
?,(Tue) 4 Jun 2019 (W23),CD Lugo (41),0-0,0-0,CD Tenerife (41)
?,(Tue) 4 Jun 2019 (W23),RCD Mallorca (41),1-1,0-0,Granada CF (41)
?,(Tue) 4 Jun 2019 (W23),Real Oviedo (41),4-3,1-1,CF Rayo Majadahonda (41)
?,(Tue) 4 Jun 2019 (W23),Real Zaragoza (41),0-0,0-0,CD Numancia (41)
?,(Sat) 8 Jun 2019 (W23),UD Almería (42),3-0,0-0,Albacete Balompié (42)
?,(Sat) 8 Jun 2019 (W23),Extremadura UD (42),0-0,0-0,RCD Mallorca (42)
?,(Sat) 8 Jun 2019 (W23),Granada CF (42),2-1,2-0,AD Alcorcón (42)
?,(Sat) 8 Jun 2019 (W23),RCD La Coruña (42),2-0,1-0,Córdoba CF (42)
?,(Sat) 8 Jun 2019 (W23),Málaga CF (42),3-0,1-0,Elche CF (42)
?,(Sat) 8 Jun 2019 (W23),CF Rayo Majadahonda (42),1-0,?,CF Reus (42)
?,(Sat) 8 Jun 2019 (W23),CA Osasuna (42),1-0,0-0,Real Oviedo (42)
?,(Sat) 8 Jun 2019 (W23),Sporting Gijón (42),1-0,1-0,Cádiz CF (42)
?,(Sun) 9 Jun 2019 (W23),Gimnàstic Tarragona (42),1-1,0-0,CD Lugo (42)
?,(Sun) 9 Jun 2019 (W23),CD Numancia (42),1-1,1-0,UD Las Palmas (42)
?,(Sun) 9 Jun 2019 (W23),CD Tenerife (42),1-0,0-0,Real Zaragoza (42)
