Round,Date,Team 1,FT,HT,Team 2
?,(Fri) 19 Aug 2016 (W33),RCD La Coruña (1),2-1,0-0,SD Eibar (1)
?,(Fri) 19 Aug 2016 (W33),Málaga CF (1),1-1,0-0,CA Osasuna (1)
?,(Sat) 20 Aug 2016 (W33),FC Barcelona (1),6-2,3-1,Real Betis (1)
?,(Sat) 20 Aug 2016 (W33),Granada CF (1),1-1,0-0,Villarreal CF (1)
?,(Sat) 20 Aug 2016 (W33),Sevilla FC (1),6-4,3-3,RCD Espanyol (1)
?,(Sun) 21 Aug 2016 (W33),Atlético Madrid (1),1-1,0-0,Deportivo Alavés (1)
?,(Sun) 21 Aug 2016 (W33),Real Sociedad (1),0-3,0-2,Real Madrid (1)
?,(Sun) 21 Aug 2016 (W33),Sporting Gijón (1),2-1,0-0,Athletic Club Bilbao (1)
?,(Mon) 22 Aug 2016 (W34),RC Celta Vigo (1),0-1,0-0,CD Leganés (1)
?,(Mon) 22 Aug 2016 (W34),Valencia CF (1),2-4,2-3,UD Las Palmas (1)
?,(Fri) 26 Aug 2016 (W34),Real Betis (2),0-0,0-0,RCD La Coruña (2)
?,(Fri) 26 Aug 2016 (W34),RCD Espanyol (2),2-2,1-0,Málaga CF (2)
?,(Sat) 27 Aug 2016 (W34),SD Eibar (2),1-0,0-0,Valencia CF (2)
?,(Sat) 27 Aug 2016 (W34),CD Leganés (2),0-0,0-0,Atlético Madrid (2)
?,(Sat) 27 Aug 2016 (W34),CA Osasuna (2),0-2,0-1,Real Sociedad (2)
?,(Sat) 27 Aug 2016 (W34),Real Madrid (2),2-1,0-0,RC Celta Vigo (2)
?,(Sun) 28 Aug 2016 (W34),Deportivo Alavés (2),0-0,0-0,Sporting Gijón (2)
?,(Sun) 28 Aug 2016 (W34),Athletic Club Bilbao (2),0-1,0-1,FC Barcelona (2)
?,(Sun) 28 Aug 2016 (W34),UD Las Palmas (2),5-1,1-1,Granada CF (2)
?,(Sun) 28 Aug 2016 (W34),Villarreal CF (2),0-0,0-0,Sevilla FC (2)
?,(Fri) 9 Sep 2016 (W36),Real Sociedad (3),1-1,0-0,RCD Espanyol (3)
?,(Sat) 10 Sep 2016 (W36),FC Barcelona (3),1-2,0-1,Deportivo Alavés (3)
?,(Sat) 10 Sep 2016 (W36),RC Celta Vigo (3),0-4,0-0,Atlético Madrid (3)
?,(Sat) 10 Sep 2016 (W36),Málaga CF (3),0-2,0-2,Villarreal CF (3)
?,(Sat) 10 Sep 2016 (W36),Real Madrid (3),5-2,3-0,CA Osasuna (3)
?,(Sat) 10 Sep 2016 (W36),Sevilla FC (3),2-1,0-1,UD Las Palmas (3)
?,(Sun) 11 Sep 2016 (W36),Granada CF (3),1-2,0-1,SD Eibar (3)
?,(Sun) 11 Sep 2016 (W36),RCD La Coruña (3),0-1,0-1,Athletic Club Bilbao (3)
?,(Sun) 11 Sep 2016 (W36),Sporting Gijón (3),2-1,2-0,CD Leganés (3)
?,(Sun) 11 Sep 2016 (W36),Valencia CF (3),2-3,0-1,Real Betis (3)
?,(Fri) 16 Sep 2016 (W37),Real Betis (4),2-2,1-2,Granada CF (4)
?,(Sat) 17 Sep 2016 (W37),Atlético Madrid (4),5-0,3-0,Sporting Gijón (4)
?,(Sat) 17 Sep 2016 (W37),SD Eibar (4),1-1,0-1,Sevilla FC (4)
?,(Sat) 17 Sep 2016 (W37),UD Las Palmas (4),1-0,1-0,Málaga CF (4)
?,(Sat) 17 Sep 2016 (W37),CD Leganés (4),1-5,0-3,FC Barcelona (4)
?,(Sun) 18 Sep 2016 (W37),Athletic Club Bilbao (4),2-1,2-1,Valencia CF (4)
?,(Sun) 18 Sep 2016 (W37),RCD Espanyol (4),0-2,0-1,Real Madrid (4)
?,(Sun) 18 Sep 2016 (W37),CA Osasuna (4),0-0,0-0,RC Celta Vigo (4)
?,(Sun) 18 Sep 2016 (W37),Villarreal CF (4),2-1,2-1,Real Sociedad (4)
?,(Mon) 19 Sep 2016 (W38),Deportivo Alavés (4),0-0,0-0,RCD La Coruña (4)
?,(Tue) 20 Sep 2016 (W38),Málaga CF (5),2-1,1-1,SD Eibar (5)
?,(Tue) 20 Sep 2016 (W38),Sevilla FC (5),1-0,0-0,Real Betis (5)
?,(Wed) 21 Sep 2016 (W38),FC Barcelona (5),1-1,1-0,Atlético Madrid (5)
?,(Wed) 21 Sep 2016 (W38),RC Celta Vigo (5),2-1,0-0,Sporting Gijón (5)
?,(Wed) 21 Sep 2016 (W38),Granada CF (5),1-2,1-1,Athletic Club Bilbao (5)
?,(Wed) 21 Sep 2016 (W38),Real Madrid (5),1-1,0-1,Villarreal CF (5)
?,(Wed) 21 Sep 2016 (W38),Real Sociedad (5),4-1,3-0,UD Las Palmas (5)
?,(Thu) 22 Sep 2016 (W38),RCD La Coruña (5),1-2,1-0,CD Leganés (5)
?,(Thu) 22 Sep 2016 (W38),CA Osasuna (5),1-2,0-1,RCD Espanyol (5)
?,(Thu) 22 Sep 2016 (W38),Valencia CF (5),2-1,1-1,Deportivo Alavés (5)
?,(Fri) 23 Sep 2016 (W38),Real Betis (6),1-0,1-0,Málaga CF (6)
?,(Sat) 24 Sep 2016 (W38),Athletic Club Bilbao (6),3-1,1-0,Sevilla FC (6)
?,(Sat) 24 Sep 2016 (W38),SD Eibar (6),2-0,0-0,Real Sociedad (6)
?,(Sat) 24 Sep 2016 (W38),UD Las Palmas (6),2-2,1-1,Real Madrid (6)
?,(Sat) 24 Sep 2016 (W38),Sporting Gijón (6),0-5,0-2,FC Barcelona (6)
?,(Sun) 25 Sep 2016 (W38),Atlético Madrid (6),1-0,0-0,RCD La Coruña (6)
?,(Sun) 25 Sep 2016 (W38),RCD Espanyol (6),0-2,0-0,RC Celta Vigo (6)
?,(Sun) 25 Sep 2016 (W38),CD Leganés (6),1-2,1-1,Valencia CF (6)
?,(Sun) 25 Sep 2016 (W38),Villarreal CF (6),3-1,3-1,CA Osasuna (6)
?,(Mon) 26 Sep 2016 (W39),Deportivo Alavés (6),3-1,0-0,Granada CF (6)
?,(Fri) 30 Sep 2016 (W39),Real Sociedad (7),1-0,0-0,Real Betis (7)
?,(Sat) 1 Oct 2016 (W39),Granada CF (7),0-1,0-0,CD Leganés (7)
?,(Sat) 1 Oct 2016 (W39),RCD La Coruña (7),2-1,1-0,Sporting Gijón (7)
?,(Sat) 1 Oct 2016 (W39),CA Osasuna (7),2-2,2-0,UD Las Palmas (7)
?,(Sat) 1 Oct 2016 (W39),Sevilla FC (7),2-1,0-0,Deportivo Alavés (7)
?,(Sun) 2 Oct 2016 (W39),RC Celta Vigo (7),4-3,3-0,FC Barcelona (7)
?,(Sun) 2 Oct 2016 (W39),RCD Espanyol (7),0-0,0-0,Villarreal CF (7)
?,(Sun) 2 Oct 2016 (W39),Málaga CF (7),2-1,0-1,Athletic Club Bilbao (7)
?,(Sun) 2 Oct 2016 (W39),Real Madrid (7),1-1,1-1,SD Eibar (7)
?,(Sun) 2 Oct 2016 (W39),Valencia CF (7),0-2,0-0,Atlético Madrid (7)
?,(Fri) 14 Oct 2016 (W41),UD Las Palmas (8),0-0,0-0,RCD Espanyol (8)
?,(Sat) 15 Oct 2016 (W41),Atlético Madrid (8),7-1,2-1,Granada CF (8)
?,(Sat) 15 Oct 2016 (W41),FC Barcelona (8),4-0,3-0,RCD La Coruña (8)
?,(Sat) 15 Oct 2016 (W41),Real Betis (8),1-6,0-4,Real Madrid (8)
?,(Sat) 15 Oct 2016 (W41),CD Leganés (8),2-3,0-1,Sevilla FC (8)
?,(Sun) 16 Oct 2016 (W41),Deportivo Alavés (8),1-1,1-0,Málaga CF (8)
?,(Sun) 16 Oct 2016 (W41),Athletic Club Bilbao (8),3-2,0-1,Real Sociedad (8)
?,(Sun) 16 Oct 2016 (W41),Sporting Gijón (8),1-2,1-1,Valencia CF (8)
?,(Sun) 16 Oct 2016 (W41),Villarreal CF (8),5-0,3-0,RC Celta Vigo (8)
?,(Mon) 17 Oct 2016 (W42),SD Eibar (8),2-3,2-2,CA Osasuna (8)
?,(Fri) 21 Oct 2016 (W42),CA Osasuna (9),1-2,0-1,Real Betis (9)
?,(Sat) 22 Oct 2016 (W42),RCD Espanyol (9),3-3,0-3,SD Eibar (9)
?,(Sat) 22 Oct 2016 (W42),Granada CF (9),0-0,0-0,Sporting Gijón (9)
?,(Sat) 22 Oct 2016 (W42),Real Sociedad (9),3-0,1-0,Deportivo Alavés (9)
?,(Sat) 22 Oct 2016 (W42),Valencia CF (9),2-3,0-1,FC Barcelona (9)
?,(Sun) 23 Oct 2016 (W42),RC Celta Vigo (9),4-1,1-1,RCD La Coruña (9)
?,(Sun) 23 Oct 2016 (W42),Málaga CF (9),4-0,2-0,CD Leganés (9)
?,(Sun) 23 Oct 2016 (W42),Real Madrid (9),2-1,1-1,Athletic Club Bilbao (9)
?,(Sun) 23 Oct 2016 (W42),Sevilla FC (9),1-0,0-0,Atlético Madrid (9)
?,(Sun) 23 Oct 2016 (W42),Villarreal CF (9),2-1,0-1,UD Las Palmas (9)
?,(Fri) 28 Oct 2016 (W43),CD Leganés (10),0-2,0-1,Real Sociedad (10)
?,(Sat) 29 Oct 2016 (W43),Deportivo Alavés (10),1-4,1-2,Real Madrid (10)
?,(Sat) 29 Oct 2016 (W43),Atlético Madrid (10),4-2,3-1,Málaga CF (10)
?,(Sat) 29 Oct 2016 (W43),FC Barcelona (10),1-0,0-0,Granada CF (10)
?,(Sat) 29 Oct 2016 (W43),Sporting Gijón (10),1-1,1-1,Sevilla FC (10)
?,(Sun) 30 Oct 2016 (W43),Athletic Club Bilbao (10),1-1,1-1,CA Osasuna (10)
?,(Sun) 30 Oct 2016 (W43),Real Betis (10),0-1,0-0,RCD Espanyol (10)
?,(Sun) 30 Oct 2016 (W43),SD Eibar (10),2-1,0-1,Villarreal CF (10)
?,(Sun) 30 Oct 2016 (W43),UD Las Palmas (10),3-3,0-3,RC Celta Vigo (10)
?,(Mon) 31 Oct 2016 (W44),RCD La Coruña (10),1-1,1-0,Valencia CF (10)
?,(Fri) 4 Nov 2016 (W44),Málaga CF (11),3-2,1-1,Sporting Gijón (11)
?,(Sat) 5 Nov 2016 (W44),Granada CF (11),1-1,0-0,RCD La Coruña (11)
?,(Sat) 5 Nov 2016 (W44),UD Las Palmas (11),1-0,0-0,SD Eibar (11)
?,(Sat) 5 Nov 2016 (W44),CA Osasuna (11),0-1,0-0,Deportivo Alavés (11)
?,(Sat) 5 Nov 2016 (W44),Real Sociedad (11),2-0,0-0,Atlético Madrid (11)
?,(Sun) 6 Nov 2016 (W44),RC Celta Vigo (11),2-1,1-1,Valencia CF (11)
?,(Sun) 6 Nov 2016 (W44),RCD Espanyol (11),0-0,0-0,Athletic Club Bilbao (11)
?,(Sun) 6 Nov 2016 (W44),Real Madrid (11),3-0,2-0,CD Leganés (11)
?,(Sun) 6 Nov 2016 (W44),Sevilla FC (11),1-2,1-1,FC Barcelona (11)
?,(Sun) 6 Nov 2016 (W44),Villarreal CF (11),2-0,1-0,Real Betis (11)
?,(Fri) 18 Nov 2016 (W46),Real Betis (12),2-0,2-0,UD Las Palmas (12)
?,(Sat) 19 Nov 2016 (W46),Atlético Madrid (12),0-3,0-1,Real Madrid (12)
?,(Sat) 19 Nov 2016 (W46),FC Barcelona (12),0-0,0-0,Málaga CF (12)
?,(Sat) 19 Nov 2016 (W46),SD Eibar (12),1-0,1-0,RC Celta Vigo (12)
?,(Sat) 19 Nov 2016 (W46),RCD La Coruña (12),2-3,2-1,Sevilla FC (12)
?,(Sun) 20 Nov 2016 (W46),Deportivo Alavés (12),0-1,0-0,RCD Espanyol (12)
?,(Sun) 20 Nov 2016 (W46),Athletic Club Bilbao (12),1-0,0-0,Villarreal CF (12)
?,(Sun) 20 Nov 2016 (W46),Sporting Gijón (12),1-3,1-1,Real Sociedad (12)
?,(Sun) 20 Nov 2016 (W46),Valencia CF (12),1-1,0-1,Granada CF (12)
?,(Mon) 21 Nov 2016 (W47),CD Leganés (12),2-0,1-0,CA Osasuna (12)
?,(Fri) 25 Nov 2016 (W47),SD Eibar (13),3-1,2-0,Real Betis (13)
?,(Sat) 26 Nov 2016 (W47),RCD Espanyol (13),3-0,0-0,CD Leganés (13)
?,(Sat) 26 Nov 2016 (W47),Málaga CF (13),4-3,2-1,RCD La Coruña (13)
?,(Sat) 26 Nov 2016 (W47),Real Madrid (13),2-1,2-1,Sporting Gijón (13)
?,(Sat) 26 Nov 2016 (W47),Sevilla FC (13),2-1,0-0,Valencia CF (13)
?,(Sun) 27 Nov 2016 (W47),RC Celta Vigo (13),3-1,2-0,Granada CF (13)
?,(Sun) 27 Nov 2016 (W47),CA Osasuna (13),0-3,0-2,Atlético Madrid (13)
?,(Sun) 27 Nov 2016 (W47),Real Sociedad (13),1-1,0-0,FC Barcelona (13)
?,(Sun) 27 Nov 2016 (W47),Villarreal CF (13),0-2,0-2,Deportivo Alavés (13)
?,(Mon) 28 Nov 2016 (W48),UD Las Palmas (13),3-1,1-0,Athletic Club Bilbao (13)
?,(Sat) 3 Dec 2016 (W48),Atlético Madrid (14),0-0,0-0,RCD Espanyol (14)
?,(Sat) 3 Dec 2016 (W48),FC Barcelona (14),1-1,0-0,Real Madrid (14)
?,(Sat) 3 Dec 2016 (W48),Granada CF (14),2-1,1-0,Sevilla FC (14)
?,(Sat) 3 Dec 2016 (W48),CD Leganés (14),0-0,0-0,Villarreal CF (14)
?,(Sun) 4 Dec 2016 (W48),Deportivo Alavés (14),1-1,1-0,UD Las Palmas (14)
?,(Sun) 4 Dec 2016 (W48),Athletic Club Bilbao (14),3-1,1-0,SD Eibar (14)
?,(Sun) 4 Dec 2016 (W48),Real Betis (14),3-3,1-1,RC Celta Vigo (14)
?,(Sun) 4 Dec 2016 (W48),Sporting Gijón (14),3-1,1-0,CA Osasuna (14)
?,(Sun) 4 Dec 2016 (W48),Valencia CF (14),2-2,2-1,Málaga CF (14)
?,(Mon) 5 Dec 2016 (W49),RCD La Coruña (14),5-1,3-0,Real Sociedad (14)
?,(Fri) 9 Dec 2016 (W49),Málaga CF (15),1-1,1-0,Granada CF (15)
?,(Sat) 10 Dec 2016 (W49),UD Las Palmas (15),1-1,1-0,CD Leganés (15)
?,(Sat) 10 Dec 2016 (W49),CA Osasuna (15),0-3,0-0,FC Barcelona (15)
?,(Sat) 10 Dec 2016 (W49),Real Madrid (15),3-2,0-0,RCD La Coruña (15)
?,(Sat) 10 Dec 2016 (W49),Real Sociedad (15),3-2,2-1,Valencia CF (15)
?,(Sun) 11 Dec 2016 (W49),Real Betis (15),1-0,1-0,Athletic Club Bilbao (15)
?,(Sun) 11 Dec 2016 (W49),RC Celta Vigo (15),0-3,0-0,Sevilla FC (15)
?,(Sun) 11 Dec 2016 (W49),SD Eibar (15),0-0,0-0,Deportivo Alavés (15)
?,(Sun) 11 Dec 2016 (W49),RCD Espanyol (15),2-1,0-0,Sporting Gijón (15)
?,(Mon) 12 Dec 2016 (W50),Villarreal CF (15),3-0,2-0,Atlético Madrid (15)
?,(Fri) 16 Dec 2016 (W50),Deportivo Alavés (16),1-0,0-0,Real Betis (16)
?,(Sat) 17 Dec 2016 (W50),Atlético Madrid (16),1-0,0-0,UD Las Palmas (16)
?,(Sat) 17 Dec 2016 (W50),Granada CF (16),0-2,0-0,Real Sociedad (16)
?,(Sat) 17 Dec 2016 (W50),Sevilla FC (16),4-1,4-0,Málaga CF (16)
?,(Sat) 17 Dec 2016 (W50),Sporting Gijón (16),1-3,0-2,Villarreal CF (16)
?,(Sun) 18 Dec 2016 (W50),FC Barcelona (16),4-1,1-0,RCD Espanyol (16)
?,(Sun) 18 Dec 2016 (W50),RCD La Coruña (16),2-0,2-0,CA Osasuna (16)
?,(Sun) 18 Dec 2016 (W50),CD Leganés (16),1-1,1-0,SD Eibar (16)
?,(Mon) 19 Dec 2016 (W51),Athletic Club Bilbao (16),2-1,0-0,RC Celta Vigo (16)
?,(Fri) 6 Jan 2017 (W1),RCD Espanyol (17),1-1,0-0,RCD La Coruña (17)
?,(Sat) 7 Jan 2017 (W1),SD Eibar (17),0-2,0-0,Atlético Madrid (17)
?,(Sat) 7 Jan 2017 (W1),UD Las Palmas (17),1-0,0-0,Sporting Gijón (17)
?,(Sat) 7 Jan 2017 (W1),Real Madrid (16),5-0,4-0,Granada CF (17)
?,(Sat) 7 Jan 2017 (W1),Real Sociedad (17),0-4,0-2,Sevilla FC (17)
?,(Sun) 8 Jan 2017 (W1),Athletic Club Bilbao (17),0-0,0-0,Deportivo Alavés (17)
?,(Sun) 8 Jan 2017 (W1),Real Betis (17),2-0,0-0,CD Leganés (17)
?,(Sun) 8 Jan 2017 (W1),RC Celta Vigo (17),3-1,1-0,Málaga CF (17)
?,(Sun) 8 Jan 2017 (W1),Villarreal CF (17),1-1,0-0,FC Barcelona (17)
?,(Mon) 9 Jan 2017 (W2),CA Osasuna (17),3-3,1-2,Valencia CF (16)
?,(Sat) 14 Jan 2017 (W2),Atlético Madrid (18),1-0,1-0,Real Betis (18)
?,(Sat) 14 Jan 2017 (W2),FC Barcelona (18),5-0,1-0,UD Las Palmas (18)
?,(Sat) 14 Jan 2017 (W2),RCD La Coruña (18),0-0,0-0,Villarreal CF (18)
?,(Sat) 14 Jan 2017 (W2),CD Leganés (18),0-0,0-0,Athletic Club Bilbao (18)
?,(Sun) 15 Jan 2017 (W2),RC Celta Vigo (18),1-0,0-0,Deportivo Alavés (18)
?,(Sun) 15 Jan 2017 (W2),Granada CF (18),1-1,0-1,CA Osasuna (18)
?,(Sun) 15 Jan 2017 (W2),Sevilla FC (18),2-1,0-0,Real Madrid (17)
?,(Sun) 15 Jan 2017 (W2),Sporting Gijón (18),2-3,1-3,SD Eibar (18)
?,(Sun) 15 Jan 2017 (W2),Valencia CF (17),2-1,1-0,RCD Espanyol (18)
?,(Mon) 16 Jan 2017 (W3),Málaga CF (18),0-2,0-0,Real Sociedad (18)
?,(Fri) 20 Jan 2017 (W3),UD Las Palmas (19),1-1,1-0,RCD La Coruña (19)
?,(Sat) 21 Jan 2017 (W3),Deportivo Alavés (19),2-2,1-1,CD Leganés (19)
?,(Sat) 21 Jan 2017 (W3),RCD Espanyol (19),3-1,2-1,Granada CF (19)
?,(Sat) 21 Jan 2017 (W3),Real Madrid (18),2-1,2-0,Málaga CF (19)
?,(Sat) 21 Jan 2017 (W3),Villarreal CF (19),0-2,0-2,Valencia CF (18)
?,(Sun) 22 Jan 2017 (W3),Athletic Club Bilbao (19),2-2,1-1,Atlético Madrid (19)
?,(Sun) 22 Jan 2017 (W3),Real Betis (19),0-0,0-0,Sporting Gijón (19)
?,(Sun) 22 Jan 2017 (W3),SD Eibar (19),0-4,0-1,FC Barcelona (19)
?,(Sun) 22 Jan 2017 (W3),CA Osasuna (19),3-4,1-1,Sevilla FC (19)
?,(Sun) 22 Jan 2017 (W3),Real Sociedad (19),1-0,0-0,RC Celta Vigo (19)
?,(Fri) 27 Jan 2017 (W4),CA Osasuna (20),1-1,0-0,Málaga CF (20)
?,(Sat) 28 Jan 2017 (W4),Deportivo Alavés (20),0-0,0-0,Atlético Madrid (20)
?,(Sat) 28 Jan 2017 (W4),SD Eibar (20),3-1,2-1,RCD La Coruña (20)
?,(Sat) 28 Jan 2017 (W4),CD Leganés (20),0-2,0-1,RC Celta Vigo (20)
?,(Sat) 28 Jan 2017 (W4),Villarreal CF (20),2-0,1-0,Granada CF (20)
?,(Sun) 29 Jan 2017 (W4),Athletic Club Bilbao (20),2-1,0-1,Sporting Gijón (20)
?,(Sun) 29 Jan 2017 (W4),Real Betis (20),1-1,0-0,FC Barcelona (20)
?,(Sun) 29 Jan 2017 (W4),RCD Espanyol (20),3-1,2-1,Sevilla FC (20)
?,(Sun) 29 Jan 2017 (W4),Real Madrid (19),3-0,1-0,Real Sociedad (20)
?,(Mon) 30 Jan 2017 (W5),UD Las Palmas (20),3-1,1-1,Valencia CF (19)
?,(Sat) 4 Feb 2017 (W5),Atlético Madrid (21),2-0,1-0,CD Leganés (21)
?,(Sat) 4 Feb 2017 (W5),FC Barcelona (21),3-0,2-0,Athletic Club Bilbao (21)
?,(Sat) 4 Feb 2017 (W5),Málaga CF (21),0-1,0-1,RCD Espanyol (21)
?,(Sat) 4 Feb 2017 (W5),Valencia CF (20),0-4,0-2,SD Eibar (21)
?,(Sun) 5 Feb 2017 (W5),Sevilla FC (21),0-0,0-0,Villarreal CF (21)
?,(Sun) 5 Feb 2017 (W5),Real Sociedad (21),3-2,0-1,CA Osasuna (21)
?,(Sun) 5 Feb 2017 (W5),Sporting Gijón (21),2-4,0-1,Deportivo Alavés (21)
?,(Mon) 6 Feb 2017 (W6),Granada CF (21),1-0,1-0,UD Las Palmas (21)
?,(Fri) 10 Feb 2017 (W6),RCD Espanyol (22),1-2,1-1,Real Sociedad (22)
?,(Sat) 11 Feb 2017 (W6),Deportivo Alavés (22),0-6,0-2,FC Barcelona (22)
?,(Sat) 11 Feb 2017 (W6),Athletic Club Bilbao (22),2-1,0-1,RCD La Coruña (21)
?,(Sat) 11 Feb 2017 (W6),Real Betis (21),0-0,0-0,Valencia CF (21)
?,(Sat) 11 Feb 2017 (W6),CA Osasuna (22),1-3,1-1,Real Madrid (20)
?,(Sun) 12 Feb 2017 (W6),Atlético Madrid (22),3-2,1-1,RC Celta Vigo (21)
?,(Sun) 12 Feb 2017 (W6),UD Las Palmas (22),0-1,0-0,Sevilla FC (22)
?,(Sun) 12 Feb 2017 (W6),CD Leganés (22),0-2,0-0,Sporting Gijón (22)
?,(Sun) 12 Feb 2017 (W6),Villarreal CF (22),1-1,0-1,Málaga CF (22)
?,(Mon) 13 Feb 2017 (W7),SD Eibar (22),4-0,2-0,Granada CF (22)
?,(Fri) 17 Feb 2017 (W7),Granada CF (23),4-1,3-0,Real Betis (22)
?,(Sat) 18 Feb 2017 (W7),RCD La Coruña (22),0-1,0-0,Deportivo Alavés (23)
?,(Sat) 18 Feb 2017 (W7),Real Madrid (21),2-0,1-0,RCD Espanyol (23)
?,(Sat) 18 Feb 2017 (W7),Sevilla FC (23),2-0,1-0,SD Eibar (23)
?,(Sat) 18 Feb 2017 (W7),Sporting Gijón (23),1-4,0-0,Atlético Madrid (23)
?,(Sun) 19 Feb 2017 (W7),FC Barcelona (23),2-1,1-0,CD Leganés (23)
?,(Sun) 19 Feb 2017 (W7),RC Celta Vigo (22),3-0,1-0,CA Osasuna (23)
?,(Sun) 19 Feb 2017 (W7),Real Sociedad (23),0-1,0-0,Villarreal CF (23)
?,(Sun) 19 Feb 2017 (W7),Valencia CF (22),2-0,2-0,Athletic Club Bilbao (23)
?,(Mon) 20 Feb 2017 (W8),Málaga CF (23),2-1,2-1,UD Las Palmas (23)
?,(Wed) 22 Feb 2017 (W8),Valencia CF (23),2-1,2-1,Real Madrid (22)
?,(Fri) 24 Feb 2017 (W8),UD Las Palmas (24),0-1,0-0,Real Sociedad (24)
?,(Sat) 25 Feb 2017 (W8),Deportivo Alavés (24),2-1,0-0,Valencia CF (24)
?,(Sat) 25 Feb 2017 (W8),Real Betis (23),1-2,1-0,Sevilla FC (24)
?,(Sat) 25 Feb 2017 (W8),SD Eibar (24),3-0,1-0,Málaga CF (24)
?,(Sat) 25 Feb 2017 (W8),CD Leganés (24),4-0,2-0,RCD La Coruña (23)
?,(Sun) 26 Feb 2017 (W8),Athletic Club Bilbao (24),3-1,2-1,Granada CF (24)
?,(Sun) 26 Feb 2017 (W8),Atlético Madrid (24),1-2,0-0,FC Barcelona (24)
?,(Sun) 26 Feb 2017 (W8),RCD Espanyol (24),3-0,1-0,CA Osasuna (24)
?,(Sun) 26 Feb 2017 (W8),Sporting Gijón (24),1-1,0-0,RC Celta Vigo (23)
?,(Sun) 26 Feb 2017 (W8),Villarreal CF (24),2-3,0-0,Real Madrid (23)
?,(Tue) 28 Feb 2017 (W9),Málaga CF (25),1-2,1-0,Real Betis (24)
?,(Tue) 28 Feb 2017 (W9),Real Sociedad (25),2-2,1-1,SD Eibar (25)
?,(Tue) 28 Feb 2017 (W9),Valencia CF (25),1-0,1-0,CD Leganés (25)
?,(Wed) 1 Mar 2017 (W9),FC Barcelona (25),6-1,3-1,Sporting Gijón (25)
?,(Wed) 1 Mar 2017 (W9),RC Celta Vigo (24),2-2,2-2,RCD Espanyol (25)
?,(Wed) 1 Mar 2017 (W9),Granada CF (25),2-1,1-0,Deportivo Alavés (25)
?,(Wed) 1 Mar 2017 (W9),CA Osasuna (25),1-4,0-2,Villarreal CF (25)
?,(Wed) 1 Mar 2017 (W9),Real Madrid (24),3-3,1-1,UD Las Palmas (25)
?,(Thu) 2 Mar 2017 (W9),RCD La Coruña (24),1-1,1-0,Atlético Madrid (25)
?,(Thu) 2 Mar 2017 (W9),Sevilla FC (25),1-0,1-0,Athletic Club Bilbao (25)
?,(Fri) 3 Mar 2017 (W9),Real Betis (25),2-3,1-2,Real Sociedad (26)
?,(Sat) 4 Mar 2017 (W9),FC Barcelona (26),5-0,2-0,RC Celta Vigo (25)
?,(Sat) 4 Mar 2017 (W9),SD Eibar (26),1-4,0-3,Real Madrid (25)
?,(Sat) 4 Mar 2017 (W9),CD Leganés (26),1-0,0-0,Granada CF (26)
?,(Sat) 4 Mar 2017 (W9),Villarreal CF (26),2-0,1-0,RCD Espanyol (26)
?,(Sun) 5 Mar 2017 (W9),Athletic Club Bilbao (26),1-0,0-0,Málaga CF (26)
?,(Sun) 5 Mar 2017 (W9),Atlético Madrid (26),3-0,1-0,Valencia CF (26)
?,(Sun) 5 Mar 2017 (W9),UD Las Palmas (26),5-2,1-2,CA Osasuna (26)
?,(Sun) 5 Mar 2017 (W9),Sporting Gijón (26),0-1,0-1,RCD La Coruña (25)
?,(Mon) 6 Mar 2017 (W10),Deportivo Alavés (26),1-1,0-1,Sevilla FC (26)
?,(Wed) 8 Mar 2017 (W10),RCD La Coruña (26),1-1,0-0,Real Betis (26)
?,(Fri) 10 Mar 2017 (W10),RCD Espanyol (27),4-3,2-1,UD Las Palmas (27)
?,(Sat) 11 Mar 2017 (W10),Granada CF (27),0-1,0-0,Atlético Madrid (27)
?,(Sat) 11 Mar 2017 (W10),Málaga CF (27),1-2,0-1,Deportivo Alavés (27)
?,(Sat) 11 Mar 2017 (W10),Sevilla FC (27),1-1,1-1,CD Leganés (27)
?,(Sat) 11 Mar 2017 (W10),Valencia CF (27),1-1,0-0,Sporting Gijón (27)
?,(Sun) 12 Mar 2017 (W10),RC Celta Vigo (26),0-1,0-1,Villarreal CF (27)
?,(Sun) 12 Mar 2017 (W10),RCD La Coruña (27),2-1,1-0,FC Barcelona (27)
?,(Sun) 12 Mar 2017 (W10),Real Madrid (26),2-1,1-1,Real Betis (27)
?,(Sun) 12 Mar 2017 (W10),Real Sociedad (27),0-2,0-1,Athletic Club Bilbao (27)
?,(Mon) 13 Mar 2017 (W11),CA Osasuna (27),1-1,0-0,SD Eibar (27)
?,(Fri) 17 Mar 2017 (W11),UD Las Palmas (28),1-0,1-0,Villarreal CF (28)
?,(Sat) 18 Mar 2017 (W11),Deportivo Alavés (28),1-0,1-0,Real Sociedad (28)
?,(Sat) 18 Mar 2017 (W11),Athletic Club Bilbao (28),1-2,0-1,Real Madrid (27)
?,(Sat) 18 Mar 2017 (W11),Real Betis (28),2-0,2-0,CA Osasuna (28)
?,(Sat) 18 Mar 2017 (W11),SD Eibar (28),1-1,1-0,RCD Espanyol (28)
?,(Sun) 19 Mar 2017 (W11),Atlético Madrid (28),3-1,1-0,Sevilla FC (28)
?,(Sun) 19 Mar 2017 (W11),FC Barcelona (28),4-2,2-2,Valencia CF (28)
?,(Sun) 19 Mar 2017 (W11),RCD La Coruña (28),0-1,0-0,RC Celta Vigo (27)
?,(Sun) 19 Mar 2017 (W11),CD Leganés (28),0-0,0-0,Málaga CF (28)
?,(Sun) 19 Mar 2017 (W11),Sporting Gijón (28),3-1,0-0,Granada CF (28)
?,(Fri) 31 Mar 2017 (W13),RCD Espanyol (29),2-1,0-0,Real Betis (29)
?,(Sat) 1 Apr 2017 (W13),Málaga CF (29),0-2,0-1,Atlético Madrid (29)
?,(Sat) 1 Apr 2017 (W13),CA Osasuna (29),1-2,0-2,Athletic Club Bilbao (29)
?,(Sat) 1 Apr 2017 (W13),Real Sociedad (29),1-1,0-1,CD Leganés (29)
?,(Sat) 1 Apr 2017 (W13),Villarreal CF (29),2-3,1-0,SD Eibar (29)
?,(Sun) 2 Apr 2017 (W13),Granada CF (29),1-4,0-1,FC Barcelona (29)
?,(Sun) 2 Apr 2017 (W13),Real Madrid (28),3-0,1-0,Deportivo Alavés (29)
?,(Sun) 2 Apr 2017 (W13),Sevilla FC (29),0-0,0-0,Sporting Gijón (29)
?,(Sun) 2 Apr 2017 (W13),Valencia CF (29),3-0,2-0,RCD La Coruña (29)
?,(Mon) 3 Apr 2017 (W14),RC Celta Vigo (28),3-1,2-0,UD Las Palmas (29)
?,(Tue) 4 Apr 2017 (W14),Athletic Club Bilbao (30),2-0,2-0,RCD Espanyol (30)
?,(Tue) 4 Apr 2017 (W14),Atlético Madrid (30),1-0,1-0,Real Sociedad (30)
?,(Tue) 4 Apr 2017 (W14),Real Betis (30),0-1,0-0,Villarreal CF (30)
?,(Wed) 5 Apr 2017 (W14),Deportivo Alavés (30),0-1,0-0,CA Osasuna (30)
?,(Wed) 5 Apr 2017 (W14),FC Barcelona (30),3-0,3-0,Sevilla FC (30)
?,(Wed) 5 Apr 2017 (W14),RCD La Coruña (30),0-0,0-0,Granada CF (30)
?,(Wed) 5 Apr 2017 (W14),CD Leganés (30),2-4,2-3,Real Madrid (29)
?,(Wed) 5 Apr 2017 (W14),Sporting Gijón (30),0-1,0-1,Málaga CF (30)
?,(Thu) 6 Apr 2017 (W14),SD Eibar (30),3-1,2-0,UD Las Palmas (30)
?,(Thu) 6 Apr 2017 (W14),Valencia CF (30),3-2,1-1,RC Celta Vigo (29)
?,(Fri) 7 Apr 2017 (W14),Villarreal CF (31),3-1,1-1,Athletic Club Bilbao (31)
?,(Sat) 8 Apr 2017 (W14),RCD Espanyol (31),1-0,0-0,Deportivo Alavés (31)
?,(Sat) 8 Apr 2017 (W14),Málaga CF (31),2-0,1-0,FC Barcelona (31)
?,(Sat) 8 Apr 2017 (W14),Real Madrid (30),1-1,0-0,Atlético Madrid (31)
?,(Sat) 8 Apr 2017 (W14),Sevilla FC (31),4-2,3-2,RCD La Coruña (31)
?,(Sun) 9 Apr 2017 (W14),RC Celta Vigo (30),0-2,0-1,SD Eibar (31)
?,(Sun) 9 Apr 2017 (W14),Granada CF (31),1-3,0-2,Valencia CF (31)
?,(Sun) 9 Apr 2017 (W14),UD Las Palmas (31),4-1,1-0,Real Betis (31)
?,(Sun) 9 Apr 2017 (W14),CA Osasuna (31),2-1,1-1,CD Leganés (31)
?,(Mon) 10 Apr 2017 (W15),Real Sociedad (31),3-1,2-0,Sporting Gijón (31)
?,(Fri) 14 Apr 2017 (W15),Athletic Club Bilbao (32),5-1,3-1,UD Las Palmas (32)
?,(Sat) 15 Apr 2017 (W15),Atlético Madrid (32),3-0,1-0,CA Osasuna (32)
?,(Sat) 15 Apr 2017 (W15),FC Barcelona (32),3-2,3-2,Real Sociedad (32)
?,(Sat) 15 Apr 2017 (W15),RCD La Coruña (32),2-0,0-0,Málaga CF (32)
?,(Sat) 15 Apr 2017 (W15),Sporting Gijón (32),2-3,1-1,Real Madrid (31)
?,(Sun) 16 Apr 2017 (W15),Real Betis (32),2-0,1-0,SD Eibar (32)
?,(Sun) 16 Apr 2017 (W15),Granada CF (32),0-3,0-1,RC Celta Vigo (31)
?,(Sun) 16 Apr 2017 (W15),CD Leganés (32),0-1,0-0,RCD Espanyol (32)
?,(Sun) 16 Apr 2017 (W15),Valencia CF (32),0-0,0-0,Sevilla FC (32)
?,(Mon) 17 Apr 2017 (W16),Deportivo Alavés (32),2-1,2-0,Villarreal CF (32)
?,(Fri) 21 Apr 2017 (W16),Sevilla FC (33),2-0,1-0,Granada CF (33)
?,(Sat) 22 Apr 2017 (W16),RCD Espanyol (33),0-1,0-0,Atlético Madrid (33)
?,(Sat) 22 Apr 2017 (W16),Málaga CF (33),2-0,2-0,Valencia CF (33)
?,(Sat) 22 Apr 2017 (W16),CA Osasuna (33),2-2,1-0,Sporting Gijón (33)
?,(Sat) 22 Apr 2017 (W16),Villarreal CF (33),2-1,0-0,CD Leganés (33)
?,(Sun) 23 Apr 2017 (W16),RC Celta Vigo (32),0-1,0-0,Real Betis (33)
?,(Sun) 23 Apr 2017 (W16),UD Las Palmas (33),1-1,1-0,Deportivo Alavés (33)
?,(Sun) 23 Apr 2017 (W16),Real Madrid (32),2-3,1-1,FC Barcelona (33)
?,(Sun) 23 Apr 2017 (W16),Real Sociedad (33),1-0,1-0,RCD La Coruña (33)
?,(Mon) 24 Apr 2017 (W17),SD Eibar (33),0-1,0-0,Athletic Club Bilbao (33)
?,(Tue) 25 Apr 2017 (W17),Atlético Madrid (34),0-1,0-0,Villarreal CF (34)
?,(Tue) 25 Apr 2017 (W17),Granada CF (34),0-2,0-0,Málaga CF (34)
?,(Tue) 25 Apr 2017 (W17),Sporting Gijón (34),1-1,1-0,RCD Espanyol (34)
?,(Wed) 26 Apr 2017 (W17),FC Barcelona (34),7-1,2-0,CA Osasuna (34)
?,(Wed) 26 Apr 2017 (W17),RCD La Coruña (34),2-6,1-3,Real Madrid (33)
?,(Wed) 26 Apr 2017 (W17),CD Leganés (34),3-0,0-0,UD Las Palmas (34)
?,(Wed) 26 Apr 2017 (W17),Valencia CF (34),2-3,0-2,Real Sociedad (34)
?,(Thu) 27 Apr 2017 (W17),Deportivo Alavés (34),0-0,0-0,SD Eibar (34)
?,(Thu) 27 Apr 2017 (W17),Athletic Club Bilbao (34),2-1,0-0,Real Betis (34)
?,(Thu) 27 Apr 2017 (W17),Sevilla FC (34),2-1,0-0,RC Celta Vigo (33)
?,(Fri) 28 Apr 2017 (W17),Villarreal CF (35),3-1,1-0,Sporting Gijón (35)
?,(Sat) 29 Apr 2017 (W17),RCD Espanyol (35),0-3,0-0,FC Barcelona (35)
?,(Sat) 29 Apr 2017 (W17),UD Las Palmas (35),0-5,0-3,Atlético Madrid (35)
?,(Sat) 29 Apr 2017 (W17),Real Madrid (34),2-1,1-0,Valencia CF (35)
?,(Sat) 29 Apr 2017 (W17),Real Sociedad (35),2-1,1-0,Granada CF (35)
?,(Sun) 30 Apr 2017 (W17),Real Betis (35),1-4,1-0,Deportivo Alavés (35)
?,(Sun) 30 Apr 2017 (W17),RC Celta Vigo (34),0-3,0-1,Athletic Club Bilbao (35)
?,(Sun) 30 Apr 2017 (W17),SD Eibar (35),2-0,0-0,CD Leganés (35)
?,(Sun) 30 Apr 2017 (W17),CA Osasuna (35),2-2,1-1,RCD La Coruña (35)
?,(Mon) 1 May 2017 (W18),Málaga CF (35),4-2,1-1,Sevilla FC (35)
?,(Fri) 5 May 2017 (W18),Sevilla FC (36),1-1,1-0,Real Sociedad (36)
?,(Sat) 6 May 2017 (W18),Atlético Madrid (36),1-0,0-0,SD Eibar (36)
?,(Sat) 6 May 2017 (W18),FC Barcelona (36),4-1,2-1,Villarreal CF (36)
?,(Sat) 6 May 2017 (W18),Granada CF (36),0-4,0-4,Real Madrid (35)
?,(Sat) 6 May 2017 (W18),Sporting Gijón (36),1-0,0-0,UD Las Palmas (36)
?,(Sun) 7 May 2017 (W18),Deportivo Alavés (36),1-0,0-0,Athletic Club Bilbao (36)
?,(Sun) 7 May 2017 (W18),RCD La Coruña (36),1-2,0-2,RCD Espanyol (36)
?,(Sun) 7 May 2017 (W18),Málaga CF (36),3-0,1-0,RC Celta Vigo (35)
?,(Sun) 7 May 2017 (W18),Valencia CF (36),4-1,2-0,CA Osasuna (36)
?,(Mon) 8 May 2017 (W19),CD Leganés (36),4-0,2-0,Real Betis (36)
?,(Sat) 13 May 2017 (W19),RCD Espanyol (37),0-1,0-0,Valencia CF (37)
?,(Sat) 13 May 2017 (W19),CA Osasuna (37),2-1,1-1,Granada CF (37)
?,(Sun) 14 May 2017 (W19),Deportivo Alavés (37),3-1,3-0,RC Celta Vigo (36)
?,(Sun) 14 May 2017 (W19),Athletic Club Bilbao (37),1-1,1-0,CD Leganés (37)
?,(Sun) 14 May 2017 (W19),Real Betis (37),1-1,0-0,Atlético Madrid (37)
?,(Sun) 14 May 2017 (W19),SD Eibar (37),0-1,0-1,Sporting Gijón (37)
?,(Sun) 14 May 2017 (W19),UD Las Palmas (37),1-4,0-2,FC Barcelona (37)
?,(Sun) 14 May 2017 (W19),Real Madrid (36),4-1,2-0,Sevilla FC (37)
?,(Sun) 14 May 2017 (W19),Real Sociedad (37),2-2,1-1,Málaga CF (37)
?,(Sun) 14 May 2017 (W19),Villarreal CF (37),0-0,0-0,RCD La Coruña (37)
?,(Wed) 17 May 2017 (W20),RC Celta Vigo (37),1-4,0-1,Real Madrid (37)
?,(Fri) 19 May 2017 (W20),Granada CF (38),1-2,1-2,RCD Espanyol (38)
?,(Sat) 20 May 2017 (W20),RCD La Coruña (38),3-0,3-0,UD Las Palmas (38)
?,(Sat) 20 May 2017 (W20),CD Leganés (38),1-1,0-0,Deportivo Alavés (38)
?,(Sat) 20 May 2017 (W20),Sevilla FC (38),5-0,3-0,CA Osasuna (38)
?,(Sat) 20 May 2017 (W20),Sporting Gijón (38),2-2,1-1,Real Betis (38)
?,(Sun) 21 May 2017 (W20),Atlético Madrid (38),3-1,2-0,Athletic Club Bilbao (38)
?,(Sun) 21 May 2017 (W20),FC Barcelona (38),4-2,0-1,SD Eibar (38)
?,(Sun) 21 May 2017 (W20),RC Celta Vigo (38),2-2,0-0,Real Sociedad (38)
?,(Sun) 21 May 2017 (W20),Málaga CF (38),0-2,0-1,Real Madrid (38)
?,(Sun) 21 May 2017 (W20),Valencia CF (38),1-3,0-1,Villarreal CF (38)
