Round,Date,Team 1,FT,HT,Team 2
?,(Fri) 19 Aug 2016 (W33),UD Almería (1),1-1,0-0,Cádiz CF (1)
?,(Fri) 19 Aug 2016 (W33),CD Mirandés (1),1-1,0-0,Getafe CF (1)
?,(Sat) 20 Aug 2016 (W33),AD Alcorcón (1),0-0,0-0,SD Huesca (1)
?,(Sat) 20 Aug 2016 (W33),Córdoba CF (1),1-0,1-0,CD Tenerife (1)
?,(Sat) 20 Aug 2016 (W33),Elche CF (1),2-1,2-1,Rayo Vallecano (1)
?,(Sat) 20 Aug 2016 (W33),RCD Mallorca (1),0-1,0-0,CF Reus (1)
?,(Sun) 21 Aug 2016 (W33),Gimnàstic Tarragona (1),2-2,0-2,CD Lugo (1)
?,(Sun) 21 Aug 2016 (W33),CD Numancia (1),0-1,0-0,Levante UD (1)
?,(Sun) 21 Aug 2016 (W33),Sevilla FC B (1),3-3,1-0,Girona FC (1)
?,(Sun) 21 Aug 2016 (W33),Real Valladolid CF (1),1-0,1-0,Real Oviedo (1)
?,(Mon) 22 Aug 2016 (W34),Real Zaragoza (1),3-1,3-0,UCAM Murcia (1)
?,(Fri) 26 Aug 2016 (W34),Getafe CF (2),0-0,0-0,CD Numancia (2)
?,(Fri) 26 Aug 2016 (W34),CD Tenerife (2),1-1,0-1,Sevilla FC B (2)
?,(Sat) 27 Aug 2016 (W34),Girona FC (2),3-1,2-0,Elche CF (2)
?,(Sat) 27 Aug 2016 (W34),CD Lugo (2),3-3,1-1,Real Zaragoza (2)
?,(Sat) 27 Aug 2016 (W34),Real Oviedo (2),2-0,0-0,UD Almería (2)
?,(Sat) 27 Aug 2016 (W34),CF Reus (2),1-1,1-1,CD Mirandés (2)
?,(Sun) 28 Aug 2016 (W34),Cádiz CF (2),1-1,1-0,RCD Mallorca (2)
?,(Sun) 28 Aug 2016 (W34),SD Huesca (2),1-1,0-0,Gimnàstic Tarragona (2)
?,(Sun) 28 Aug 2016 (W34),Levante UD (2),2-0,2-0,AD Alcorcón (2)
?,(Sun) 28 Aug 2016 (W34),UCAM Murcia (2),1-1,0-0,Córdoba CF (2)
?,(Sun) 28 Aug 2016 (W34),Rayo Vallecano (2),0-0,0-0,Real Valladolid CF (2)
?,(Fri) 2 Sep 2016 (W35),Córdoba CF (3),3-3,1-1,CD Lugo (3)
?,(Fri) 2 Sep 2016 (W35),Sevilla FC B (3),1-1,0-0,UCAM Murcia (3)
?,(Sat) 3 Sep 2016 (W35),UD Almería (3),3-0,2-0,Rayo Vallecano (3)
?,(Sat) 3 Sep 2016 (W35),Elche CF (3),3-1,1-0,CD Tenerife (3)
?,(Sat) 3 Sep 2016 (W35),Getafe CF (3),1-1,0-0,CF Reus (3)
?,(Sat) 3 Sep 2016 (W35),CD Mirandés (3),3-2,0-2,Cádiz CF (3)
?,(Sat) 3 Sep 2016 (W35),Real Valladolid CF (3),2-1,2-0,Girona FC (3)
?,(Sun) 4 Sep 2016 (W35),Gimnàstic Tarragona (3),1-1,0-0,Levante UD (3)
?,(Sun) 4 Sep 2016 (W35),RCD Mallorca (3),0-0,0-0,Real Oviedo (3)
?,(Sun) 4 Sep 2016 (W35),CD Numancia (3),1-1,1-1,AD Alcorcón (3)
?,(Sun) 4 Sep 2016 (W35),Real Zaragoza (3),1-0,0-0,SD Huesca (3)
?,(Sat) 10 Sep 2016 (W36),Levante UD (4),4-2,3-1,Real Zaragoza (4)
?,(Sat) 10 Sep 2016 (W36),CD Lugo (4),1-0,0-0,Sevilla FC B (4)
?,(Sat) 10 Sep 2016 (W36),CF Reus (4),1-1,0-0,CD Numancia (4)
?,(Sat) 10 Sep 2016 (W36),CD Tenerife (4),1-0,1-0,Real Valladolid CF (4)
?,(Sun) 11 Sep 2016 (W36),AD Alcorcón (4),1-0,0-0,Gimnàstic Tarragona (4)
?,(Sun) 11 Sep 2016 (W36),Cádiz CF (4),3-0,1-0,Getafe CF (4)
?,(Sun) 11 Sep 2016 (W36),Girona FC (4),3-3,2-1,UD Almería (4)
?,(Sun) 11 Sep 2016 (W36),SD Huesca (4),3-0,2-0,Córdoba CF (4)
?,(Sun) 11 Sep 2016 (W36),Real Oviedo (4),0-0,0-0,CD Mirandés (4)
?,(Sun) 11 Sep 2016 (W36),UCAM Murcia (4),1-1,0-1,Elche CF (4)
?,(Sun) 11 Sep 2016 (W36),Rayo Vallecano (4),1-0,0-0,RCD Mallorca (4)
?,(Sat) 17 Sep 2016 (W37),Córdoba CF (5),1-0,1-0,Levante UD (5)
?,(Sat) 17 Sep 2016 (W37),Elche CF (5),0-3,0-2,CD Lugo (5)
?,(Sat) 17 Sep 2016 (W37),CD Numancia (5),1-0,1-0,Gimnàstic Tarragona (5)
?,(Sat) 17 Sep 2016 (W37),CF Reus (5),1-0,0-0,Cádiz CF (5)
?,(Sat) 17 Sep 2016 (W37),Real Valladolid CF (5),0-1,0-0,UCAM Murcia (5)
?,(Sat) 17 Sep 2016 (W37),Real Zaragoza (5),2-0,1-0,AD Alcorcón (5)
?,(Sun) 18 Sep 2016 (W37),UD Almería (5),0-1,0-0,CD Tenerife (5)
?,(Sun) 18 Sep 2016 (W37),Getafe CF (5),2-1,0-1,Real Oviedo (5)
?,(Sun) 18 Sep 2016 (W37),RCD Mallorca (5),1-0,1-0,Girona FC (5)
?,(Sun) 18 Sep 2016 (W37),CD Mirandés (5),2-1,1-1,Rayo Vallecano (5)
?,(Sun) 18 Sep 2016 (W37),Sevilla FC B (5),2-0,0-0,SD Huesca (5)
?,(Tue) 20 Sep 2016 (W38),AD Alcorcón (6),0-1,0-0,Córdoba CF (6)
?,(Tue) 20 Sep 2016 (W38),Cádiz CF (6),1-0,0-0,CD Numancia (6)
?,(Tue) 20 Sep 2016 (W38),Gimnàstic Tarragona (6),0-0,0-0,Real Zaragoza (6)
?,(Tue) 20 Sep 2016 (W38),CD Lugo (6),1-0,1-0,Real Valladolid CF (6)
?,(Wed) 21 Sep 2016 (W38),SD Huesca (6),0-3,0-0,Elche CF (6)
?,(Wed) 21 Sep 2016 (W38),Levante UD (6),1-0,0-0,Sevilla FC B (6)
?,(Wed) 21 Sep 2016 (W38),UCAM Murcia (6),4-0,1-0,UD Almería (6)
?,(Thu) 22 Sep 2016 (W38),Girona FC (6),1-1,0-0,CD Mirandés (6)
?,(Thu) 22 Sep 2016 (W38),Real Oviedo (6),0-1,0-0,CF Reus (6)
?,(Thu) 22 Sep 2016 (W38),CD Tenerife (6),0-0,0-0,RCD Mallorca (6)
?,(Thu) 22 Sep 2016 (W38),Rayo Vallecano (6),2-0,1-0,Getafe CF (6)
?,(Sat) 24 Sep 2016 (W38),UD Almería (7),0-0,0-0,CD Lugo (7)
?,(Sat) 24 Sep 2016 (W38),Córdoba CF (7),2-0,1-0,Gimnàstic Tarragona (7)
?,(Sat) 24 Sep 2016 (W38),Elche CF (7),0-1,0-0,Levante UD (7)
?,(Sat) 24 Sep 2016 (W38),Sevilla FC B (7),1-1,1-0,AD Alcorcón (7)
?,(Sat) 24 Sep 2016 (W38),Real Valladolid CF (7),1-2,0-0,SD Huesca (7)
?,(Sun) 25 Sep 2016 (W38),Cádiz CF (7),0-2,0-2,Real Oviedo (7)
?,(Sun) 25 Sep 2016 (W38),Getafe CF (7),0-2,0-1,Girona FC (7)
?,(Sun) 25 Sep 2016 (W38),RCD Mallorca (7),0-0,0-0,UCAM Murcia (7)
?,(Sun) 25 Sep 2016 (W38),CD Mirandés (7),3-2,2-0,CD Tenerife (7)
?,(Sun) 25 Sep 2016 (W38),CD Numancia (7),2-1,1-1,Real Zaragoza (7)
?,(Sun) 25 Sep 2016 (W38),CF Reus (7),1-1,1-0,Rayo Vallecano (7)
?,(Sat) 1 Oct 2016 (W39),AD Alcorcón (8),1-0,0-0,Elche CF (8)
?,(Sat) 1 Oct 2016 (W39),Gimnàstic Tarragona (8),1-1,1-1,Sevilla FC B (8)
?,(Sat) 1 Oct 2016 (W39),SD Huesca (8),2-0,1-0,UD Almería (8)
?,(Sat) 1 Oct 2016 (W39),CD Lugo (8),3-1,2-1,RCD Mallorca (8)
?,(Sat) 1 Oct 2016 (W39),Real Zaragoza (8),1-1,1-1,Córdoba CF (8)
?,(Sun) 2 Oct 2016 (W39),Girona FC (8),1-0,0-0,CF Reus (8)
?,(Sun) 2 Oct 2016 (W39),Levante UD (8),3-2,1-1,Real Valladolid CF (8)
?,(Sun) 2 Oct 2016 (W39),Real Oviedo (8),2-2,1-1,CD Numancia (8)
?,(Sun) 2 Oct 2016 (W39),CD Tenerife (8),0-0,0-0,Getafe CF (8)
?,(Sun) 2 Oct 2016 (W39),UCAM Murcia (8),2-2,1-2,CD Mirandés (8)
?,(Sun) 2 Oct 2016 (W39),Rayo Vallecano (8),3-0,1-0,Cádiz CF (8)
?,(Sat) 8 Oct 2016 (W40),Elche CF (9),4-4,2-1,Gimnàstic Tarragona (9)
?,(Sat) 8 Oct 2016 (W40),Getafe CF (9),2-0,0-0,UCAM Murcia (9)
?,(Sat) 8 Oct 2016 (W40),CD Numancia (9),1-1,1-0,Córdoba CF (9)
?,(Sat) 8 Oct 2016 (W40),CF Reus (9),0-0,0-0,CD Tenerife (9)
?,(Sat) 8 Oct 2016 (W40),Sevilla FC B (9),2-1,0-0,Real Zaragoza (9)
?,(Sat) 8 Oct 2016 (W40),Real Valladolid CF (9),2-0,2-0,AD Alcorcón (9)
?,(Sun) 9 Oct 2016 (W40),UD Almería (9),2-2,1-0,Levante UD (9)
?,(Sun) 9 Oct 2016 (W40),Cádiz CF (9),0-0,0-0,Girona FC (9)
?,(Sun) 9 Oct 2016 (W40),RCD Mallorca (9),3-0,2-0,SD Huesca (9)
?,(Sun) 9 Oct 2016 (W40),CD Mirandés (9),2-2,0-2,CD Lugo (9)
?,(Sun) 9 Oct 2016 (W40),Real Oviedo (9),2-0,1-0,Rayo Vallecano (9)
?,(Sat) 15 Oct 2016 (W41),AD Alcorcón (10),0-0,0-0,UD Almería (10)
?,(Sat) 15 Oct 2016 (W41),Girona FC (10),0-0,0-0,Real Oviedo (10)
?,(Sat) 15 Oct 2016 (W41),SD Huesca (10),3-0,1-0,CD Mirandés (10)
?,(Sat) 15 Oct 2016 (W41),Levante UD (10),2-1,1-1,RCD Mallorca (10)
?,(Sat) 15 Oct 2016 (W41),CD Lugo (10),0-1,0-0,Getafe CF (10)
?,(Sun) 16 Oct 2016 (W41),Córdoba CF (10),0-1,0-0,Sevilla FC B (10)
?,(Sun) 16 Oct 2016 (W41),Gimnàstic Tarragona (10),1-2,1-1,Real Valladolid CF (10)
?,(Sun) 16 Oct 2016 (W41),CD Tenerife (10),1-1,0-0,Cádiz CF (10)
?,(Sun) 16 Oct 2016 (W41),UCAM Murcia (10),0-2,0-2,CF Reus (10)
?,(Sun) 16 Oct 2016 (W41),Rayo Vallecano (10),3-3,1-1,CD Numancia (10)
?,(Sun) 16 Oct 2016 (W41),Real Zaragoza (10),1-3,0-3,Elche CF (10)
?,(Sat) 22 Oct 2016 (W42),Elche CF (11),1-1,1-0,Córdoba CF (11)
?,(Sat) 22 Oct 2016 (W42),Getafe CF (11),1-1,0-0,SD Huesca (11)
?,(Sat) 22 Oct 2016 (W42),CD Numancia (11),1-2,1-1,Sevilla FC B (11)
?,(Sat) 22 Oct 2016 (W42),CF Reus (11),2-1,2-0,CD Lugo (11)
?,(Sat) 22 Oct 2016 (W42),Rayo Vallecano (11),1-0,0-0,Girona FC (11)
?,(Sun) 23 Oct 2016 (W42),UD Almería (11),3-0,1-0,Gimnàstic Tarragona (11)
?,(Sun) 23 Oct 2016 (W42),Cádiz CF (11),2-2,2-0,UCAM Murcia (11)
?,(Sun) 23 Oct 2016 (W42),RCD Mallorca (11),1-0,0-0,AD Alcorcón (11)
?,(Sun) 23 Oct 2016 (W42),CD Mirandés (11),0-3,0-1,Levante UD (11)
?,(Sun) 23 Oct 2016 (W42),Real Oviedo (11),2-0,1-0,CD Tenerife (11)
?,(Sun) 23 Oct 2016 (W42),Real Valladolid CF (11),0-0,0-0,Real Zaragoza (11)
?,(Sat) 29 Oct 2016 (W43),Córdoba CF (12),1-1,1-1,Real Valladolid CF (12)
?,(Sat) 29 Oct 2016 (W43),SD Huesca (12),2-1,0-1,CF Reus (12)
?,(Sat) 29 Oct 2016 (W43),CD Tenerife (12),3-2,2-1,Rayo Vallecano (12)
?,(Sat) 29 Oct 2016 (W43),Real Zaragoza (12),2-1,1-0,UD Almería (12)
?,(Sun) 30 Oct 2016 (W43),AD Alcorcón (12),1-0,0-0,CD Mirandés (12)
?,(Sun) 30 Oct 2016 (W43),Gimnàstic Tarragona (12),2-2,1-0,RCD Mallorca (12)
?,(Sun) 30 Oct 2016 (W43),Girona FC (12),3-0,3-0,CD Numancia (12)
?,(Sun) 30 Oct 2016 (W43),Levante UD (12),1-1,1-1,Getafe CF (12)
?,(Sun) 30 Oct 2016 (W43),CD Lugo (12),0-1,0-0,Cádiz CF (12)
?,(Sun) 30 Oct 2016 (W43),Sevilla FC B (12),2-0,0-0,Elche CF (12)
?,(Sun) 30 Oct 2016 (W43),UCAM Murcia (12),0-1,0-1,Real Oviedo (12)
?,(Sat) 5 Nov 2016 (W44),Cádiz CF (13),1-0,0-0,SD Huesca (13)
?,(Sat) 5 Nov 2016 (W44),Girona FC (13),1-1,1-1,CD Tenerife (13)
?,(Sat) 5 Nov 2016 (W44),RCD Mallorca (13),2-2,0-1,Real Zaragoza (13)
?,(Sat) 5 Nov 2016 (W44),Real Valladolid CF (13),2-0,0-0,Sevilla FC B (13)
?,(Sat) 5 Nov 2016 (W44),Rayo Vallecano (13),0-1,0-0,UCAM Murcia (13)
?,(Sun) 6 Nov 2016 (W44),UD Almería (13),3-1,3-1,Córdoba CF (13)
?,(Sun) 6 Nov 2016 (W44),Getafe CF (13),1-0,0-0,AD Alcorcón (13)
?,(Sun) 6 Nov 2016 (W44),CD Mirandés (13),0-1,0-0,Gimnàstic Tarragona (13)
?,(Sun) 6 Nov 2016 (W44),CD Numancia (13),2-2,2-0,Elche CF (13)
?,(Sun) 6 Nov 2016 (W44),Real Oviedo (13),1-1,0-1,CD Lugo (13)
?,(Sun) 6 Nov 2016 (W44),CF Reus (13),0-1,0-0,Levante UD (13)
?,(Fri) 11 Nov 2016 (W45),Córdoba CF (14),0-2,0-0,RCD Mallorca (14)
?,(Sat) 12 Nov 2016 (W45),AD Alcorcón (14),1-0,0-0,CF Reus (14)
?,(Sat) 12 Nov 2016 (W45),Elche CF (14),2-0,1-0,Real Valladolid CF (14)
?,(Sat) 12 Nov 2016 (W45),Gimnàstic Tarragona (14),1-0,1-0,Getafe CF (14)
?,(Sat) 12 Nov 2016 (W45),SD Huesca (14),4-0,3-0,Real Oviedo (14)
?,(Sat) 12 Nov 2016 (W45),Levante UD (14),0-0,0-0,Cádiz CF (14)
?,(Sat) 12 Nov 2016 (W45),CD Tenerife (14),1-1,1-0,CD Numancia (14)
?,(Sun) 13 Nov 2016 (W45),CD Lugo (14),1-0,1-0,Rayo Vallecano (14)
?,(Sun) 13 Nov 2016 (W45),Sevilla FC B (14),1-0,1-0,UD Almería (14)
?,(Sun) 13 Nov 2016 (W45),UCAM Murcia (14),0-1,0-0,Girona FC (14)
?,(Sun) 13 Nov 2016 (W45),Real Zaragoza (14),2-0,2-0,CD Mirandés (14)
?,(Fri) 18 Nov 2016 (W46),UD Almería (15),2-1,1-1,Elche CF (15)
?,(Sat) 19 Nov 2016 (W46),Girona FC (15),3-1,2-1,CD Lugo (15)
?,(Sat) 19 Nov 2016 (W46),RCD Mallorca (15),2-2,0-2,Sevilla FC B (15)
?,(Sat) 19 Nov 2016 (W46),CD Numancia (15),2-1,1-0,Real Valladolid CF (15)
?,(Sat) 19 Nov 2016 (W46),Real Oviedo (15),2-0,0-0,Levante UD (15)
?,(Sun) 20 Nov 2016 (W46),Cádiz CF (15),4-1,0-1,AD Alcorcón (15)
?,(Sun) 20 Nov 2016 (W46),Getafe CF (15),1-0,0-0,Real Zaragoza (15)
?,(Sun) 20 Nov 2016 (W46),CD Mirandés (15),1-1,1-0,Córdoba CF (15)
?,(Sun) 20 Nov 2016 (W46),CF Reus (15),1-0,0-0,Gimnàstic Tarragona (15)
?,(Sun) 20 Nov 2016 (W46),CD Tenerife (15),2-1,2-1,UCAM Murcia (15)
?,(Sun) 20 Nov 2016 (W46),Rayo Vallecano (15),2-2,1-1,SD Huesca (15)
?,(Fri) 25 Nov 2016 (W47),Gimnàstic Tarragona (16),1-0,0-0,Cádiz CF (16)
?,(Sat) 26 Nov 2016 (W47),AD Alcorcón (16),5-1,2-0,Real Oviedo (16)
?,(Sat) 26 Nov 2016 (W47),CD Lugo (16),1-3,1-1,CD Tenerife (16)
?,(Sat) 26 Nov 2016 (W47),UCAM Murcia (16),3-2,0-1,CD Numancia (16)
?,(Sat) 26 Nov 2016 (W47),Real Valladolid CF (16),0-0,0-0,UD Almería (16)
?,(Sat) 26 Nov 2016 (W47),Real Zaragoza (16),2-2,1-0,CF Reus (16)
?,(Sun) 27 Nov 2016 (W47),Córdoba CF (16),1-3,0-1,Getafe CF (16)
?,(Sun) 27 Nov 2016 (W47),Elche CF (16),1-0,0-0,RCD Mallorca (16)
?,(Sun) 27 Nov 2016 (W47),SD Huesca (16),1-2,1-2,Girona FC (16)
?,(Sun) 27 Nov 2016 (W47),Sevilla FC B (16),1-0,1-0,CD Mirandés (16)
?,(Fri) 2 Dec 2016 (W48),Getafe CF (17),2-0,1-0,Sevilla FC B (17)
?,(Sat) 3 Dec 2016 (W48),Cádiz CF (17),3-0,1-0,Real Zaragoza (17)
?,(Sat) 3 Dec 2016 (W48),CD Mirandés (17),1-0,1-0,Elche CF (17)
?,(Sat) 3 Dec 2016 (W48),CD Numancia (17),1-0,1-0,UD Almería (17)
?,(Sat) 3 Dec 2016 (W48),UCAM Murcia (17),1-2,1-1,CD Lugo (17)
?,(Sun) 4 Dec 2016 (W48),Girona FC (17),2-1,1-0,Levante UD (16)
?,(Sun) 4 Dec 2016 (W48),RCD Mallorca (17),0-3,0-0,Real Valladolid CF (17)
?,(Sun) 4 Dec 2016 (W48),Real Oviedo (17),1-0,1-0,Gimnàstic Tarragona (17)
?,(Sun) 4 Dec 2016 (W48),CF Reus (17),1-2,0-1,Córdoba CF (17)
?,(Sun) 4 Dec 2016 (W48),CD Tenerife (17),1-1,1-0,SD Huesca (17)
?,(Sun) 4 Dec 2016 (W48),Rayo Vallecano (16),2-0,0-0,AD Alcorcón (17)
?,(Fri) 9 Dec 2016 (W49),Sevilla FC B (18),0-1,0-0,CF Reus (18)
?,(Sat) 10 Dec 2016 (W49),Elche CF (18),2-2,0-2,Getafe CF (18)
?,(Sat) 10 Dec 2016 (W49),Gimnàstic Tarragona (18),0-1,0-0,Rayo Vallecano (17)
?,(Sat) 10 Dec 2016 (W49),SD Huesca (18),5-2,2-1,UCAM Murcia (18)
?,(Sat) 10 Dec 2016 (W49),Levante UD (17),1-0,0-0,CD Tenerife (18)
?,(Sun) 11 Dec 2016 (W49),AD Alcorcón (18),2-1,2-0,Girona FC (18)
?,(Sun) 11 Dec 2016 (W49),UD Almería (18),2-1,1-0,RCD Mallorca (18)
?,(Sun) 11 Dec 2016 (W49),Córdoba CF (18),1-3,0-0,Cádiz CF (18)
?,(Sun) 11 Dec 2016 (W49),CD Lugo (18),3-1,1-1,CD Numancia (18)
?,(Sun) 11 Dec 2016 (W49),Real Valladolid CF (18),5-0,2-0,CD Mirandés (18)
?,(Sun) 11 Dec 2016 (W49),Real Zaragoza (18),2-1,1-0,Real Oviedo (18)
?,(Wed) 14 Dec 2016 (W50),Levante UD (18),1-0,1-0,Rayo Vallecano (18)
?,(Fri) 16 Dec 2016 (W50),CF Reus (19),0-1,0-0,Elche CF (19)
?,(Sat) 17 Dec 2016 (W50),Getafe CF (19),3-1,0-0,Real Valladolid CF (19)
?,(Sat) 17 Dec 2016 (W50),Girona FC (19),4-2,1-2,Gimnàstic Tarragona (19)
?,(Sat) 17 Dec 2016 (W50),CD Lugo (19),1-1,0-1,SD Huesca (19)
?,(Sat) 17 Dec 2016 (W50),Real Oviedo (19),1-2,0-1,Córdoba CF (19)
?,(Sat) 17 Dec 2016 (W50),CD Tenerife (19),2-0,1-0,AD Alcorcón (19)
?,(Sun) 18 Dec 2016 (W50),Cádiz CF (19),4-1,1-0,Sevilla FC B (19)
?,(Sun) 18 Dec 2016 (W50),CD Mirandés (19),2-1,0-0,UD Almería (19)
?,(Sun) 18 Dec 2016 (W50),CD Numancia (19),3-1,2-1,RCD Mallorca (19)
?,(Sun) 18 Dec 2016 (W50),Rayo Vallecano (19),1-2,0-0,Real Zaragoza (19)
?,(Fri) 6 Jan 2017 (W1),UD Almería (20),0-1,0-0,Getafe CF (20)
?,(Fri) 6 Jan 2017 (W1),RCD Mallorca (20),2-0,0-0,CD Mirandés (20)
?,(Fri) 6 Jan 2017 (W1),CD Numancia (20),0-0,0-0,SD Huesca (20)
?,(Fri) 6 Jan 2017 (W1),Real Valladolid CF (20),1-0,0-0,CF Reus (20)
?,(Sat) 7 Jan 2017 (W1),Córdoba CF (20),0-0,0-0,Rayo Vallecano (20)
?,(Sat) 7 Jan 2017 (W1),Levante UD (19),1-0,0-0,CD Lugo (20)
?,(Sun) 8 Jan 2017 (W1),AD Alcorcón (20),0-0,0-0,UCAM Murcia (19)
?,(Sun) 8 Jan 2017 (W1),Elche CF (20),2-3,1-1,Cádiz CF (20)
?,(Sun) 8 Jan 2017 (W1),Gimnàstic Tarragona (20),1-1,0-1,CD Tenerife (20)
?,(Sun) 8 Jan 2017 (W1),Sevilla FC B (20),5-3,3-0,Real Oviedo (20)
?,(Sun) 8 Jan 2017 (W1),Real Zaragoza (20),0-2,0-0,Girona FC (20)
?,(Wed) 11 Jan 2017 (W2),UCAM Murcia (20),0-2,0-1,Levante UD (20)
?,(Fri) 13 Jan 2017 (W2),Cádiz CF (21),0-1,0-1,Real Valladolid CF (21)
?,(Sat) 14 Jan 2017 (W2),CD Mirandés (21),0-3,0-1,CD Numancia (21)
?,(Sat) 14 Jan 2017 (W2),Real Oviedo (21),2-1,0-0,Elche CF (21)
?,(Sat) 14 Jan 2017 (W2),CD Tenerife (21),1-0,0-0,Real Zaragoza (21)
?,(Sat) 14 Jan 2017 (W2),UCAM Murcia (21),1-1,0-1,Gimnàstic Tarragona (21)
?,(Sat) 14 Jan 2017 (W2),Rayo Vallecano (21),1-1,0-1,Sevilla FC B (21)
?,(Sun) 15 Jan 2017 (W2),Getafe CF (21),1-1,0-1,RCD Mallorca (21)
?,(Sun) 15 Jan 2017 (W2),Girona FC (21),2-0,1-0,Córdoba CF (21)
?,(Sun) 15 Jan 2017 (W2),SD Huesca (21),0-2,0-1,Levante UD (21)
?,(Sun) 15 Jan 2017 (W2),CD Lugo (21),1-0,0-0,AD Alcorcón (21)
?,(Sun) 15 Jan 2017 (W2),CF Reus (21),1-0,1-0,UD Almería (21)
?,(Sat) 21 Jan 2017 (W3),SD Huesca (22),0-1,0-0,AD Alcorcón (22)
?,(Sat) 21 Jan 2017 (W3),CD Lugo (22),2-3,1-0,Gimnàstic Tarragona (22)
?,(Sat) 21 Jan 2017 (W3),Real Oviedo (22),1-0,1-0,Real Valladolid CF (22)
?,(Sat) 21 Jan 2017 (W3),CD Tenerife (22),2-0,0-0,Córdoba CF (22)
?,(Sat) 21 Jan 2017 (W3),UCAM Murcia (22),1-0,1-0,Real Zaragoza (22)
?,(Sat) 21 Jan 2017 (W3),Rayo Vallecano (22),1-1,0-1,Elche CF (22)
?,(Sun) 22 Jan 2017 (W3),Cádiz CF (22),1-0,0-0,UD Almería (22)
?,(Sun) 22 Jan 2017 (W3),Getafe CF (22),1-1,1-0,CD Mirandés (22)
?,(Sun) 22 Jan 2017 (W3),Girona FC (22),2-0,0-0,Sevilla FC B (22)
?,(Sun) 22 Jan 2017 (W3),Levante UD (22),1-0,1-0,CD Numancia (22)
?,(Sun) 22 Jan 2017 (W3),CF Reus (22),1-1,0-1,RCD Mallorca (22)
?,(Fri) 27 Jan 2017 (W4),Elche CF (23),1-0,0-0,Girona FC (23)
?,(Sat) 28 Jan 2017 (W4),AD Alcorcón (23),2-0,2-0,Levante UD (23)
?,(Sat) 28 Jan 2017 (W4),Gimnàstic Tarragona (23),0-0,0-0,SD Huesca (23)
?,(Sat) 28 Jan 2017 (W4),CD Mirandés (23),1-1,1-0,CF Reus (23)
?,(Sat) 28 Jan 2017 (W4),Sevilla FC B (23),0-0,0-0,CD Tenerife (23)
?,(Sat) 28 Jan 2017 (W4),Real Valladolid CF (23),2-1,0-1,Rayo Vallecano (23)
?,(Sun) 29 Jan 2017 (W4),UD Almería (23),3-0,0-0,Real Oviedo (23)
?,(Sun) 29 Jan 2017 (W4),Córdoba CF (23),1-1,1-0,UCAM Murcia (23)
?,(Sun) 29 Jan 2017 (W4),RCD Mallorca (23),0-0,0-0,Cádiz CF (23)
?,(Sun) 29 Jan 2017 (W4),CD Numancia (23),2-0,1-0,Getafe CF (23)
?,(Sun) 29 Jan 2017 (W4),Real Zaragoza (23),1-1,0-0,CD Lugo (23)
?,(Fri) 3 Feb 2017 (W5),UCAM Murcia (24),1-0,0-0,Sevilla FC B (24)
?,(Sat) 4 Feb 2017 (W5),AD Alcorcón (24),2-3,1-1,CD Numancia (24)
?,(Sat) 4 Feb 2017 (W5),Cádiz CF (24),2-1,1-1,CD Mirandés (24)
?,(Sat) 4 Feb 2017 (W5),SD Huesca (24),2-3,0-0,Real Zaragoza (24)
?,(Sat) 4 Feb 2017 (W5),CD Lugo (24),1-0,1-0,Córdoba CF (24)
?,(Sat) 4 Feb 2017 (W5),CD Tenerife (24),2-0,1-0,Elche CF (24)
?,(Sun) 5 Feb 2017 (W5),Girona FC (24),2-1,1-0,Real Valladolid CF (24)
?,(Sun) 5 Feb 2017 (W5),Levante UD (24),2-1,0-0,Gimnàstic Tarragona (24)
?,(Sun) 5 Feb 2017 (W5),Real Oviedo (24),2-1,1-1,RCD Mallorca (24)
?,(Sun) 5 Feb 2017 (W5),CF Reus (24),1-1,0-1,Getafe CF (24)
?,(Sun) 5 Feb 2017 (W5),Rayo Vallecano (24),1-0,1-0,UD Almería (24)
?,(Fri) 10 Feb 2017 (W6),Sevilla FC B (25),1-1,0-0,CD Lugo (25)
?,(Sat) 11 Feb 2017 (W6),UD Almería (25),0-0,0-0,Girona FC (25)
?,(Sat) 11 Feb 2017 (W6),Getafe CF (25),3-2,2-1,Cádiz CF (25)
?,(Sat) 11 Feb 2017 (W6),Gimnàstic Tarragona (25),1-1,1-1,AD Alcorcón (25)
?,(Sat) 11 Feb 2017 (W6),Real Zaragoza (25),0-1,0-1,Levante UD (25)
?,(Sun) 12 Feb 2017 (W6),Córdoba CF (25),0-2,0-0,SD Huesca (25)
?,(Sun) 12 Feb 2017 (W6),Elche CF (25),1-1,1-0,UCAM Murcia (25)
?,(Sun) 12 Feb 2017 (W6),RCD Mallorca (25),2-1,2-0,Rayo Vallecano (25)
?,(Sun) 12 Feb 2017 (W6),CD Mirandés (25),0-2,0-1,Real Oviedo (25)
?,(Sun) 12 Feb 2017 (W6),CD Numancia (25),1-0,1-0,CF Reus (25)
?,(Sun) 12 Feb 2017 (W6),Real Valladolid CF (25),0-0,0-0,CD Tenerife (25)
?,(Fri) 17 Feb 2017 (W7),CD Lugo (26),1-2,1-2,Elche CF (26)
?,(Sat) 18 Feb 2017 (W7),Gimnàstic Tarragona (26),2-0,0-0,CD Numancia (26)
?,(Sat) 18 Feb 2017 (W7),Girona FC (26),1-0,0-0,RCD Mallorca (26)
?,(Sat) 18 Feb 2017 (W7),Levante UD (26),3-1,1-1,Córdoba CF (26)
?,(Sat) 18 Feb 2017 (W7),CD Tenerife (26),1-0,1-0,UD Almería (26)
?,(Sat) 18 Feb 2017 (W7),UCAM Murcia (26),1-3,0-2,Real Valladolid CF (26)
?,(Sun) 19 Feb 2017 (W7),AD Alcorcón (26),1-1,0-0,Real Zaragoza (26)
?,(Sun) 19 Feb 2017 (W7),Cádiz CF (26),0-0,0-0,CF Reus (26)
?,(Sun) 19 Feb 2017 (W7),SD Huesca (26),2-1,2-0,Sevilla FC B (26)
?,(Sun) 19 Feb 2017 (W7),Real Oviedo (26),2-1,1-0,Getafe CF (26)
?,(Sun) 19 Feb 2017 (W7),Rayo Vallecano (26),1-2,0-0,CD Mirandés (26)
?,(Fri) 24 Feb 2017 (W8),CF Reus (27),1-1,1-0,Real Oviedo (27)
?,(Sat) 25 Feb 2017 (W8),Córdoba CF (27),1-0,0-0,AD Alcorcón (27)
?,(Sat) 25 Feb 2017 (W8),Elche CF (27),1-1,0-1,SD Huesca (27)
?,(Sat) 25 Feb 2017 (W8),Getafe CF (27),1-0,0-0,Rayo Vallecano (27)
?,(Sat) 25 Feb 2017 (W8),RCD Mallorca (27),1-4,1-0,CD Tenerife (27)
?,(Sat) 25 Feb 2017 (W8),CD Mirandés (27),0-2,0-0,Girona FC (27)
?,(Sun) 26 Feb 2017 (W8),UD Almería (27),2-3,1-1,UCAM Murcia (27)
?,(Sun) 26 Feb 2017 (W8),CD Numancia (27),0-3,0-0,Cádiz CF (27)
?,(Sun) 26 Feb 2017 (W8),Sevilla FC B (27),1-1,0-1,Levante UD (27)
?,(Sun) 26 Feb 2017 (W8),Real Valladolid CF (27),1-1,1-1,CD Lugo (27)
?,(Sun) 26 Feb 2017 (W8),Real Zaragoza (27),1-2,1-1,Gimnàstic Tarragona (27)
?,(Fri) 3 Mar 2017 (W9),CD Tenerife (28),1-1,1-1,CD Mirandés (28)
?,(Sat) 4 Mar 2017 (W9),AD Alcorcón (28),0-0,0-0,Sevilla FC B (28)
?,(Sat) 4 Mar 2017 (W9),Girona FC (28),5-1,3-0,Getafe CF (28)
?,(Sat) 4 Mar 2017 (W9),Real Oviedo (28),2-1,1-1,Cádiz CF (28)
?,(Sat) 4 Mar 2017 (W9),Rayo Vallecano (28),0-0,0-0,CF Reus (28)
?,(Sun) 5 Mar 2017 (W9),Gimnàstic Tarragona (28),2-1,1-1,Córdoba CF (28)
?,(Sun) 5 Mar 2017 (W9),SD Huesca (28),1-0,0-0,Real Valladolid CF (28)
?,(Sun) 5 Mar 2017 (W9),Levante UD (28),2-1,0-1,Elche CF (28)
?,(Sun) 5 Mar 2017 (W9),CD Lugo (28),1-2,0-1,UD Almería (28)
?,(Sun) 5 Mar 2017 (W9),UCAM Murcia (28),1-1,0-1,RCD Mallorca (28)
?,(Sun) 5 Mar 2017 (W9),Real Zaragoza (28),3-0,2-0,CD Numancia (28)
?,(Fri) 10 Mar 2017 (W10),Elche CF (29),0-0,0-0,AD Alcorcón (29)
?,(Sat) 11 Mar 2017 (W10),Córdoba CF (29),2-1,0-1,Real Zaragoza (29)
?,(Sat) 11 Mar 2017 (W10),RCD Mallorca (29),1-1,0-1,CD Lugo (29)
?,(Sat) 11 Mar 2017 (W10),CD Mirandés (29),1-1,0-0,UCAM Murcia (29)
?,(Sat) 11 Mar 2017 (W10),CD Numancia (29),0-0,0-0,Real Oviedo (29)
?,(Sat) 11 Mar 2017 (W10),Real Valladolid CF (29),0-4,0-2,Levante UD (29)
?,(Sun) 12 Mar 2017 (W10),UD Almería (29),0-0,0-0,SD Huesca (29)
?,(Sun) 12 Mar 2017 (W10),Cádiz CF (29),1-0,1-0,Rayo Vallecano (29)
?,(Sun) 12 Mar 2017 (W10),Getafe CF (29),2-2,1-0,CD Tenerife (29)
?,(Sun) 12 Mar 2017 (W10),CF Reus (29),1-2,0-0,Girona FC (29)
?,(Sun) 12 Mar 2017 (W10),Sevilla FC B (29),2-2,0-1,Gimnàstic Tarragona (29)
?,(Fri) 17 Mar 2017 (W11),Gimnàstic Tarragona (30),1-3,0-3,Elche CF (30)
?,(Sat) 18 Mar 2017 (W11),Córdoba CF (30),0-0,0-0,CD Numancia (30)
?,(Sat) 18 Mar 2017 (W11),SD Huesca (30),2-1,0-0,RCD Mallorca (30)
?,(Sat) 18 Mar 2017 (W11),CD Lugo (30),2-1,0-0,CD Mirandés (30)
?,(Sat) 18 Mar 2017 (W11),UCAM Murcia (30),2-0,2-0,Getafe CF (30)
?,(Sat) 18 Mar 2017 (W11),Real Zaragoza (30),1-2,0-1,Sevilla FC B (30)
?,(Sun) 19 Mar 2017 (W11),AD Alcorcón (30),1-2,1-2,Real Valladolid CF (30)
?,(Sun) 19 Mar 2017 (W11),Girona FC (30),1-2,0-2,Cádiz CF (30)
?,(Sun) 19 Mar 2017 (W11),Levante UD (30),1-0,1-0,UD Almería (30)
?,(Sun) 19 Mar 2017 (W11),CD Tenerife (30),0-1,0-1,CF Reus (30)
?,(Sun) 19 Mar 2017 (W11),Rayo Vallecano (30),2-0,1-0,Real Oviedo (30)
?,(Sat) 25 Mar 2017 (W12),UD Almería (31),3-1,1-0,AD Alcorcón (31)
?,(Sat) 25 Mar 2017 (W12),RCD Mallorca (31),1-1,0-1,Levante UD (31)
?,(Sat) 25 Mar 2017 (W12),CD Numancia (31),0-0,0-0,Rayo Vallecano (31)
?,(Sat) 25 Mar 2017 (W12),Real Oviedo (31),2-0,0-0,Girona FC (31)
?,(Sat) 25 Mar 2017 (W12),Real Valladolid CF (31),1-2,0-1,Gimnàstic Tarragona (31)
?,(Sun) 26 Mar 2017 (W12),Cádiz CF (31),0-1,0-0,CD Tenerife (31)
?,(Sun) 26 Mar 2017 (W12),Elche CF (31),0-3,0-3,Real Zaragoza (31)
?,(Sun) 26 Mar 2017 (W12),Getafe CF (31),2-0,1-0,CD Lugo (31)
?,(Sun) 26 Mar 2017 (W12),CD Mirandés (31),1-3,1-2,SD Huesca (31)
?,(Sun) 26 Mar 2017 (W12),CF Reus (31),0-0,0-0,UCAM Murcia (31)
?,(Sun) 26 Mar 2017 (W12),Sevilla FC B (31),1-0,1-0,Córdoba CF (31)
?,(Fri) 31 Mar 2017 (W13),AD Alcorcón (32),1-0,0-0,RCD Mallorca (32)
?,(Sat) 1 Apr 2017 (W13),Girona FC (32),1-3,1-2,Rayo Vallecano (32)
?,(Sat) 1 Apr 2017 (W13),SD Huesca (32),0-0,0-0,Getafe CF (32)
?,(Sat) 1 Apr 2017 (W13),Levante UD (32),2-1,1-0,CD Mirandés (32)
?,(Sat) 1 Apr 2017 (W13),UCAM Murcia (32),1-1,1-1,Cádiz CF (32)
?,(Sun) 2 Apr 2017 (W13),Córdoba CF (32),1-0,0-0,Elche CF (32)
?,(Sun) 2 Apr 2017 (W13),Gimnàstic Tarragona (32),0-1,0-0,UD Almería (32)
?,(Sun) 2 Apr 2017 (W13),CD Lugo (32),1-0,0-0,CF Reus (32)
?,(Sun) 2 Apr 2017 (W13),CD Tenerife (32),1-0,1-0,Real Oviedo (32)
?,(Sun) 2 Apr 2017 (W13),Real Zaragoza (32),1-1,1-1,Real Valladolid CF (32)
?,(Mon) 3 Apr 2017 (W14),Sevilla FC B (32),1-1,1-1,CD Numancia (32)
?,(Fri) 7 Apr 2017 (W14),CD Mirandés (33),2-0,0-0,AD Alcorcón (33)
?,(Sat) 8 Apr 2017 (W14),Cádiz CF (33),1-1,1-1,CD Lugo (33)
?,(Sat) 8 Apr 2017 (W14),Getafe CF (33),2-0,2-0,Levante UD (33)
?,(Sat) 8 Apr 2017 (W14),RCD Mallorca (33),0-0,0-0,Gimnàstic Tarragona (33)
?,(Sat) 8 Apr 2017 (W14),Rayo Vallecano (33),1-1,1-1,CD Tenerife (33)
?,(Sun) 9 Apr 2017 (W14),UD Almería (33),2-2,2-2,Real Zaragoza (33)
?,(Sun) 9 Apr 2017 (W14),Elche CF (33),3-2,1-1,Sevilla FC B (33)
?,(Sun) 9 Apr 2017 (W14),CD Numancia (33),0-2,0-0,Girona FC (33)
?,(Sun) 9 Apr 2017 (W14),Real Oviedo (33),2-0,1-0,UCAM Murcia (33)
?,(Sun) 9 Apr 2017 (W14),CF Reus (33),0-1,0-0,SD Huesca (33)
?,(Sun) 9 Apr 2017 (W14),Real Valladolid CF (33),2-1,1-0,Córdoba CF (33)
?,(Sat) 15 Apr 2017 (W15),Elche CF (34),1-3,0-1,CD Numancia (34)
?,(Sat) 15 Apr 2017 (W15),Gimnàstic Tarragona (34),4-1,1-1,CD Mirandés (34)
?,(Sat) 15 Apr 2017 (W15),SD Huesca (34),1-1,0-0,Cádiz CF (34)
?,(Sat) 15 Apr 2017 (W15),CD Tenerife (34),3-3,1-2,Girona FC (34)
?,(Sun) 16 Apr 2017 (W15),AD Alcorcón (34),0-3,0-2,Getafe CF (34)
?,(Sun) 16 Apr 2017 (W15),Córdoba CF (34),1-0,1-0,UD Almería (34)
?,(Sun) 16 Apr 2017 (W15),CD Lugo (34),2-1,1-1,Real Oviedo (34)
?,(Sun) 16 Apr 2017 (W15),Sevilla FC B (34),6-2,4-0,Real Valladolid CF (34)
?,(Sun) 16 Apr 2017 (W15),UCAM Murcia (34),0-1,0-1,Rayo Vallecano (34)
?,(Sun) 16 Apr 2017 (W15),Real Zaragoza (34),1-0,1-0,RCD Mallorca (34)
?,(Mon) 17 Apr 2017 (W16),Levante UD (34),0-0,0-0,CF Reus (34)
?,(Fri) 21 Apr 2017 (W16),Real Oviedo (35),1-1,1-0,SD Huesca (35)
?,(Sat) 22 Apr 2017 (W16),Cádiz CF (35),1-1,0-1,Levante UD (35)
?,(Sat) 22 Apr 2017 (W16),Getafe CF (35),1-1,1-0,Gimnàstic Tarragona (35)
?,(Sat) 22 Apr 2017 (W16),Girona FC (35),1-2,1-1,UCAM Murcia (35)
?,(Sat) 22 Apr 2017 (W16),Real Valladolid CF (35),2-1,1-1,Elche CF (35)
?,(Sat) 22 Apr 2017 (W16),Rayo Vallecano (35),2-0,0-0,CD Lugo (35)
?,(Sun) 23 Apr 2017 (W16),UD Almería (35),2-1,1-0,Sevilla FC B (35)
?,(Sun) 23 Apr 2017 (W16),RCD Mallorca (35),1-1,1-1,Córdoba CF (35)
?,(Sun) 23 Apr 2017 (W16),CD Mirandés (35),0-1,0-1,Real Zaragoza (35)
?,(Sun) 23 Apr 2017 (W16),CD Numancia (35),1-1,0-0,CD Tenerife (35)
?,(Sun) 23 Apr 2017 (W16),CF Reus (35),0-0,0-0,AD Alcorcón (35)
?,(Fri) 28 Apr 2017 (W17),Elche CF (36),2-3,0-1,UD Almería (36)
?,(Sat) 29 Apr 2017 (W17),Levante UD (36),1-0,0-0,Real Oviedo (36)
?,(Sat) 29 Apr 2017 (W17),UCAM Murcia (36),1-0,1-0,CD Tenerife (36)
?,(Sat) 29 Apr 2017 (W17),Real Valladolid CF (36),1-1,0-0,CD Numancia (36)
?,(Sat) 29 Apr 2017 (W17),Real Zaragoza (36),1-2,1-0,Getafe CF (36)
?,(Sun) 30 Apr 2017 (W17),AD Alcorcón (36),0-2,0-1,Cádiz CF (36)
?,(Sun) 30 Apr 2017 (W17),Córdoba CF (36),1-1,0-0,CD Mirandés (36)
?,(Sun) 30 Apr 2017 (W17),CD Lugo (36),1-2,0-2,Girona FC (36)
?,(Sun) 30 Apr 2017 (W17),Sevilla FC B (36),2-3,0-1,RCD Mallorca (36)
?,(Mon) 1 May 2017 (W18),Gimnàstic Tarragona (36),0-1,0-0,CF Reus (36)
?,(Mon) 1 May 2017 (W18),SD Huesca (36),2-0,0-0,Rayo Vallecano (36)
?,(Fri) 5 May 2017 (W18),Real Oviedo (37),0-1,0-0,AD Alcorcón (37)
?,(Sat) 6 May 2017 (W18),Girona FC (37),3-1,2-1,SD Huesca (37)
?,(Sat) 6 May 2017 (W18),RCD Mallorca (37),1-0,0-0,Elche CF (37)
?,(Sat) 6 May 2017 (W18),CD Numancia (37),1-0,1-0,UCAM Murcia (37)
?,(Sat) 6 May 2017 (W18),Rayo Vallecano (37),2-1,1-1,Levante UD (37)
?,(Sun) 7 May 2017 (W18),UD Almería (37),0-3,0-1,Real Valladolid CF (37)
?,(Sun) 7 May 2017 (W18),Cádiz CF (37),0-0,0-0,Gimnàstic Tarragona (37)
?,(Sun) 7 May 2017 (W18),Getafe CF (37),2-0,1-0,Córdoba CF (37)
?,(Sun) 7 May 2017 (W18),CD Mirandés (37),0-1,0-0,Sevilla FC B (37)
?,(Sun) 7 May 2017 (W18),CF Reus (37),1-0,1-0,Real Zaragoza (37)
?,(Sun) 7 May 2017 (W18),CD Tenerife (37),2-1,1-0,CD Lugo (37)
?,(Fri) 12 May 2017 (W19),Sevilla FC B (38),2-1,1-0,Getafe CF (38)
?,(Fri) 12 May 2017 (W19),Real Zaragoza (38),1-1,1-0,Cádiz CF (38)
?,(Sat) 13 May 2017 (W19),AD Alcorcón (38),2-0,0-0,Rayo Vallecano (38)
?,(Sat) 13 May 2017 (W19),UD Almería (38),2-0,2-0,CD Numancia (38)
?,(Sat) 13 May 2017 (W19),Córdoba CF (38),1-0,0-0,CF Reus (38)
?,(Sat) 13 May 2017 (W19),Elche CF (38),0-1,0-0,CD Mirandés (38)
?,(Sat) 13 May 2017 (W19),Gimnàstic Tarragona (38),2-2,0-2,Real Oviedo (38)
?,(Sat) 13 May 2017 (W19),SD Huesca (38),2-2,0-2,CD Tenerife (38)
?,(Sat) 13 May 2017 (W19),Levante UD (38),2-1,1-0,Girona FC (38)
?,(Sat) 13 May 2017 (W19),Real Valladolid CF (38),2-1,1-0,RCD Mallorca (38)
?,(Sun) 14 May 2017 (W19),CD Lugo (38),0-0,0-0,UCAM Murcia (38)
?,(Fri) 19 May 2017 (W20),Getafe CF (39),2-0,1-0,Elche CF (39)
?,(Fri) 19 May 2017 (W20),Rayo Vallecano (39),2-0,0-0,Gimnàstic Tarragona (39)
?,(Sat) 20 May 2017 (W20),Cádiz CF (39),1-1,0-0,Córdoba CF (39)
?,(Sat) 20 May 2017 (W20),Girona FC (39),0-0,0-0,AD Alcorcón (39)
?,(Sat) 20 May 2017 (W20),RCD Mallorca (39),1-0,1-0,UD Almería (39)
?,(Sat) 20 May 2017 (W20),Real Oviedo (39),0-0,0-0,Real Zaragoza (39)
?,(Sat) 20 May 2017 (W20),CF Reus (39),2-1,1-0,Sevilla FC B (39)
?,(Sat) 20 May 2017 (W20),CD Tenerife (39),0-0,0-0,Levante UD (39)
?,(Sat) 20 May 2017 (W20),UCAM Murcia (39),3-1,2-0,SD Huesca (39)
?,(Sun) 21 May 2017 (W20),CD Mirandés (39),2-2,0-2,Real Valladolid CF (39)
?,(Sun) 21 May 2017 (W20),CD Numancia (39),0-1,0-0,CD Lugo (39)
?,(Fri) 26 May 2017 (W21),Levante UD (40),3-1,1-1,UCAM Murcia (40)
?,(Sat) 27 May 2017 (W21),UD Almería (40),2-0,1-0,CD Mirandés (40)
?,(Sat) 27 May 2017 (W21),SD Huesca (40),1-0,1-0,CD Lugo (40)
?,(Sat) 27 May 2017 (W21),Sevilla FC B (40),3-3,2-0,Cádiz CF (40)
?,(Sat) 27 May 2017 (W21),Real Valladolid CF (40),1-0,0-0,Getafe CF (40)
?,(Sun) 28 May 2017 (W21),AD Alcorcón (40),1-3,0-2,CD Tenerife (40)
?,(Sun) 28 May 2017 (W21),Córdoba CF (40),4-2,3-0,Real Oviedo (40)
?,(Sun) 28 May 2017 (W21),Elche CF (40),1-1,0-0,CF Reus (40)
?,(Sun) 28 May 2017 (W21),Gimnàstic Tarragona (40),3-1,0-1,Girona FC (40)
?,(Sun) 28 May 2017 (W21),RCD Mallorca (40),0-0,0-0,CD Numancia (40)
?,(Sun) 28 May 2017 (W21),Real Zaragoza (40),1-1,1-0,Rayo Vallecano (40)
?,(Fri) 2 Jun 2017 (W22),CD Lugo (41),1-0,0-0,Levante UD (41)
?,(Sun) 4 Jun 2017 (W22),Cádiz CF (41),2-1,0-0,Elche CF (41)
?,(Sun) 4 Jun 2017 (W22),Getafe CF (41),4-0,2-0,UD Almería (41)
?,(Sun) 4 Jun 2017 (W22),Girona FC (41),0-0,0-0,Real Zaragoza (41)
?,(Sun) 4 Jun 2017 (W22),SD Huesca (41),0-0,0-0,CD Numancia (41)
?,(Sun) 4 Jun 2017 (W22),CD Mirandés (41),2-2,2-1,RCD Mallorca (41)
?,(Sun) 4 Jun 2017 (W22),Real Oviedo (41),1-0,1-0,Sevilla FC B (41)
?,(Sun) 4 Jun 2017 (W22),CF Reus (41),2-0,2-0,Real Valladolid CF (41)
?,(Sun) 4 Jun 2017 (W22),CD Tenerife (41),0-1,0-0,Gimnàstic Tarragona (41)
?,(Sun) 4 Jun 2017 (W22),UCAM Murcia (41),0-1,0-1,AD Alcorcón (41)
?,(Sun) 4 Jun 2017 (W22),Rayo Vallecano (41),1-2,1-1,Córdoba CF (41)
?,(Fri) 9 Jun 2017 (W23),Sevilla FC B (42),1-2,0-1,Rayo Vallecano (42)
?,(Sat) 10 Jun 2017 (W23),AD Alcorcón (42),3-0,1-0,CD Lugo (42)
?,(Sat) 10 Jun 2017 (W23),UD Almería (42),1-0,1-0,CF Reus (42)
?,(Sat) 10 Jun 2017 (W23),Córdoba CF (42),2-1,0-0,Girona FC (42)
?,(Sat) 10 Jun 2017 (W23),Elche CF (42),0-2,0-0,Real Oviedo (42)
?,(Sat) 10 Jun 2017 (W23),Gimnàstic Tarragona (42),1-0,0-0,UCAM Murcia (42)
?,(Sat) 10 Jun 2017 (W23),Levante UD (42),1-2,0-0,SD Huesca (42)
?,(Sat) 10 Jun 2017 (W23),RCD Mallorca (42),3-3,1-1,Getafe CF (42)
?,(Sat) 10 Jun 2017 (W23),Real Valladolid CF (42),1-0,0-0,Cádiz CF (42)
?,(Sat) 10 Jun 2017 (W23),Real Zaragoza (42),1-2,0-1,CD Tenerife (42)
?,(Sun) 11 Jun 2017 (W23),CD Numancia (42),0-2,0-0,CD Mirandés (42)
