Round,Date,Team 1,FT,HT,Team 2
?,(Sun) 12 Sep 1954 (36),Athletic Club Bilbao (1),4-0,?,Deportivo Alavés (1)
?,(Sun) 12 Sep 1954 (36),FC Barcelona (1),4-2,?,Sevilla FC (1)
?,(Sun) 12 Sep 1954 (36),RCD La Coruña (1),2-1,?,Hércules CF (1)
?,(Sun) 12 Sep 1954 (36),UD Las Palmas (1),4-1,?,Atlético Madrid (1)
?,(Sun) 12 Sep 1954 (36),Málaga CF (1),0-0,?,RC Celta Vigo (1)
?,(Sun) 12 Sep 1954 (36),R. Racing C. (1),3-1,?,RCD Español (1)
?,(Sun) 12 Sep 1954 (36),Real Madrid CF (1),1-2,?,Valencia CF (1)
?,(Sun) 12 Sep 1954 (36),Real Valladolid CF (1),1-0,?,Real Sociedad (1)
?,(Sun) 19 Sep 1954 (37),Atlético Madrid (2),2-2,?,Málaga CF (2)
?,(Sun) 19 Sep 1954 (37),RC Celta Vigo (2),2-1,?,R. Racing C. (2)
?,(Sun) 19 Sep 1954 (37),Deportivo Alavés (2),2-2,?,FC Barcelona (2)
?,(Sun) 19 Sep 1954 (37),RCD Español (2),1-3,?,Athletic Club Bilbao (2)
?,(Sun) 19 Sep 1954 (37),Hércules CF (2),2-1,?,Real Valladolid CF (2)
?,(Sun) 19 Sep 1954 (37),Real Sociedad (2),1-3,?,Real Madrid CF (2)
?,(Sun) 19 Sep 1954 (37),Sevilla FC (2),3-2,?,RCD La Coruña (2)
?,(Sun) 19 Sep 1954 (37),Valencia CF (2),4-0,?,UD Las Palmas (2)
?,(Sun) 26 Sep 1954 (38),Athletic Club Bilbao (3),2-2,?,RC Celta Vigo (3)
?,(Sun) 26 Sep 1954 (38),FC Barcelona (3),1-0,?,RCD Español (3)
?,(Sun) 26 Sep 1954 (38),RCD La Coruña (3),3-0,?,Deportivo Alavés (3)
?,(Sun) 26 Sep 1954 (38),Málaga CF (3),1-1,?,Valencia CF (3)
?,(Sun) 26 Sep 1954 (38),R. Racing C. (3),2-4,?,Atlético Madrid (3)
?,(Sun) 26 Sep 1954 (38),Real Sociedad (3),4-0,?,Hércules CF (3)
?,(Sun) 26 Sep 1954 (38),Real Madrid CF (3),7-0,?,UD Las Palmas (3)
?,(Sun) 26 Sep 1954 (38),Real Valladolid CF (3),2-5,?,Sevilla FC (3)
?,(Sun) 3 Oct 1954 (39),Atlético Madrid (4),1-2,?,Athletic Club Bilbao (4)
?,(Sun) 3 Oct 1954 (39),RC Celta Vigo (4),1-1,?,FC Barcelona (4)
?,(Sun) 3 Oct 1954 (39),Deportivo Alavés (4),1-4,?,Real Valladolid CF (4)
?,(Sun) 3 Oct 1954 (39),RCD Español (4),2-2,?,RCD La Coruña (4)
?,(Sun) 3 Oct 1954 (39),Hércules CF (4),1-1,?,Real Madrid CF (4)
?,(Sun) 3 Oct 1954 (39),UD Las Palmas (4),2-1,?,Málaga CF (4)
?,(Sun) 3 Oct 1954 (39),Sevilla FC (4),5-2,?,Real Sociedad (4)
?,(Sun) 3 Oct 1954 (39),Valencia CF (4),8-1,?,R. Racing C. (4)
?,(Sun) 10 Oct 1954 (40),Athletic Club Bilbao (5),7-0,?,Valencia CF (5)
?,(Sun) 10 Oct 1954 (40),FC Barcelona (5),4-0,?,Atlético Madrid (5)
?,(Sun) 10 Oct 1954 (40),RCD La Coruña (5),4-2,?,RC Celta Vigo (5)
?,(Sun) 10 Oct 1954 (40),Hércules CF (5),1-1,?,Sevilla FC (5)
?,(Sun) 10 Oct 1954 (40),R. Racing C. (5),2-1,?,UD Las Palmas (5)
?,(Sun) 10 Oct 1954 (40),Real Sociedad (5),2-0,?,Deportivo Alavés (5)
?,(Sun) 10 Oct 1954 (40),Real Madrid CF (5),4-1,?,Málaga CF (5)
?,(Sun) 10 Oct 1954 (40),Real Valladolid CF (5),4-2,?,RCD Español (5)
?,(Sun) 17 Oct 1954 (41),Atlético Madrid (6),2-1,?,RCD La Coruña (6)
?,(Sun) 17 Oct 1954 (41),RC Celta Vigo (6),2-2,?,Real Valladolid CF (6)
?,(Sun) 17 Oct 1954 (41),Deportivo Alavés (6),2-0,?,Hércules CF (6)
?,(Sun) 17 Oct 1954 (41),RCD Español (6),1-0,?,Real Sociedad (6)
?,(Sun) 17 Oct 1954 (41),UD Las Palmas (6),3-3,?,Athletic Club Bilbao (6)
?,(Sun) 17 Oct 1954 (41),Málaga CF (6),3-1,?,R. Racing C. (6)
?,(Sun) 17 Oct 1954 (41),Sevilla FC (6),1-0,?,Real Madrid CF (6)
?,(Sun) 17 Oct 1954 (41),Valencia CF (6),4-1,?,FC Barcelona (6)
?,(Sun) 24 Oct 1954 (42),Athletic Club Bilbao (7),6-1,?,Málaga CF (7)
?,(Sun) 24 Oct 1954 (42),FC Barcelona (7),1-0,?,UD Las Palmas (7)
?,(Sun) 24 Oct 1954 (42),RCD La Coruña (7),2-1,?,Valencia CF (7)
?,(Sun) 24 Oct 1954 (42),Hércules CF (7),0-0,?,RCD Español (7)
?,(Sun) 24 Oct 1954 (42),Real Sociedad (7),5-0,?,RC Celta Vigo (7)
?,(Sun) 24 Oct 1954 (42),Real Madrid CF (7),3-0,?,R. Racing C. (7)
?,(Sun) 24 Oct 1954 (42),Sevilla FC (7),1-2,?,Deportivo Alavés (7)
?,(Sun) 24 Oct 1954 (42),Real Valladolid CF (7),2-2,?,Atlético Madrid (7)
?,(Sun) 31 Oct 1954 (43),Atlético Madrid (8),4-0,?,Real Sociedad (8)
?,(Sun) 31 Oct 1954 (43),RC Celta Vigo (8),1-1,?,Hércules CF (8)
?,(Sun) 31 Oct 1954 (43),Deportivo Alavés (8),2-4,?,Real Madrid CF (8)
?,(Sun) 31 Oct 1954 (43),RCD Español (8),2-0,?,Sevilla FC (8)
?,(Sun) 31 Oct 1954 (43),UD Las Palmas (8),2-1,?,RCD La Coruña (8)
?,(Sun) 31 Oct 1954 (43),Málaga CF (8),1-2,?,FC Barcelona (8)
?,(Sun) 31 Oct 1954 (43),R. Racing C. (8),1-4,?,Athletic Club Bilbao (8)
?,(Sun) 31 Oct 1954 (43),Valencia CF (8),2-1,?,Real Valladolid CF (8)
?,(Sun) 7 Nov 1954 (44),FC Barcelona (9),7-0,?,R. Racing C. (9)
?,(Sun) 7 Nov 1954 (44),Deportivo Alavés (9),2-2,?,RCD Español (9)
?,(Sun) 7 Nov 1954 (44),RCD La Coruña (9),3-2,?,Málaga CF (9)
?,(Sun) 7 Nov 1954 (44),Hércules CF (9),4-0,?,Atlético Madrid (9)
?,(Sun) 7 Nov 1954 (44),Real Sociedad (9),3-0,?,Valencia CF (9)
?,(Sun) 7 Nov 1954 (44),Real Madrid CF (9),3-1,?,Athletic Club Bilbao (9)
?,(Sun) 7 Nov 1954 (44),Sevilla FC (9),5-2,?,RC Celta Vigo (9)
?,(Sun) 7 Nov 1954 (44),Real Valladolid CF (9),2-1,?,UD Las Palmas (9)
?,(Sun) 14 Nov 1954 (45),Athletic Club Bilbao (10),1-1,?,FC Barcelona (10)
?,(Sun) 14 Nov 1954 (45),Atlético Madrid (10),0-3,?,Sevilla FC (10)
?,(Sun) 14 Nov 1954 (45),RC Celta Vigo (10),2-0,?,Deportivo Alavés (10)
?,(Sun) 14 Nov 1954 (45),RCD Español (10),1-3,?,Real Madrid CF (10)
?,(Sun) 14 Nov 1954 (45),UD Las Palmas (10),2-2,?,Real Sociedad (10)
?,(Sun) 14 Nov 1954 (45),Málaga CF (10),1-2,?,Real Valladolid CF (10)
?,(Sun) 14 Nov 1954 (45),R. Racing C. (10),2-1,?,RCD La Coruña (10)
?,(Sun) 14 Nov 1954 (45),Valencia CF (10),8-2,?,Hércules CF (10)
?,(Sun) 21 Nov 1954 (46),Deportivo Alavés (11),2-0,?,Atlético Madrid (11)
?,(Sun) 21 Nov 1954 (46),RCD La Coruña (11),1-1,?,Athletic Club Bilbao (11)
?,(Sun) 21 Nov 1954 (46),RCD Español (11),4-0,?,RC Celta Vigo (11)
?,(Sun) 21 Nov 1954 (46),Hércules CF (11),4-0,?,UD Las Palmas (11)
?,(Sun) 21 Nov 1954 (46),Real Sociedad (11),1-1,?,Málaga CF (11)
?,(Sun) 21 Nov 1954 (46),Real Madrid CF (11),3-0,?,FC Barcelona (11)
?,(Sun) 21 Nov 1954 (46),Sevilla FC (11),2-1,?,Valencia CF (11)
?,(Sun) 21 Nov 1954 (46),Real Valladolid CF (11),3-1,?,R. Racing C. (11)
?,(Sun) 28 Nov 1954 (47),Athletic Club Bilbao (12),1-0,?,Real Valladolid CF (12)
?,(Sun) 28 Nov 1954 (47),Atlético Madrid (12),2-1,?,RCD Español (12)
?,(Sun) 28 Nov 1954 (47),FC Barcelona (12),3-1,?,RCD La Coruña (12)
?,(Sun) 28 Nov 1954 (47),RC Celta Vigo (12),1-1,?,Real Madrid CF (12)
?,(Sun) 28 Nov 1954 (47),UD Las Palmas (12),4-0,?,Sevilla FC (12)
?,(Sun) 28 Nov 1954 (47),Málaga CF (12),3-3,?,Hércules CF (12)
?,(Sun) 28 Nov 1954 (47),R. Racing C. (12),3-3,?,Real Sociedad (12)
?,(Sun) 28 Nov 1954 (47),Valencia CF (12),6-1,?,Deportivo Alavés (12)
?,(Sun) 5 Dec 1954 (48),RC Celta Vigo (13),8-1,?,Atlético Madrid (13)
?,(Sun) 5 Dec 1954 (48),Deportivo Alavés (13),4-1,?,UD Las Palmas (13)
?,(Sun) 5 Dec 1954 (48),RCD Español (13),1-1,?,Valencia CF (13)
?,(Sun) 5 Dec 1954 (48),Hércules CF (13),2-0,?,R. Racing C. (13)
?,(Sun) 5 Dec 1954 (48),Real Sociedad (13),3-3,?,Athletic Club Bilbao (13)
?,(Sun) 5 Dec 1954 (48),Real Madrid CF (13),5-1,?,RCD La Coruña (13)
?,(Sun) 5 Dec 1954 (48),Sevilla FC (13),6-1,?,Málaga CF (13)
?,(Sun) 5 Dec 1954 (48),Real Valladolid CF (13),1-2,?,FC Barcelona (13)
?,(Sun) 12 Dec 1954 (49),Athletic Club Bilbao (14),3-0,?,Hércules CF (14)
?,(Sun) 12 Dec 1954 (49),FC Barcelona (14),4-1,?,Real Sociedad (14)
?,(Sun) 12 Dec 1954 (49),RCD La Coruña (14),2-1,?,Real Valladolid CF (14)
?,(Sun) 12 Dec 1954 (49),UD Las Palmas (14),2-1,?,RCD Español (14)
?,(Sun) 12 Dec 1954 (49),Málaga CF (14),2-0,?,Deportivo Alavés (14)
?,(Sun) 12 Dec 1954 (49),R. Racing C. (14),3-1,?,Sevilla FC (14)
?,(Sun) 12 Dec 1954 (49),Real Madrid CF (14),1-0,?,Atlético Madrid (14)
?,(Sun) 12 Dec 1954 (49),Valencia CF (14),2-1,?,RC Celta Vigo (14)
?,(Sun) 19 Dec 1954 (50),Atlético Madrid (15),2-3,?,Valencia CF (15)
?,(Sun) 19 Dec 1954 (50),RC Celta Vigo (15),5-1,?,UD Las Palmas (15)
?,(Sun) 19 Dec 1954 (50),Deportivo Alavés (15),2-1,?,R. Racing C. (15)
?,(Sun) 19 Dec 1954 (50),RCD Español (15),1-1,?,Málaga CF (15)
?,(Sun) 19 Dec 1954 (50),Hércules CF (15),1-0,?,FC Barcelona (15)
?,(Sun) 19 Dec 1954 (50),Real Sociedad (15),3-0,?,RCD La Coruña (15)
?,(Sun) 19 Dec 1954 (50),Sevilla FC (15),1-1,?,Athletic Club Bilbao (15)
?,(Sun) 19 Dec 1954 (50),Real Valladolid CF (15),0-1,?,Real Madrid CF (15)
?,(Sun) 26 Dec 1954 (51),Atlético Madrid (16),2-2,?,UD Las Palmas (16)
?,(Sun) 26 Dec 1954 (51),RC Celta Vigo (16),3-0,?,Málaga CF (16)
?,(Sun) 26 Dec 1954 (51),Deportivo Alavés (16),2-2,?,Athletic Club Bilbao (16)
?,(Sun) 26 Dec 1954 (51),RCD Español (16),1-0,?,R. Racing C. (16)
?,(Sun) 26 Dec 1954 (51),Hércules CF (16),4-2,?,RCD La Coruña (16)
?,(Sun) 26 Dec 1954 (51),Real Sociedad (16),3-3,?,Real Valladolid CF (16)
?,(Sun) 26 Dec 1954 (51),Sevilla FC (16),0-2,?,FC Barcelona (16)
?,(Sun) 26 Dec 1954 (51),Valencia CF (16),1-3,?,Real Madrid CF (16)
?,(Sun) 2 Jan 1955 (0),Athletic Club Bilbao (17),1-2,?,RCD Español (17)
?,(Sun) 2 Jan 1955 (0),FC Barcelona (17),5-2,?,Deportivo Alavés (17)
?,(Sun) 2 Jan 1955 (0),RCD La Coruña (17),4-2,?,Sevilla FC (17)
?,(Sun) 2 Jan 1955 (0),UD Las Palmas (17),1-0,?,Valencia CF (17)
?,(Sun) 2 Jan 1955 (0),Málaga CF (17),0-3,?,Atlético Madrid (17)
?,(Sun) 2 Jan 1955 (0),R. Racing C. (17),3-1,?,RC Celta Vigo (17)
?,(Sun) 2 Jan 1955 (0),Real Madrid CF (17),1-1,?,Real Sociedad (17)
?,(Sun) 2 Jan 1955 (0),Real Valladolid CF (17),2-0,?,Hércules CF (17)
?,(Sun) 9 Jan 1955 (1),Atlético Madrid (18),3-1,?,R. Racing C. (18)
?,(Sun) 9 Jan 1955 (1),RC Celta Vigo (18),1-0,?,Athletic Club Bilbao (18)
?,(Sun) 9 Jan 1955 (1),Deportivo Alavés (18),2-1,?,RCD La Coruña (18)
?,(Sun) 9 Jan 1955 (1),RCD Español (18),2-4,?,FC Barcelona (18)
?,(Sun) 9 Jan 1955 (1),Hércules CF (18),4-1,?,Real Sociedad (18)
?,(Sun) 9 Jan 1955 (1),UD Las Palmas (18),1-1,?,Real Madrid CF (18)
?,(Sun) 9 Jan 1955 (1),Sevilla FC (18),5-1,?,Real Valladolid CF (18)
?,(Sun) 9 Jan 1955 (1),Valencia CF (18),0-2,?,Málaga CF (18)
?,(Sun) 16 Jan 1955 (2),Athletic Club Bilbao (19),1-1,?,Atlético Madrid (19)
?,(Sun) 16 Jan 1955 (2),FC Barcelona (19),5-2,?,RC Celta Vigo (19)
?,(Sun) 16 Jan 1955 (2),RCD La Coruña (19),1-1,?,RCD Español (19)
?,(Sun) 16 Jan 1955 (2),Málaga CF (19),2-0,?,UD Las Palmas (19)
?,(Sun) 16 Jan 1955 (2),R. Racing C. (19),3-2,?,Valencia CF (19)
?,(Sun) 16 Jan 1955 (2),Real Sociedad (19),1-2,?,Sevilla FC (19)
?,(Sun) 16 Jan 1955 (2),Real Madrid CF (19),3-0,?,Hércules CF (19)
?,(Sun) 16 Jan 1955 (2),Real Valladolid CF (19),1-0,?,Deportivo Alavés (19)
?,(Sun) 23 Jan 1955 (3),Atlético Madrid (20),2-2,?,FC Barcelona (20)
?,(Sun) 23 Jan 1955 (3),RC Celta Vigo (20),2-0,?,RCD La Coruña (20)
?,(Sun) 23 Jan 1955 (3),Deportivo Alavés (20),0-1,?,Real Sociedad (20)
?,(Sun) 23 Jan 1955 (3),RCD Español (20),1-1,?,Real Valladolid CF (20)
?,(Sun) 23 Jan 1955 (3),UD Las Palmas (20),5-1,?,R. Racing C. (20)
?,(Sun) 23 Jan 1955 (3),Málaga CF (20),3-1,?,Real Madrid CF (20)
?,(Sun) 23 Jan 1955 (3),Sevilla FC (20),6-1,?,Hércules CF (20)
?,(Sun) 23 Jan 1955 (3),Valencia CF (20),3-2,?,Athletic Club Bilbao (20)
?,(Sun) 30 Jan 1955 (4),Athletic Club Bilbao (21),9-2,?,UD Las Palmas (21)
?,(Sun) 30 Jan 1955 (4),FC Barcelona (21),4-1,?,Valencia CF (21)
?,(Sun) 30 Jan 1955 (4),RCD La Coruña (21),1-0,?,Atlético Madrid (21)
?,(Sun) 30 Jan 1955 (4),Hércules CF (21),2-2,?,Deportivo Alavés (21)
?,(Sun) 30 Jan 1955 (4),R. Racing C. (21),2-1,?,Málaga CF (21)
?,(Sun) 30 Jan 1955 (4),Real Sociedad (21),1-0,?,RCD Español (21)
?,(Sun) 30 Jan 1955 (4),Real Madrid CF (21),3-1,?,Sevilla FC (21)
?,(Sun) 30 Jan 1955 (4),Real Valladolid CF (21),2-1,?,RC Celta Vigo (21)
?,(Sun) 6 Feb 1955 (5),Atlético Madrid (22),5-4,?,Real Valladolid CF (22)
?,(Sun) 6 Feb 1955 (5),RC Celta Vigo (22),5-1,?,Real Sociedad (22)
?,(Sun) 6 Feb 1955 (5),Deportivo Alavés (22),2-1,?,Sevilla FC (22)
?,(Sun) 6 Feb 1955 (5),RCD Español (22),4-1,?,Hércules CF (22)
?,(Sun) 6 Feb 1955 (5),UD Las Palmas (22),2-0,?,FC Barcelona (22)
?,(Sun) 6 Feb 1955 (5),Málaga CF (22),1-3,?,Athletic Club Bilbao (22)
?,(Sun) 6 Feb 1955 (5),R. Racing C. (22),0-4,?,Real Madrid CF (22)
?,(Sun) 6 Feb 1955 (5),Valencia CF (22),4-0,?,RCD La Coruña (22)
?,(Sun) 13 Feb 1955 (6),Athletic Club Bilbao (23),3-0,?,R. Racing C. (23)
?,(Sun) 13 Feb 1955 (6),FC Barcelona (23),5-0,?,Málaga CF (23)
?,(Sun) 13 Feb 1955 (6),RCD La Coruña (23),4-1,?,UD Las Palmas (23)
?,(Sun) 13 Feb 1955 (6),Hércules CF (23),2-1,?,RC Celta Vigo (23)
?,(Sun) 13 Feb 1955 (6),Real Sociedad (23),0-2,?,Atlético Madrid (23)
?,(Sun) 13 Feb 1955 (6),Real Madrid CF (23),4-1,?,Deportivo Alavés (23)
?,(Sun) 13 Feb 1955 (6),Sevilla FC (23),3-2,?,RCD Español (23)
?,(Sun) 13 Feb 1955 (6),Real Valladolid CF (23),2-3,?,Valencia CF (23)
?,(Sun) 20 Feb 1955 (7),Athletic Club Bilbao (24),2-0,?,Real Madrid CF (24)
?,(Sun) 20 Feb 1955 (7),Atlético Madrid (24),3-0,?,Hércules CF (24)
?,(Sun) 20 Feb 1955 (7),RC Celta Vigo (24),5-1,?,Sevilla FC (24)
?,(Sun) 20 Feb 1955 (7),RCD Español (24),4-1,?,Deportivo Alavés (24)
?,(Sun) 20 Feb 1955 (7),UD Las Palmas (24),2-0,?,Real Valladolid CF (24)
?,(Sun) 20 Feb 1955 (7),Málaga CF (24),0-1,?,RCD La Coruña (24)
?,(Sun) 20 Feb 1955 (7),R. Racing C. (24),2-1,?,FC Barcelona (24)
?,(Sun) 20 Feb 1955 (7),Valencia CF (24),2-0,?,Real Sociedad (24)
?,(Sun) 27 Feb 1955 (8),FC Barcelona (25),2-3,?,Athletic Club Bilbao (25)
?,(Sun) 27 Feb 1955 (8),Deportivo Alavés (25),2-0,?,RC Celta Vigo (25)
?,(Sun) 27 Feb 1955 (8),RCD La Coruña (25),3-1,?,R. Racing C. (25)
?,(Sun) 27 Feb 1955 (8),Hércules CF (25),3-2,?,Valencia CF (25)
?,(Sun) 27 Feb 1955 (8),Real Sociedad (25),4-0,?,UD Las Palmas (25)
?,(Sun) 27 Feb 1955 (8),Real Madrid CF (25),5-1,?,RCD Español (25)
?,(Sun) 27 Feb 1955 (8),Sevilla FC (25),3-3,?,Atlético Madrid (25)
?,(Sun) 27 Feb 1955 (8),Real Valladolid CF (25),3-2,?,Málaga CF (25)
?,(Sun) 6 Mar 1955 (9),Athletic Club Bilbao (26),5-1,?,RCD La Coruña (26)
?,(Sun) 6 Mar 1955 (9),Atlético Madrid (26),4-1,?,Deportivo Alavés (26)
?,(Sun) 6 Mar 1955 (9),FC Barcelona (26),2-2,?,Real Madrid CF (26)
?,(Sun) 6 Mar 1955 (9),RC Celta Vigo (26),1-1,?,RCD Español (26)
?,(Sun) 6 Mar 1955 (9),UD Las Palmas (26),1-1,?,Hércules CF (26)
?,(Sun) 6 Mar 1955 (9),Málaga CF (26),2-1,?,Real Sociedad (26)
?,(Sun) 6 Mar 1955 (9),R. Racing C. (26),2-1,?,Real Valladolid CF (26)
?,(Sun) 6 Mar 1955 (9),Valencia CF (26),3-1,?,Sevilla FC (26)
?,(Sun) 20 Mar 1955 (11),Deportivo Alavés (27),7-0,?,Valencia CF (27)
?,(Sun) 20 Mar 1955 (11),RCD La Coruña (27),2-2,?,FC Barcelona (27)
?,(Sun) 20 Mar 1955 (11),RCD Español (27),2-0,?,Atlético Madrid (27)
?,(Sun) 20 Mar 1955 (11),Hércules CF (27),1-0,?,Málaga CF (27)
?,(Sun) 20 Mar 1955 (11),Real Sociedad (27),3-0,?,R. Racing C. (27)
?,(Sun) 20 Mar 1955 (11),Real Madrid CF (27),5-1,?,RC Celta Vigo (27)
?,(Sun) 20 Mar 1955 (11),Sevilla FC (27),4-0,?,UD Las Palmas (27)
?,(Sun) 20 Mar 1955 (11),Real Valladolid CF (27),1-0,?,Athletic Club Bilbao (27)
?,(Sun) 27 Mar 1955 (12),Athletic Club Bilbao (28),1-0,?,Real Sociedad (28)
?,(Sun) 27 Mar 1955 (12),Atlético Madrid (28),4-0,?,RC Celta Vigo (28)
?,(Sun) 27 Mar 1955 (12),FC Barcelona (28),5-0,?,Real Valladolid CF (28)
?,(Sun) 27 Mar 1955 (12),RCD La Coruña (28),3-3,?,Real Madrid CF (28)
?,(Sun) 27 Mar 1955 (12),UD Las Palmas (28),2-2,?,Deportivo Alavés (28)
?,(Sun) 27 Mar 1955 (12),Málaga CF (28),0-2,?,Sevilla FC (28)
?,(Sun) 27 Mar 1955 (12),R. Racing C. (28),1-1,?,Hércules CF (28)
?,(Sun) 27 Mar 1955 (12),Valencia CF (28),2-0,?,RCD Español (28)
?,(Sun) 3 Apr 1955 (13),Atlético Madrid (29),2-4,?,Real Madrid CF (29)
?,(Sun) 3 Apr 1955 (13),RC Celta Vigo (29),2-1,?,Valencia CF (29)
?,(Sun) 3 Apr 1955 (13),Deportivo Alavés (29),5-1,?,Málaga CF (29)
?,(Sun) 3 Apr 1955 (13),RCD Español (29),0-0,?,UD Las Palmas (29)
?,(Sun) 3 Apr 1955 (13),Hércules CF (29),3-2,?,Athletic Club Bilbao (29)
?,(Sun) 3 Apr 1955 (13),Real Sociedad (29),0-2,?,FC Barcelona (29)
?,(Sun) 3 Apr 1955 (13),Sevilla FC (29),5-2,?,R. Racing C. (29)
?,(Sun) 3 Apr 1955 (13),Real Valladolid CF (29),1-1,?,RCD La Coruña (29)
?,(Sun) 10 Apr 1955 (14),Athletic Club Bilbao (30),2-2,?,Sevilla FC (30)
?,(Sun) 10 Apr 1955 (14),FC Barcelona (30),1-1,?,Hércules CF (30)
?,(Sun) 10 Apr 1955 (14),RCD La Coruña (30),2-1,?,Real Sociedad (30)
?,(Sun) 10 Apr 1955 (14),UD Las Palmas (30),3-1,?,RC Celta Vigo (30)
?,(Sun) 10 Apr 1955 (14),Málaga CF (30),1-1,?,RCD Español (30)
?,(Sun) 10 Apr 1955 (14),R. Racing C. (30),0-2,?,Deportivo Alavés (30)
?,(Sun) 10 Apr 1955 (14),Real Madrid CF (30),1-0,?,Real Valladolid CF (30)
?,(Sun) 10 Apr 1955 (14),Valencia CF (30),4-4,?,Atlético Madrid (30)
