Round,Date,Team 1,FT,HT,Team 2
?,(Sat) 30 Aug 2003 (W35),Albacete Balompié (1),0-2,0-1,CA Osasuna (1)
?,(Sat) 30 Aug 2003 (W35),Athletic Club Bilbao (1),0-1,0-1,FC Barcelona (1)
?,(Sat) 30 Aug 2003 (W35),RCD Espanyol (1),1-1,1-0,Real Sociedad (1)
?,(Sat) 30 Aug 2003 (W35),Málaga CF (1),0-0,0-0,Villarreal CF (1)
?,(Sat) 30 Aug 2003 (W35),Real Madrid (1),2-1,1-1,Real Betis (1)
?,(Sat) 30 Aug 2003 (W35),Valencia CF (1),1-1,0-1,Real Valladolid CF (1)
?,(Sun) 31 Aug 2003 (W35),RC Celta Vigo (1),1-1,1-0,Real Murcia CF (1)
?,(Sun) 31 Aug 2003 (W35),Real Racing Santander (1),2-1,1-0,RCD Mallorca (1)
?,(Sun) 31 Aug 2003 (W35),Sevilla FC (1),1-0,1-0,Atlético Madrid (1)
?,(Sun) 31 Aug 2003 (W35),Real Zaragoza (1),0-1,0-0,RCD La Coruña (1)
?,(Tue) 2 Sep 2003 (W36),CA Osasuna (2),0-1,0-0,Valencia CF (2)
?,(Tue) 2 Sep 2003 (W36),Real Sociedad (2),1-1,1-0,RC Celta Vigo (2)
?,(Tue) 2 Sep 2003 (W36),Villarreal CF (2),1-1,0-0,Real Madrid (2)
?,(Wed) 3 Sep 2003 (W36),Atlético Madrid (2),1-0,0-0,Albacete Balompié (2)
?,(Wed) 3 Sep 2003 (W36),FC Barcelona (2),1-1,0-1,Sevilla FC (2)
?,(Wed) 3 Sep 2003 (W36),Real Betis (2),2-2,2-0,RCD Espanyol (2)
?,(Wed) 3 Sep 2003 (W36),RCD La Coruña (2),2-0,1-0,Athletic Club Bilbao (2)
?,(Wed) 3 Sep 2003 (W36),RCD Mallorca (2),2-0,1-0,Real Zaragoza (2)
?,(Wed) 3 Sep 2003 (W36),Real Murcia CF (2),1-1,1-1,Real Racing Santander (2)
?,(Wed) 3 Sep 2003 (W36),Real Valladolid CF (2),1-0,1-0,Málaga CF (2)
?,(Sat) 13 Sep 2003 (W37),RC Celta Vigo (3),0-2,0-1,Real Betis (3)
?,(Sat) 13 Sep 2003 (W37),Real Madrid (3),7-2,3-0,Real Valladolid CF (3)
?,(Sat) 13 Sep 2003 (W37),Real Racing Santander (3),0-1,0-1,Real Sociedad (3)
?,(Sat) 13 Sep 2003 (W37),Sevilla FC (3),1-2,0-1,RCD La Coruña (3)
?,(Sun) 14 Sep 2003 (W37),Albacete Balompié (3),1-2,0-1,FC Barcelona (3)
?,(Sun) 14 Sep 2003 (W37),Athletic Club Bilbao (3),4-0,2-0,RCD Mallorca (3)
?,(Sun) 14 Sep 2003 (W37),RCD Espanyol (3),1-2,1-1,Villarreal CF (3)
?,(Sun) 14 Sep 2003 (W37),CA Osasuna (3),1-0,1-0,Atlético Madrid (3)
?,(Sun) 14 Sep 2003 (W37),Valencia CF (3),1-0,1-0,Málaga CF (3)
?,(Sun) 14 Sep 2003 (W37),Real Zaragoza (3),3-0,3-0,Real Murcia CF (3)
?,(Sat) 20 Sep 2003 (W38),Atlético Madrid (4),0-3,0-0,Valencia CF (4)
?,(Sat) 20 Sep 2003 (W38),FC Barcelona (4),1-1,0-0,CA Osasuna (4)
?,(Sun) 21 Sep 2003 (W38),Real Betis (4),0-0,0-0,Real Racing Santander (4)
?,(Sun) 21 Sep 2003 (W38),RCD La Coruña (4),3-0,0-0,Albacete Balompié (4)
?,(Sun) 21 Sep 2003 (W38),Málaga CF (4),1-3,0-1,Real Madrid (4)
?,(Sun) 21 Sep 2003 (W38),RCD Mallorca (4),1-1,1-1,Sevilla FC (4)
?,(Sun) 21 Sep 2003 (W38),Real Murcia CF (4),2-2,1-1,Athletic Club Bilbao (4)
?,(Sun) 21 Sep 2003 (W38),Real Sociedad (4),3-0,0-0,Real Zaragoza (4)
?,(Sun) 21 Sep 2003 (W38),Real Valladolid CF (4),3-1,2-1,RCD Espanyol (4)
?,(Sun) 21 Sep 2003 (W38),Villarreal CF (4),1-1,0-0,RC Celta Vigo (4)
?,(Sat) 27 Sep 2003 (W39),Athletic Club Bilbao (5),1-0,0-0,Real Sociedad (5)
?,(Sat) 27 Sep 2003 (W39),RC Celta Vigo (5),3-2,0-1,Real Valladolid CF (5)
?,(Sat) 27 Sep 2003 (W39),CA Osasuna (5),3-2,3-1,RCD La Coruña (5)
?,(Sat) 27 Sep 2003 (W39),Valencia CF (5),2-0,1-0,Real Madrid (5)
?,(Sun) 28 Sep 2003 (W39),Albacete Balompié (5),2-0,1-0,RCD Mallorca (5)
?,(Sun) 28 Sep 2003 (W39),Atlético Madrid (5),0-0,0-0,FC Barcelona (5)
?,(Sun) 28 Sep 2003 (W39),RCD Espanyol (5),1-2,0-1,Málaga CF (5)
?,(Sun) 28 Sep 2003 (W39),Real Racing Santander (5),0-2,0-0,Villarreal CF (5)
?,(Sun) 28 Sep 2003 (W39),Sevilla FC (5),1-0,0-0,Real Murcia CF (5)
?,(Sun) 28 Sep 2003 (W39),Real Zaragoza (5),0-1,0-0,Real Betis (5)
?,(Sat) 4 Oct 2003 (W40),Real Betis (6),1-1,0-0,Athletic Club Bilbao (6)
?,(Sat) 4 Oct 2003 (W40),RCD La Coruña (6),5-1,2-1,Atlético Madrid (6)
?,(Sat) 4 Oct 2003 (W40),Villarreal CF (6),1-1,1-1,Real Zaragoza (6)
?,(Sun) 5 Oct 2003 (W40),FC Barcelona (6),0-1,0-1,Valencia CF (6)
?,(Sun) 5 Oct 2003 (W40),Málaga CF (6),2-1,1-0,RC Celta Vigo (6)
?,(Sun) 5 Oct 2003 (W40),RCD Mallorca (6),1-1,0-0,CA Osasuna (6)
?,(Sun) 5 Oct 2003 (W40),Real Murcia CF (6),1-0,1-0,Albacete Balompié (6)
?,(Sun) 5 Oct 2003 (W40),Real Madrid (6),2-1,0-0,RCD Espanyol (6)
?,(Sun) 5 Oct 2003 (W40),Real Sociedad (6),1-1,1-1,Sevilla FC (6)
?,(Sun) 5 Oct 2003 (W40),Real Valladolid CF (6),0-4,0-1,Real Racing Santander (6)
?,(Sat) 18 Oct 2003 (W42),Albacete Balompié (7),3-1,0-0,Real Sociedad (7)
?,(Sat) 18 Oct 2003 (W42),FC Barcelona (7),0-2,0-1,RCD La Coruña (7)
?,(Sat) 18 Oct 2003 (W42),RC Celta Vigo (7),0-2,0-1,Real Madrid (7)
?,(Sun) 19 Oct 2003 (W42),Athletic Club Bilbao (7),2-0,0-0,Villarreal CF (7)
?,(Sun) 19 Oct 2003 (W42),Atlético Madrid (7),2-1,1-1,RCD Mallorca (7)
?,(Sun) 19 Oct 2003 (W42),CA Osasuna (7),2-1,1-1,Real Murcia CF (7)
?,(Sun) 19 Oct 2003 (W42),Real Racing Santander (7),4-2,0-1,Málaga CF (7)
?,(Sun) 19 Oct 2003 (W42),Sevilla FC (7),2-2,0-0,Real Betis (7)
?,(Sun) 19 Oct 2003 (W42),Valencia CF (7),4-0,3-0,RCD Espanyol (7)
?,(Sun) 19 Oct 2003 (W42),Real Zaragoza (7),1-0,1-0,Real Valladolid CF (7)
?,(Sat) 25 Oct 2003 (W43),RCD La Coruña (8),2-1,1-0,Valencia CF (8)
?,(Sat) 25 Oct 2003 (W43),Málaga CF (8),2-1,2-0,Real Zaragoza (8)
?,(Sat) 25 Oct 2003 (W43),Real Madrid (8),3-1,1-1,Real Racing Santander (8)
?,(Sun) 26 Oct 2003 (W43),Real Betis (8),3-2,2-1,Albacete Balompié (8)
?,(Sun) 26 Oct 2003 (W43),RCD Espanyol (8),0-4,0-1,RC Celta Vigo (8)
?,(Sun) 26 Oct 2003 (W43),RCD Mallorca (8),1-3,0-2,FC Barcelona (8)
?,(Sun) 26 Oct 2003 (W43),Real Murcia CF (8),1-3,0-2,Atlético Madrid (8)
?,(Sun) 26 Oct 2003 (W43),Real Sociedad (8),1-0,0-0,CA Osasuna (8)
?,(Sun) 26 Oct 2003 (W43),Real Valladolid CF (8),2-0,1-0,Athletic Club Bilbao (8)
?,(Sun) 26 Oct 2003 (W43),Villarreal CF (8),3-3,1-2,Sevilla FC (8)
?,(Tue) 28 Oct 2003 (W44),Real Zaragoza (9),0-0,0-0,Real Madrid (9)
?,(Wed) 29 Oct 2003 (W44),Albacete Balompié (9),2-0,0-0,Villarreal CF (9)
?,(Wed) 29 Oct 2003 (W44),Athletic Club Bilbao (9),2-1,0-1,Málaga CF (9)
?,(Wed) 29 Oct 2003 (W44),FC Barcelona (9),3-0,1-0,Real Murcia CF (9)
?,(Wed) 29 Oct 2003 (W44),RCD La Coruña (9),0-2,0-0,RCD Mallorca (9)
?,(Wed) 29 Oct 2003 (W44),CA Osasuna (9),2-0,0-0,Real Betis (9)
?,(Wed) 29 Oct 2003 (W44),Real Racing Santander (9),0-1,0-0,RCD Espanyol (9)
?,(Wed) 29 Oct 2003 (W44),Sevilla FC (9),1-1,1-0,Real Valladolid CF (9)
?,(Wed) 29 Oct 2003 (W44),Valencia CF (9),2-2,1-0,RC Celta Vigo (9)
?,(Thu) 30 Oct 2003 (W44),Atlético Madrid (9),4-0,1-0,Real Sociedad (9)
?,(Sat) 1 Nov 2003 (W44),RC Celta Vigo (10),0-1,0-1,Real Racing Santander (10)
?,(Sat) 1 Nov 2003 (W44),Real Murcia CF (10),0-0,0-0,RCD La Coruña (10)
?,(Sat) 1 Nov 2003 (W44),Real Madrid (10),3-0,1-0,Athletic Club Bilbao (10)
?,(Sun) 2 Nov 2003 (W44),Real Betis (10),1-2,1-1,Atlético Madrid (10)
?,(Sun) 2 Nov 2003 (W44),RCD Espanyol (10),0-2,0-2,Real Zaragoza (10)
?,(Sun) 2 Nov 2003 (W44),Málaga CF (10),2-0,2-0,Sevilla FC (10)
?,(Sun) 2 Nov 2003 (W44),RCD Mallorca (10),0-5,0-3,Valencia CF (10)
?,(Sun) 2 Nov 2003 (W44),Real Sociedad (10),3-3,0-1,FC Barcelona (10)
?,(Sun) 2 Nov 2003 (W44),Real Valladolid CF (10),2-0,1-0,Albacete Balompié (10)
?,(Sun) 2 Nov 2003 (W44),Villarreal CF (10),1-0,1-0,CA Osasuna (10)
?,(Sat) 8 Nov 2003 (W45),Athletic Club Bilbao (11),1-0,1-0,RCD Espanyol (11)
?,(Sat) 8 Nov 2003 (W45),RCD La Coruña (11),2-1,0-1,Real Sociedad (11)
?,(Sat) 8 Nov 2003 (W45),Real Zaragoza (11),1-1,1-1,RC Celta Vigo (11)
?,(Sun) 9 Nov 2003 (W45),Albacete Balompié (11),0-1,0-0,Málaga CF (11)
?,(Sun) 9 Nov 2003 (W45),Atlético Madrid (11),1-0,0-0,Villarreal CF (11)
?,(Sun) 9 Nov 2003 (W45),FC Barcelona (11),2-1,1-0,Real Betis (11)
?,(Sun) 9 Nov 2003 (W45),RCD Mallorca (11),4-1,3-1,Real Murcia CF (11)
?,(Sun) 9 Nov 2003 (W45),CA Osasuna (11),1-1,1-1,Real Valladolid CF (11)
?,(Sun) 9 Nov 2003 (W45),Sevilla FC (11),4-1,4-0,Real Madrid (11)
?,(Sun) 9 Nov 2003 (W45),Valencia CF (11),1-2,1-1,Real Racing Santander (11)
?,(Sat) 22 Nov 2003 (W47),Real Betis (12),0-0,0-0,RCD La Coruña (12)
?,(Sat) 22 Nov 2003 (W47),Real Sociedad (12),0-1,0-1,RCD Mallorca (12)
?,(Sat) 22 Nov 2003 (W47),Villarreal CF (12),2-1,1-0,FC Barcelona (12)
?,(Sun) 23 Nov 2003 (W47),RC Celta Vigo (12),0-2,0-0,Athletic Club Bilbao (12)
?,(Sun) 23 Nov 2003 (W47),RCD Espanyol (12),1-0,0-0,Sevilla FC (12)
?,(Sun) 23 Nov 2003 (W47),Málaga CF (12),0-0,0-0,CA Osasuna (12)
?,(Sun) 23 Nov 2003 (W47),Real Murcia CF (12),2-2,1-1,Valencia CF (12)
?,(Sun) 23 Nov 2003 (W47),Real Madrid (12),2-1,1-1,Albacete Balompié (12)
?,(Sun) 23 Nov 2003 (W47),Real Racing Santander (12),1-2,1-1,Real Zaragoza (12)
?,(Sun) 23 Nov 2003 (W47),Real Valladolid CF (12),3-1,2-1,Atlético Madrid (12)
?,(Sat) 29 Nov 2003 (W48),Atlético Madrid (13),2-0,1-0,Málaga CF (13)
?,(Sat) 29 Nov 2003 (W48),Real Murcia CF (13),2-2,0-1,Real Sociedad (13)
?,(Sat) 29 Nov 2003 (W48),CA Osasuna (13),1-1,1-0,Real Madrid (13)
?,(Sat) 29 Nov 2003 (W48),Valencia CF (13),3-2,3-0,Real Zaragoza (13)
?,(Sun) 30 Nov 2003 (W48),Albacete Balompié (13),2-1,1-1,RCD Espanyol (13)
?,(Sun) 30 Nov 2003 (W48),Athletic Club Bilbao (13),1-2,1-1,Real Racing Santander (13)
?,(Sun) 30 Nov 2003 (W48),FC Barcelona (13),0-0,0-0,Real Valladolid CF (13)
?,(Sun) 30 Nov 2003 (W48),RCD La Coruña (13),0-1,0-0,Villarreal CF (13)
?,(Sun) 30 Nov 2003 (W48),RCD Mallorca (13),2-1,1-1,Real Betis (13)
?,(Sun) 30 Nov 2003 (W48),Sevilla FC (13),0-1,0-1,RC Celta Vigo (13)
?,(Tue) 2 Dec 2003 (W49),Real Sociedad (14),0-0,0-0,Valencia CF (14)
?,(Wed) 3 Dec 2003 (W49),Real Betis (14),1-1,0-0,Real Murcia CF (14)
?,(Wed) 3 Dec 2003 (W49),RC Celta Vigo (14),2-2,1-1,Albacete Balompié (14)
?,(Wed) 3 Dec 2003 (W49),RCD Espanyol (14),0-1,0-0,CA Osasuna (14)
?,(Wed) 3 Dec 2003 (W49),Málaga CF (14),5-1,2-0,FC Barcelona (14)
?,(Wed) 3 Dec 2003 (W49),Real Madrid (14),2-0,2-0,Atlético Madrid (14)
?,(Wed) 3 Dec 2003 (W49),Real Valladolid CF (14),1-1,0-0,RCD La Coruña (14)
?,(Wed) 3 Dec 2003 (W49),Villarreal CF (14),0-2,0-0,RCD Mallorca (14)
?,(Thu) 4 Dec 2003 (W49),Real Racing Santander (14),0-4,0-3,Sevilla FC (14)
?,(Thu) 4 Dec 2003 (W49),Real Zaragoza (14),2-2,1-2,Athletic Club Bilbao (14)
?,(Sat) 6 Dec 2003 (W49),FC Barcelona (15),1-2,0-1,Real Madrid (15)
?,(Sat) 6 Dec 2003 (W49),RCD La Coruña (15),1-0,0-0,Málaga CF (15)
?,(Sat) 6 Dec 2003 (W49),CA Osasuna (15),3-2,1-1,RC Celta Vigo (15)
?,(Sat) 6 Dec 2003 (W49),Real Sociedad (15),0-4,0-2,Real Betis (15)
?,(Sun) 7 Dec 2003 (W49),Albacete Balompié (15),4-0,1-0,Real Racing Santander (15)
?,(Sun) 7 Dec 2003 (W49),Atlético Madrid (15),2-0,1-0,RCD Espanyol (15)
?,(Sun) 7 Dec 2003 (W49),RCD Mallorca (15),1-0,1-0,Real Valladolid CF (15)
?,(Sun) 7 Dec 2003 (W49),Real Murcia CF (15),1-1,1-0,Villarreal CF (15)
?,(Sun) 7 Dec 2003 (W49),Sevilla FC (15),3-2,1-2,Real Zaragoza (15)
?,(Sun) 7 Dec 2003 (W49),Valencia CF (15),2-1,1-0,Athletic Club Bilbao (15)
?,(Sat) 13 Dec 2003 (W50),RC Celta Vigo (16),2-2,2-1,Atlético Madrid (16)
?,(Sat) 13 Dec 2003 (W50),RCD Espanyol (16),1-3,1-3,FC Barcelona (16)
?,(Sat) 13 Dec 2003 (W50),Villarreal CF (16),2-0,2-0,Real Sociedad (16)
?,(Sun) 14 Dec 2003 (W50),Athletic Club Bilbao (16),2-1,2-1,Sevilla FC (16)
?,(Sun) 14 Dec 2003 (W50),Real Betis (16),0-1,0-1,Valencia CF (16)
?,(Sun) 14 Dec 2003 (W50),Málaga CF (16),3-1,1-1,RCD Mallorca (16)
?,(Sun) 14 Dec 2003 (W50),Real Madrid (16),2-1,1-0,RCD La Coruña (16)
?,(Sun) 14 Dec 2003 (W50),Real Racing Santander (16),0-0,0-0,CA Osasuna (16)
?,(Sun) 14 Dec 2003 (W50),Real Valladolid CF (16),0-0,0-0,Real Murcia CF (16)
?,(Sun) 14 Dec 2003 (W50),Real Zaragoza (16),0-1,0-0,Albacete Balompié (16)
?,(Sat) 20 Dec 2003 (W51),Atlético Madrid (17),2-2,0-0,Real Racing Santander (17)
?,(Sat) 20 Dec 2003 (W51),Real Sociedad (17),1-3,1-1,Real Valladolid CF (17)
?,(Sat) 20 Dec 2003 (W51),Valencia CF (17),1-0,0-0,Sevilla FC (17)
?,(Sun) 21 Dec 2003 (W51),Albacete Balompié (17),1-1,1-1,Athletic Club Bilbao (17)
?,(Sun) 21 Dec 2003 (W51),FC Barcelona (17),1-1,0-1,RC Celta Vigo (17)
?,(Sun) 21 Dec 2003 (W51),Real Betis (17),1-3,0-0,Villarreal CF (17)
?,(Sun) 21 Dec 2003 (W51),RCD La Coruña (17),2-1,1-1,RCD Espanyol (17)
?,(Sun) 21 Dec 2003 (W51),RCD Mallorca (17),1-3,1-1,Real Madrid (17)
?,(Sun) 21 Dec 2003 (W51),Real Murcia CF (17),1-2,1-1,Málaga CF (17)
?,(Sun) 21 Dec 2003 (W51),CA Osasuna (17),0-1,0-1,Real Zaragoza (17)
?,(Sat) 3 Jan 2004 (W1),RC Celta Vigo (18),0-5,0-2,RCD La Coruña (18)
?,(Sat) 3 Jan 2004 (W1),Real Madrid (18),1-0,1-0,Real Murcia CF (18)
?,(Sat) 3 Jan 2004 (W1),Real Zaragoza (18),0-0,0-0,Atlético Madrid (18)
?,(Sun) 4 Jan 2004 (W1),Athletic Club Bilbao (18),1-1,1-1,CA Osasuna (18)
?,(Sun) 4 Jan 2004 (W1),RCD Espanyol (18),2-0,1-0,RCD Mallorca (18)
?,(Sun) 4 Jan 2004 (W1),Málaga CF (18),1-2,1-2,Real Sociedad (18)
?,(Sun) 4 Jan 2004 (W1),Real Racing Santander (18),3-0,0-0,FC Barcelona (18)
?,(Sun) 4 Jan 2004 (W1),Sevilla FC (18),2-0,1-0,Albacete Balompié (18)
?,(Sun) 4 Jan 2004 (W1),Valencia CF (18),4-2,0-1,Villarreal CF (18)
?,(Sun) 4 Jan 2004 (W1),Real Valladolid CF (18),0-0,0-0,Real Betis (18)
?,(Sat) 10 Jan 2004 (W2),Albacete Balompié (19),0-1,0-1,Valencia CF (19)
?,(Sat) 10 Jan 2004 (W2),RCD Mallorca (19),2-4,1-1,RC Celta Vigo (19)
?,(Sat) 10 Jan 2004 (W2),Real Sociedad (19),1-0,0-0,Real Madrid (19)
?,(Sun) 11 Jan 2004 (W2),Atlético Madrid (19),3-0,0-0,Athletic Club Bilbao (19)
?,(Sun) 11 Jan 2004 (W2),FC Barcelona (19),3-0,2-0,Real Zaragoza (19)
?,(Sun) 11 Jan 2004 (W2),Real Betis (19),3-0,1-0,Málaga CF (19)
?,(Sun) 11 Jan 2004 (W2),RCD La Coruña (19),1-1,1-0,Real Racing Santander (19)
?,(Sun) 11 Jan 2004 (W2),Real Murcia CF (19),0-1,0-1,RCD Espanyol (19)
?,(Sun) 11 Jan 2004 (W2),CA Osasuna (19),1-1,0-0,Sevilla FC (19)
?,(Sun) 11 Jan 2004 (W2),Villarreal CF (19),3-1,1-0,Real Valladolid CF (19)
?,(Sat) 17 Jan 2004 (W3),FC Barcelona (20),1-1,0-0,Athletic Club Bilbao (20)
?,(Sat) 17 Jan 2004 (W3),Real Murcia CF (20),2-2,0-2,RC Celta Vigo (20)
?,(Sat) 17 Jan 2004 (W3),Real Valladolid CF (20),0-0,0-0,Valencia CF (20)
?,(Sun) 18 Jan 2004 (W3),Atlético Madrid (20),2-1,1-0,Sevilla FC (20)
?,(Sun) 18 Jan 2004 (W3),Real Betis (20),1-1,1-0,Real Madrid (20)
?,(Sun) 18 Jan 2004 (W3),RCD La Coruña (20),4-1,1-1,Real Zaragoza (20)
?,(Sun) 18 Jan 2004 (W3),RCD Mallorca (20),1-1,0-0,Real Racing Santander (20)
?,(Sun) 18 Jan 2004 (W3),CA Osasuna (20),1-1,1-1,Albacete Balompié (20)
?,(Sun) 18 Jan 2004 (W3),Real Sociedad (20),3-1,1-0,RCD Espanyol (20)
?,(Sun) 18 Jan 2004 (W3),Villarreal CF (20),2-0,0-0,Málaga CF (20)
?,(Sat) 24 Jan 2004 (W4),Albacete Balompié (21),1-1,0-1,Atlético Madrid (21)
?,(Sat) 24 Jan 2004 (W4),Real Madrid (21),2-1,1-0,Villarreal CF (21)
?,(Sun) 25 Jan 2004 (W4),Athletic Club Bilbao (21),1-0,0-0,RCD La Coruña (21)
?,(Sun) 25 Jan 2004 (W4),RC Celta Vigo (21),2-5,1-2,Real Sociedad (21)
?,(Sun) 25 Jan 2004 (W4),RCD Espanyol (21),1-2,0-2,Real Betis (21)
?,(Sun) 25 Jan 2004 (W4),Málaga CF (21),2-3,1-1,Real Valladolid CF (21)
?,(Sun) 25 Jan 2004 (W4),Real Racing Santander (21),3-2,1-1,Real Murcia CF (21)
?,(Sun) 25 Jan 2004 (W4),Sevilla FC (21),0-1,0-1,FC Barcelona (21)
?,(Sun) 25 Jan 2004 (W4),Valencia CF (21),0-1,0-1,CA Osasuna (21)
?,(Sun) 25 Jan 2004 (W4),Real Zaragoza (21),1-3,0-2,RCD Mallorca (21)
?,(Sat) 31 Jan 2004 (W5),Atlético Madrid (22),1-1,0-1,CA Osasuna (22)
?,(Sat) 31 Jan 2004 (W5),Real Betis (22),1-0,1-0,RC Celta Vigo (22)
?,(Sat) 31 Jan 2004 (W5),Málaga CF (22),1-6,0-2,Valencia CF (22)
?,(Sun) 1 Feb 2004 (W5),FC Barcelona (22),5-0,1-0,Albacete Balompié (22)
?,(Sun) 1 Feb 2004 (W5),RCD La Coruña (22),1-0,1-0,Sevilla FC (22)
?,(Sun) 1 Feb 2004 (W5),RCD Mallorca (22),1-3,1-1,Athletic Club Bilbao (22)
?,(Sun) 1 Feb 2004 (W5),Real Murcia CF (22),1-0,1-0,Real Zaragoza (22)
?,(Sun) 1 Feb 2004 (W5),Real Sociedad (22),1-0,0-0,Real Racing Santander (22)
?,(Sun) 1 Feb 2004 (W5),Real Valladolid CF (22),2-3,2-0,Real Madrid (22)
?,(Sun) 1 Feb 2004 (W5),Villarreal CF (22),0-1,0-0,RCD Espanyol (22)
?,(Sat) 7 Feb 2004 (W6),Real Madrid (23),2-1,1-0,Málaga CF (23)
?,(Sat) 7 Feb 2004 (W6),Valencia CF (23),3-0,1-0,Atlético Madrid (23)
?,(Sun) 8 Feb 2004 (W6),Albacete Balompié (23),0-2,0-0,RCD La Coruña (23)
?,(Sun) 8 Feb 2004 (W6),Athletic Club Bilbao (23),2-1,2-1,Real Murcia CF (23)
?,(Sun) 8 Feb 2004 (W6),RC Celta Vigo (23),2-1,1-0,Villarreal CF (23)
?,(Sun) 8 Feb 2004 (W6),RCD Espanyol (23),2-0,0-0,Real Valladolid CF (23)
?,(Sun) 8 Feb 2004 (W6),CA Osasuna (23),1-2,0-1,FC Barcelona (23)
?,(Sun) 8 Feb 2004 (W6),Real Racing Santander (23),1-2,1-1,Real Betis (23)
?,(Sun) 8 Feb 2004 (W6),Sevilla FC (23),3-0,0-0,RCD Mallorca (23)
?,(Sun) 8 Feb 2004 (W6),Real Zaragoza (23),2-1,1-1,Real Sociedad (23)
?,(Sat) 14 Feb 2004 (W7),Real Murcia CF (24),1-3,0-1,Sevilla FC (24)
?,(Sat) 14 Feb 2004 (W7),Real Sociedad (24),1-1,1-1,Athletic Club Bilbao (24)
?,(Sun) 15 Feb 2004 (W7),FC Barcelona (24),3-1,3-1,Atlético Madrid (24)
?,(Sun) 15 Feb 2004 (W7),Real Betis (24),2-1,2-1,Real Zaragoza (24)
?,(Sun) 15 Feb 2004 (W7),RCD La Coruña (24),2-0,2-0,CA Osasuna (24)
?,(Sun) 15 Feb 2004 (W7),Málaga CF (24),5-2,3-1,RCD Espanyol (24)
?,(Sun) 15 Feb 2004 (W7),RCD Mallorca (24),0-0,0-0,Albacete Balompié (24)
?,(Sun) 15 Feb 2004 (W7),Real Madrid (24),1-1,0-0,Valencia CF (24)
?,(Sun) 15 Feb 2004 (W7),Real Valladolid CF (24),0-2,0-0,RC Celta Vigo (24)
?,(Sun) 15 Feb 2004 (W7),Villarreal CF (24),6-3,3-1,Real Racing Santander (24)
?,(Sat) 21 Feb 2004 (W8),Atlético Madrid (25),0-0,0-0,RCD La Coruña (25)
?,(Sat) 21 Feb 2004 (W8),RC Celta Vigo (25),0-2,0-1,Málaga CF (25)
?,(Sat) 21 Feb 2004 (W8),RCD Espanyol (25),2-4,1-1,Real Madrid (25)
?,(Sat) 21 Feb 2004 (W8),Sevilla FC (25),1-0,0-0,Real Sociedad (25)
?,(Sat) 21 Feb 2004 (W8),Valencia CF (25),0-1,0-0,FC Barcelona (25)
?,(Sun) 22 Feb 2004 (W8),Albacete Balompié (25),1-0,1-0,Real Murcia CF (25)
?,(Sun) 22 Feb 2004 (W8),Athletic Club Bilbao (25),1-1,0-0,Real Betis (25)
?,(Sun) 22 Feb 2004 (W8),CA Osasuna (25),1-1,1-1,RCD Mallorca (25)
?,(Sun) 22 Feb 2004 (W8),Real Racing Santander (25),1-0,0-0,Real Valladolid CF (25)
?,(Sun) 22 Feb 2004 (W8),Real Zaragoza (25),4-1,3-0,Villarreal CF (25)
?,(Sat) 28 Feb 2004 (W9),Real Betis (26),1-1,1-1,Sevilla FC (26)
?,(Sat) 28 Feb 2004 (W9),Real Valladolid CF (26),1-2,1-1,Real Zaragoza (26)
?,(Sun) 29 Feb 2004 (W9),RCD Espanyol (26),2-1,1-0,Valencia CF (26)
?,(Sun) 29 Feb 2004 (W9),RCD La Coruña (26),2-3,0-2,FC Barcelona (26)
?,(Sun) 29 Feb 2004 (W9),Málaga CF (26),1-0,1-0,Real Racing Santander (26)
?,(Sun) 29 Feb 2004 (W9),RCD Mallorca (26),0-1,0-0,Atlético Madrid (26)
?,(Sun) 29 Feb 2004 (W9),Real Murcia CF (26),0-1,0-1,CA Osasuna (26)
?,(Sun) 29 Feb 2004 (W9),Real Madrid (26),4-2,0-1,RC Celta Vigo (26)
?,(Sun) 29 Feb 2004 (W9),Real Sociedad (26),0-1,0-0,Albacete Balompié (26)
?,(Sun) 29 Feb 2004 (W9),Villarreal CF (26),0-1,0-1,Athletic Club Bilbao (26)
?,(Sat) 6 Mar 2004 (W10),RC Celta Vigo (27),1-5,0-2,RCD Espanyol (27)
?,(Sat) 6 Mar 2004 (W10),CA Osasuna (27),1-1,1-0,Real Sociedad (27)
?,(Sat) 6 Mar 2004 (W10),Real Racing Santander (27),1-1,1-1,Real Madrid (27)
?,(Sat) 6 Mar 2004 (W10),Valencia CF (27),3-0,1-0,RCD La Coruña (27)
?,(Sun) 7 Mar 2004 (W10),Albacete Balompié (27),1-0,1-0,Real Betis (27)
?,(Sun) 7 Mar 2004 (W10),Athletic Club Bilbao (27),1-4,0-3,Real Valladolid CF (27)
?,(Sun) 7 Mar 2004 (W10),Atlético Madrid (27),1-1,0-0,Real Murcia CF (27)
?,(Sun) 7 Mar 2004 (W10),FC Barcelona (27),3-2,2-0,RCD Mallorca (27)
?,(Sun) 7 Mar 2004 (W10),Sevilla FC (27),2-0,0-0,Villarreal CF (27)
?,(Sun) 7 Mar 2004 (W10),Real Zaragoza (27),1-0,0-0,Málaga CF (27)
?,(Sat) 13 Mar 2004 (W11),Real Madrid (28),1-1,1-1,Real Zaragoza (28)
?,(Sat) 13 Mar 2004 (W11),Real Sociedad (28),2-1,2-0,Atlético Madrid (28)
?,(Sun) 14 Mar 2004 (W11),Real Betis (28),1-1,1-1,CA Osasuna (28)
?,(Sun) 14 Mar 2004 (W11),RC Celta Vigo (28),0-2,0-1,Valencia CF (28)
?,(Sun) 14 Mar 2004 (W11),RCD Espanyol (28),0-1,0-0,Real Racing Santander (28)
?,(Sun) 14 Mar 2004 (W11),Málaga CF (28),2-1,0-1,Athletic Club Bilbao (28)
?,(Sun) 14 Mar 2004 (W11),RCD Mallorca (28),4-2,2-1,RCD La Coruña (28)
?,(Sun) 14 Mar 2004 (W11),Real Murcia CF (28),0-2,0-1,FC Barcelona (28)
?,(Sun) 14 Mar 2004 (W11),Real Valladolid CF (28),2-0,0-0,Sevilla FC (28)
?,(Sun) 14 Mar 2004 (W11),Villarreal CF (28),2-1,0-1,Albacete Balompié (28)
?,(Sat) 20 Mar 2004 (W12),Athletic Club Bilbao (29),4-2,2-0,Real Madrid (29)
?,(Sat) 20 Mar 2004 (W12),Atlético Madrid (29),2-1,0-0,Real Betis (29)
?,(Sat) 20 Mar 2004 (W12),RCD La Coruña (29),1-0,1-0,Real Murcia CF (29)
?,(Sun) 21 Mar 2004 (W12),Albacete Balompié (29),2-0,1-0,Real Valladolid CF (29)
?,(Sun) 21 Mar 2004 (W12),FC Barcelona (29),1-0,0-0,Real Sociedad (29)
?,(Sun) 21 Mar 2004 (W12),CA Osasuna (29),2-1,1-0,Villarreal CF (29)
?,(Sun) 21 Mar 2004 (W12),Real Racing Santander (29),4-4,2-1,RC Celta Vigo (29)
?,(Sun) 21 Mar 2004 (W12),Sevilla FC (29),0-1,0-0,Málaga CF (29)
?,(Sun) 21 Mar 2004 (W12),Valencia CF (29),5-1,1-0,RCD Mallorca (29)
?,(Sun) 21 Mar 2004 (W12),Real Zaragoza (29),1-1,1-1,RCD Espanyol (29)
?,(Sat) 27 Mar 2004 (W13),RCD Espanyol (30),2-1,1-0,Athletic Club Bilbao (30)
?,(Sat) 27 Mar 2004 (W13),Real Sociedad (30),1-2,1-1,RCD La Coruña (30)
?,(Sun) 28 Mar 2004 (W13),RC Celta Vigo (30),0-2,0-0,Real Zaragoza (30)
?,(Sun) 28 Mar 2004 (W13),Málaga CF (30),1-1,0-1,Albacete Balompié (30)
?,(Sun) 28 Mar 2004 (W13),Real Murcia CF (30),2-0,1-0,RCD Mallorca (30)
?,(Sun) 28 Mar 2004 (W13),Real Madrid (30),5-1,2-0,Sevilla FC (30)
?,(Sun) 28 Mar 2004 (W13),Real Racing Santander (30),0-3,0-2,Valencia CF (30)
?,(Sun) 28 Mar 2004 (W13),Real Valladolid CF (30),1-1,1-0,CA Osasuna (30)
?,(Sun) 28 Mar 2004 (W13),Villarreal CF (30),0-0,0-0,Atlético Madrid (30)
?,(Sat) 3 Apr 2004 (W14),Albacete Balompié (31),1-2,0-1,Real Madrid (31)
?,(Sat) 3 Apr 2004 (W14),FC Barcelona (30),0-0,0-0,Villarreal CF (31)
?,(Sat) 3 Apr 2004 (W14),Sevilla FC (31),1-0,0-0,RCD Espanyol (31)
?,(Sun) 4 Apr 2004 (W14),Athletic Club Bilbao (31),0-0,0-0,RC Celta Vigo (31)
?,(Sun) 4 Apr 2004 (W14),Atlético Madrid (31),2-1,2-0,Real Valladolid CF (31)
?,(Sun) 4 Apr 2004 (W14),RCD La Coruña (31),2-2,2-1,Real Betis (30)
?,(Sun) 4 Apr 2004 (W14),RCD Mallorca (31),1-1,0-1,Real Sociedad (31)
?,(Sun) 4 Apr 2004 (W14),CA Osasuna (31),1-1,1-0,Málaga CF (31)
?,(Sun) 4 Apr 2004 (W14),Valencia CF (31),2-0,0-0,Real Murcia CF (31)
?,(Sun) 4 Apr 2004 (W14),Real Zaragoza (31),2-2,1-0,Real Racing Santander (31)
?,(Sat) 10 Apr 2004 (W15),RC Celta Vigo (32),0-0,0-0,Sevilla FC (32)
?,(Sat) 10 Apr 2004 (W15),Málaga CF (32),3-1,2-1,Atlético Madrid (32)
?,(Sat) 10 Apr 2004 (W15),Real Valladolid CF (32),1-3,0-2,FC Barcelona (31)
?,(Sun) 11 Apr 2004 (W15),Real Betis (31),0-2,0-1,RCD Mallorca (32)
?,(Sun) 11 Apr 2004 (W15),RCD Espanyol (32),1-1,0-1,Albacete Balompié (32)
?,(Sun) 11 Apr 2004 (W15),Real Madrid (32),0-3,0-2,CA Osasuna (32)
?,(Sun) 11 Apr 2004 (W15),Real Racing Santander (32),1-2,0-1,Athletic Club Bilbao (32)
?,(Sun) 11 Apr 2004 (W15),Real Sociedad (32),2-0,0-0,Real Murcia CF (32)
?,(Sun) 11 Apr 2004 (W15),Villarreal CF (32),0-2,0-1,RCD La Coruña (32)
?,(Sun) 11 Apr 2004 (W15),Real Zaragoza (32),0-1,0-0,Valencia CF (32)
?,(Wed) 14 Apr 2004 (W16),Real Betis (32),1-1,1-1,FC Barcelona (32)
?,(Sat) 17 Apr 2004 (W16),Athletic Club Bilbao (33),4-0,1-0,Real Zaragoza (33)
?,(Sat) 17 Apr 2004 (W16),Atlético Madrid (33),1-2,0-1,Real Madrid (33)
?,(Sat) 17 Apr 2004 (W16),RCD La Coruña (33),1-1,0-1,Real Valladolid CF (33)
?,(Sun) 18 Apr 2004 (W16),Albacete Balompié (33),0-2,0-1,RC Celta Vigo (33)
?,(Sun) 18 Apr 2004 (W16),FC Barcelona (33),3-0,3-0,Málaga CF (33)
?,(Sun) 18 Apr 2004 (W16),RCD Mallorca (33),1-2,1-1,Villarreal CF (33)
?,(Sun) 18 Apr 2004 (W16),Real Murcia CF (33),0-1,0-1,Real Betis (33)
?,(Sun) 18 Apr 2004 (W16),CA Osasuna (33),1-3,0-1,RCD Espanyol (33)
?,(Sun) 18 Apr 2004 (W16),Sevilla FC (33),5-2,2-0,Real Racing Santander (33)
?,(Sun) 18 Apr 2004 (W16),Valencia CF (33),2-2,0-0,Real Sociedad (33)
?,(Sat) 24 Apr 2004 (W17),RCD Espanyol (34),3-1,0-0,Atlético Madrid (34)
?,(Sat) 24 Apr 2004 (W17),Málaga CF (34),1-1,1-1,RCD La Coruña (34)
?,(Sun) 25 Apr 2004 (W17),Athletic Club Bilbao (34),1-1,1-1,Valencia CF (34)
?,(Sun) 25 Apr 2004 (W17),Real Betis (34),2-1,2-1,Real Sociedad (34)
?,(Sun) 25 Apr 2004 (W17),RC Celta Vigo (34),1-0,0-0,CA Osasuna (34)
?,(Sun) 25 Apr 2004 (W17),Real Madrid (34),1-2,0-0,FC Barcelona (34)
?,(Sun) 25 Apr 2004 (W17),Real Racing Santander (34),0-2,0-1,Albacete Balompié (34)
?,(Sun) 25 Apr 2004 (W17),Real Valladolid CF (34),1-3,0-1,RCD Mallorca (34)
?,(Sun) 25 Apr 2004 (W17),Villarreal CF (34),1-0,0-0,Real Murcia CF (34)
?,(Sun) 25 Apr 2004 (W17),Real Zaragoza (34),4-4,2-1,Sevilla FC (34)
?,(Sat) 1 May 2004 (W18),Atlético Madrid (35),3-2,3-1,RC Celta Vigo (35)
?,(Sat) 1 May 2004 (W18),RCD La Coruña (35),2-0,1-0,Real Madrid (35)
?,(Sun) 2 May 2004 (W18),Albacete Balompié (35),3-1,1-0,Real Zaragoza (35)
?,(Sun) 2 May 2004 (W18),FC Barcelona (35),4-1,2-1,RCD Espanyol (35)
?,(Sun) 2 May 2004 (W18),RCD Mallorca (35),2-1,1-0,Málaga CF (35)
?,(Sun) 2 May 2004 (W18),Real Murcia CF (35),2-1,1-1,Real Valladolid CF (35)
?,(Sun) 2 May 2004 (W18),CA Osasuna (35),1-2,0-0,Real Racing Santander (35)
?,(Sun) 2 May 2004 (W18),Sevilla FC (35),2-0,1-0,Athletic Club Bilbao (35)
?,(Sun) 2 May 2004 (W18),Real Sociedad (35),2-2,1-1,Villarreal CF (35)
?,(Sun) 2 May 2004 (W18),Valencia CF (35),2-0,1-0,Real Betis (35)
?,(Sat) 8 May 2004 (W19),RC Celta Vigo (36),1-0,1-0,FC Barcelona (36)
?,(Sat) 8 May 2004 (W19),Real Madrid (36),2-3,1-3,RCD Mallorca (36)
?,(Sun) 9 May 2004 (W19),Athletic Club Bilbao (36),1-1,0-0,Albacete Balompié (36)
?,(Sun) 9 May 2004 (W19),RCD Espanyol (36),2-0,1-0,RCD La Coruña (36)
?,(Sun) 9 May 2004 (W19),Málaga CF (36),1-0,0-0,Real Murcia CF (36)
?,(Sun) 9 May 2004 (W19),Real Racing Santander (36),2-2,0-1,Atlético Madrid (36)
?,(Sun) 9 May 2004 (W19),Sevilla FC (36),0-2,0-1,Valencia CF (36)
?,(Sun) 9 May 2004 (W19),Real Valladolid CF (36),2-2,1-2,Real Sociedad (36)
?,(Sun) 9 May 2004 (W19),Villarreal CF (36),1-0,0-0,Real Betis (36)
?,(Sun) 9 May 2004 (W19),Real Zaragoza (36),1-0,0-0,CA Osasuna (36)
?,(Fri) 14 May 2004 (W20),Villarreal CF (37),2-1,2-1,Valencia CF (37)
?,(Sat) 15 May 2004 (W20),Real Betis (37),1-0,0-0,Real Valladolid CF (37)
?,(Sat) 15 May 2004 (W20),RCD La Coruña (37),3-0,3-0,RC Celta Vigo (37)
?,(Sun) 16 May 2004 (W20),Albacete Balompié (37),1-4,0-1,Sevilla FC (37)
?,(Sun) 16 May 2004 (W20),Atlético Madrid (37),1-2,0-0,Real Zaragoza (37)
?,(Sun) 16 May 2004 (W20),FC Barcelona (37),1-0,1-0,Real Racing Santander (37)
?,(Sun) 16 May 2004 (W20),RCD Mallorca (37),4-2,0-2,RCD Espanyol (37)
?,(Sun) 16 May 2004 (W20),Real Murcia CF (37),2-1,2-0,Real Madrid (37)
?,(Sun) 16 May 2004 (W20),CA Osasuna (37),1-2,0-0,Athletic Club Bilbao (37)
?,(Sun) 16 May 2004 (W20),Real Sociedad (37),1-1,0-0,Málaga CF (37)
?,(Sun) 23 May 2004 (W21),Athletic Club Bilbao (38),3-4,1-3,Atlético Madrid (38)
?,(Sun) 23 May 2004 (W21),RC Celta Vigo (38),1-2,0-0,RCD Mallorca (38)
?,(Sun) 23 May 2004 (W21),RCD Espanyol (38),2-0,0-0,Real Murcia CF (38)
?,(Sun) 23 May 2004 (W21),Málaga CF (38),2-3,2-0,Real Betis (38)
?,(Sun) 23 May 2004 (W21),Real Madrid (38),1-4,1-3,Real Sociedad (38)
?,(Sun) 23 May 2004 (W21),Real Racing Santander (38),0-1,0-1,RCD La Coruña (38)
?,(Sun) 23 May 2004 (W21),Sevilla FC (38),1-0,0-0,CA Osasuna (38)
?,(Sun) 23 May 2004 (W21),Valencia CF (38),0-1,0-0,Albacete Balompié (38)
?,(Sun) 23 May 2004 (W21),Real Valladolid CF (38),3-0,1-0,Villarreal CF (38)
?,(Sun) 23 May 2004 (W21),Real Zaragoza (38),2-1,1-1,FC Barcelona (38)
