Round,Date,Team 1,FT,HT,Team 2
?,(Sat) 30 Aug 2003 (W35),UD Almería (1),3-2,3-1,Málaga CF B (1)
?,(Sat) 30 Aug 2003 (W35),Cádiz CF (1),2-1,0-0,Polideportivo Ejido (1)
?,(Sun) 31 Aug 2003 (W35),CF Ciudad de Murcia (1),1-1,1-0,Recreativo Huelva (1)
?,(Sun) 31 Aug 2003 (W35),SD Eibar (1),2-1,0-0,Algeciras CF (1)
?,(Sun) 31 Aug 2003 (W35),CD Leganés (1),0-0,0-0,UD Salamanca (1)
?,(Sun) 31 Aug 2003 (W35),CD Numancia (1),1-0,0-0,Córdoba CF (1)
?,(Sun) 31 Aug 2003 (W35),Sporting Gijón (1),0-2,0-0,Getafe CF (1)
?,(Sun) 31 Aug 2003 (W35),CD Tenerife (1),1-0,1-0,Deportivo Alavés (1)
?,(Sun) 31 Aug 2003 (W35),Terrassa FC (1),1-1,0-0,Xerez CD (1)
?,(Sun) 31 Aug 2003 (W35),Rayo Vallecano (1),0-2,0-2,Levante UD (1)
?,(Sat) 6 Sep 2003 (W36),UD Las Palmas (1),2-2,2-0,CD Leganés (2)
?,(Sat) 6 Sep 2003 (W36),Levante UD (2),1-1,0-0,Elche CF (1)
?,(Sat) 6 Sep 2003 (W36),Málaga CF B (2),1-3,1-1,Cádiz CF (2)
?,(Sat) 6 Sep 2003 (W36),Xerez CD (2),0-0,0-0,Rayo Vallecano (2)
?,(Sun) 7 Sep 2003 (W36),Deportivo Alavés (2),2-1,1-1,Sporting Gijón (2)
?,(Sun) 7 Sep 2003 (W36),Algeciras CF (2),1-1,1-0,CD Tenerife (2)
?,(Sun) 7 Sep 2003 (W36),Córdoba CF (2),1-1,1-1,CF Ciudad de Murcia (2)
?,(Sun) 7 Sep 2003 (W36),Getafe CF (2),1-1,1-1,UD Almería (2)
?,(Sun) 7 Sep 2003 (W36),Polideportivo Ejido (2),2-1,0-0,Terrassa FC (2)
?,(Sun) 7 Sep 2003 (W36),Recreativo Huelva (2),1-0,1-0,SD Eibar (2)
?,(Sun) 7 Sep 2003 (W36),UD Salamanca (2),1-0,1-0,CD Numancia (2)
?,(Sat) 13 Sep 2003 (W37),Elche CF (2),1-1,1-0,Xerez CD (3)
?,(Sat) 13 Sep 2003 (W37),Málaga CF B (3),1-1,0-0,Getafe CF (3)
?,(Sat) 13 Sep 2003 (W37),CD Tenerife (3),2-1,2-1,Recreativo Huelva (3)
?,(Sat) 13 Sep 2003 (W37),Rayo Vallecano (3),3-1,1-0,Polideportivo Ejido (3)
?,(Sun) 14 Sep 2003 (W37),UD Almería (3),2-1,1-0,Deportivo Alavés (3)
?,(Sun) 14 Sep 2003 (W37),Cádiz CF (3),2-0,1-0,Terrassa FC (3)
?,(Sun) 14 Sep 2003 (W37),CF Ciudad de Murcia (3),1-1,1-1,UD Salamanca (3)
?,(Sun) 14 Sep 2003 (W37),SD Eibar (3),0-0,0-0,Córdoba CF (3)
?,(Sun) 14 Sep 2003 (W37),CD Leganés (3),0-0,0-0,Levante UD (3)
?,(Sun) 14 Sep 2003 (W37),CD Numancia (3),2-0,1-0,UD Las Palmas (2)
?,(Sun) 14 Sep 2003 (W37),Sporting Gijón (3),3-2,1-1,Algeciras CF (3)
?,(Wed) 17 Sep 2003 (W38),Elche CF (3),1-2,0-0,UD Las Palmas (3)
?,(Sat) 20 Sep 2003 (W38),Algeciras CF (4),0-0,0-0,UD Almería (4)
?,(Sat) 20 Sep 2003 (W38),UD Salamanca (4),1-2,0-2,SD Eibar (4)
?,(Sat) 20 Sep 2003 (W38),Terrassa FC (4),1-2,0-1,Rayo Vallecano (4)
?,(Sun) 21 Sep 2003 (W38),Deportivo Alavés (4),1-0,0-0,Málaga CF B (4)
?,(Sun) 21 Sep 2003 (W38),Córdoba CF (4),1-1,1-1,CD Tenerife (4)
?,(Sun) 21 Sep 2003 (W38),Getafe CF (4),3-2,1-1,Cádiz CF (4)
?,(Sun) 21 Sep 2003 (W38),UD Las Palmas (4),2-3,1-3,CF Ciudad de Murcia (4)
?,(Sun) 21 Sep 2003 (W38),Levante UD (4),4-0,1-0,CD Numancia (4)
?,(Sun) 21 Sep 2003 (W38),Polideportivo Ejido (4),1-2,0-1,Elche CF (4)
?,(Sun) 21 Sep 2003 (W38),Recreativo Huelva (4),1-1,1-0,Sporting Gijón (4)
?,(Sun) 21 Sep 2003 (W38),Xerez CD (4),1-1,0-0,CD Leganés (4)
?,(Sat) 27 Sep 2003 (W39),UD Almería (5),2-2,1-1,Recreativo Huelva (5)
?,(Sat) 27 Sep 2003 (W39),SD Eibar (5),1-1,0-0,UD Las Palmas (5)
?,(Sat) 27 Sep 2003 (W39),Elche CF (5),2-3,2-2,Terrassa FC (5)
?,(Sat) 27 Sep 2003 (W39),Getafe CF (5),0-0,0-0,Deportivo Alavés (5)
?,(Sat) 27 Sep 2003 (W39),CD Leganés (5),0-0,0-0,Polideportivo Ejido (5)
?,(Sat) 27 Sep 2003 (W39),CD Numancia (5),0-0,0-0,Xerez CD (5)
?,(Sun) 28 Sep 2003 (W39),Cádiz CF (5),1-0,0-0,Rayo Vallecano (5)
?,(Sun) 28 Sep 2003 (W39),CF Ciudad de Murcia (5),0-0,0-0,Levante UD (5)
?,(Sun) 28 Sep 2003 (W39),Málaga CF B (5),0-0,0-0,Algeciras CF (5)
?,(Sun) 28 Sep 2003 (W39),Sporting Gijón (5),1-1,1-1,Córdoba CF (5)
?,(Sun) 28 Sep 2003 (W39),CD Tenerife (5),1-1,0-0,UD Salamanca (5)
?,(Sat) 4 Oct 2003 (W40),Deportivo Alavés (6),2-0,2-0,Cádiz CF (6)
?,(Sat) 4 Oct 2003 (W40),Córdoba CF (6),0-1,0-0,UD Almería (6)
?,(Sat) 4 Oct 2003 (W40),UD Las Palmas (6),1-1,1-0,CD Tenerife (6)
?,(Sat) 4 Oct 2003 (W40),Polideportivo Ejido (6),1-3,0-1,CD Numancia (6)
?,(Sat) 4 Oct 2003 (W40),Recreativo Huelva (6),0-0,0-0,Málaga CF B (6)
?,(Sun) 5 Oct 2003 (W40),Algeciras CF (6),3-0,0-0,Getafe CF (6)
?,(Sun) 5 Oct 2003 (W40),Levante UD (6),1-0,0-0,SD Eibar (6)
?,(Sun) 5 Oct 2003 (W40),UD Salamanca (6),0-2,0-2,Sporting Gijón (6)
?,(Sun) 5 Oct 2003 (W40),Terrassa FC (6),0-1,0-0,CD Leganés (6)
?,(Sun) 5 Oct 2003 (W40),Rayo Vallecano (6),1-2,0-2,Elche CF (6)
?,(Sun) 5 Oct 2003 (W40),Xerez CD (6),2-1,1-0,CF Ciudad de Murcia (6)
?,(Sat) 11 Oct 2003 (W41),SD Eibar (7),0-0,0-0,Xerez CD (7)
?,(Sat) 11 Oct 2003 (W41),CD Leganés (7),1-1,1-0,Rayo Vallecano (7)
?,(Sat) 11 Oct 2003 (W41),CD Tenerife (7),1-1,0-1,Levante UD (7)
?,(Sun) 12 Oct 2003 (W41),Deportivo Alavés (7),1-1,0-1,Algeciras CF (7)
?,(Sun) 12 Oct 2003 (W41),UD Almería (7),0-0,0-0,UD Salamanca (7)
?,(Sun) 12 Oct 2003 (W41),Cádiz CF (7),1-1,0-0,Elche CF (7)
?,(Sun) 12 Oct 2003 (W41),CF Ciudad de Murcia (7),2-2,1-1,Polideportivo Ejido (7)
?,(Sun) 12 Oct 2003 (W41),Getafe CF (7),0-0,0-0,Recreativo Huelva (7)
?,(Sun) 12 Oct 2003 (W41),Málaga CF B (7),2-2,0-2,Córdoba CF (7)
?,(Sun) 12 Oct 2003 (W41),CD Numancia (7),2-0,1-0,Terrassa FC (7)
?,(Sun) 12 Oct 2003 (W41),Sporting Gijón (7),1-1,0-0,UD Las Palmas (7)
?,(Sat) 18 Oct 2003 (W42),Córdoba CF (8),0-0,0-0,Getafe CF (8)
?,(Sat) 18 Oct 2003 (W42),UD Las Palmas (8),1-1,0-0,UD Almería (8)
?,(Sat) 18 Oct 2003 (W42),Levante UD (8),2-1,0-1,Sporting Gijón (8)
?,(Sun) 19 Oct 2003 (W42),Algeciras CF (8),0-1,0-1,Cádiz CF (8)
?,(Sun) 19 Oct 2003 (W42),Elche CF (8),1-0,1-0,CD Leganés (8)
?,(Sun) 19 Oct 2003 (W42),Polideportivo Ejido (8),0-0,0-0,SD Eibar (8)
?,(Sun) 19 Oct 2003 (W42),Recreativo Huelva (8),0-0,0-0,Deportivo Alavés (8)
?,(Sun) 19 Oct 2003 (W42),UD Salamanca (8),1-1,0-1,Málaga CF B (8)
?,(Sun) 19 Oct 2003 (W42),Terrassa FC (8),0-0,0-0,CF Ciudad de Murcia (8)
?,(Sun) 19 Oct 2003 (W42),Rayo Vallecano (8),2-5,1-2,CD Numancia (8)
?,(Sun) 19 Oct 2003 (W42),Xerez CD (8),0-0,0-0,CD Tenerife (8)
?,(Fri) 24 Oct 2003 (W43),CF Ciudad de Murcia (9),2-1,0-0,Rayo Vallecano (9)
?,(Sat) 25 Oct 2003 (W43),Algeciras CF (9),2-2,0-1,Recreativo Huelva (9)
?,(Sat) 25 Oct 2003 (W43),SD Eibar (9),3-1,0-0,Terrassa FC (9)
?,(Sat) 25 Oct 2003 (W43),CD Numancia (9),2-0,0-0,Elche CF (9)
?,(Sun) 26 Oct 2003 (W43),Deportivo Alavés (9),1-0,0-0,Córdoba CF (9)
?,(Sun) 26 Oct 2003 (W43),UD Almería (9),1-0,0-0,Levante UD (9)
?,(Sun) 26 Oct 2003 (W43),Cádiz CF (9),1-2,0-1,CD Leganés (9)
?,(Sun) 26 Oct 2003 (W43),Getafe CF (9),1-1,1-1,UD Salamanca (9)
?,(Sun) 26 Oct 2003 (W43),Málaga CF B (9),0-1,0-1,UD Las Palmas (9)
?,(Sun) 26 Oct 2003 (W43),Sporting Gijón (9),3-0,1-0,Xerez CD (9)
?,(Sun) 26 Oct 2003 (W43),CD Tenerife (9),0-1,0-0,Polideportivo Ejido (9)
?,(Sat) 1 Nov 2003 (W44),UD Las Palmas (10),1-1,0-1,Getafe CF (10)
?,(Sat) 1 Nov 2003 (W44),Recreativo Huelva (10),1-0,0-0,Cádiz CF (10)
?,(Sat) 1 Nov 2003 (W44),Terrassa FC (10),1-1,0-0,CD Tenerife (10)
?,(Sat) 1 Nov 2003 (W44),Rayo Vallecano (10),0-1,0-0,SD Eibar (10)
?,(Sun) 2 Nov 2003 (W44),Córdoba CF (10),2-0,0-0,Algeciras CF (10)
?,(Sun) 2 Nov 2003 (W44),Elche CF (10),2-2,2-1,CF Ciudad de Murcia (10)
?,(Sun) 2 Nov 2003 (W44),CD Leganés (10),0-2,0-0,CD Numancia (10)
?,(Sun) 2 Nov 2003 (W44),Levante UD (10),1-0,0-0,Málaga CF B (10)
?,(Sun) 2 Nov 2003 (W44),Polideportivo Ejido (10),0-0,0-0,Sporting Gijón (10)
?,(Sun) 2 Nov 2003 (W44),UD Salamanca (10),3-1,2-1,Deportivo Alavés (10)
?,(Sun) 2 Nov 2003 (W44),Xerez CD (10),0-1,0-1,UD Almería (10)
?,(Sat) 8 Nov 2003 (W45),Deportivo Alavés (11),1-0,0-0,UD Las Palmas (11)
?,(Sun) 9 Nov 2003 (W45),Algeciras CF (11),0-1,0-0,UD Salamanca (11)
?,(Sat) 8 Nov 2003 (W45),UD Almería (11),3-1,1-0,Polideportivo Ejido (11)
?,(Sun) 9 Nov 2003 (W45),Cádiz CF (11),2-0,1-0,CD Numancia (11)
?,(Sun) 9 Nov 2003 (W45),CF Ciudad de Murcia (11),1-1,0-0,CD Leganés (11)
?,(Sun) 9 Nov 2003 (W45),SD Eibar (11),0-1,0-0,Elche CF (11)
?,(Sun) 9 Nov 2003 (W45),Getafe CF (11),0-0,0-0,Levante UD (11)
?,(Sun) 9 Nov 2003 (W45),Málaga CF B (11),5-2,1-0,Xerez CD (11)
?,(Sun) 9 Nov 2003 (W45),Recreativo Huelva (11),0-2,0-1,Córdoba CF (11)
?,(Sun) 9 Nov 2003 (W45),Sporting Gijón (11),1-0,1-0,Terrassa FC (11)
?,(Sun) 9 Nov 2003 (W45),CD Tenerife (11),2-1,1-1,Rayo Vallecano (11)
?,(Sat) 15 Nov 2003 (W46),Córdoba CF (12),1-0,0-0,Cádiz CF (12)
?,(Sat) 15 Nov 2003 (W46),UD Las Palmas (12),2-2,0-2,Algeciras CF (12)
?,(Sat) 15 Nov 2003 (W46),CD Leganés (12),1-2,0-0,SD Eibar (12)
?,(Sat) 15 Nov 2003 (W46),Levante UD (12),0-0,0-0,Deportivo Alavés (12)
?,(Sun) 16 Nov 2003 (W46),Elche CF (12),2-0,0-0,CD Tenerife (12)
?,(Sun) 16 Nov 2003 (W46),CD Numancia (12),7-0,3-0,CF Ciudad de Murcia (12)
?,(Sun) 16 Nov 2003 (W46),Polideportivo Ejido (12),1-2,1-1,Málaga CF B (12)
?,(Sun) 16 Nov 2003 (W46),UD Salamanca (12),1-1,0-1,Recreativo Huelva (12)
?,(Sun) 16 Nov 2003 (W46),Terrassa FC (12),0-0,0-0,UD Almería (12)
?,(Sun) 16 Nov 2003 (W46),Rayo Vallecano (12),2-1,1-0,Sporting Gijón (12)
?,(Sun) 16 Nov 2003 (W46),Xerez CD (12),1-2,0-1,Getafe CF (12)
?,(Sat) 22 Nov 2003 (W47),Algeciras CF (13),0-1,0-0,Levante UD (13)
?,(Sat) 22 Nov 2003 (W47),SD Eibar (13),1-1,0-1,CD Numancia (13)
?,(Sat) 22 Nov 2003 (W47),CD Tenerife (13),0-0,0-0,CD Leganés (13)
?,(Sun) 23 Nov 2003 (W47),Deportivo Alavés (13),1-1,1-0,Xerez CD (13)
?,(Sun) 23 Nov 2003 (W47),UD Almería (13),1-2,1-1,Rayo Vallecano (13)
?,(Sun) 23 Nov 2003 (W47),Cádiz CF (13),2-1,1-0,CF Ciudad de Murcia (13)
?,(Sun) 23 Nov 2003 (W47),Córdoba CF (13),1-0,0-0,UD Salamanca (13)
?,(Sun) 23 Nov 2003 (W47),Getafe CF (13),1-1,0-0,Polideportivo Ejido (13)
?,(Sun) 23 Nov 2003 (W47),Recreativo Huelva (13),2-2,0-0,UD Las Palmas (13)
?,(Sun) 23 Nov 2003 (W47),Sporting Gijón (13),2-0,0-0,Elche CF (13)
?,(Mon) 24 Nov 2003 (W48),Málaga CF B (13),1-3,0-2,Terrassa FC (13)
?,(Sat) 29 Nov 2003 (W48),Elche CF (14),3-3,1-2,UD Almería (14)
?,(Sat) 29 Nov 2003 (W48),UD Las Palmas (14),3-1,0-1,Córdoba CF (14)
?,(Sat) 29 Nov 2003 (W48),CD Numancia (14),2-1,1-1,CD Tenerife (14)
?,(Sat) 29 Nov 2003 (W48),Terrassa FC (14),1-2,0-1,Getafe CF (14)
?,(Sun) 30 Nov 2003 (W48),CF Ciudad de Murcia (14),1-3,1-1,SD Eibar (14)
?,(Sun) 30 Nov 2003 (W48),CD Leganés (14),1-3,1-0,Sporting Gijón (14)
?,(Sun) 30 Nov 2003 (W48),Levante UD (14),0-0,0-0,Recreativo Huelva (14)
?,(Sun) 30 Nov 2003 (W48),Polideportivo Ejido (14),1-3,0-1,Deportivo Alavés (14)
?,(Sun) 30 Nov 2003 (W48),UD Salamanca (14),0-0,0-0,Cádiz CF (14)
?,(Sun) 30 Nov 2003 (W48),Rayo Vallecano (14),2-1,1-1,Málaga CF B (14)
?,(Sun) 30 Nov 2003 (W48),Xerez CD (14),2-1,1-1,Algeciras CF (14)
?,(Sat) 6 Dec 2003 (W49),Deportivo Alavés (15),0-1,0-0,Terrassa FC (15)
?,(Sat) 6 Dec 2003 (W49),Getafe CF (15),3-1,2-0,Rayo Vallecano (15)
?,(Sat) 6 Dec 2003 (W49),Recreativo Huelva (15),0-0,0-0,Xerez CD (15)
?,(Sat) 6 Dec 2003 (W49),UD Salamanca (15),2-0,1-0,UD Las Palmas (15)
?,(Sun) 7 Dec 2003 (W49),Algeciras CF (15),0-1,0-0,Polideportivo Ejido (15)
?,(Sun) 7 Dec 2003 (W49),UD Almería (15),1-3,0-1,CD Leganés (15)
?,(Sun) 7 Dec 2003 (W49),Cádiz CF (15),0-0,0-0,SD Eibar (15)
?,(Sun) 7 Dec 2003 (W49),Córdoba CF (15),1-1,0-0,Levante UD (15)
?,(Sun) 7 Dec 2003 (W49),Málaga CF B (15),1-1,1-1,Elche CF (15)
?,(Sun) 7 Dec 2003 (W49),Sporting Gijón (15),1-0,0-0,CD Numancia (15)
?,(Sun) 7 Dec 2003 (W49),CD Tenerife (15),1-1,0-0,CF Ciudad de Murcia (15)
?,(Sat) 13 Dec 2003 (W50),SD Eibar (16),0-0,0-0,CD Tenerife (16)
?,(Sat) 13 Dec 2003 (W50),UD Las Palmas (16),0-2,0-0,Cádiz CF (16)
?,(Sat) 13 Dec 2003 (W50),Levante UD (16),2-1,1-0,UD Salamanca (16)
?,(Sat) 13 Dec 2003 (W50),Terrassa FC (16),0-0,0-0,Algeciras CF (16)
?,(Sat) 13 Dec 2003 (W50),Rayo Vallecano (16),1-2,1-1,Deportivo Alavés (16)
?,(Sat) 13 Dec 2003 (W50),Xerez CD (16),0-0,0-0,Córdoba CF (16)
?,(Sun) 14 Dec 2003 (W50),CF Ciudad de Murcia (16),3-2,0-1,Sporting Gijón (16)
?,(Sun) 14 Dec 2003 (W50),Elche CF (16),1-1,0-0,Getafe CF (16)
?,(Sun) 14 Dec 2003 (W50),CD Leganés (16),2-1,1-1,Málaga CF B (16)
?,(Sun) 14 Dec 2003 (W50),CD Numancia (16),0-0,0-0,UD Almería (16)
?,(Sun) 14 Dec 2003 (W50),Polideportivo Ejido (16),2-0,0-0,Recreativo Huelva (16)
?,(Sat) 20 Dec 2003 (W51),Cádiz CF (17),4-1,3-0,CD Tenerife (17)
?,(Sat) 20 Dec 2003 (W51),UD Las Palmas (17),1-2,0-1,Levante UD (17)
?,(Sat) 20 Dec 2003 (W51),Málaga CF B (17),0-2,0-1,CD Numancia (17)
?,(Sat) 20 Dec 2003 (W51),Recreativo Huelva (17),1-2,1-1,Terrassa FC (17)
?,(Sun) 21 Dec 2003 (W51),Deportivo Alavés (17),2-1,0-1,Elche CF (17)
?,(Sun) 21 Dec 2003 (W51),Algeciras CF (17),1-1,1-1,Rayo Vallecano (17)
?,(Sun) 21 Dec 2003 (W51),UD Almería (17),2-3,0-1,CF Ciudad de Murcia (17)
?,(Sun) 21 Dec 2003 (W51),Córdoba CF (17),1-0,0-0,Polideportivo Ejido (17)
?,(Sun) 21 Dec 2003 (W51),Getafe CF (17),3-1,1-1,CD Leganés (17)
?,(Sun) 21 Dec 2003 (W51),UD Salamanca (17),2-2,2-2,Xerez CD (17)
?,(Sun) 21 Dec 2003 (W51),Sporting Gijón (17),1-0,1-0,SD Eibar (17)
?,(Sat) 3 Jan 2004 (W1),SD Eibar (18),1-0,1-0,UD Almería (18)
?,(Sat) 3 Jan 2004 (W1),CD Numancia (18),0-0,0-0,Getafe CF (18)
?,(Sat) 3 Jan 2004 (W1),CD Tenerife (18),0-1,0-0,Sporting Gijón (18)
?,(Sat) 3 Jan 2004 (W1),Terrassa FC (18),1-0,1-0,Córdoba CF (18)
?,(Sun) 4 Jan 2004 (W1),CF Ciudad de Murcia (18),3-1,2-1,Málaga CF B (18)
?,(Sun) 4 Jan 2004 (W1),Elche CF (18),3-2,2-1,Algeciras CF (18)
?,(Sun) 4 Jan 2004 (W1),CD Leganés (18),0-0,0-0,Deportivo Alavés (18)
?,(Sun) 4 Jan 2004 (W1),Levante UD (18),2-1,1-0,Cádiz CF (18)
?,(Sun) 4 Jan 2004 (W1),Polideportivo Ejido (18),1-3,0-3,UD Salamanca (18)
?,(Sun) 4 Jan 2004 (W1),Rayo Vallecano (18),1-2,1-0,Recreativo Huelva (18)
?,(Sun) 4 Jan 2004 (W1),Xerez CD (18),4-4,3-3,UD Las Palmas (18)
?,(Sat) 10 Jan 2004 (W2),UD Almería (19),0-0,0-0,CD Tenerife (19)
?,(Sat) 10 Jan 2004 (W2),Getafe CF (19),2-2,0-1,CF Ciudad de Murcia (19)
?,(Sat) 10 Jan 2004 (W2),UD Las Palmas (19),0-0,0-0,Polideportivo Ejido (19)
?,(Sun) 11 Jan 2004 (W2),Deportivo Alavés (19),1-1,1-1,CD Numancia (19)
?,(Sun) 11 Jan 2004 (W2),Algeciras CF (19),1-2,0-2,CD Leganés (19)
?,(Sun) 11 Jan 2004 (W2),Cádiz CF (19),0-1,0-0,Sporting Gijón (19)
?,(Sun) 11 Jan 2004 (W2),Córdoba CF (19),2-3,1-1,Rayo Vallecano (19)
?,(Sun) 11 Jan 2004 (W2),Levante UD (19),0-1,0-0,Xerez CD (19)
?,(Sun) 11 Jan 2004 (W2),Málaga CF B (19),1-0,1-0,SD Eibar (19)
?,(Sun) 11 Jan 2004 (W2),Recreativo Huelva (19),3-0,3-0,Elche CF (19)
?,(Sun) 11 Jan 2004 (W2),UD Salamanca (19),2-3,0-2,Terrassa FC (19)
?,(Sat) 17 Jan 2004 (W3),Elche CF (20),1-1,1-1,Córdoba CF (20)
?,(Sat) 17 Jan 2004 (W3),CD Leganés (20),0-2,0-0,Recreativo Huelva (20)
?,(Sat) 17 Jan 2004 (W3),Terrassa FC (20),2-2,1-2,UD Las Palmas (20)
?,(Sun) 18 Jan 2004 (W3),Cádiz CF (20),2-2,1-0,Xerez CD (20)
?,(Sun) 18 Jan 2004 (W3),CF Ciudad de Murcia (20),0-1,0-0,Deportivo Alavés (20)
?,(Sun) 18 Jan 2004 (W3),SD Eibar (20),2-0,1-0,Getafe CF (20)
?,(Sun) 18 Jan 2004 (W3),CD Numancia (20),0-1,0-0,Algeciras CF (20)
?,(Sun) 18 Jan 2004 (W3),Polideportivo Ejido (20),1-0,0-0,Levante UD (20)
?,(Sun) 18 Jan 2004 (W3),Sporting Gijón (20),2-0,0-0,UD Almería (20)
?,(Sun) 18 Jan 2004 (W3),CD Tenerife (20),0-1,0-1,Málaga CF B (20)
?,(Sun) 18 Jan 2004 (W3),Rayo Vallecano (20),1-1,1-0,UD Salamanca (20)
?,(Sat) 24 Jan 2004 (W4),UD Almería (21),1-2,1-0,Cádiz CF (21)
?,(Sat) 24 Jan 2004 (W4),Getafe CF (21),1-0,0-0,CD Tenerife (21)
?,(Sat) 24 Jan 2004 (W4),UD Las Palmas (21),1-0,0-0,Rayo Vallecano (21)
?,(Sat) 24 Jan 2004 (W4),Levante UD (21),2-1,2-1,Terrassa FC (21)
?,(Sun) 25 Jan 2004 (W4),Deportivo Alavés (21),0-2,0-0,SD Eibar (21)
?,(Sun) 25 Jan 2004 (W4),Algeciras CF (21),2-0,2-0,CF Ciudad de Murcia (21)
?,(Sun) 25 Jan 2004 (W4),Córdoba CF (21),1-3,0-1,CD Leganés (21)
?,(Sun) 25 Jan 2004 (W4),Recreativo Huelva (21),2-0,0-0,CD Numancia (21)
?,(Sun) 25 Jan 2004 (W4),UD Salamanca (21),3-0,1-0,Elche CF (21)
?,(Sun) 25 Jan 2004 (W4),Xerez CD (21),1-0,0-0,Polideportivo Ejido (21)
?,(Mon) 26 Jan 2004 (W5),Málaga CF B (21),0-0,0-0,Sporting Gijón (21)
?,(Sat) 31 Jan 2004 (W5),Deportivo Alavés (22),0-0,0-0,CD Tenerife (22)
?,(Sat) 31 Jan 2004 (W5),UD Las Palmas (22),1-2,0-2,Elche CF (22)
?,(Sat) 31 Jan 2004 (W5),Xerez CD (22),0-1,0-0,Terrassa FC (22)
?,(Sun) 1 Feb 2004 (W5),Algeciras CF (22),2-2,0-2,SD Eibar (22)
?,(Sun) 1 Feb 2004 (W5),Córdoba CF (22),0-0,0-0,CD Numancia (22)
?,(Sun) 1 Feb 2004 (W5),Getafe CF (22),0-2,0-0,Sporting Gijón (22)
?,(Sun) 1 Feb 2004 (W5),Levante UD (22),3-1,0-1,Rayo Vallecano (22)
?,(Sun) 1 Feb 2004 (W5),Málaga CF B (22),2-2,1-1,UD Almería (22)
?,(Sun) 1 Feb 2004 (W5),Polideportivo Ejido (22),1-0,0-0,Cádiz CF (22)
?,(Sun) 1 Feb 2004 (W5),Recreativo Huelva (22),1-1,1-0,CF Ciudad de Murcia (22)
?,(Sun) 1 Feb 2004 (W5),UD Salamanca (22),3-1,1-1,CD Leganés (22)
?,(Sat) 7 Feb 2004 (W6),Cádiz CF (23),0-1,0-1,Málaga CF B (23)
?,(Sat) 7 Feb 2004 (W6),SD Eibar (23),1-1,0-1,Recreativo Huelva (23)
?,(Sat) 7 Feb 2004 (W6),Elche CF (23),1-0,0-0,Levante UD (23)
?,(Sat) 7 Feb 2004 (W6),CD Leganés (23),0-2,0-0,UD Las Palmas (23)
?,(Sun) 8 Feb 2004 (W6),UD Almería (23),0-1,0-0,Getafe CF (23)
?,(Sun) 8 Feb 2004 (W6),CF Ciudad de Murcia (23),1-2,0-1,Córdoba CF (23)
?,(Sun) 8 Feb 2004 (W6),CD Numancia (23),0-0,0-0,UD Salamanca (23)
?,(Sun) 8 Feb 2004 (W6),Sporting Gijón (23),2-0,1-0,Deportivo Alavés (23)
?,(Sun) 8 Feb 2004 (W6),CD Tenerife (23),0-0,0-0,Algeciras CF (23)
?,(Sun) 8 Feb 2004 (W6),Terrassa FC (23),2-0,1-0,Polideportivo Ejido (23)
?,(Sun) 8 Feb 2004 (W6),Rayo Vallecano (23),2-1,1-0,Xerez CD (23)
?,(Sat) 14 Feb 2004 (W7),UD Las Palmas (24),2-1,1-0,CD Numancia (24)
?,(Sat) 14 Feb 2004 (W7),Polideportivo Ejido (24),1-0,1-0,Rayo Vallecano (24)
?,(Sat) 14 Feb 2004 (W7),Recreativo Huelva (24),0-0,0-0,CD Tenerife (24)
?,(Sun) 15 Feb 2004 (W7),Deportivo Alavés (24),2-0,0-0,UD Almería (24)
?,(Sun) 15 Feb 2004 (W7),Algeciras CF (24),0-3,0-2,Sporting Gijón (24)
?,(Sun) 15 Feb 2004 (W7),Córdoba CF (24),1-0,0-0,SD Eibar (24)
?,(Sun) 15 Feb 2004 (W7),Getafe CF (24),2-1,0-0,Málaga CF B (24)
?,(Sun) 15 Feb 2004 (W7),Levante UD (24),1-0,0-0,CD Leganés (24)
?,(Sun) 15 Feb 2004 (W7),UD Salamanca (24),1-2,1-2,CF Ciudad de Murcia (24)
?,(Sun) 15 Feb 2004 (W7),Terrassa FC (24),1-0,0-0,Cádiz CF (24)
?,(Sun) 15 Feb 2004 (W7),Xerez CD (24),2-1,0-1,Elche CF (24)
?,(Sat) 21 Feb 2004 (W8),Cádiz CF (25),2-1,1-0,Getafe CF (25)
?,(Sat) 21 Feb 2004 (W8),CF Ciudad de Murcia (25),3-1,1-0,UD Las Palmas (25)
?,(Sat) 21 Feb 2004 (W8),Málaga CF B (25),2-1,1-0,Deportivo Alavés (25)
?,(Sat) 21 Feb 2004 (W8),Rayo Vallecano (25),1-0,1-0,Terrassa FC (25)
?,(Sun) 22 Feb 2004 (W8),UD Almería (25),2-2,1-1,Algeciras CF (25)
?,(Sun) 22 Feb 2004 (W8),SD Eibar (25),0-0,0-0,UD Salamanca (25)
?,(Sun) 22 Feb 2004 (W8),Elche CF (25),1-2,1-2,Polideportivo Ejido (25)
?,(Sun) 22 Feb 2004 (W8),CD Leganés (25),3-3,1-1,Xerez CD (25)
?,(Sun) 22 Feb 2004 (W8),CD Numancia (25),3-1,2-1,Levante UD (25)
?,(Sun) 22 Feb 2004 (W8),Sporting Gijón (25),0-0,0-0,Recreativo Huelva (25)
?,(Sun) 22 Feb 2004 (W8),CD Tenerife (25),1-0,0-0,Córdoba CF (25)
?,(Sat) 28 Feb 2004 (W9),UD Las Palmas (26),1-0,0-0,SD Eibar (26)
?,(Sat) 28 Feb 2004 (W9),Recreativo Huelva (26),1-0,0-0,UD Almería (26)
?,(Sat) 28 Feb 2004 (W9),UD Salamanca (26),2-2,1-0,CD Tenerife (26)
?,(Sat) 28 Feb 2004 (W9),Terrassa FC (26),1-1,1-1,Elche CF (26)
?,(Sat) 28 Feb 2004 (W9),Xerez CD (26),0-1,0-1,CD Numancia (26)
?,(Sun) 29 Feb 2004 (W9),Algeciras CF (26),0-0,0-0,Málaga CF B (26)
?,(Sun) 29 Feb 2004 (W9),Córdoba CF (26),4-1,1-1,Sporting Gijón (26)
?,(Sun) 29 Feb 2004 (W9),Levante UD (26),0-0,0-0,CF Ciudad de Murcia (26)
?,(Sun) 29 Feb 2004 (W9),Polideportivo Ejido (26),2-1,1-1,CD Leganés (26)
?,(Sun) 29 Feb 2004 (W9),Rayo Vallecano (26),2-0,2-0,Cádiz CF (26)
?,(Sat) 6 Mar 2004 (W10),UD Almería (27),1-1,1-1,Córdoba CF (27)
?,(Sat) 6 Mar 2004 (W10),SD Eibar (27),2-0,0-0,Levante UD (27)
?,(Sat) 6 Mar 2004 (W10),Getafe CF (26),3-0,3-0,Algeciras CF (27)
?,(Sat) 6 Mar 2004 (W10),Málaga CF B (27),0-0,0-0,Recreativo Huelva (27)
?,(Sun) 7 Mar 2004 (W10),Cádiz CF (27),1-1,0-0,Deportivo Alavés (26)
?,(Sun) 7 Mar 2004 (W10),CF Ciudad de Murcia (27),0-1,0-1,Xerez CD (27)
?,(Sun) 7 Mar 2004 (W10),Elche CF (27),2-1,0-1,Rayo Vallecano (27)
?,(Sun) 7 Mar 2004 (W10),CD Leganés (27),1-0,1-0,Terrassa FC (27)
?,(Sun) 7 Mar 2004 (W10),CD Numancia (27),1-0,1-0,Polideportivo Ejido (27)
?,(Sun) 7 Mar 2004 (W10),Sporting Gijón (27),1-1,0-0,UD Salamanca (27)
?,(Sun) 7 Mar 2004 (W10),CD Tenerife (27),2-0,2-0,UD Las Palmas (27)
?,(Sat) 13 Mar 2004 (W11),Algeciras CF (28),1-2,1-2,Deportivo Alavés (27)
?,(Sat) 13 Mar 2004 (W11),Levante UD (28),1-0,1-0,CD Tenerife (28)
?,(Sat) 13 Mar 2004 (W11),Polideportivo Ejido (28),0-1,0-0,CF Ciudad de Murcia (28)
?,(Sat) 13 Mar 2004 (W11),Recreativo Huelva (28),2-0,2-0,Getafe CF (27)
?,(Sat) 13 Mar 2004 (W11),Rayo Vallecano (28),0-0,0-0,CD Leganés (28)
?,(Sun) 14 Mar 2004 (W11),Córdoba CF (28),0-1,0-1,Málaga CF B (28)
?,(Sun) 14 Mar 2004 (W11),Elche CF (28),1-0,1-0,Cádiz CF (28)
?,(Sun) 14 Mar 2004 (W11),UD Las Palmas (28),1-2,0-0,Sporting Gijón (28)
?,(Sun) 14 Mar 2004 (W11),UD Salamanca (28),0-0,0-0,UD Almería (28)
?,(Sun) 14 Mar 2004 (W11),Terrassa FC (28),0-1,0-1,CD Numancia (28)
?,(Sun) 14 Mar 2004 (W11),Xerez CD (28),1-1,1-0,SD Eibar (28)
?,(Sat) 20 Mar 2004 (W12),UD Almería (29),3-0,0-0,UD Las Palmas (29)
?,(Sat) 20 Mar 2004 (W12),SD Eibar (29),0-0,0-0,Polideportivo Ejido (29)
?,(Sat) 20 Mar 2004 (W12),Getafe CF (28),1-0,1-0,Córdoba CF (29)
?,(Sat) 20 Mar 2004 (W12),Málaga CF B (29),2-2,2-1,UD Salamanca (29)
?,(Sun) 21 Mar 2004 (W12),Deportivo Alavés (28),1-1,0-0,Recreativo Huelva (29)
?,(Sun) 21 Mar 2004 (W12),Cádiz CF (29),2-1,2-0,Algeciras CF (29)
?,(Sun) 21 Mar 2004 (W12),CF Ciudad de Murcia (29),2-2,1-1,Terrassa FC (29)
?,(Sun) 21 Mar 2004 (W12),CD Leganés (29),2-0,1-0,Elche CF (29)
?,(Sun) 21 Mar 2004 (W12),CD Numancia (29),1-0,0-0,Rayo Vallecano (29)
?,(Sun) 21 Mar 2004 (W12),Sporting Gijón (29),1-2,0-1,Levante UD (29)
?,(Sun) 21 Mar 2004 (W12),CD Tenerife (29),2-1,2-1,Xerez CD (29)
?,(Wed) 24 Mar 2004 (W13),Deportivo Alavés (29),3-0,1-0,Getafe CF (29)
?,(Sat) 27 Mar 2004 (W13),UD Las Palmas (30),1-1,1-0,Málaga CF B (30)
?,(Sat) 27 Mar 2004 (W13),Terrassa FC (30),2-1,1-0,SD Eibar (30)
?,(Sat) 27 Mar 2004 (W13),Rayo Vallecano (30),2-0,0-0,CF Ciudad de Murcia (30)
?,(Sun) 28 Mar 2004 (W13),Córdoba CF (30),0-0,0-0,Deportivo Alavés (30)
?,(Sun) 28 Mar 2004 (W13),Elche CF (30),1-1,0-1,CD Numancia (30)
?,(Sun) 28 Mar 2004 (W13),CD Leganés (30),0-1,0-1,Cádiz CF (30)
?,(Sun) 28 Mar 2004 (W13),Levante UD (30),2-1,0-0,UD Almería (30)
?,(Sun) 28 Mar 2004 (W13),Polideportivo Ejido (30),1-0,1-0,CD Tenerife (30)
?,(Sun) 28 Mar 2004 (W13),Recreativo Huelva (30),1-0,1-0,Algeciras CF (30)
?,(Sun) 28 Mar 2004 (W13),UD Salamanca (30),0-1,0-0,Getafe CF (30)
?,(Sun) 28 Mar 2004 (W13),Xerez CD (30),2-1,1-0,Sporting Gijón (30)
?,(Sat) 3 Apr 2004 (W14),Algeciras CF (31),0-1,0-1,Córdoba CF (31)
?,(Sat) 3 Apr 2004 (W14),CF Ciudad de Murcia (31),2-0,0-0,Elche CF (31)
?,(Sat) 3 Apr 2004 (W14),SD Eibar (31),5-0,1-0,Rayo Vallecano (31)
?,(Sat) 3 Apr 2004 (W14),Getafe CF (31),3-0,0-0,UD Las Palmas (31)
?,(Sat) 3 Apr 2004 (W14),Málaga CF B (31),1-5,1-2,Levante UD (31)
?,(Sun) 4 Apr 2004 (W14),Deportivo Alavés (31),1-0,0-0,UD Salamanca (31)
?,(Sun) 4 Apr 2004 (W14),UD Almería (31),1-2,1-1,Xerez CD (31)
?,(Sun) 4 Apr 2004 (W14),Cádiz CF (31),3-1,1-0,Recreativo Huelva (31)
?,(Sun) 4 Apr 2004 (W14),CD Numancia (31),3-0,0-0,CD Leganés (31)
?,(Sun) 4 Apr 2004 (W14),Sporting Gijón (31),1-0,0-0,Polideportivo Ejido (31)
?,(Sun) 4 Apr 2004 (W14),CD Tenerife (31),0-0,0-0,Terrassa FC (31)
?,(Sat) 10 Apr 2004 (W15),CD Numancia (32),2-0,1-0,Cádiz CF (32)
?,(Sat) 10 Apr 2004 (W15),Polideportivo Ejido (32),1-2,1-2,UD Almería (32)
?,(Sat) 10 Apr 2004 (W15),Terrassa FC (32),1-0,1-0,Sporting Gijón (32)
?,(Sat) 10 Apr 2004 (W15),Rayo Vallecano (32),1-1,1-0,CD Tenerife (32)
?,(Sun) 11 Apr 2004 (W15),Córdoba CF (32),1-2,1-1,Recreativo Huelva (32)
?,(Sun) 11 Apr 2004 (W15),Elche CF (32),2-0,1-0,SD Eibar (32)
?,(Sun) 11 Apr 2004 (W15),UD Las Palmas (32),1-2,0-1,Deportivo Alavés (32)
?,(Sun) 11 Apr 2004 (W15),CD Leganés (32),0-0,0-0,CF Ciudad de Murcia (32)
?,(Sun) 11 Apr 2004 (W15),Levante UD (32),1-1,0-0,Getafe CF (32)
?,(Sun) 11 Apr 2004 (W15),UD Salamanca (32),1-0,1-0,Algeciras CF (32)
?,(Sun) 11 Apr 2004 (W15),Xerez CD (32),2-1,1-1,Málaga CF B (32)
?,(Sat) 17 Apr 2004 (W16),Cádiz CF (33),0-0,0-0,Córdoba CF (33)
?,(Sat) 17 Apr 2004 (W16),SD Eibar (33),1-1,0-1,CD Leganés (33)
?,(Sat) 17 Apr 2004 (W16),Sporting Gijón (33),3-1,1-1,Rayo Vallecano (33)
?,(Sat) 17 Apr 2004 (W16),CD Tenerife (33),2-1,1-1,Elche CF (33)
?,(Sun) 18 Apr 2004 (W16),Deportivo Alavés (33),3-2,2-2,Levante UD (33)
?,(Sun) 18 Apr 2004 (W16),Algeciras CF (33),2-0,0-0,UD Las Palmas (33)
?,(Sun) 18 Apr 2004 (W16),UD Almería (33),0-2,0-0,Terrassa FC (33)
?,(Sun) 18 Apr 2004 (W16),CF Ciudad de Murcia (33),0-2,0-0,CD Numancia (33)
?,(Sun) 18 Apr 2004 (W16),Getafe CF (33),0-0,0-0,Xerez CD (33)
?,(Sun) 18 Apr 2004 (W16),Málaga CF B (33),0-0,0-0,Polideportivo Ejido (33)
?,(Sun) 18 Apr 2004 (W16),Recreativo Huelva (33),3-1,1-0,UD Salamanca (33)
?,(Sat) 24 Apr 2004 (W17),CF Ciudad de Murcia (34),2-2,2-0,Cádiz CF (34)
?,(Sat) 24 Apr 2004 (W17),UD Las Palmas (34),0-4,0-0,Recreativo Huelva (34)
?,(Sat) 24 Apr 2004 (W17),CD Leganés (34),0-0,0-0,CD Tenerife (34)
?,(Sat) 24 Apr 2004 (W17),Rayo Vallecano (34),1-1,1-0,UD Almería (34)
?,(Sat) 24 Apr 2004 (W17),Xerez CD (34),1-2,1-1,Deportivo Alavés (34)
?,(Sun) 25 Apr 2004 (W17),Elche CF (34),2-1,1-0,Sporting Gijón (34)
?,(Sun) 25 Apr 2004 (W17),Levante UD (34),3-1,1-1,Algeciras CF (34)
?,(Sun) 25 Apr 2004 (W17),CD Numancia (34),2-3,1-1,SD Eibar (34)
?,(Sun) 25 Apr 2004 (W17),Polideportivo Ejido (34),0-0,0-0,Getafe CF (34)
?,(Sun) 25 Apr 2004 (W17),UD Salamanca (34),3-0,1-0,Córdoba CF (34)
?,(Sun) 25 Apr 2004 (W17),Terrassa FC (34),0-1,0-0,Málaga CF B (34)
?,(Sat) 1 May 2004 (W18),Deportivo Alavés (35),0-0,0-0,Polideportivo Ejido (35)
?,(Sat) 1 May 2004 (W18),Córdoba CF (35),1-2,1-1,UD Las Palmas (35)
?,(Sat) 1 May 2004 (W18),Getafe CF (35),2-0,1-0,Terrassa FC (35)
?,(Sat) 1 May 2004 (W18),Málaga CF B (35),2-1,0-1,Rayo Vallecano (35)
?,(Sun) 2 May 2004 (W18),UD Almería (35),3-1,2-1,Elche CF (35)
?,(Sun) 2 May 2004 (W18),Cádiz CF (35),3-3,0-3,UD Salamanca (35)
?,(Sun) 2 May 2004 (W18),SD Eibar (35),0-2,0-1,CF Ciudad de Murcia (35)
?,(Sun) 2 May 2004 (W18),Recreativo Huelva (35),0-0,0-0,Levante UD (35)
?,(Sun) 2 May 2004 (W18),Sporting Gijón (35),1-1,1-0,CD Leganés (35)
?,(Sun) 2 May 2004 (W18),CD Tenerife (35),1-0,0-0,CD Numancia (35)
?,(Sat) 8 May 2004 (W19),CF Ciudad de Murcia (36),2-3,2-1,CD Tenerife (36)
?,(Sat) 8 May 2004 (W19),UD Las Palmas (36),1-1,1-1,UD Salamanca (36)
?,(Sat) 8 May 2004 (W19),Levante UD (36),2-2,2-1,Córdoba CF (36)
?,(Sat) 8 May 2004 (W19),Terrassa FC (36),0-0,0-0,Deportivo Alavés (36)
?,(Sat) 8 May 2004 (W19),Rayo Vallecano (36),1-2,1-0,Getafe CF (36)
?,(Sun) 9 May 2004 (W19),SD Eibar (36),0-1,0-0,Cádiz CF (36)
?,(Sun) 9 May 2004 (W19),Elche CF (36),2-3,2-0,Málaga CF B (36)
?,(Sun) 9 May 2004 (W19),CD Leganés (36),0-0,0-0,UD Almería (36)
?,(Sun) 9 May 2004 (W19),CD Numancia (36),1-1,0-0,Sporting Gijón (36)
?,(Sun) 9 May 2004 (W19),Polideportivo Ejido (36),0-0,0-0,Algeciras CF (35)
?,(Sun) 9 May 2004 (W19),Xerez CD (35),1-0,1-0,Recreativo Huelva (36)
?,(Sat) 15 May 2004 (W20),Cádiz CF (37),4-1,0-1,UD Las Palmas (37)
?,(Sat) 15 May 2004 (W20),Getafe CF (37),3-1,1-1,Elche CF (37)
?,(Sat) 15 May 2004 (W20),Málaga CF B (37),0-0,0-0,CD Leganés (37)
?,(Sat) 15 May 2004 (W20),Recreativo Huelva (37),1-0,0-0,Polideportivo Ejido (37)
?,(Sun) 16 May 2004 (W20),Deportivo Alavés (37),3-0,2-0,Rayo Vallecano (37)
?,(Sun) 16 May 2004 (W20),Algeciras CF (36),2-1,1-0,Terrassa FC (37)
?,(Sun) 16 May 2004 (W20),UD Almería (37),1-1,1-1,CD Numancia (37)
?,(Sun) 16 May 2004 (W20),Córdoba CF (37),1-2,0-1,Xerez CD (36)
?,(Sun) 16 May 2004 (W20),UD Salamanca (37),0-1,0-0,Levante UD (37)
?,(Sun) 16 May 2004 (W20),Sporting Gijón (37),4-1,1-0,CF Ciudad de Murcia (37)
?,(Sun) 16 May 2004 (W20),CD Tenerife (37),1-1,0-1,SD Eibar (37)
?,(Sat) 22 May 2004 (W21),Elche CF (38),0-2,0-1,Deportivo Alavés (38)
?,(Sat) 22 May 2004 (W21),CD Tenerife (38),2-2,2-1,Cádiz CF (38)
?,(Sat) 22 May 2004 (W21),Xerez CD (37),3-0,1-0,UD Salamanca (38)
?,(Sun) 23 May 2004 (W21),CF Ciudad de Murcia (38),1-1,1-0,UD Almería (38)
?,(Sun) 23 May 2004 (W21),SD Eibar (38),2-2,0-0,Sporting Gijón (38)
?,(Sun) 23 May 2004 (W21),CD Leganés (38),0-0,0-0,Getafe CF (38)
?,(Sun) 23 May 2004 (W21),Levante UD (38),2-0,1-0,UD Las Palmas (38)
?,(Sun) 23 May 2004 (W21),CD Numancia (38),3-0,1-0,Málaga CF B (38)
?,(Sun) 23 May 2004 (W21),Polideportivo Ejido (38),1-1,1-1,Córdoba CF (38)
?,(Sun) 23 May 2004 (W21),Terrassa FC (38),2-2,1-2,Recreativo Huelva (38)
?,(Sun) 23 May 2004 (W21),Rayo Vallecano (38),2-2,1-2,Algeciras CF (37)
?,(Thu) 27 May 2004 (W22),Algeciras CF (38),2-1,1-1,Xerez CD (38)
?,(Sat) 29 May 2004 (W22),Deportivo Alavés (39),1-1,1-1,CD Leganés (39)
?,(Sat) 29 May 2004 (W22),Málaga CF B (39),2-0,0-0,CF Ciudad de Murcia (39)
?,(Sat) 29 May 2004 (W22),Sporting Gijón (39),0-2,0-0,CD Tenerife (39)
?,(Sun) 30 May 2004 (W22),Córdoba CF (39),2-2,2-2,Terrassa FC (39)
?,(Sun) 30 May 2004 (W22),Algeciras CF (39),2-2,2-1,Elche CF (39)
?,(Sun) 30 May 2004 (W22),UD Almería (39),1-0,0-0,SD Eibar (39)
?,(Sun) 30 May 2004 (W22),Cádiz CF (39),0-3,0-1,Levante UD (39)
?,(Sun) 30 May 2004 (W22),Getafe CF (39),2-1,0-0,CD Numancia (39)
?,(Sun) 30 May 2004 (W22),UD Las Palmas (39),1-1,0-1,Xerez CD (39)
?,(Sun) 30 May 2004 (W22),Recreativo Huelva (39),0-0,0-0,Rayo Vallecano (39)
?,(Sun) 30 May 2004 (W22),UD Salamanca (39),0-0,0-0,Polideportivo Ejido (39)
?,(Sat) 5 Jun 2004 (W23),CF Ciudad de Murcia (40),1-2,0-1,Getafe CF (40)
?,(Sat) 5 Jun 2004 (W23),SD Eibar (40),3-3,2-1,Málaga CF B (40)
?,(Sat) 5 Jun 2004 (W23),Polideportivo Ejido (40),1-0,1-0,UD Las Palmas (40)
?,(Sat) 5 Jun 2004 (W23),Terrassa FC (40),1-1,1-1,UD Salamanca (40)
?,(Sat) 5 Jun 2004 (W23),Xerez CD (40),1-2,0-0,Levante UD (40)
?,(Sun) 6 Jun 2004 (W23),Elche CF (40),2-0,1-0,Recreativo Huelva (40)
?,(Sun) 6 Jun 2004 (W23),CD Leganés (40),3-2,2-1,Algeciras CF (40)
?,(Sun) 6 Jun 2004 (W23),CD Numancia (40),3-1,1-0,Deportivo Alavés (40)
?,(Sun) 6 Jun 2004 (W23),Sporting Gijón (40),2-0,1-0,Cádiz CF (40)
?,(Sun) 6 Jun 2004 (W23),CD Tenerife (40),2-0,0-0,UD Almería (40)
?,(Sun) 6 Jun 2004 (W23),Rayo Vallecano (40),2-0,0-0,Córdoba CF (40)
?,(Fri) 11 Jun 2004 (W24),Xerez CD (41),1-1,0-0,Cádiz CF (41)
?,(Sun) 13 Jun 2004 (W24),Deportivo Alavés (41),1-0,1-0,CF Ciudad de Murcia (41)
?,(Sun) 13 Jun 2004 (W24),Algeciras CF (41),0-1,0-1,CD Numancia (41)
?,(Sun) 13 Jun 2004 (W24),UD Almería (41),2-1,0-0,Sporting Gijón (41)
?,(Sun) 13 Jun 2004 (W24),Córdoba CF (41),1-0,1-0,Elche CF (41)
?,(Sun) 13 Jun 2004 (W24),Getafe CF (41),2-1,1-0,SD Eibar (41)
?,(Sun) 13 Jun 2004 (W24),UD Las Palmas (41),2-1,0-1,Terrassa FC (41)
?,(Sun) 13 Jun 2004 (W24),Levante UD (41),2-0,1-0,Polideportivo Ejido (41)
?,(Sun) 13 Jun 2004 (W24),Málaga CF B (41),2-2,1-1,CD Tenerife (41)
?,(Sun) 13 Jun 2004 (W24),Recreativo Huelva (41),3-1,2-1,CD Leganés (41)
?,(Sun) 13 Jun 2004 (W24),UD Salamanca (41),1-1,0-1,Rayo Vallecano (41)
?,(Fri) 18 Jun 2004 (W25),Elche CF (42),1-2,1-1,UD Salamanca (42)
?,(Sat) 19 Jun 2004 (W25),Cádiz CF (42),2-1,0-0,UD Almería (42)
?,(Sat) 19 Jun 2004 (W25),CF Ciudad de Murcia (42),2-0,1-0,Algeciras CF (42)
?,(Sat) 19 Jun 2004 (W25),SD Eibar (42),1-2,0-1,Deportivo Alavés (42)
?,(Sat) 19 Jun 2004 (W25),CD Leganés (42),0-1,0-1,Córdoba CF (42)
?,(Sat) 19 Jun 2004 (W25),CD Numancia (42),2-0,1-0,Recreativo Huelva (42)
?,(Sat) 19 Jun 2004 (W25),Polideportivo Ejido (42),1-0,1-0,Xerez CD (42)
?,(Sat) 19 Jun 2004 (W25),Sporting Gijón (42),1-0,1-0,Málaga CF B (42)
?,(Sat) 19 Jun 2004 (W25),CD Tenerife (42),3-5,1-3,Getafe CF (42)
?,(Sat) 19 Jun 2004 (W25),Terrassa FC (42),4-4,1-1,Levante UD (42)
?,(Sat) 19 Jun 2004 (W25),Rayo Vallecano (42),1-2,0-1,UD Las Palmas (42)
