Round,Date,Team 1,FT,HT,Team 2
?,(Sat) 9 Sep 2000 (W36),FC Barcelona (1),2-1,2-0,Málaga CF (1)
?,(Sat) 9 Sep 2000 (W36),RCD La Coruña (1),2-0,0-0,Athletic Club Bilbao (1)
?,(Sat) 9 Sep 2000 (W36),Real Madrid (1),2-1,0-0,Valencia CF (1)
?,(Sat) 9 Sep 2000 (W36),Real Sociedad (1),2-2,0-0,Real Racing Santander (1)
?,(Sat) 9 Sep 2000 (W36),Real Zaragoza (1),1-2,0-0,RCD Espanyol (1)
?,(Sun) 10 Sep 2000 (W36),UD Las Palmas (1),0-3,0-1,Deportivo Alavés (1)
?,(Sun) 10 Sep 2000 (W36),RCD Mallorca (1),1-1,1-0,Real Valladolid CF (1)
?,(Sun) 10 Sep 2000 (W36),CD Numancia (1),1-0,0-0,Real Oviedo (1)
?,(Sun) 10 Sep 2000 (W36),CA Osasuna (1),0-2,0-0,RC Celta Vigo (1)
?,(Sun) 10 Sep 2000 (W36),Villarreal CF (1),1-5,0-3,Rayo Vallecano (1)
?,(Sat) 16 Sep 2000 (W37),Athletic Club Bilbao (2),3-1,1-1,FC Barcelona (2)
?,(Sat) 16 Sep 2000 (W37),Málaga CF (2),3-3,1-1,Real Madrid (2)
?,(Sat) 16 Sep 2000 (W37),Real Racing Santander (2),0-3,0-1,RCD La Coruña (2)
?,(Sat) 16 Sep 2000 (W37),Valencia CF (2),4-0,1-0,RCD Mallorca (2)
?,(Sat) 16 Sep 2000 (W37),Real Valladolid CF (2),2-0,1-0,CD Numancia (2)
?,(Sun) 17 Sep 2000 (W37),Deportivo Alavés (2),0-1,0-0,Villarreal CF (2)
?,(Sun) 17 Sep 2000 (W37),RC Celta Vigo (2),4-1,3-0,Real Sociedad (2)
?,(Sun) 17 Sep 2000 (W37),RCD Espanyol (2),1-2,0-0,CA Osasuna (2)
?,(Sun) 17 Sep 2000 (W37),Real Oviedo (2),2-2,0-1,UD Las Palmas (2)
?,(Sun) 17 Sep 2000 (W37),Rayo Vallecano (2),0-0,0-0,Real Zaragoza (2)
?,(Sat) 23 Sep 2000 (W38),FC Barcelona (3),3-1,1-0,Real Racing Santander (3)
?,(Sat) 23 Sep 2000 (W38),UD Las Palmas (3),1-1,0-1,Real Valladolid CF (3)
?,(Sat) 23 Sep 2000 (W38),Real Madrid (3),4-1,2-0,Athletic Club Bilbao (3)
?,(Sat) 23 Sep 2000 (W38),Real Sociedad (3),1-1,1-0,RCD La Coruña (3)
?,(Sat) 23 Sep 2000 (W38),Real Zaragoza (3),2-2,1-2,Deportivo Alavés (3)
?,(Sun) 24 Sep 2000 (W38),RC Celta Vigo (3),1-0,1-0,RCD Espanyol (3)
?,(Sun) 24 Sep 2000 (W38),RCD Mallorca (3),0-1,0-0,Málaga CF (3)
?,(Sun) 24 Sep 2000 (W38),CD Numancia (3),0-3,0-0,Valencia CF (3)
?,(Sun) 24 Sep 2000 (W38),CA Osasuna (3),2-2,1-1,Rayo Vallecano (3)
?,(Sun) 24 Sep 2000 (W38),Villarreal CF (3),1-0,1-0,Real Oviedo (3)
?,(Sat) 30 Sep 2000 (W39),Real Racing Santander (4),0-0,0-0,Real Madrid (4)
?,(Sun) 1 Oct 2000 (W39),Deportivo Alavés (4),2-0,0-0,CA Osasuna (4)
?,(Sun) 1 Oct 2000 (W39),Athletic Club Bilbao (4),2-1,1-1,RCD Mallorca (4)
?,(Sun) 1 Oct 2000 (W39),RCD La Coruña (4),2-0,0-0,FC Barcelona (4)
?,(Sun) 1 Oct 2000 (W39),Málaga CF (4),1-3,1-2,CD Numancia (4)
?,(Sun) 1 Oct 2000 (W39),Real Oviedo (4),2-1,2-0,Real Zaragoza (4)
?,(Sun) 1 Oct 2000 (W39),Rayo Vallecano (4),3-0,1-0,RC Celta Vigo (4)
?,(Sun) 1 Oct 2000 (W39),Valencia CF (4),5-1,2-0,UD Las Palmas (4)
?,(Sun) 1 Oct 2000 (W39),Real Valladolid CF (4),0-0,0-0,Villarreal CF (4)
?,(Sat) 14 Oct 2000 (W41),RCD Espanyol (4),0-0,0-0,Rayo Vallecano (5)
?,(Sat) 14 Oct 2000 (W41),UD Las Palmas (5),2-1,0-0,Málaga CF (5)
?,(Sat) 14 Oct 2000 (W41),Real Madrid (5),3-0,2-0,RCD La Coruña (5)
?,(Sat) 14 Oct 2000 (W41),Real Sociedad (4),0-6,0-6,FC Barcelona (5)
?,(Sat) 14 Oct 2000 (W41),Villarreal CF (5),1-1,0-0,Valencia CF (5)
?,(Sun) 15 Oct 2000 (W41),RC Celta Vigo (5),1-1,1-1,Deportivo Alavés (5)
?,(Sun) 15 Oct 2000 (W41),RCD Mallorca (5),2-1,0-1,Real Racing Santander (5)
?,(Sun) 15 Oct 2000 (W41),CD Numancia (5),0-0,0-0,Athletic Club Bilbao (5)
?,(Sun) 15 Oct 2000 (W41),CA Osasuna (5),0-0,0-0,Real Oviedo (5)
?,(Sun) 15 Oct 2000 (W41),Real Zaragoza (5),0-0,0-0,Real Valladolid CF (5)
?,(Wed) 18 Oct 2000 (W42),RCD Espanyol (5),1-2,1-2,Real Sociedad (5)
?,(Sat) 21 Oct 2000 (W42),FC Barcelona (6),2-0,1-0,Real Madrid (6)
?,(Sat) 21 Oct 2000 (W42),RCD La Coruña (6),1-1,0-0,RCD Mallorca (6)
?,(Sat) 21 Oct 2000 (W42),Valencia CF (6),1-0,0-0,Real Zaragoza (6)
?,(Sun) 22 Oct 2000 (W42),Deportivo Alavés (6),1-0,0-0,RCD Espanyol (6)
?,(Sun) 22 Oct 2000 (W42),Athletic Club Bilbao (6),0-3,0-1,UD Las Palmas (6)
?,(Sun) 22 Oct 2000 (W42),Málaga CF (6),2-1,2-0,Villarreal CF (6)
?,(Sun) 22 Oct 2000 (W42),Real Oviedo (6),3-1,2-0,RC Celta Vigo (6)
?,(Sun) 22 Oct 2000 (W42),Rayo Vallecano (6),4-1,2-1,Real Sociedad (6)
?,(Sun) 22 Oct 2000 (W42),Real Racing Santander (6),4-2,2-1,CD Numancia (6)
?,(Sun) 22 Oct 2000 (W42),Real Valladolid CF (6),1-1,1-1,CA Osasuna (6)
?,(Sat) 28 Oct 2000 (W43),UD Las Palmas (7),2-1,1-0,Real Racing Santander (7)
?,(Sat) 28 Oct 2000 (W43),RCD Mallorca (7),2-0,1-0,FC Barcelona (7)
?,(Sat) 28 Oct 2000 (W43),CD Numancia (7),1-2,0-2,RCD La Coruña (7)
?,(Sat) 28 Oct 2000 (W43),Villarreal CF (7),0-0,0-0,Athletic Club Bilbao (7)
?,(Sat) 28 Oct 2000 (W43),Real Zaragoza (7),1-1,0-0,Málaga CF (7)
?,(Sun) 29 Oct 2000 (W43),RC Celta Vigo (7),2-1,1-0,Real Valladolid CF (7)
?,(Sun) 29 Oct 2000 (W43),RCD Espanyol (7),2-0,1-0,Real Oviedo (7)
?,(Sun) 29 Oct 2000 (W43),CA Osasuna (7),1-2,1-1,Valencia CF (7)
?,(Sun) 29 Oct 2000 (W43),Real Sociedad (7),1-4,0-2,Real Madrid (7)
?,(Sun) 29 Oct 2000 (W43),Rayo Vallecano (7),0-1,0-1,Deportivo Alavés (7)
?,(Tue) 31 Oct 2000 (W44),RCD La Coruña (8),4-0,1-0,UD Las Palmas (8)
?,(Wed) 1 Nov 2000 (W44),Deportivo Alavés (8),0-1,0-0,Real Sociedad (8)
?,(Wed) 1 Nov 2000 (W44),Athletic Club Bilbao (8),1-2,0-1,Real Zaragoza (8)
?,(Wed) 1 Nov 2000 (W44),FC Barcelona (8),1-1,0-0,CD Numancia (8)
?,(Wed) 1 Nov 2000 (W44),Málaga CF (8),3-1,2-1,CA Osasuna (8)
?,(Wed) 1 Nov 2000 (W44),Real Oviedo (8),4-1,2-1,Rayo Vallecano (8)
?,(Wed) 1 Nov 2000 (W44),Real Madrid (8),0-2,0-0,RCD Mallorca (8)
?,(Wed) 1 Nov 2000 (W44),Real Racing Santander (8),3-1,2-0,Villarreal CF (8)
?,(Wed) 1 Nov 2000 (W44),Valencia CF (8),1-0,0-0,RC Celta Vigo (8)
?,(Wed) 1 Nov 2000 (W44),Real Valladolid CF (8),1-1,0-1,RCD Espanyol (8)
?,(Sat) 4 Nov 2000 (W44),RC Celta Vigo (9),1-0,0-0,Málaga CF (9)
?,(Sat) 4 Nov 2000 (W44),RCD Espanyol (9),1-0,0-0,Valencia CF (9)
?,(Sat) 4 Nov 2000 (W44),UD Las Palmas (9),0-1,0-0,FC Barcelona (9)
?,(Sat) 4 Nov 2000 (W44),CD Numancia (9),3-1,2-1,Real Madrid (9)
?,(Sat) 4 Nov 2000 (W44),Villarreal CF (9),3-2,1-1,RCD La Coruña (9)
?,(Sun) 5 Nov 2000 (W44),Deportivo Alavés (9),4-0,2-0,Real Oviedo (9)
?,(Sun) 5 Nov 2000 (W44),CA Osasuna (9),1-1,0-1,Athletic Club Bilbao (9)
?,(Sun) 5 Nov 2000 (W44),Real Sociedad (9),0-1,0-0,RCD Mallorca (9)
?,(Sun) 5 Nov 2000 (W44),Rayo Vallecano (9),2-1,1-0,Real Valladolid CF (9)
?,(Sun) 5 Nov 2000 (W44),Real Zaragoza (9),2-0,1-0,Real Racing Santander (9)
?,(Sat) 11 Nov 2000 (W45),RCD La Coruña (10),2-0,1-0,Real Zaragoza (10)
?,(Sun) 12 Nov 2000 (W45),Athletic Club Bilbao (10),2-1,1-1,RC Celta Vigo (10)
?,(Sun) 12 Nov 2000 (W45),FC Barcelona (10),1-2,1-1,Villarreal CF (10)
?,(Sun) 12 Nov 2000 (W45),Málaga CF (10),0-0,0-0,RCD Espanyol (10)
?,(Sun) 12 Nov 2000 (W45),RCD Mallorca (10),2-1,2-0,CD Numancia (10)
?,(Sun) 12 Nov 2000 (W45),Real Oviedo (10),1-0,0-0,Real Sociedad (10)
?,(Sun) 12 Nov 2000 (W45),Real Madrid (10),5-1,2-1,UD Las Palmas (10)
?,(Sun) 12 Nov 2000 (W45),Real Racing Santander (10),0-0,0-0,CA Osasuna (10)
?,(Sun) 12 Nov 2000 (W45),Valencia CF (10),2-2,0-1,Rayo Vallecano (10)
?,(Sun) 12 Nov 2000 (W45),Real Valladolid CF (10),2-1,0-0,Deportivo Alavés (10)
?,(Sat) 18 Nov 2000 (W46),Deportivo Alavés (11),1-1,0-0,Valencia CF (11)
?,(Sat) 18 Nov 2000 (W46),UD Las Palmas (11),1-0,0-0,RCD Mallorca (11)
?,(Sat) 18 Nov 2000 (W46),CA Osasuna (11),1-1,1-1,RCD La Coruña (11)
?,(Sat) 18 Nov 2000 (W46),Villarreal CF (11),0-1,0-0,Real Madrid (11)
?,(Sun) 19 Nov 2000 (W46),RC Celta Vigo (11),1-1,1-0,Real Racing Santander (11)
?,(Sun) 19 Nov 2000 (W46),RCD Espanyol (11),2-1,1-0,Athletic Club Bilbao (11)
?,(Sun) 19 Nov 2000 (W46),Real Oviedo (11),4-1,1-0,Real Valladolid CF (11)
?,(Sun) 19 Nov 2000 (W46),Real Sociedad (11),4-1,3-0,CD Numancia (11)
?,(Sun) 19 Nov 2000 (W46),Rayo Vallecano (11),4-2,2-1,Málaga CF (11)
?,(Sun) 19 Nov 2000 (W46),Real Zaragoza (11),3-1,1-0,FC Barcelona (11)
?,(Sat) 25 Nov 2000 (W47),RCD Mallorca (12),2-1,0-1,Villarreal CF (12)
?,(Sun) 26 Nov 2000 (W47),Athletic Club Bilbao (12),4-2,3-1,Rayo Vallecano (12)
?,(Sun) 26 Nov 2000 (W47),FC Barcelona (12),2-0,0-0,CA Osasuna (12)
?,(Sun) 26 Nov 2000 (W47),RCD La Coruña (12),1-0,0-0,RC Celta Vigo (12)
?,(Sun) 26 Nov 2000 (W47),Málaga CF (12),3-1,2-0,Deportivo Alavés (12)
?,(Sun) 26 Nov 2000 (W47),CD Numancia (12),0-1,0-0,UD Las Palmas (12)
?,(Sun) 26 Nov 2000 (W47),Real Racing Santander (12),1-2,0-1,RCD Espanyol (12)
?,(Sun) 26 Nov 2000 (W47),Valencia CF (12),2-0,0-0,Real Oviedo (12)
?,(Sun) 26 Nov 2000 (W47),Real Valladolid CF (12),2-1,2-0,Real Sociedad (12)
?,(Sat) 2 Dec 2000 (W48),RC Celta Vigo (13),3-3,3-1,FC Barcelona (13)
?,(Sat) 2 Dec 2000 (W48),RCD Espanyol (13),0-2,0-0,RCD La Coruña (13)
?,(Sat) 2 Dec 2000 (W48),CA Osasuna (13),2-3,1-1,Real Madrid (12)
?,(Sat) 2 Dec 2000 (W48),Rayo Vallecano (13),4-1,1-1,Real Racing Santander (13)
?,(Sat) 2 Dec 2000 (W48),Real Valladolid CF (13),0-0,0-0,Valencia CF (13)
?,(Sun) 3 Dec 2000 (W48),Deportivo Alavés (13),2-1,0-1,Athletic Club Bilbao (13)
?,(Sun) 3 Dec 2000 (W48),Real Oviedo (13),3-2,1-2,Málaga CF (13)
?,(Sun) 3 Dec 2000 (W48),Real Sociedad (13),1-1,0-0,UD Las Palmas (13)
?,(Sun) 3 Dec 2000 (W48),Villarreal CF (13),0-0,0-0,CD Numancia (13)
?,(Sun) 3 Dec 2000 (W48),Real Zaragoza (12),1-1,1-0,RCD Mallorca (13)
?,(Sat) 9 Dec 2000 (W49),UD Las Palmas (14),1-5,0-2,Villarreal CF (14)
?,(Sat) 9 Dec 2000 (W49),CD Numancia (14),1-1,1-1,Real Zaragoza (13)
?,(Sat) 9 Dec 2000 (W49),Valencia CF (14),2-0,0-0,Real Sociedad (14)
?,(Sun) 10 Dec 2000 (W49),Athletic Club Bilbao (14),4-0,0-0,Real Oviedo (14)
?,(Sun) 10 Dec 2000 (W49),FC Barcelona (14),4-2,2-0,RCD Espanyol (14)
?,(Sun) 10 Dec 2000 (W49),RCD La Coruña (14),1-1,1-0,Rayo Vallecano (14)
?,(Sun) 10 Dec 2000 (W49),Málaga CF (14),3-1,1-0,Real Valladolid CF (14)
?,(Sun) 10 Dec 2000 (W49),RCD Mallorca (14),1-1,0-1,CA Osasuna (14)
?,(Sun) 10 Dec 2000 (W49),Real Madrid (13),3-0,2-0,RC Celta Vigo (14)
?,(Sun) 10 Dec 2000 (W49),Real Racing Santander (14),2-1,0-0,Deportivo Alavés (14)
?,(Sat) 16 Dec 2000 (W50),Deportivo Alavés (15),3-1,2-1,RCD La Coruña (15)
?,(Sat) 16 Dec 2000 (W50),RCD Espanyol (15),1-2,1-2,Real Madrid (14)
?,(Sat) 16 Dec 2000 (W50),Real Sociedad (15),0-2,0-1,Villarreal CF (15)
?,(Sat) 16 Dec 2000 (W50),Rayo Vallecano (15),2-2,1-1,FC Barcelona (15)
?,(Sat) 16 Dec 2000 (W50),Real Zaragoza (14),3-1,0-0,UD Las Palmas (15)
?,(Sun) 17 Dec 2000 (W50),RC Celta Vigo (15),2-2,1-1,RCD Mallorca (15)
?,(Sun) 17 Dec 2000 (W50),CA Osasuna (15),2-0,0-0,CD Numancia (15)
?,(Sun) 17 Dec 2000 (W50),Real Oviedo (15),1-0,1-0,Real Racing Santander (15)
?,(Sun) 17 Dec 2000 (W50),Valencia CF (15),2-0,1-0,Málaga CF (15)
?,(Sun) 17 Dec 2000 (W50),Real Valladolid CF (15),0-0,0-0,Athletic Club Bilbao (15)
?,(Tue) 19 Dec 2000 (W51),Real Madrid (15),3-1,2-0,Rayo Vallecano (16)
?,(Wed) 20 Dec 2000 (W51),Athletic Club Bilbao (16),1-1,1-0,Valencia CF (16)
?,(Wed) 20 Dec 2000 (W51),FC Barcelona (16),3-2,1-0,Deportivo Alavés (16)
?,(Wed) 20 Dec 2000 (W51),RCD La Coruña (16),3-0,1-0,Real Oviedo (16)
?,(Wed) 20 Dec 2000 (W51),UD Las Palmas (16),3-2,0-0,CA Osasuna (16)
?,(Wed) 20 Dec 2000 (W51),Málaga CF (16),3-0,2-0,Real Sociedad (16)
?,(Wed) 20 Dec 2000 (W51),RCD Mallorca (16),3-2,1-2,RCD Espanyol (16)
?,(Wed) 20 Dec 2000 (W51),CD Numancia (16),4-2,2-1,RC Celta Vigo (16)
?,(Wed) 20 Dec 2000 (W51),Real Racing Santander (16),2-2,2-1,Real Valladolid CF (16)
?,(Wed) 20 Dec 2000 (W51),Villarreal CF (16),1-1,1-0,Real Zaragoza (15)
?,(Sat) 6 Jan 2001 (W1),Málaga CF (17),2-1,2-0,Athletic Club Bilbao (17)
?,(Sun) 7 Jan 2001 (W1),Deportivo Alavés (17),1-3,1-1,Real Madrid (16)
?,(Sun) 7 Jan 2001 (W1),RC Celta Vigo (17),0-1,0-1,UD Las Palmas (17)
?,(Sun) 7 Jan 2001 (W1),RCD Espanyol (17),2-0,2-0,CD Numancia (17)
?,(Sun) 7 Jan 2001 (W1),CA Osasuna (17),1-0,1-0,Villarreal CF (17)
?,(Sun) 7 Jan 2001 (W1),Real Oviedo (17),2-3,0-2,FC Barcelona (17)
?,(Sun) 7 Jan 2001 (W1),Real Sociedad (17),1-1,1-0,Real Zaragoza (16)
?,(Sun) 7 Jan 2001 (W1),Rayo Vallecano (17),2-2,2-1,RCD Mallorca (17)
?,(Sun) 7 Jan 2001 (W1),Valencia CF (17),1-0,1-0,Real Racing Santander (17)
?,(Sun) 7 Jan 2001 (W1),Real Valladolid CF (17),3-1,0-0,RCD La Coruña (17)
?,(Sat) 13 Jan 2001 (W2),FC Barcelona (18),3-1,0-0,Real Valladolid CF (18)
?,(Sat) 13 Jan 2001 (W2),RCD La Coruña (18),2-0,0-0,Valencia CF (18)
?,(Sun) 14 Jan 2001 (W2),UD Las Palmas (18),1-0,1-0,RCD Espanyol (18)
?,(Sun) 14 Jan 2001 (W2),RCD Mallorca (18),4-3,1-0,Deportivo Alavés (18)
?,(Sun) 14 Jan 2001 (W2),CD Numancia (18),0-2,0-1,Rayo Vallecano (18)
?,(Sun) 14 Jan 2001 (W2),Real Madrid (17),4-0,1-0,Real Oviedo (18)
?,(Sun) 14 Jan 2001 (W2),Real Sociedad (18),0-2,0-1,Athletic Club Bilbao (18)
?,(Sun) 14 Jan 2001 (W2),Real Racing Santander (18),0-1,0-1,Málaga CF (18)
?,(Sun) 14 Jan 2001 (W2),Villarreal CF (18),2-0,1-0,RC Celta Vigo (18)
?,(Sun) 14 Jan 2001 (W2),Real Zaragoza (17),4-2,3-2,CA Osasuna (18)
?,(Sat) 20 Jan 2001 (W3),Valencia CF (19),0-1,0-1,FC Barcelona (19)
?,(Sun) 21 Jan 2001 (W3),Deportivo Alavés (19),0-2,0-1,CD Numancia (19)
?,(Sun) 21 Jan 2001 (W3),Athletic Club Bilbao (19),3-1,1-0,Real Racing Santander (19)
?,(Sun) 21 Jan 2001 (W3),RC Celta Vigo (19),1-1,1-1,Real Zaragoza (18)
?,(Sun) 21 Jan 2001 (W3),RCD Espanyol (19),2-1,1-0,Villarreal CF (19)
?,(Sun) 21 Jan 2001 (W3),Málaga CF (19),1-3,1-1,RCD La Coruña (19)
?,(Sun) 21 Jan 2001 (W3),CA Osasuna (19),1-1,0-0,Real Sociedad (19)
?,(Sun) 21 Jan 2001 (W3),Real Oviedo (19),1-1,0-1,RCD Mallorca (19)
?,(Sun) 21 Jan 2001 (W3),Rayo Vallecano (19),1-1,1-1,UD Las Palmas (19)
?,(Sun) 21 Jan 2001 (W3),Real Valladolid CF (19),2-2,1-1,Real Madrid (18)
?,(Wed) 24 Jan 2001 (W4),Real Madrid (19),3-0,0-0,Real Zaragoza (19)
?,(Sat) 27 Jan 2001 (W4),Athletic Club Bilbao (20),2-2,1-2,RCD La Coruña (20)
?,(Sat) 27 Jan 2001 (W4),RCD Espanyol (20),5-0,3-0,Real Zaragoza (20)
?,(Sat) 27 Jan 2001 (W4),Málaga CF (20),0-0,0-0,FC Barcelona (20)
?,(Sun) 28 Jan 2001 (W4),Deportivo Alavés (20),1-0,0-0,UD Las Palmas (20)
?,(Sun) 28 Jan 2001 (W4),RC Celta Vigo (20),1-0,0-0,CA Osasuna (20)
?,(Sun) 28 Jan 2001 (W4),Real Oviedo (20),3-0,1-0,CD Numancia (20)
?,(Sun) 28 Jan 2001 (W4),Rayo Vallecano (20),0-1,0-0,Villarreal CF (20)
?,(Sun) 28 Jan 2001 (W4),Real Racing Santander (20),1-4,1-2,Real Sociedad (20)
?,(Sun) 28 Jan 2001 (W4),Valencia CF (20),0-1,0-0,Real Madrid (20)
?,(Sun) 28 Jan 2001 (W4),Real Valladolid CF (20),2-0,2-0,RCD Mallorca (20)
?,(Sat) 3 Feb 2001 (W5),FC Barcelona (21),7-0,6-0,Athletic Club Bilbao (21)
?,(Sun) 4 Feb 2001 (W5),RCD La Coruña (21),2-1,2-1,Real Racing Santander (21)
?,(Sun) 4 Feb 2001 (W5),UD Las Palmas (21),1-0,0-0,Real Oviedo (21)
?,(Sun) 4 Feb 2001 (W5),RCD Mallorca (21),2-2,1-0,Valencia CF (21)
?,(Sun) 4 Feb 2001 (W5),CD Numancia (21),0-0,0-0,Real Valladolid CF (21)
?,(Sun) 4 Feb 2001 (W5),CA Osasuna (21),1-3,0-3,RCD Espanyol (21)
?,(Sun) 4 Feb 2001 (W5),Real Madrid (21),4-3,3-2,Málaga CF (21)
?,(Sun) 4 Feb 2001 (W5),Real Sociedad (21),2-2,1-0,RC Celta Vigo (21)
?,(Sun) 4 Feb 2001 (W5),Villarreal CF (21),2-0,1-0,Deportivo Alavés (21)
?,(Sun) 4 Feb 2001 (W5),Real Zaragoza (21),6-1,2-0,Rayo Vallecano (21)
?,(Sat) 10 Feb 2001 (W6),Athletic Club Bilbao (22),1-0,1-0,Real Madrid (22)
?,(Sat) 10 Feb 2001 (W6),RCD La Coruña (22),4-1,3-0,Real Sociedad (22)
?,(Sat) 10 Feb 2001 (W6),RCD Espanyol (22),0-1,0-0,RC Celta Vigo (22)
?,(Sat) 10 Feb 2001 (W6),Rayo Vallecano (22),2-1,1-0,CA Osasuna (22)
?,(Sat) 10 Feb 2001 (W6),Valencia CF (22),3-0,2-0,CD Numancia (22)
?,(Sun) 11 Feb 2001 (W6),Deportivo Alavés (22),1-0,1-0,Real Zaragoza (22)
?,(Sun) 11 Feb 2001 (W6),Málaga CF (22),0-1,0-1,RCD Mallorca (22)
?,(Sun) 11 Feb 2001 (W6),Real Oviedo (22),1-3,1-0,Villarreal CF (22)
?,(Sun) 11 Feb 2001 (W6),Real Racing Santander (22),4-0,1-0,FC Barcelona (22)
?,(Sun) 11 Feb 2001 (W6),Real Valladolid CF (22),1-0,0-0,UD Las Palmas (22)
?,(Sat) 17 Feb 2001 (W7),FC Barcelona (23),2-3,2-1,RCD La Coruña (23)
?,(Sat) 17 Feb 2001 (W7),UD Las Palmas (23),0-2,0-1,Valencia CF (23)
?,(Sat) 17 Feb 2001 (W7),Real Madrid (23),1-0,0-0,Real Racing Santander (23)
?,(Sun) 18 Feb 2001 (W7),RC Celta Vigo (23),1-1,1-1,Rayo Vallecano (23)
?,(Sun) 18 Feb 2001 (W7),RCD Mallorca (23),1-0,1-0,Athletic Club Bilbao (23)
?,(Sun) 18 Feb 2001 (W7),CD Numancia (23),3-2,1-0,Málaga CF (23)
?,(Sun) 18 Feb 2001 (W7),CA Osasuna (23),0-1,0-0,Deportivo Alavés (23)
?,(Sun) 18 Feb 2001 (W7),Real Sociedad (23),2-1,1-1,RCD Espanyol (23)
?,(Sun) 18 Feb 2001 (W7),Villarreal CF (23),2-1,1-0,Real Valladolid CF (23)
?,(Sun) 18 Feb 2001 (W7),Real Zaragoza (23),5-2,4-1,Real Oviedo (23)
?,(Sat) 24 Feb 2001 (W8),RCD La Coruña (24),2-2,0-2,Real Madrid (24)
?,(Sun) 25 Feb 2001 (W8),Deportivo Alavés (24),2-2,1-0,RC Celta Vigo (24)
?,(Sun) 25 Feb 2001 (W8),Athletic Club Bilbao (24),3-1,1-0,CD Numancia (24)
?,(Sun) 25 Feb 2001 (W8),FC Barcelona (24),3-0,1-0,Real Sociedad (24)
?,(Sun) 25 Feb 2001 (W8),Málaga CF (24),2-1,0-1,UD Las Palmas (24)
?,(Sun) 25 Feb 2001 (W8),Real Oviedo (24),2-3,2-0,CA Osasuna (24)
?,(Sun) 25 Feb 2001 (W8),Rayo Vallecano (24),1-1,0-1,RCD Espanyol (24)
?,(Sun) 25 Feb 2001 (W8),Real Racing Santander (24),2-1,2-1,RCD Mallorca (24)
?,(Sun) 25 Feb 2001 (W8),Valencia CF (24),3-1,1-1,Villarreal CF (24)
?,(Sun) 25 Feb 2001 (W8),Real Valladolid CF (24),2-0,1-0,Real Zaragoza (24)
?,(Sat) 3 Mar 2001 (W9),RCD Mallorca (25),2-1,1-0,RCD La Coruña (25)
?,(Sat) 3 Mar 2001 (W9),Real Madrid (25),2-2,2-1,FC Barcelona (25)
?,(Sat) 3 Mar 2001 (W9),Real Sociedad (25),2-0,1-0,Rayo Vallecano (25)
?,(Sat) 3 Mar 2001 (W9),Real Zaragoza (25),1-1,1-0,Valencia CF (25)
?,(Sun) 4 Mar 2001 (W9),RC Celta Vigo (25),1-0,0-0,Real Oviedo (25)
?,(Sun) 4 Mar 2001 (W9),RCD Espanyol (25),0-0,0-0,Deportivo Alavés (25)
?,(Sun) 4 Mar 2001 (W9),UD Las Palmas (25),0-0,0-0,Athletic Club Bilbao (25)
?,(Sun) 4 Mar 2001 (W9),CD Numancia (25),1-0,1-0,Real Racing Santander (25)
?,(Sun) 4 Mar 2001 (W9),CA Osasuna (25),2-1,0-0,Real Valladolid CF (25)
?,(Sun) 4 Mar 2001 (W9),Villarreal CF (25),1-2,0-1,Málaga CF (25)
?,(Sat) 10 Mar 2001 (W10),Athletic Club Bilbao (26),1-1,0-1,Villarreal CF (26)
?,(Sat) 10 Mar 2001 (W10),RCD La Coruña (26),4-1,0-0,CD Numancia (26)
?,(Sat) 10 Mar 2001 (W10),Valencia CF (26),1-0,0-0,CA Osasuna (26)
?,(Sun) 11 Mar 2001 (W10),Deportivo Alavés (26),4-2,1-1,Rayo Vallecano (26)
?,(Sun) 11 Mar 2001 (W10),FC Barcelona (26),1-1,0-0,RCD Mallorca (26)
?,(Sun) 11 Mar 2001 (W10),Málaga CF (26),2-0,1-0,Real Zaragoza (26)
?,(Sun) 11 Mar 2001 (W10),Real Oviedo (26),2-2,1-0,RCD Espanyol (26)
?,(Sun) 11 Mar 2001 (W10),Real Madrid (26),4-0,2-0,Real Sociedad (26)
?,(Sun) 11 Mar 2001 (W10),Real Racing Santander (26),2-1,0-0,UD Las Palmas (26)
?,(Sun) 11 Mar 2001 (W10),Real Valladolid CF (26),1-2,1-0,RC Celta Vigo (26)
?,(Sat) 17 Mar 2001 (W11),UD Las Palmas (27),2-0,2-0,RCD La Coruña (27)
?,(Sun) 18 Mar 2001 (W11),RC Celta Vigo (27),3-2,0-1,Valencia CF (27)
?,(Sun) 18 Mar 2001 (W11),RCD Espanyol (27),1-0,0-0,Real Valladolid CF (27)
?,(Sun) 18 Mar 2001 (W11),RCD Mallorca (27),1-0,0-0,Real Madrid (27)
?,(Sun) 18 Mar 2001 (W11),CD Numancia (27),1-1,0-1,FC Barcelona (27)
?,(Sun) 18 Mar 2001 (W11),CA Osasuna (27),3-3,1-2,Málaga CF (27)
?,(Sun) 18 Mar 2001 (W11),Real Sociedad (27),1-1,1-0,Deportivo Alavés (27)
?,(Sun) 18 Mar 2001 (W11),Rayo Vallecano (27),0-2,0-1,Real Oviedo (27)
?,(Sun) 18 Mar 2001 (W11),Villarreal CF (27),4-2,2-0,Real Racing Santander (27)
?,(Sun) 18 Mar 2001 (W11),Real Zaragoza (27),2-2,2-1,Athletic Club Bilbao (27)
?,(Sat) 31 Mar 2001 (W13),RCD La Coruña (28),4-2,2-0,Villarreal CF (28)
?,(Sat) 31 Mar 2001 (W13),Málaga CF (28),1-4,1-2,RC Celta Vigo (28)
?,(Sat) 31 Mar 2001 (W13),Real Madrid (28),1-0,1-0,CD Numancia (28)
?,(Sat) 31 Mar 2001 (W13),Valencia CF (28),0-1,0-0,RCD Espanyol (28)
?,(Sun) 1 Apr 2001 (W13),Athletic Club Bilbao (28),0-1,0-0,CA Osasuna (28)
?,(Sun) 1 Apr 2001 (W13),FC Barcelona (28),4-1,2-1,UD Las Palmas (28)
?,(Sun) 1 Apr 2001 (W13),RCD Mallorca (28),1-1,1-0,Real Sociedad (28)
?,(Sun) 1 Apr 2001 (W13),Real Oviedo (28),3-3,2-1,Deportivo Alavés (28)
?,(Sun) 1 Apr 2001 (W13),Real Racing Santander (28),2-1,1-1,Real Zaragoza (28)
?,(Sun) 1 Apr 2001 (W13),Real Valladolid CF (28),1-3,1-1,Rayo Vallecano (28)
?,(Sat) 7 Apr 2001 (W14),Rayo Vallecano (29),1-4,0-1,Valencia CF (29)
?,(Sun) 8 Apr 2001 (W14),Deportivo Alavés (29),4-2,2-0,Real Valladolid CF (29)
?,(Sun) 8 Apr 2001 (W14),RC Celta Vigo (29),2-1,1-0,Athletic Club Bilbao (29)
?,(Sun) 8 Apr 2001 (W14),RCD Espanyol (29),1-2,1-0,Málaga CF (29)
?,(Sun) 8 Apr 2001 (W14),UD Las Palmas (29),0-1,0-0,Real Madrid (29)
?,(Sun) 8 Apr 2001 (W14),CD Numancia (29),0-2,0-0,RCD Mallorca (29)
?,(Sun) 8 Apr 2001 (W14),CA Osasuna (29),1-1,1-1,Real Racing Santander (29)
?,(Sun) 8 Apr 2001 (W14),Real Sociedad (29),3-0,0-0,Real Oviedo (29)
?,(Sun) 8 Apr 2001 (W14),Villarreal CF (29),4-4,3-1,FC Barcelona (29)
?,(Sun) 8 Apr 2001 (W14),Real Zaragoza (29),2-1,1-0,RCD La Coruña (29)
?,(Sat) 14 Apr 2001 (W15),FC Barcelona (30),4-4,0-2,Real Zaragoza (30)
?,(Sat) 14 Apr 2001 (W15),RCD La Coruña (30),2-1,0-1,CA Osasuna (30)
?,(Sat) 14 Apr 2001 (W15),Real Madrid (30),4-0,1-0,Villarreal CF (30)
?,(Sat) 14 Apr 2001 (W15),Valencia CF (30),1-2,1-1,Deportivo Alavés (30)
?,(Sun) 15 Apr 2001 (W15),Athletic Club Bilbao (30),0-1,0-1,RCD Espanyol (30)
?,(Sun) 15 Apr 2001 (W15),Málaga CF (30),1-1,1-1,Rayo Vallecano (30)
?,(Sun) 15 Apr 2001 (W15),RCD Mallorca (30),2-1,1-1,UD Las Palmas (30)
?,(Sun) 15 Apr 2001 (W15),CD Numancia (30),3-3,1-1,Real Sociedad (30)
?,(Sun) 15 Apr 2001 (W15),Real Racing Santander (30),3-0,2-0,RC Celta Vigo (30)
?,(Sun) 15 Apr 2001 (W15),Real Valladolid CF (30),1-0,0-0,Real Oviedo (30)
?,(Sat) 21 Apr 2001 (W16),RC Celta Vigo (31),2-1,0-0,RCD La Coruña (31)
?,(Sun) 22 Apr 2001 (W16),Deportivo Alavés (31),1-2,0-1,Málaga CF (31)
?,(Sun) 22 Apr 2001 (W16),RCD Espanyol (31),3-0,1-0,Real Racing Santander (31)
?,(Sun) 22 Apr 2001 (W16),UD Las Palmas (31),1-1,0-1,CD Numancia (31)
?,(Sun) 22 Apr 2001 (W16),CA Osasuna (31),3-1,2-1,FC Barcelona (31)
?,(Sun) 22 Apr 2001 (W16),Real Oviedo (31),0-0,0-0,Valencia CF (31)
?,(Sun) 22 Apr 2001 (W16),Real Sociedad (31),3-1,2-0,Real Valladolid CF (31)
?,(Sun) 22 Apr 2001 (W16),Rayo Vallecano (31),1-2,0-1,Athletic Club Bilbao (31)
?,(Sun) 22 Apr 2001 (W16),Villarreal CF (31),2-2,2-0,RCD Mallorca (31)
?,(Sun) 22 Apr 2001 (W16),Real Zaragoza (31),2-3,1-2,Real Madrid (31)
?,(Sat) 28 Apr 2001 (W17),Real Madrid (32),1-1,0-1,CA Osasuna (32)
?,(Sat) 28 Apr 2001 (W17),Valencia CF (32),1-0,0-0,Real Valladolid CF (32)
?,(Sun) 29 Apr 2001 (W17),Athletic Club Bilbao (32),2-0,0-0,Deportivo Alavés (32)
?,(Sun) 29 Apr 2001 (W17),FC Barcelona (32),1-1,1-1,RC Celta Vigo (32)
?,(Sun) 29 Apr 2001 (W17),RCD La Coruña (32),1-0,1-0,RCD Espanyol (32)
?,(Sun) 29 Apr 2001 (W17),UD Las Palmas (32),2-1,1-0,Real Sociedad (32)
?,(Sun) 29 Apr 2001 (W17),Málaga CF (32),2-2,1-1,Real Oviedo (32)
?,(Sun) 29 Apr 2001 (W17),RCD Mallorca (32),2-1,2-0,Real Zaragoza (32)
?,(Sun) 29 Apr 2001 (W17),CD Numancia (32),1-3,0-0,Villarreal CF (32)
?,(Sun) 29 Apr 2001 (W17),Real Racing Santander (32),1-1,1-1,Rayo Vallecano (32)
?,(Sat) 5 May 2001 (W18),RC Celta Vigo (33),3-0,2-0,Real Madrid (33)
?,(Sat) 5 May 2001 (W18),RCD Espanyol (33),0-0,0-0,FC Barcelona (33)
?,(Sat) 5 May 2001 (W18),Real Sociedad (33),1-2,0-0,Valencia CF (33)
?,(Sun) 6 May 2001 (W18),Deportivo Alavés (33),5-1,2-0,Real Racing Santander (33)
?,(Sun) 6 May 2001 (W18),CA Osasuna (33),1-0,0-0,RCD Mallorca (33)
?,(Sun) 6 May 2001 (W18),Real Oviedo (33),5-0,3-0,Athletic Club Bilbao (33)
?,(Sun) 6 May 2001 (W18),Rayo Vallecano (33),1-1,0-0,RCD La Coruña (33)
?,(Sun) 6 May 2001 (W18),Real Valladolid CF (33),0-0,0-0,Málaga CF (33)
?,(Sun) 6 May 2001 (W18),Villarreal CF (33),2-1,1-0,UD Las Palmas (33)
?,(Sun) 6 May 2001 (W18),Real Zaragoza (33),3-1,2-0,CD Numancia (33)
?,(Fri) 11 May 2001 (W19),RCD La Coruña (34),2-1,1-1,Deportivo Alavés (34)
?,(Sat) 12 May 2001 (W19),Villarreal CF (34),1-3,1-1,Real Sociedad (34)
?,(Sun) 13 May 2001 (W19),Athletic Club Bilbao (34),1-1,1-1,Real Valladolid CF (34)
?,(Sun) 13 May 2001 (W19),FC Barcelona (34),5-1,1-1,Rayo Vallecano (34)
?,(Sun) 13 May 2001 (W19),UD Las Palmas (34),2-1,0-1,Real Zaragoza (34)
?,(Sun) 13 May 2001 (W19),Málaga CF (34),3-0,2-0,Valencia CF (34)
?,(Sun) 13 May 2001 (W19),RCD Mallorca (34),2-0,0-0,RC Celta Vigo (34)
?,(Sun) 13 May 2001 (W19),CD Numancia (34),1-0,1-0,CA Osasuna (34)
?,(Sun) 13 May 2001 (W19),Real Madrid (34),2-2,1-0,RCD Espanyol (34)
?,(Sun) 13 May 2001 (W19),Real Racing Santander (34),2-0,1-0,Real Oviedo (34)
?,(Fri) 18 May 2001 (W20),Valencia CF (35),1-0,0-0,Athletic Club Bilbao (35)
?,(Sat) 19 May 2001 (W20),Deportivo Alavés (35),0-1,0-1,FC Barcelona (35)
?,(Sun) 20 May 2001 (W20),RC Celta Vigo (35),1-1,0-0,CD Numancia (35)
?,(Sun) 20 May 2001 (W20),RCD Espanyol (35),0-1,0-1,RCD Mallorca (35)
?,(Sun) 20 May 2001 (W20),CA Osasuna (35),3-3,1-1,UD Las Palmas (35)
?,(Sun) 20 May 2001 (W20),Real Oviedo (35),2-3,0-2,RCD La Coruña (35)
?,(Sun) 20 May 2001 (W20),Real Sociedad (35),4-0,2-0,Málaga CF (35)
?,(Sun) 20 May 2001 (W20),Rayo Vallecano (35),0-1,0-1,Real Madrid (35)
?,(Sun) 20 May 2001 (W20),Real Valladolid CF (35),1-1,1-0,Real Racing Santander (35)
?,(Sun) 20 May 2001 (W20),Real Zaragoza (35),0-0,0-0,Villarreal CF (35)
?,(Sat) 26 May 2001 (W21),UD Las Palmas (36),0-1,0-0,RC Celta Vigo (36)
?,(Sat) 26 May 2001 (W21),Real Madrid (36),5-0,2-0,Deportivo Alavés (36)
?,(Sun) 27 May 2001 (W21),Athletic Club Bilbao (36),1-3,0-1,Málaga CF (36)
?,(Sun) 27 May 2001 (W21),FC Barcelona (36),0-1,0-0,Real Oviedo (36)
?,(Sun) 27 May 2001 (W21),RCD La Coruña (36),1-2,0-1,Real Valladolid CF (36)
?,(Sun) 27 May 2001 (W21),RCD Mallorca (36),4-0,3-0,Rayo Vallecano (36)
?,(Sun) 27 May 2001 (W21),CD Numancia (36),2-1,1-1,RCD Espanyol (36)
?,(Sun) 27 May 2001 (W21),Real Racing Santander (36),1-1,0-0,Valencia CF (36)
?,(Sun) 27 May 2001 (W21),Villarreal CF (36),2-0,1-0,CA Osasuna (36)
?,(Sun) 27 May 2001 (W21),Real Zaragoza (36),1-1,1-1,Real Sociedad (36)
?,(Sun) 10 Jun 2001 (W23),Deportivo Alavés (37),2-4,1-1,RCD Mallorca (37)
?,(Sun) 10 Jun 2001 (W23),Athletic Club Bilbao (37),1-3,0-2,Real Sociedad (37)
?,(Sun) 10 Jun 2001 (W23),RC Celta Vigo (37),1-0,0-0,Villarreal CF (37)
?,(Sun) 10 Jun 2001 (W23),RCD Espanyol (37),3-2,3-1,UD Las Palmas (37)
?,(Sun) 10 Jun 2001 (W23),Málaga CF (37),2-1,1-0,Real Racing Santander (37)
?,(Sun) 10 Jun 2001 (W23),CA Osasuna (37),1-0,0-0,Real Zaragoza (37)
?,(Sun) 10 Jun 2001 (W23),Real Oviedo (37),1-1,1-1,Real Madrid (37)
?,(Sun) 10 Jun 2001 (W23),Rayo Vallecano (37),2-1,1-1,CD Numancia (37)
?,(Sun) 10 Jun 2001 (W23),Valencia CF (37),0-1,0-0,RCD La Coruña (37)
?,(Sun) 10 Jun 2001 (W23),Real Valladolid CF (37),2-2,0-1,FC Barcelona (37)
?,(Sat) 16 Jun 2001 (W24),UD Las Palmas (38),1-0,1-0,Rayo Vallecano (38)
?,(Sat) 16 Jun 2001 (W24),CD Numancia (38),2-1,1-0,Deportivo Alavés (38)
?,(Sat) 16 Jun 2001 (W24),Real Racing Santander (38),3-0,0-0,Athletic Club Bilbao (38)
?,(Sat) 16 Jun 2001 (W24),Villarreal CF (38),4-0,2-0,RCD Espanyol (38)
?,(Sun) 17 Jun 2001 (W24),FC Barcelona (38),3-2,2-1,Valencia CF (38)
?,(Sun) 17 Jun 2001 (W24),RCD La Coruña (38),4-0,1-0,Málaga CF (38)
?,(Sun) 17 Jun 2001 (W24),RCD Mallorca (38),4-2,1-0,Real Oviedo (38)
?,(Sun) 17 Jun 2001 (W24),Real Madrid (38),2-1,1-0,Real Valladolid CF (38)
?,(Sun) 17 Jun 2001 (W24),Real Sociedad (38),0-1,0-1,CA Osasuna (38)
?,(Sun) 17 Jun 2001 (W24),Real Zaragoza (38),1-1,0-0,RC Celta Vigo (38)
