Round,Date,Team 1,FT,HT,Team 2
?,(Sat) 2 Sep 1972 (35),Real Sporting (1),1-0,?,Real Betis (1)
?,(Sat) 2 Sep 1972 (35),Granada CF (1),0-0,?,Real Zaragoza (1)
?,(Sat) 2 Sep 1972 (35),UD Las Palmas (1),2-1,?,Real Oviedo (1)
?,(Sat) 2 Sep 1972 (35),Málaga CF (1),0-0,?,Athletic Club Bilbao (1)
?,(Sun) 3 Sep 1972 (35),Atlético Madrid (1),1-3,?,Valencia CF (1)
?,(Sun) 3 Sep 1972 (35),FC Barcelona (1),3-1,?,RCD La Coruña (1)
?,(Sun) 3 Sep 1972 (35),Burgos CF (1),1-0,?,Real Sociedad (1)
?,(Sun) 3 Sep 1972 (35),CD Castellón (1),2-3,?,Real Madrid CF (1)
?,(Sun) 3 Sep 1972 (35),RC Celta Vigo (1),1-1,?,RCD Español (1)
?,(Sat) 9 Sep 1972 (36),Athletic Club Bilbao (2),1-1,?,RC Celta Vigo (2)
?,(Sat) 9 Sep 1972 (36),Real Betis (2),0-2,?,UD Las Palmas (2)
?,(Sat) 9 Sep 1972 (36),Real Madrid CF (2),1-0,?,Real Sporting (2)
?,(Sat) 9 Sep 1972 (36),Valencia CF (2),0-1,?,FC Barcelona (2)
?,(Sun) 10 Sep 1972 (36),RCD La Coruña (2),0-0,?,Granada CF (2)
?,(Sun) 10 Sep 1972 (36),RCD Español (2),1-0,?,CD Castellón (2)
?,(Sun) 10 Sep 1972 (36),Real Sociedad (2),1-1,?,Málaga CF (2)
?,(Sun) 10 Sep 1972 (36),Real Oviedo (2),0-2,?,Atlético Madrid (2)
?,(Sun) 10 Sep 1972 (36),Real Zaragoza (2),2-0,?,Burgos CF (2)
?,(Sat) 16 Sep 1972 (37),FC Barcelona (3),3-1,?,Real Oviedo (3)
?,(Sat) 16 Sep 1972 (37),Real Sporting (3),0-0,?,RCD Español (3)
?,(Sun) 17 Sep 1972 (37),Atlético Madrid (3),2-1,?,Real Betis (3)
?,(Sun) 17 Sep 1972 (37),Burgos CF (3),2-2,?,Málaga CF (3)
?,(Sun) 17 Sep 1972 (37),CD Castellón (3),1-4,?,Athletic Club Bilbao (3)
?,(Sun) 17 Sep 1972 (37),RC Celta Vigo (3),0-1,?,Real Sociedad (3)
?,(Sun) 17 Sep 1972 (37),Granada CF (3),1-1,?,Valencia CF (3)
?,(Sun) 17 Sep 1972 (37),UD Las Palmas (3),1-1,?,Real Madrid CF (3)
?,(Sun) 17 Sep 1972 (37),Real Zaragoza (3),5-0,?,RCD La Coruña (3)
?,(Sat) 23 Sep 1972 (38),Athletic Club Bilbao (4),2-0,?,Real Sporting (4)
?,(Sat) 23 Sep 1972 (38),RCD Español (4),4-0,?,UD Las Palmas (4)
?,(Sat) 23 Sep 1972 (38),Real Madrid CF (4),0-1,?,Atlético Madrid (4)
?,(Sat) 23 Sep 1972 (38),Valencia CF (4),0-0,?,Real Zaragoza (4)
?,(Sun) 24 Sep 1972 (38),Real Betis (4),0-2,?,FC Barcelona (4)
?,(Sun) 24 Sep 1972 (38),RCD La Coruña (4),2-1,?,Burgos CF (4)
?,(Sun) 24 Sep 1972 (38),Málaga CF (4),1-0,?,RC Celta Vigo (4)
?,(Sun) 24 Sep 1972 (38),Real Sociedad (4),0-0,?,CD Castellón (4)
?,(Sun) 24 Sep 1972 (38),Real Oviedo (4),3-0,?,Granada CF (4)
?,(Sun) 1 Oct 1972 (39),Atlético Madrid (5),0-0,?,RCD Español (5)
?,(Sun) 1 Oct 1972 (39),FC Barcelona (5),1-0,?,Real Madrid CF (5)
?,(Sun) 1 Oct 1972 (39),Burgos CF (5),0-0,?,RC Celta Vigo (5)
?,(Sun) 1 Oct 1972 (39),CD Castellón (5),1-0,?,Málaga CF (5)
?,(Sun) 1 Oct 1972 (39),RCD La Coruña (5),1-1,?,Valencia CF (5)
?,(Sun) 1 Oct 1972 (39),Real Sporting (5),3-0,?,Real Sociedad (5)
?,(Sun) 1 Oct 1972 (39),Granada CF (5),0-0,?,Real Betis (5)
?,(Sun) 1 Oct 1972 (39),UD Las Palmas (5),1-0,?,Athletic Club Bilbao (5)
?,(Sun) 1 Oct 1972 (39),Real Zaragoza (5),3-0,?,Real Oviedo (5)
?,(Sat) 7 Oct 1972 (40),Athletic Club Bilbao (6),1-0,?,Atlético Madrid (6)
?,(Sat) 7 Oct 1972 (40),RC Celta Vigo (6),2-0,?,CD Castellón (6)
?,(Sat) 7 Oct 1972 (40),RCD Español (6),1-1,?,FC Barcelona (6)
?,(Sat) 7 Oct 1972 (40),Málaga CF (6),1-0,?,Real Sporting (6)
?,(Sat) 7 Oct 1972 (40),Real Sociedad (6),1-0,?,UD Las Palmas (6)
?,(Sat) 7 Oct 1972 (40),Real Madrid CF (6),2-1,?,Granada CF (6)
?,(Sat) 7 Oct 1972 (40),Valencia CF (6),3-0,?,Burgos CF (6)
?,(Sun) 8 Oct 1972 (40),Real Betis (6),1-1,?,Real Zaragoza (6)
?,(Sun) 8 Oct 1972 (40),Real Oviedo (6),0-0,?,RCD La Coruña (6)
?,(Sat) 21 Oct 1972 (42),Atlético Madrid (7),2-1,?,Real Sociedad (7)
?,(Sat) 21 Oct 1972 (42),UD Las Palmas (7),1-3,?,Málaga CF (7)
?,(Sun) 22 Oct 1972 (42),FC Barcelona (7),1-0,?,Athletic Club Bilbao (7)
?,(Sun) 22 Oct 1972 (42),Burgos CF (7),2-1,?,CD Castellón (7)
?,(Sun) 22 Oct 1972 (42),RCD La Coruña (7),2-0,?,Real Betis (7)
?,(Sun) 22 Oct 1972 (42),Real Sporting (7),3-1,?,RC Celta Vigo (7)
?,(Sun) 22 Oct 1972 (42),Granada CF (7),2-2,?,RCD Español (7)
?,(Sun) 22 Oct 1972 (42),Valencia CF (7),2-2,?,Real Oviedo (7)
?,(Sun) 22 Oct 1972 (42),Real Zaragoza (7),0-0,?,Real Madrid CF (7)
?,(Sun) 29 Oct 1972 (43),Athletic Club Bilbao (8),0-1,?,Granada CF (8)
?,(Sun) 29 Oct 1972 (43),Real Betis (8),0-0,?,Valencia CF (8)
?,(Sun) 29 Oct 1972 (43),CD Castellón (8),1-0,?,Real Sporting (8)
?,(Sun) 29 Oct 1972 (43),RC Celta Vigo (8),3-1,?,UD Las Palmas (8)
?,(Sun) 29 Oct 1972 (43),RCD Español (8),3-1,?,Real Zaragoza (8)
?,(Sun) 29 Oct 1972 (43),Málaga CF (8),0-1,?,Atlético Madrid (8)
?,(Sun) 29 Oct 1972 (43),Real Sociedad (8),2-0,?,FC Barcelona (8)
?,(Sun) 29 Oct 1972 (43),Real Madrid CF (8),0-0,?,RCD La Coruña (8)
?,(Sun) 29 Oct 1972 (43),Real Oviedo (8),1-0,?,Burgos CF (8)
?,(Sat) 4 Nov 1972 (44),Atlético Madrid (9),5-1,?,RC Celta Vigo (9)
?,(Sat) 4 Nov 1972 (44),UD Las Palmas (9),0-1,?,CD Castellón (9)
?,(Sun) 5 Nov 1972 (44),FC Barcelona (9),0-0,?,Málaga CF (9)
?,(Sun) 5 Nov 1972 (44),Burgos CF (9),2-1,?,Real Sporting (9)
?,(Sun) 5 Nov 1972 (44),RCD La Coruña (9),0-0,?,RCD Español (9)
?,(Sun) 5 Nov 1972 (44),Granada CF (9),2-0,?,Real Sociedad (9)
?,(Sun) 5 Nov 1972 (44),Real Oviedo (9),0-0,?,Real Betis (9)
?,(Sun) 5 Nov 1972 (44),Valencia CF (9),0-1,?,Real Madrid CF (9)
?,(Sun) 5 Nov 1972 (44),Real Zaragoza (9),3-2,?,Athletic Club Bilbao (9)
?,(Sun) 12 Nov 1972 (45),Athletic Club Bilbao (10),3-0,?,RCD La Coruña (10)
?,(Sun) 12 Nov 1972 (45),Real Betis (10),5-1,?,Burgos CF (10)
?,(Sun) 12 Nov 1972 (45),CD Castellón (10),1-1,?,Atlético Madrid (10)
?,(Sun) 12 Nov 1972 (45),RC Celta Vigo (10),0-0,?,FC Barcelona (10)
?,(Sun) 12 Nov 1972 (45),RCD Español (10),3-0,?,Valencia CF (10)
?,(Sun) 12 Nov 1972 (45),Real Sporting (10),2-2,?,UD Las Palmas (10)
?,(Sun) 12 Nov 1972 (45),Málaga CF (10),3-0,?,Granada CF (10)
?,(Sun) 12 Nov 1972 (45),Real Sociedad (10),3-0,?,Real Zaragoza (10)
?,(Sun) 12 Nov 1972 (45),Real Madrid CF (10),3-0,?,Real Oviedo (10)
?,(Sun) 19 Nov 1972 (46),Atlético Madrid (11),0-1,?,Real Sporting (11)
?,(Sun) 19 Nov 1972 (46),FC Barcelona (11),3-1,?,CD Castellón (11)
?,(Sun) 19 Nov 1972 (46),Real Betis (11),2-1,?,Real Madrid CF (11)
?,(Sun) 19 Nov 1972 (46),Burgos CF (11),3-3,?,UD Las Palmas (11)
?,(Sun) 19 Nov 1972 (46),RCD La Coruña (11),1-2,?,Real Sociedad (11)
?,(Sun) 19 Nov 1972 (46),Granada CF (11),1-0,?,RC Celta Vigo (11)
?,(Sun) 19 Nov 1972 (46),Real Oviedo (11),1-2,?,RCD Español (11)
?,(Sun) 19 Nov 1972 (46),Valencia CF (11),4-1,?,Athletic Club Bilbao (11)
?,(Sun) 19 Nov 1972 (46),Real Zaragoza (11),1-1,?,Málaga CF (11)
?,(Sat) 25 Nov 1972 (47),UD Las Palmas (12),2-2,?,Atlético Madrid (12)
?,(Sun) 26 Nov 1972 (47),Athletic Club Bilbao (12),3-3,?,Real Oviedo (12)
?,(Sun) 26 Nov 1972 (47),CD Castellón (12),0-0,?,Granada CF (12)
?,(Sun) 26 Nov 1972 (47),RC Celta Vigo (12),1-2,?,Real Zaragoza (12)
?,(Sun) 26 Nov 1972 (47),RCD Español (12),2-2,?,Real Betis (12)
?,(Sun) 26 Nov 1972 (47),Real Sporting (12),1-1,?,FC Barcelona (12)
?,(Sun) 26 Nov 1972 (47),Málaga CF (12),4-1,?,RCD La Coruña (12)
?,(Sun) 26 Nov 1972 (47),Real Sociedad (12),2-1,?,Valencia CF (12)
?,(Sun) 26 Nov 1972 (47),Real Madrid CF (12),2-0,?,Burgos CF (12)
?,(Sun) 3 Dec 1972 (48),FC Barcelona (13),3-1,?,UD Las Palmas (13)
?,(Sun) 3 Dec 1972 (48),Real Betis (13),0-0,?,Athletic Club Bilbao (13)
?,(Sun) 3 Dec 1972 (48),Burgos CF (13),0-1,?,Atlético Madrid (13)
?,(Sun) 3 Dec 1972 (48),RCD La Coruña (13),1-0,?,RC Celta Vigo (13)
?,(Sun) 3 Dec 1972 (48),Granada CF (13),1-0,?,Real Sporting (13)
?,(Sun) 3 Dec 1972 (48),Real Madrid CF (13),1-0,?,RCD Español (13)
?,(Sun) 3 Dec 1972 (48),Real Oviedo (13),1-1,?,Real Sociedad (13)
?,(Sun) 3 Dec 1972 (48),Valencia CF (13),2-1,?,Málaga CF (13)
?,(Sun) 3 Dec 1972 (48),Real Zaragoza (13),0-1,?,CD Castellón (13)
?,(Sat) 9 Dec 1972 (49),UD Las Palmas (14),1-0,?,Granada CF (14)
?,(Sun) 10 Dec 1972 (49),Athletic Club Bilbao (14),2-1,?,Real Madrid CF (14)
?,(Sun) 10 Dec 1972 (49),Atlético Madrid (14),2-0,?,FC Barcelona (14)
?,(Sun) 10 Dec 1972 (49),CD Castellón (14),2-0,?,RCD La Coruña (14)
?,(Sun) 10 Dec 1972 (49),RC Celta Vigo (14),1-0,?,Valencia CF (14)
?,(Sun) 10 Dec 1972 (49),RCD Español (14),2-0,?,Burgos CF (14)
?,(Sun) 10 Dec 1972 (49),Real Sporting (14),3-0,?,Real Zaragoza (14)
?,(Sun) 10 Dec 1972 (49),Málaga CF (14),1-1,?,Real Oviedo (14)
?,(Sun) 10 Dec 1972 (49),Real Sociedad (14),2-1,?,Real Betis (14)
?,(Sun) 17 Dec 1972 (50),Real Betis (15),0-1,?,Málaga CF (15)
?,(Sun) 17 Dec 1972 (50),Burgos CF (15),0-0,?,FC Barcelona (15)
?,(Sun) 17 Dec 1972 (50),RCD La Coruña (15),2-1,?,Real Sporting (15)
?,(Sun) 17 Dec 1972 (50),RCD Español (15),0-0,?,Athletic Club Bilbao (15)
?,(Sun) 17 Dec 1972 (50),Granada CF (15),0-1,?,Atlético Madrid (15)
?,(Sun) 17 Dec 1972 (50),Real Madrid CF (15),6-1,?,Real Sociedad (15)
?,(Sun) 17 Dec 1972 (50),Real Oviedo (15),0-0,?,RC Celta Vigo (15)
?,(Sun) 17 Dec 1972 (50),Valencia CF (15),4-2,?,CD Castellón (15)
?,(Sun) 17 Dec 1972 (50),Real Zaragoza (15),1-0,?,UD Las Palmas (15)
?,(Sat) 30 Dec 1972 (52),RC Celta Vigo (16),0-0,?,Real Betis (16)
?,(Sat) 30 Dec 1972 (52),UD Las Palmas (16),3-0,?,RCD La Coruña (16)
?,(Sat) 30 Dec 1972 (52),Real Sociedad (16),4-1,?,RCD Español (16)
?,(Sun) 31 Dec 1972 (52),Atlético Madrid (16),0-0,?,Real Zaragoza (16)
?,(Sun) 31 Dec 1972 (52),FC Barcelona (16),3-0,?,Granada CF (16)
?,(Sun) 31 Dec 1972 (52),Burgos CF (16),5-1,?,Athletic Club Bilbao (16)
?,(Sun) 31 Dec 1972 (52),CD Castellón (16),2-0,?,Real Oviedo (16)
?,(Sun) 31 Dec 1972 (52),Real Sporting (16),1-1,?,Valencia CF (16)
?,(Sun) 31 Dec 1972 (52),Málaga CF (16),1-0,?,Real Madrid CF (16)
?,(Sun) 7 Jan 1973 (1),Athletic Club Bilbao (17),2-1,?,Real Sociedad (17)
?,(Sun) 7 Jan 1973 (1),Real Betis (17),2-0,?,CD Castellón (17)
?,(Sun) 7 Jan 1973 (1),RCD La Coruña (17),1-1,?,Atlético Madrid (17)
?,(Sun) 7 Jan 1973 (1),RCD Español (17),1-0,?,Málaga CF (17)
?,(Sun) 7 Jan 1973 (1),Granada CF (17),2-0,?,Burgos CF (17)
?,(Sun) 7 Jan 1973 (1),Real Madrid CF (17),1-0,?,RC Celta Vigo (17)
?,(Sun) 7 Jan 1973 (1),Real Oviedo (17),1-0,?,Real Sporting (17)
?,(Sun) 7 Jan 1973 (1),Valencia CF (17),0-0,?,UD Las Palmas (17)
?,(Sun) 7 Jan 1973 (1),Real Zaragoza (17),0-2,?,FC Barcelona (17)
?,(Sun) 21 Jan 1973 (3),Athletic Club Bilbao (18),2-0,?,Málaga CF (18)
?,(Sun) 21 Jan 1973 (3),Real Betis (18),2-0,?,Real Sporting (18)
?,(Sun) 21 Jan 1973 (3),RCD La Coruña (18),0-1,?,FC Barcelona (18)
?,(Sun) 21 Jan 1973 (3),RCD Español (18),4-2,?,RC Celta Vigo (18)
?,(Sun) 21 Jan 1973 (3),Real Sociedad (18),5-1,?,Burgos CF (18)
?,(Sun) 21 Jan 1973 (3),Real Madrid CF (18),2-0,?,CD Castellón (18)
?,(Sun) 21 Jan 1973 (3),Real Oviedo (18),3-0,?,UD Las Palmas (18)
?,(Sun) 21 Jan 1973 (3),Valencia CF (18),1-2,?,Atlético Madrid (18)
?,(Sun) 21 Jan 1973 (3),Real Zaragoza (18),2-0,?,Granada CF (18)
?,(Sat) 27 Jan 1973 (4),UD Las Palmas (19),2-0,?,Real Betis (19)
?,(Sun) 28 Jan 1973 (4),Atlético Madrid (19),2-1,?,Real Oviedo (19)
?,(Sun) 28 Jan 1973 (4),FC Barcelona (19),0-0,?,Valencia CF (19)
?,(Sun) 28 Jan 1973 (4),Burgos CF (19),3-0,?,Real Zaragoza (19)
?,(Sun) 28 Jan 1973 (4),CD Castellón (19),2-0,?,RCD Español (19)
?,(Sun) 28 Jan 1973 (4),RC Celta Vigo (19),1-0,?,Athletic Club Bilbao (19)
?,(Sun) 28 Jan 1973 (4),Real Sporting (19),1-0,?,Real Madrid CF (19)
?,(Sun) 28 Jan 1973 (4),Granada CF (19),2-0,?,RCD La Coruña (19)
?,(Sun) 28 Jan 1973 (4),Málaga CF (19),3-0,?,Real Sociedad (19)
?,(Sun) 4 Feb 1973 (5),Athletic Club Bilbao (20),1-1,?,CD Castellón (20)
?,(Sun) 4 Feb 1973 (5),Real Betis (20),1-0,?,Atlético Madrid (20)
?,(Sun) 4 Feb 1973 (5),RCD La Coruña (20),0-0,?,Real Zaragoza (20)
?,(Sun) 4 Feb 1973 (5),RCD Español (20),3-0,?,Real Sporting (20)
?,(Sun) 4 Feb 1973 (5),Málaga CF (20),3-0,?,Burgos CF (20)
?,(Sun) 4 Feb 1973 (5),Real Sociedad (20),1-0,?,RC Celta Vigo (20)
?,(Sun) 4 Feb 1973 (5),Real Madrid CF (20),2-1,?,UD Las Palmas (20)
?,(Sun) 4 Feb 1973 (5),Real Oviedo (20),0-0,?,FC Barcelona (20)
?,(Sun) 4 Feb 1973 (5),Valencia CF (20),0-0,?,Granada CF (20)
?,(Sat) 10 Feb 1973 (6),UD Las Palmas (21),0-2,?,RCD Español (21)
?,(Sun) 11 Feb 1973 (6),Atlético Madrid (21),1-2,?,Real Madrid CF (21)
?,(Sun) 11 Feb 1973 (6),FC Barcelona (21),2-0,?,Real Betis (21)
?,(Sun) 11 Feb 1973 (6),Burgos CF (21),0-0,?,RCD La Coruña (21)
?,(Sun) 11 Feb 1973 (6),CD Castellón (21),3-0,?,Real Sociedad (21)
?,(Sun) 11 Feb 1973 (6),RC Celta Vigo (21),1-0,?,Málaga CF (21)
?,(Sun) 11 Feb 1973 (6),Real Sporting (21),2-0,?,Athletic Club Bilbao (21)
?,(Sun) 11 Feb 1973 (6),Granada CF (21),4-0,?,Real Oviedo (21)
?,(Sun) 11 Feb 1973 (6),Real Zaragoza (21),0-1,?,Valencia CF (21)
?,(Sun) 25 Feb 1973 (8),Athletic Club Bilbao (22),1-0,?,UD Las Palmas (22)
?,(Sun) 25 Feb 1973 (8),Real Betis (22),0-0,?,Granada CF (22)
?,(Sun) 25 Feb 1973 (8),RC Celta Vigo (22),1-0,?,Burgos CF (22)
?,(Sun) 25 Feb 1973 (8),RCD Español (22),2-1,?,Atlético Madrid (22)
?,(Sun) 25 Feb 1973 (8),Málaga CF (22),1-1,?,CD Castellón (22)
?,(Sun) 25 Feb 1973 (8),Real Sociedad (22),0-0,?,Real Sporting (22)
?,(Sun) 25 Feb 1973 (8),Real Madrid CF (22),0-0,?,FC Barcelona (22)
?,(Sun) 25 Feb 1973 (8),Real Oviedo (22),2-0,?,Real Zaragoza (22)
?,(Sun) 25 Feb 1973 (8),Valencia CF (22),0-1,?,RCD La Coruña (22)
?,(Sat) 3 Mar 1973 (9),UD Las Palmas (23),1-0,?,Real Sociedad (23)
?,(Sun) 4 Mar 1973 (9),Atlético Madrid (23),2-1,?,Athletic Club Bilbao (23)
?,(Sun) 4 Mar 1973 (9),FC Barcelona (23),0-1,?,RCD Español (23)
?,(Sun) 4 Mar 1973 (9),Burgos CF (23),2-1,?,Valencia CF (23)
?,(Sun) 4 Mar 1973 (9),CD Castellón (23),5-1,?,RC Celta Vigo (23)
?,(Sun) 4 Mar 1973 (9),RCD La Coruña (23),1-1,?,Real Oviedo (23)
?,(Sun) 4 Mar 1973 (9),Real Sporting (23),2-0,?,Málaga CF (23)
?,(Sun) 4 Mar 1973 (9),Granada CF (23),1-2,?,Real Madrid CF (23)
?,(Sun) 4 Mar 1973 (9),Real Zaragoza (23),3-2,?,Real Betis (23)
?,(Sun) 11 Mar 1973 (10),Athletic Club Bilbao (24),0-1,?,FC Barcelona (24)
?,(Sun) 11 Mar 1973 (10),Real Betis (24),2-0,?,RCD La Coruña (24)
?,(Sun) 11 Mar 1973 (10),RC Celta Vigo (24),3-0,?,Real Sporting (24)
?,(Sun) 11 Mar 1973 (10),RCD Español (24),2-1,?,Granada CF (24)
?,(Sun) 11 Mar 1973 (10),Málaga CF (24),0-1,?,UD Las Palmas (24)
?,(Sun) 11 Mar 1973 (10),Real Sociedad (24),0-1,?,Atlético Madrid (24)
?,(Sun) 11 Mar 1973 (10),Real Madrid CF (24),0-0,?,Real Zaragoza (24)
?,(Sun) 11 Mar 1973 (10),Real Oviedo (24),3-1,?,Valencia CF (24)
?,(Tue) 13 Mar 1973 (11),CD Castellón (24),3-1,?,Burgos CF (24)
?,(Sat) 17 Mar 1973 (11),UD Las Palmas (25),0-0,?,RC Celta Vigo (25)
?,(Sun) 18 Mar 1973 (11),Atlético Madrid (25),1-1,?,Málaga CF (25)
?,(Sun) 18 Mar 1973 (11),FC Barcelona (25),1-0,?,Real Sociedad (25)
?,(Sun) 18 Mar 1973 (11),Burgos CF (25),0-1,?,Real Oviedo (25)
?,(Sun) 18 Mar 1973 (11),RCD La Coruña (25),0-0,?,Real Madrid CF (25)
?,(Sun) 18 Mar 1973 (11),Real Sporting (25),1-0,?,CD Castellón (25)
?,(Sun) 18 Mar 1973 (11),Granada CF (25),0-0,?,Athletic Club Bilbao (25)
?,(Sun) 18 Mar 1973 (11),Valencia CF (25),2-0,?,Real Betis (25)
?,(Sun) 18 Mar 1973 (11),Real Zaragoza (25),1-0,?,RCD Español (25)
?,(Sat) 24 Mar 1973 (12),CD Castellón (26),2-1,?,UD Las Palmas (26)
?,(Sun) 25 Mar 1973 (12),Athletic Club Bilbao (26),1-0,?,Real Zaragoza (26)
?,(Sun) 25 Mar 1973 (12),Real Betis (26),0-0,?,Real Oviedo (26)
?,(Sun) 25 Mar 1973 (12),RC Celta Vigo (26),0-1,?,Atlético Madrid (26)
?,(Sun) 25 Mar 1973 (12),RCD Español (26),2-1,?,RCD La Coruña (26)
?,(Sun) 25 Mar 1973 (12),Real Sporting (26),1-2,?,Burgos CF (26)
?,(Sun) 25 Mar 1973 (12),Málaga CF (26),2-1,?,FC Barcelona (26)
?,(Sun) 25 Mar 1973 (12),Real Sociedad (26),1-0,?,Granada CF (26)
?,(Sun) 25 Mar 1973 (12),Real Madrid CF (26),2-1,?,Valencia CF (26)
?,(Sat) 31 Mar 1973 (13),UD Las Palmas (27),1-1,?,Real Sporting (27)
?,(Sun) 1 Apr 1973 (13),Atlético Madrid (27),1-0,?,CD Castellón (27)
?,(Sun) 1 Apr 1973 (13),FC Barcelona (27),2-0,?,RC Celta Vigo (27)
?,(Sun) 1 Apr 1973 (13),Burgos CF (27),2-1,?,Real Betis (27)
?,(Sun) 1 Apr 1973 (13),RCD La Coruña (27),2-1,?,Athletic Club Bilbao (27)
?,(Sun) 1 Apr 1973 (13),Granada CF (27),2-0,?,Málaga CF (27)
?,(Sun) 1 Apr 1973 (13),Real Oviedo (27),1-2,?,Real Madrid CF (27)
?,(Sun) 1 Apr 1973 (13),Valencia CF (27),1-0,?,RCD Español (27)
?,(Sun) 1 Apr 1973 (13),Real Zaragoza (27),1-1,?,Real Sociedad (27)
?,(Sat) 7 Apr 1973 (14),UD Las Palmas (28),4-1,?,Burgos CF (28)
?,(Sat) 7 Apr 1973 (14),Real Madrid CF (28),1-1,?,Real Betis (28)
?,(Sun) 8 Apr 1973 (14),Athletic Club Bilbao (28),2-0,?,Valencia CF (28)
?,(Sun) 8 Apr 1973 (14),CD Castellón (28),4-0,?,FC Barcelona (28)
?,(Sun) 8 Apr 1973 (14),RC Celta Vigo (28),0-0,?,Granada CF (28)
?,(Sun) 8 Apr 1973 (14),RCD Español (28),3-0,?,Real Oviedo (28)
?,(Sun) 8 Apr 1973 (14),Real Sporting (28),2-3,?,Atlético Madrid (28)
?,(Sun) 8 Apr 1973 (14),Málaga CF (28),2-1,?,Real Zaragoza (28)
?,(Sun) 8 Apr 1973 (14),Real Sociedad (28),2-0,?,RCD La Coruña (28)
?,(Sun) 15 Apr 1973 (15),Atlético Madrid (29),2-1,?,UD Las Palmas (29)
?,(Sun) 15 Apr 1973 (15),FC Barcelona (29),3-1,?,Real Sporting (29)
?,(Sun) 15 Apr 1973 (15),Real Betis (29),2-2,?,RCD Español (29)
?,(Sun) 15 Apr 1973 (15),Burgos CF (29),2-3,?,Real Madrid CF (29)
?,(Sun) 15 Apr 1973 (15),RCD La Coruña (29),1-0,?,Málaga CF (29)
?,(Sun) 15 Apr 1973 (15),Granada CF (29),1-1,?,CD Castellón (29)
?,(Sun) 15 Apr 1973 (15),Real Oviedo (29),2-1,?,Athletic Club Bilbao (29)
?,(Sun) 15 Apr 1973 (15),Valencia CF (29),1-0,?,Real Sociedad (29)
?,(Sun) 15 Apr 1973 (15),Real Zaragoza (29),2-2,?,RC Celta Vigo (29)
?,(Sat) 21 Apr 1973 (16),RCD Español (30),1-0,?,Real Madrid CF (30)
?,(Sat) 21 Apr 1973 (16),Málaga CF (30),1-1,?,Valencia CF (30)
?,(Sun) 22 Apr 1973 (16),Athletic Club Bilbao (30),1-1,?,Real Betis (30)
?,(Sun) 22 Apr 1973 (16),Atlético Madrid (30),4-2,?,Burgos CF (30)
?,(Sun) 22 Apr 1973 (16),CD Castellón (30),1-1,?,Real Zaragoza (30)
?,(Sun) 22 Apr 1973 (16),RC Celta Vigo (30),1-0,?,RCD La Coruña (30)
?,(Sun) 22 Apr 1973 (16),Real Sporting (30),2-0,?,Granada CF (30)
?,(Sun) 22 Apr 1973 (16),UD Las Palmas (30),2-1,?,FC Barcelona (30)
?,(Sun) 22 Apr 1973 (16),Real Sociedad (30),1-2,?,Real Oviedo (30)
?,(Sat) 28 Apr 1973 (17),FC Barcelona (31),0-0,?,Atlético Madrid (31)
?,(Sat) 28 Apr 1973 (17),Real Betis (31),1-1,?,Real Sociedad (31)
?,(Sat) 28 Apr 1973 (17),Burgos CF (31),1-1,?,RCD Español (31)
?,(Sat) 28 Apr 1973 (17),RCD La Coruña (31),1-1,?,CD Castellón (31)
?,(Sat) 28 Apr 1973 (17),Granada CF (31),1-0,?,UD Las Palmas (31)
?,(Sat) 28 Apr 1973 (17),Real Oviedo (31),0-0,?,Málaga CF (31)
?,(Sat) 28 Apr 1973 (17),Valencia CF (31),1-0,?,RC Celta Vigo (31)
?,(Sat) 28 Apr 1973 (17),Real Zaragoza (31),3-1,?,Real Sporting (31)
?,(Wed) 9 May 1973 (19),Real Madrid CF (31),3-3,?,Athletic Club Bilbao (31)
?,(Sat) 5 May 1973 (18),Athletic Club Bilbao (32),1-0,?,RCD Español (32)
?,(Sat) 5 May 1973 (18),UD Las Palmas (32),1-1,?,Real Zaragoza (32)
?,(Sun) 6 May 1973 (18),Atlético Madrid (32),2-1,?,Granada CF (32)
?,(Sun) 6 May 1973 (18),FC Barcelona (32),2-0,?,Burgos CF (32)
?,(Sun) 6 May 1973 (18),CD Castellón (32),1-3,?,Valencia CF (32)
?,(Sun) 6 May 1973 (18),RC Celta Vigo (32),4-2,?,Real Oviedo (32)
?,(Sun) 6 May 1973 (18),Real Sporting (32),0-0,?,RCD La Coruña (32)
?,(Sun) 6 May 1973 (18),Málaga CF (32),0-0,?,Real Betis (32)
?,(Sun) 6 May 1973 (18),Real Sociedad (32),1-1,?,Real Madrid CF (32)
?,(Sat) 12 May 1973 (19),Valencia CF (33),1-0,?,Real Sporting (33)
?,(Sun) 13 May 1973 (19),Athletic Club Bilbao (33),4-0,?,Burgos CF (33)
?,(Sun) 13 May 1973 (19),Real Betis (33),1-0,?,RC Celta Vigo (33)
?,(Sun) 13 May 1973 (19),RCD La Coruña (33),2-2,?,UD Las Palmas (33)
?,(Sun) 13 May 1973 (19),RCD Español (33),1-1,?,Real Sociedad (33)
?,(Sun) 13 May 1973 (19),Granada CF (33),0-2,?,FC Barcelona (33)
?,(Sun) 13 May 1973 (19),Real Madrid CF (33),2-0,?,Málaga CF (33)
?,(Sun) 13 May 1973 (19),Real Oviedo (33),0-0,?,CD Castellón (33)
?,(Sun) 13 May 1973 (19),Real Zaragoza (33),1-1,?,Atlético Madrid (33)
?,(Sat) 19 May 1973 (20),Málaga CF (34),0-1,?,RCD Español (34)
?,(Sun) 20 May 1973 (20),Atlético Madrid (34),3-1,?,RCD La Coruña (34)
?,(Sun) 20 May 1973 (20),FC Barcelona (34),1-1,?,Real Zaragoza (34)
?,(Sun) 20 May 1973 (20),Burgos CF (34),2-1,?,Granada CF (34)
?,(Sun) 20 May 1973 (20),CD Castellón (34),3-1,?,Real Betis (34)
?,(Sun) 20 May 1973 (20),RC Celta Vigo (34),3-0,?,Real Madrid CF (34)
?,(Sun) 20 May 1973 (20),Real Sporting (34),1-0,?,Real Oviedo (34)
?,(Sun) 20 May 1973 (20),UD Las Palmas (34),1-0,?,Valencia CF (34)
?,(Sun) 20 May 1973 (20),Real Sociedad (34),1-0,?,Athletic Club Bilbao (34)
