Round,Date,Team 1,FT,HT,Team 2
?,(Fri) 18 Aug 2017 (W33),CD Leganés (1),1-0,1-0,Deportivo Alavés (1)
?,(Fri) 18 Aug 2017 (W33),Valencia CF (1),1-0,1-0,UD Las Palmas (1)
?,(Sat) 19 Aug 2017 (W33),RC Celta Vigo (1),2-3,1-1,Real Sociedad (1)
?,(Sat) 19 Aug 2017 (W33),Girona FC (1),2-2,2-0,Atlético Madrid (1)
?,(Sat) 19 Aug 2017 (W33),Sevilla FC (1),1-1,1-1,RCD Espanyol (1)
?,(Sun) 20 Aug 2017 (W33),Athletic Club Bilbao (1),0-0,0-0,Getafe CF (1)
?,(Sun) 20 Aug 2017 (W33),FC Barcelona (1),2-0,2-0,Real Betis (1)
?,(Sun) 20 Aug 2017 (W33),RCD La Coruña (1),0-3,0-2,Real Madrid (1)
?,(Mon) 21 Aug 2017 (W34),Levante UD (1),1-0,0-0,Villarreal CF (1)
?,(Mon) 21 Aug 2017 (W34),Málaga CF (1),0-1,0-0,SD Eibar (1)
?,(Fri) 25 Aug 2017 (W34),Real Betis (2),2-1,1-1,RC Celta Vigo (2)
?,(Fri) 25 Aug 2017 (W34),Real Sociedad (2),3-0,3-0,Villarreal CF (2)
?,(Sat) 26 Aug 2017 (W34),Deportivo Alavés (2),0-2,0-0,FC Barcelona (2)
?,(Sat) 26 Aug 2017 (W34),Girona FC (2),1-0,1-0,Málaga CF (2)
?,(Sat) 26 Aug 2017 (W34),UD Las Palmas (2),1-5,0-2,Atlético Madrid (2)
?,(Sat) 26 Aug 2017 (W34),Levante UD (2),2-2,1-2,RCD La Coruña (2)
?,(Sun) 27 Aug 2017 (W34),SD Eibar (2),0-1,0-1,Athletic Club Bilbao (2)
?,(Sun) 27 Aug 2017 (W34),RCD Espanyol (2),0-1,0-1,CD Leganés (2)
?,(Sun) 27 Aug 2017 (W34),Getafe CF (2),0-1,0-0,Sevilla FC (2)
?,(Sun) 27 Aug 2017 (W34),Real Madrid (2),2-2,1-1,Valencia CF (2)
?,(Fri) 8 Sep 2017 (W36),CD Leganés (3),1-2,0-1,Getafe CF (3)
?,(Sat) 9 Sep 2017 (W36),FC Barcelona (3),5-0,2-0,RCD Espanyol (3)
?,(Sat) 9 Sep 2017 (W36),Real Madrid (3),1-1,1-1,Levante UD (3)
?,(Sat) 9 Sep 2017 (W36),Sevilla FC (3),3-0,0-0,SD Eibar (3)
?,(Sat) 9 Sep 2017 (W36),Valencia CF (3),0-0,0-0,Atlético Madrid (3)
?,(Sun) 10 Sep 2017 (W36),Athletic Club Bilbao (3),2-0,1-0,Girona FC (3)
?,(Sun) 10 Sep 2017 (W36),RC Celta Vigo (3),1-0,1-0,Deportivo Alavés (3)
?,(Sun) 10 Sep 2017 (W36),RCD La Coruña (3),2-4,1-2,Real Sociedad (3)
?,(Sun) 10 Sep 2017 (W36),Villarreal CF (3),3-1,1-1,Real Betis (3)
?,(Mon) 11 Sep 2017 (W37),Málaga CF (3),1-3,0-1,UD Las Palmas (3)
?,(Fri) 15 Sep 2017 (W37),SD Eibar (4),1-0,0-0,CD Leganés (4)
?,(Sat) 16 Sep 2017 (W37),Atlético Madrid (4),1-0,0-0,Málaga CF (4)
?,(Sat) 16 Sep 2017 (W37),Real Betis (4),2-1,1-1,RCD La Coruña (4)
?,(Sat) 16 Sep 2017 (W37),Getafe CF (4),1-2,1-0,FC Barcelona (4)
?,(Sat) 16 Sep 2017 (W37),Levante UD (4),1-1,1-1,Valencia CF (4)
?,(Sun) 17 Sep 2017 (W37),Deportivo Alavés (4),0-3,0-1,Villarreal CF (4)
?,(Sun) 17 Sep 2017 (W37),Girona FC (4),0-1,0-0,Sevilla FC (4)
?,(Sun) 17 Sep 2017 (W37),UD Las Palmas (4),1-0,0-0,Athletic Club Bilbao (4)
?,(Sun) 17 Sep 2017 (W37),Real Sociedad (4),1-3,1-2,Real Madrid (4)
?,(Mon) 18 Sep 2017 (W38),RCD Espanyol (4),2-1,2-0,RC Celta Vigo (4)
?,(Tue) 19 Sep 2017 (W38),FC Barcelona (5),6-1,2-0,SD Eibar (5)
?,(Tue) 19 Sep 2017 (W38),Valencia CF (5),5-0,1-0,Málaga CF (5)
?,(Wed) 20 Sep 2017 (W38),Athletic Club Bilbao (5),1-2,0-0,Atlético Madrid (5)
?,(Wed) 20 Sep 2017 (W38),RCD La Coruña (5),1-0,1-0,Deportivo Alavés (5)
?,(Wed) 20 Sep 2017 (W38),CD Leganés (5),0-0,0-0,Girona FC (5)
?,(Wed) 20 Sep 2017 (W38),Real Madrid (5),0-1,0-0,Real Betis (5)
?,(Wed) 20 Sep 2017 (W38),Sevilla FC (5),1-0,0-0,UD Las Palmas (5)
?,(Thu) 21 Sep 2017 (W38),RC Celta Vigo (5),1-1,1-0,Getafe CF (5)
?,(Thu) 21 Sep 2017 (W38),Levante UD (5),3-0,1-0,Real Sociedad (5)
?,(Thu) 21 Sep 2017 (W38),Villarreal CF (5),0-0,0-0,RCD Espanyol (5)
?,(Sat) 23 Sep 2017 (W38),Deportivo Alavés (6),1-2,1-2,Real Madrid (6)
?,(Sat) 23 Sep 2017 (W38),Atlético Madrid (6),2-0,0-0,Sevilla FC (6)
?,(Sat) 23 Sep 2017 (W38),Girona FC (6),0-3,0-1,FC Barcelona (6)
?,(Sat) 23 Sep 2017 (W38),Málaga CF (6),3-3,1-1,Athletic Club Bilbao (6)
?,(Sun) 24 Sep 2017 (W38),SD Eibar (6),0-4,0-3,RC Celta Vigo (6)
?,(Sun) 24 Sep 2017 (W38),RCD Espanyol (6),4-1,2-0,RCD La Coruña (6)
?,(Sun) 24 Sep 2017 (W38),Getafe CF (6),4-0,0-0,Villarreal CF (6)
?,(Sun) 24 Sep 2017 (W38),UD Las Palmas (6),0-2,0-0,CD Leganés (6)
?,(Sun) 24 Sep 2017 (W38),Real Sociedad (6),2-3,1-1,Valencia CF (6)
?,(Mon) 25 Sep 2017 (W39),Real Betis (6),4-0,0-0,Levante UD (6)
?,(Fri) 29 Sep 2017 (W39),RC Celta Vigo (7),3-3,2-2,Girona FC (7)
?,(Sat) 30 Sep 2017 (W39),RCD La Coruña (7),2-1,0-0,Getafe CF (7)
?,(Sat) 30 Sep 2017 (W39),CD Leganés (7),0-0,0-0,Atlético Madrid (7)
?,(Sat) 30 Sep 2017 (W39),Levante UD (7),0-2,0-1,Deportivo Alavés (7)
?,(Sat) 30 Sep 2017 (W39),Sevilla FC (7),2-0,0-0,Málaga CF (7)
?,(Sun) 1 Oct 2017 (W39),FC Barcelona (7),3-0,0-0,UD Las Palmas (7)
?,(Sun) 1 Oct 2017 (W39),Real Madrid (7),2-0,1-0,RCD Espanyol (7)
?,(Sun) 1 Oct 2017 (W39),Real Sociedad (7),4-4,2-2,Real Betis (7)
?,(Sun) 1 Oct 2017 (W39),Valencia CF (7),3-2,2-0,Athletic Club Bilbao (7)
?,(Sun) 1 Oct 2017 (W39),Villarreal CF (7),3-0,1-0,SD Eibar (7)
?,(Fri) 13 Oct 2017 (W41),RCD Espanyol (8),0-0,0-0,Levante UD (8)
?,(Sat) 14 Oct 2017 (W41),Deportivo Alavés (8),0-2,0-0,Real Sociedad (8)
?,(Sat) 14 Oct 2017 (W41),Athletic Club Bilbao (8),1-0,1-0,Sevilla FC (8)
?,(Sat) 14 Oct 2017 (W41),Atlético Madrid (8),1-1,1-0,FC Barcelona (8)
?,(Sat) 14 Oct 2017 (W41),Getafe CF (8),1-2,0-1,Real Madrid (8)
?,(Sun) 15 Oct 2017 (W41),Real Betis (8),3-6,0-2,Valencia CF (8)
?,(Sun) 15 Oct 2017 (W41),SD Eibar (8),0-0,0-0,RCD La Coruña (8)
?,(Sun) 15 Oct 2017 (W41),Girona FC (8),1-2,1-2,Villarreal CF (8)
?,(Sun) 15 Oct 2017 (W41),Málaga CF (8),0-2,0-0,CD Leganés (8)
?,(Mon) 16 Oct 2017 (W42),UD Las Palmas (8),2-5,0-2,RC Celta Vigo (8)
?,(Sat) 21 Oct 2017 (W42),FC Barcelona (9),2-0,1-0,Málaga CF (9)
?,(Sat) 21 Oct 2017 (W42),Real Betis (9),2-0,1-0,Deportivo Alavés (9)
?,(Sat) 21 Oct 2017 (W42),Levante UD (9),1-1,0-0,Getafe CF (9)
?,(Sat) 21 Oct 2017 (W42),Valencia CF (9),4-0,1-0,Sevilla FC (9)
?,(Sun) 22 Oct 2017 (W42),RC Celta Vigo (9),0-1,0-1,Atlético Madrid (9)
?,(Sun) 22 Oct 2017 (W42),CD Leganés (9),1-0,0-0,Athletic Club Bilbao (9)
?,(Sun) 22 Oct 2017 (W42),Real Madrid (9),3-0,2-0,SD Eibar (9)
?,(Sun) 22 Oct 2017 (W42),Villarreal CF (9),4-0,0-0,UD Las Palmas (9)
?,(Mon) 23 Oct 2017 (W43),RCD La Coruña (9),1-2,0-1,Girona FC (9)
?,(Mon) 23 Oct 2017 (W43),Real Sociedad (9),1-1,0-1,RCD Espanyol (9)
?,(Sat) 28 Oct 2017 (W43),Deportivo Alavés (10),1-2,0-1,Valencia CF (10)
?,(Sat) 28 Oct 2017 (W43),Athletic Club Bilbao (10),0-2,0-1,FC Barcelona (10)
?,(Sat) 28 Oct 2017 (W43),Atlético Madrid (10),1-1,0-0,Villarreal CF (10)
?,(Sat) 28 Oct 2017 (W43),Sevilla FC (10),2-1,1-0,CD Leganés (10)
?,(Sun) 29 Oct 2017 (W43),SD Eibar (10),2-2,0-2,Levante UD (10)
?,(Sun) 29 Oct 2017 (W43),Getafe CF (10),2-1,0-1,Real Sociedad (10)
?,(Sun) 29 Oct 2017 (W43),Girona FC (10),2-1,0-1,Real Madrid (10)
?,(Sun) 29 Oct 2017 (W43),Málaga CF (10),2-1,1-0,RC Celta Vigo (10)
?,(Mon) 30 Oct 2017 (W44),RCD Espanyol (10),1-0,0-0,Real Betis (10)
?,(Mon) 30 Oct 2017 (W44),UD Las Palmas (10),1-3,1-1,RCD La Coruña (10)
?,(Fri) 3 Nov 2017 (W44),Real Betis (11),2-2,0-2,Getafe CF (11)
?,(Sat) 4 Nov 2017 (W44),Deportivo Alavés (11),1-0,1-0,RCD Espanyol (11)
?,(Sat) 4 Nov 2017 (W44),FC Barcelona (11),2-1,1-0,Sevilla FC (11)
?,(Sat) 4 Nov 2017 (W44),RCD La Coruña (11),0-1,0-0,Atlético Madrid (11)
?,(Sat) 4 Nov 2017 (W44),Valencia CF (11),3-0,1-0,CD Leganés (11)
?,(Sun) 5 Nov 2017 (W44),RC Celta Vigo (11),3-1,3-1,Athletic Club Bilbao (11)
?,(Sun) 5 Nov 2017 (W44),Levante UD (11),1-2,0-0,Girona FC (11)
?,(Sun) 5 Nov 2017 (W44),Real Madrid (11),3-0,1-0,UD Las Palmas (11)
?,(Sun) 5 Nov 2017 (W44),Real Sociedad (11),3-1,2-0,SD Eibar (11)
?,(Sun) 5 Nov 2017 (W44),Villarreal CF (11),2-0,0-0,Málaga CF (11)
?,(Fri) 17 Nov 2017 (W46),Girona FC (12),1-1,0-1,Real Sociedad (12)
?,(Sat) 18 Nov 2017 (W46),Atlético Madrid (12),0-0,0-0,Real Madrid (12)
?,(Sat) 18 Nov 2017 (W46),Getafe CF (12),4-1,2-0,Deportivo Alavés (12)
?,(Sat) 18 Nov 2017 (W46),CD Leganés (12),0-3,0-1,FC Barcelona (12)
?,(Sat) 18 Nov 2017 (W46),Sevilla FC (12),2-1,1-1,RC Celta Vigo (12)
?,(Sun) 19 Nov 2017 (W46),Athletic Club Bilbao (12),1-1,0-1,Villarreal CF (12)
?,(Sun) 19 Nov 2017 (W46),RCD Espanyol (12),0-2,0-0,Valencia CF (12)
?,(Sun) 19 Nov 2017 (W46),UD Las Palmas (12),0-2,0-0,Levante UD (12)
?,(Sun) 19 Nov 2017 (W46),Málaga CF (12),3-2,1-1,RCD La Coruña (12)
?,(Mon) 20 Nov 2017 (W47),SD Eibar (12),5-0,2-0,Real Betis (12)
?,(Fri) 24 Nov 2017 (W47),RC Celta Vigo (13),1-0,1-0,CD Leganés (13)
?,(Sat) 25 Nov 2017 (W47),Deportivo Alavés (13),1-2,0-1,SD Eibar (13)
?,(Sat) 25 Nov 2017 (W47),Real Betis (13),2-2,0-1,Girona FC (13)
?,(Sat) 25 Nov 2017 (W47),Levante UD (13),0-5,0-2,Atlético Madrid (13)
?,(Sat) 25 Nov 2017 (W47),Real Madrid (13),3-2,2-1,Málaga CF (13)
?,(Sun) 26 Nov 2017 (W47),RCD La Coruña (13),2-2,1-1,Athletic Club Bilbao (13)
?,(Sun) 26 Nov 2017 (W47),Real Sociedad (13),2-2,1-1,UD Las Palmas (13)
?,(Sun) 26 Nov 2017 (W47),Valencia CF (13),1-1,0-0,FC Barcelona (13)
?,(Sun) 26 Nov 2017 (W47),Villarreal CF (13),2-3,1-0,Sevilla FC (13)
?,(Mon) 27 Nov 2017 (W48),RCD Espanyol (13),1-0,0-0,Getafe CF (13)
?,(Fri) 1 Dec 2017 (W48),Málaga CF (14),0-0,0-0,Levante UD (14)
?,(Sat) 2 Dec 2017 (W48),Athletic Club Bilbao (14),0-0,0-0,Real Madrid (14)
?,(Sat) 2 Dec 2017 (W48),Atlético Madrid (14),2-1,0-1,Real Sociedad (14)
?,(Sat) 2 Dec 2017 (W48),FC Barcelona (14),2-2,1-1,RC Celta Vigo (14)
?,(Sat) 2 Dec 2017 (W48),Sevilla FC (14),2-0,1-0,RCD La Coruña (14)
?,(Sun) 3 Dec 2017 (W48),SD Eibar (14),3-1,2-0,RCD Espanyol (14)
?,(Sun) 3 Dec 2017 (W48),Getafe CF (14),1-0,0-0,Valencia CF (14)
?,(Sun) 3 Dec 2017 (W48),UD Las Palmas (14),1-0,1-0,Real Betis (14)
?,(Sun) 3 Dec 2017 (W48),CD Leganés (14),3-1,0-0,Villarreal CF (14)
?,(Mon) 4 Dec 2017 (W49),Girona FC (14),2-3,0-0,Deportivo Alavés (14)
?,(Fri) 8 Dec 2017 (W49),Deportivo Alavés (15),2-0,1-0,UD Las Palmas (15)
?,(Sat) 9 Dec 2017 (W49),Getafe CF (15),0-0,0-0,SD Eibar (15)
?,(Sat) 9 Dec 2017 (W49),RCD La Coruña (15),1-0,1-0,CD Leganés (15)
?,(Sat) 9 Dec 2017 (W49),Real Madrid (15),5-0,5-0,Sevilla FC (15)
?,(Sat) 9 Dec 2017 (W49),Valencia CF (15),2-1,1-0,RC Celta Vigo (15)
?,(Sun) 10 Dec 2017 (W49),Real Betis (15),0-1,0-1,Atlético Madrid (15)
?,(Sun) 10 Dec 2017 (W49),Levante UD (15),1-2,0-1,Athletic Club Bilbao (15)
?,(Sun) 10 Dec 2017 (W49),Real Sociedad (15),0-2,0-1,Málaga CF (15)
?,(Sun) 10 Dec 2017 (W49),Villarreal CF (15),0-2,0-0,FC Barcelona (15)
?,(Mon) 11 Dec 2017 (W50),RCD Espanyol (15),0-1,0-1,Girona FC (15)
?,(Fri) 15 Dec 2017 (W50),Sevilla FC (16),0-0,0-0,Levante UD (16)
?,(Sat) 16 Dec 2017 (W50),Athletic Club Bilbao (16),0-0,0-0,Real Sociedad (16)
?,(Sat) 16 Dec 2017 (W50),Atlético Madrid (16),1-0,0-0,Deportivo Alavés (16)
?,(Sat) 16 Dec 2017 (W50),SD Eibar (16),2-1,0-0,Valencia CF (16)
?,(Sun) 17 Dec 2017 (W50),FC Barcelona (16),4-0,2-0,RCD La Coruña (16)
?,(Sun) 17 Dec 2017 (W50),RC Celta Vigo (16),0-1,0-1,Villarreal CF (16)
?,(Sun) 17 Dec 2017 (W50),Girona FC (16),1-0,1-0,Getafe CF (16)
?,(Sun) 17 Dec 2017 (W50),UD Las Palmas (16),2-2,0-2,RCD Espanyol (16)
?,(Mon) 18 Dec 2017 (W51),Málaga CF (16),0-2,0-1,Real Betis (16)
?,(Tue) 19 Dec 2017 (W51),Levante UD (17),0-0,0-0,CD Leganés (16)
?,(Wed) 20 Dec 2017 (W51),Getafe CF (17),2-0,2-0,UD Las Palmas (17)
?,(Wed) 20 Dec 2017 (W51),Real Sociedad (17),3-1,1-1,Sevilla FC (17)
?,(Thu) 21 Dec 2017 (W51),Deportivo Alavés (17),1-0,0-0,Málaga CF (17)
?,(Thu) 21 Dec 2017 (W51),SD Eibar (17),4-1,2-1,Girona FC (17)
?,(Fri) 22 Dec 2017 (W51),Real Betis (17),0-2,0-1,Athletic Club Bilbao (17)
?,(Fri) 22 Dec 2017 (W51),RCD Espanyol (17),1-0,0-0,Atlético Madrid (17)
?,(Sat) 23 Dec 2017 (W51),RCD La Coruña (17),1-3,0-2,RC Celta Vigo (17)
?,(Sat) 23 Dec 2017 (W51),Real Madrid (16),0-3,0-0,FC Barcelona (17)
?,(Sat) 23 Dec 2017 (W51),Valencia CF (17),0-1,0-1,Villarreal CF (17)
?,(Sat) 6 Jan 2018 (W1),Atlético Madrid (18),2-0,1-0,Getafe CF (18)
?,(Sat) 6 Jan 2018 (W1),UD Las Palmas (18),1-2,1-0,SD Eibar (18)
?,(Sat) 6 Jan 2018 (W1),Sevilla FC (18),3-5,2-2,Real Betis (18)
?,(Sat) 6 Jan 2018 (W1),Valencia CF (18),2-1,1-1,Girona FC (18)
?,(Sun) 7 Jan 2018 (W1),Athletic Club Bilbao (18),2-0,1-0,Deportivo Alavés (18)
?,(Sun) 7 Jan 2018 (W1),FC Barcelona (18),3-0,2-0,Levante UD (18)
?,(Sun) 7 Jan 2018 (W1),RC Celta Vigo (18),2-2,1-2,Real Madrid (17)
?,(Sun) 7 Jan 2018 (W1),CD Leganés (17),1-0,0-0,Real Sociedad (18)
?,(Sun) 7 Jan 2018 (W1),Villarreal CF (18),1-1,1-0,RCD La Coruña (18)
?,(Mon) 8 Jan 2018 (W2),Málaga CF (18),0-1,0-1,RCD Espanyol (18)
?,(Fri) 12 Jan 2018 (W2),Getafe CF (19),1-0,0-0,Málaga CF (19)
?,(Sat) 13 Jan 2018 (W2),SD Eibar (19),0-1,0-1,Atlético Madrid (19)
?,(Sat) 13 Jan 2018 (W2),Girona FC (19),6-0,1-0,UD Las Palmas (19)
?,(Sat) 13 Jan 2018 (W2),RCD La Coruña (19),1-2,0-1,Valencia CF (19)
?,(Sat) 13 Jan 2018 (W2),Real Madrid (18),0-1,0-0,Villarreal CF (19)
?,(Sun) 14 Jan 2018 (W2),Deportivo Alavés (19),1-0,0-0,Sevilla FC (19)
?,(Sun) 14 Jan 2018 (W2),RCD Espanyol (19),1-1,1-1,Athletic Club Bilbao (19)
?,(Sun) 14 Jan 2018 (W2),Levante UD (19),0-1,0-1,RC Celta Vigo (19)
?,(Sun) 14 Jan 2018 (W2),Real Sociedad (19),2-4,2-1,FC Barcelona (19)
?,(Mon) 15 Jan 2018 (W3),Real Betis (19),3-2,2-1,CD Leganés (18)
?,(Fri) 19 Jan 2018 (W3),Getafe CF (20),2-2,1-1,Athletic Club Bilbao (20)
?,(Sat) 20 Jan 2018 (W3),Atlético Madrid (20),1-1,1-0,Girona FC (20)
?,(Sat) 20 Jan 2018 (W3),RCD Espanyol (20),0-3,0-2,Sevilla FC (20)
?,(Sat) 20 Jan 2018 (W3),UD Las Palmas (20),2-1,1-1,Valencia CF (20)
?,(Sat) 20 Jan 2018 (W3),Villarreal CF (20),2-1,1-0,Levante UD (20)
?,(Sun) 21 Jan 2018 (W3),Deportivo Alavés (20),2-2,0-0,CD Leganés (19)
?,(Sun) 21 Jan 2018 (W3),Real Betis (20),0-5,0-0,FC Barcelona (20)
?,(Sun) 21 Jan 2018 (W3),Real Madrid (19),7-1,2-1,RCD La Coruña (20)
?,(Sun) 21 Jan 2018 (W3),Real Sociedad (20),1-2,1-1,RC Celta Vigo (20)
?,(Mon) 22 Jan 2018 (W4),SD Eibar (20),1-1,0-1,Málaga CF (20)
?,(Fri) 26 Jan 2018 (W4),Athletic Club Bilbao (21),1-1,0-0,SD Eibar (21)
?,(Sat) 27 Jan 2018 (W4),RCD La Coruña (21),2-2,2-0,Levante UD (21)
?,(Sat) 27 Jan 2018 (W4),Málaga CF (21),0-0,0-0,Girona FC (21)
?,(Sat) 27 Jan 2018 (W4),Valencia CF (21),1-4,0-2,Real Madrid (20)
?,(Sat) 27 Jan 2018 (W4),Villarreal CF (21),4-2,4-1,Real Sociedad (21)
?,(Sun) 28 Jan 2018 (W4),Atlético Madrid (21),3-0,0-0,UD Las Palmas (21)
?,(Sun) 28 Jan 2018 (W4),FC Barcelona (21),2-1,0-1,Deportivo Alavés (21)
?,(Sun) 28 Jan 2018 (W4),CD Leganés (20),3-2,1-0,RCD Espanyol (21)
?,(Sun) 28 Jan 2018 (W4),Sevilla FC (21),1-1,0-0,Getafe CF (21)
?,(Mon) 29 Jan 2018 (W5),RC Celta Vigo (21),3-2,1-0,Real Betis (21)
?,(Fri) 2 Feb 2018 (W5),Real Sociedad (22),5-0,1-0,RCD La Coruña (22)
?,(Sat) 3 Feb 2018 (W5),Deportivo Alavés (22),2-1,2-0,RC Celta Vigo (22)
?,(Sat) 3 Feb 2018 (W5),Real Betis (22),2-1,1-0,Villarreal CF (22)
?,(Sat) 3 Feb 2018 (W5),SD Eibar (22),5-1,3-1,Sevilla FC (22)
?,(Sat) 3 Feb 2018 (W5),Levante UD (22),2-2,1-1,Real Madrid (21)
?,(Sun) 4 Feb 2018 (W5),Atlético Madrid (22),1-0,0-0,Valencia CF (22)
?,(Sun) 4 Feb 2018 (W5),RCD Espanyol (22),1-1,0-0,FC Barcelona (22)
?,(Sun) 4 Feb 2018 (W5),Getafe CF (22),0-0,0-0,CD Leganés (21)
?,(Sun) 4 Feb 2018 (W5),Girona FC (22),2-0,1-0,Athletic Club Bilbao (22)
?,(Mon) 5 Feb 2018 (W6),UD Las Palmas (22),1-0,0-0,Málaga CF (22)
?,(Fri) 9 Feb 2018 (W6),Athletic Club Bilbao (23),0-0,0-0,UD Las Palmas (23)
?,(Sat) 10 Feb 2018 (W6),CD Leganés (22),0-1,0-0,SD Eibar (23)
?,(Sat) 10 Feb 2018 (W6),Málaga CF (23),0-1,0-1,Atlético Madrid (23)
?,(Sat) 10 Feb 2018 (W6),Real Madrid (22),5-2,4-0,Real Sociedad (23)
?,(Sat) 10 Feb 2018 (W6),Villarreal CF (23),1-2,0-1,Deportivo Alavés (23)
?,(Sun) 11 Feb 2018 (W6),FC Barcelona (23),0-0,0-0,Getafe CF (23)
?,(Sun) 11 Feb 2018 (W6),RC Celta Vigo (23),2-2,1-1,RCD Espanyol (23)
?,(Sun) 11 Feb 2018 (W6),Sevilla FC (23),1-0,0-0,Girona FC (23)
?,(Sun) 11 Feb 2018 (W6),Valencia CF (23),3-1,1-1,Levante UD (23)
?,(Mon) 12 Feb 2018 (W7),RCD La Coruña (23),0-1,0-0,Real Betis (23)
?,(Fri) 16 Feb 2018 (W7),Girona FC (24),3-0,2-0,CD Leganés (23)
?,(Sat) 17 Feb 2018 (W7),Deportivo Alavés (24),1-0,0-0,RCD La Coruña (24)
?,(Sat) 17 Feb 2018 (W7),SD Eibar (24),0-2,0-1,FC Barcelona (24)
?,(Sat) 17 Feb 2018 (W7),UD Las Palmas (24),1-2,0-1,Sevilla FC (24)
?,(Sat) 17 Feb 2018 (W7),Málaga CF (24),1-2,1-0,Valencia CF (24)
?,(Sun) 18 Feb 2018 (W7),Atlético Madrid (24),2-0,0-0,Athletic Club Bilbao (24)
?,(Sun) 18 Feb 2018 (W7),Real Betis (24),3-5,2-1,Real Madrid (23)
?,(Sun) 18 Feb 2018 (W7),RCD Espanyol (24),1-1,0-1,Villarreal CF (24)
?,(Sun) 18 Feb 2018 (W7),Real Sociedad (24),3-0,2-0,Levante UD (24)
?,(Mon) 19 Feb 2018 (W8),Getafe CF (24),3-0,1-0,RC Celta Vigo (24)
?,(Wed) 21 Feb 2018 (W8),CD Leganés (24),1-3,1-2,Real Madrid (24)
?,(Fri) 23 Feb 2018 (W8),RCD La Coruña (25),0-0,0-0,RCD Espanyol (25)
?,(Sat) 24 Feb 2018 (W8),FC Barcelona (25),6-1,4-1,Girona FC (25)
?,(Sat) 24 Feb 2018 (W8),RC Celta Vigo (25),2-0,0-0,SD Eibar (25)
?,(Sat) 24 Feb 2018 (W8),CD Leganés (25),0-0,0-0,UD Las Palmas (25)
?,(Sat) 24 Feb 2018 (W8),Real Madrid (25),4-0,1-0,Deportivo Alavés (25)
?,(Sun) 25 Feb 2018 (W8),Athletic Club Bilbao (25),2-1,2-1,Málaga CF (25)
?,(Sun) 25 Feb 2018 (W8),Sevilla FC (25),2-5,0-2,Atlético Madrid (25)
?,(Sun) 25 Feb 2018 (W8),Valencia CF (25),2-1,1-0,Real Sociedad (25)
?,(Sun) 25 Feb 2018 (W8),Villarreal CF (25),1-0,1-0,Getafe CF (25)
?,(Mon) 26 Feb 2018 (W9),Levante UD (25),0-2,0-0,Real Betis (25)
?,(Tue) 27 Feb 2018 (W9),RCD Espanyol (26),1-0,0-0,Real Madrid (26)
?,(Tue) 27 Feb 2018 (W9),Girona FC (26),1-0,1-0,RC Celta Vigo (26)
?,(Wed) 28 Feb 2018 (W9),Athletic Club Bilbao (26),1-1,0-1,Valencia CF (26)
?,(Wed) 28 Feb 2018 (W9),Atlético Madrid (26),4-0,2-0,CD Leganés (26)
?,(Wed) 28 Feb 2018 (W9),SD Eibar (26),1-0,1-0,Villarreal CF (26)
?,(Wed) 28 Feb 2018 (W9),Getafe CF (26),3-0,2-0,RCD La Coruña (26)
?,(Wed) 28 Feb 2018 (W9),Málaga CF (26),0-1,0-1,Sevilla FC (26)
?,(Thu) 1 Mar 2018 (W9),Deportivo Alavés (26),1-0,0-0,Levante UD (26)
?,(Thu) 1 Mar 2018 (W9),Real Betis (26),0-0,0-0,Real Sociedad (26)
?,(Thu) 1 Mar 2018 (W9),UD Las Palmas (26),1-1,0-1,FC Barcelona (26)
?,(Sat) 3 Mar 2018 (W9),RCD La Coruña (27),1-1,1-1,SD Eibar (27)
?,(Sat) 3 Mar 2018 (W9),CD Leganés (27),2-0,0-0,Málaga CF (27)
?,(Sat) 3 Mar 2018 (W9),Real Madrid (27),3-1,2-0,Getafe CF (27)
?,(Sat) 3 Mar 2018 (W9),Sevilla FC (27),2-0,2-0,Athletic Club Bilbao (27)
?,(Sat) 3 Mar 2018 (W9),Villarreal CF (27),0-2,0-1,Girona FC (27)
?,(Sun) 4 Mar 2018 (W9),FC Barcelona (27),1-0,1-0,Atlético Madrid (27)
?,(Sun) 4 Mar 2018 (W9),Levante UD (27),1-1,0-0,RCD Espanyol (27)
?,(Sun) 4 Mar 2018 (W9),Real Sociedad (27),2-1,2-1,Deportivo Alavés (27)
?,(Sun) 4 Mar 2018 (W9),Valencia CF (27),2-0,1-0,Real Betis (27)
?,(Mon) 5 Mar 2018 (W10),RC Celta Vigo (27),2-1,0-0,UD Las Palmas (27)
?,(Fri) 9 Mar 2018 (W10),Girona FC (28),2-0,1-0,RCD La Coruña (28)
?,(Sat) 10 Mar 2018 (W10),SD Eibar (28),1-2,0-1,Real Madrid (28)
?,(Sat) 10 Mar 2018 (W10),Getafe CF (28),0-1,0-0,Levante UD (28)
?,(Sat) 10 Mar 2018 (W10),Málaga CF (28),0-2,0-2,FC Barcelona (28)
?,(Sat) 10 Mar 2018 (W10),Sevilla FC (28),0-2,0-1,Valencia CF (28)
?,(Sun) 11 Mar 2018 (W10),Athletic Club Bilbao (28),2-0,2-0,CD Leganés (28)
?,(Sun) 11 Mar 2018 (W10),Atlético Madrid (28),3-0,1-0,RC Celta Vigo (28)
?,(Sun) 11 Mar 2018 (W10),RCD Espanyol (28),2-1,0-1,Real Sociedad (28)
?,(Sun) 11 Mar 2018 (W10),UD Las Palmas (28),0-2,0-0,Villarreal CF (28)
?,(Mon) 12 Mar 2018 (W11),Deportivo Alavés (28),1-3,0-2,Real Betis (28)
?,(Fri) 16 Mar 2018 (W11),Levante UD (29),2-1,1-0,SD Eibar (29)
?,(Sat) 17 Mar 2018 (W11),Real Betis (29),3-0,1-0,RCD Espanyol (29)
?,(Sat) 17 Mar 2018 (W11),RCD La Coruña (29),1-1,1-1,UD Las Palmas (29)
?,(Sat) 17 Mar 2018 (W11),Real Sociedad (29),1-2,1-1,Getafe CF (29)
?,(Sat) 17 Mar 2018 (W11),Valencia CF (29),3-1,2-0,Deportivo Alavés (29)
?,(Sun) 18 Mar 2018 (W11),FC Barcelona (29),2-0,2-0,Athletic Club Bilbao (29)
?,(Sun) 18 Mar 2018 (W11),RC Celta Vigo (29),0-0,0-0,Málaga CF (29)
?,(Sun) 18 Mar 2018 (W11),CD Leganés (29),2-1,1-0,Sevilla FC (29)
?,(Sun) 18 Mar 2018 (W11),Real Madrid (29),6-3,1-1,Girona FC (29)
?,(Sun) 18 Mar 2018 (W11),Villarreal CF (29),2-1,0-1,Atlético Madrid (29)
?,(Sat) 31 Mar 2018 (W13),Athletic Club Bilbao (30),1-1,0-0,RC Celta Vigo (30)
?,(Sat) 31 Mar 2018 (W13),Girona FC (30),1-1,0-0,Levante UD (30)
?,(Sat) 31 Mar 2018 (W13),UD Las Palmas (30),0-3,0-2,Real Madrid (30)
?,(Sat) 31 Mar 2018 (W13),Sevilla FC (30),2-2,1-0,FC Barcelona (30)
?,(Sun) 1 Apr 2018 (W13),Atlético Madrid (30),1-0,1-0,RCD La Coruña (30)
?,(Sun) 1 Apr 2018 (W13),SD Eibar (30),0-0,0-0,Real Sociedad (30)
?,(Sun) 1 Apr 2018 (W13),RCD Espanyol (30),0-0,0-0,Deportivo Alavés (30)
?,(Sun) 1 Apr 2018 (W13),CD Leganés (30),0-1,0-0,Valencia CF (30)
?,(Sun) 1 Apr 2018 (W13),Málaga CF (30),1-0,1-0,Villarreal CF (30)
?,(Mon) 2 Apr 2018 (W14),Getafe CF (30),0-1,0-0,Real Betis (30)
?,(Fri) 6 Apr 2018 (W14),RCD La Coruña (31),3-2,1-1,Málaga CF (31)
?,(Sat) 7 Apr 2018 (W14),Deportivo Alavés (31),2-0,0-0,Getafe CF (31)
?,(Sat) 7 Apr 2018 (W14),FC Barcelona (31),3-1,2-0,CD Leganés (31)
?,(Sat) 7 Apr 2018 (W14),Real Betis (31),2-0,1-0,SD Eibar (31)
?,(Sat) 7 Apr 2018 (W14),RC Celta Vigo (31),4-0,1-0,Sevilla FC (31)
?,(Sun) 8 Apr 2018 (W14),Levante UD (31),2-1,1-0,UD Las Palmas (31)
?,(Sun) 8 Apr 2018 (W14),Real Madrid (31),1-1,0-0,Atlético Madrid (31)
?,(Sun) 8 Apr 2018 (W14),Real Sociedad (31),5-0,2-0,Girona FC (31)
?,(Sun) 8 Apr 2018 (W14),Valencia CF (31),1-0,1-0,RCD Espanyol (31)
?,(Mon) 9 Apr 2018 (W15),Villarreal CF (31),1-3,0-1,Athletic Club Bilbao (31)
?,(Fri) 13 Apr 2018 (W15),Girona FC (32),0-1,0-1,Real Betis (32)
?,(Sat) 14 Apr 2018 (W15),Athletic Club Bilbao (32),2-3,0-2,RCD La Coruña (32)
?,(Sat) 14 Apr 2018 (W15),FC Barcelona (32),2-1,1-0,Valencia CF (32)
?,(Sat) 14 Apr 2018 (W15),UD Las Palmas (32),0-1,0-1,Real Sociedad (32)
?,(Sat) 14 Apr 2018 (W15),CD Leganés (32),1-0,0-0,RC Celta Vigo (32)
?,(Sat) 14 Apr 2018 (W15),Sevilla FC (32),2-2,0-1,Villarreal CF (32)
?,(Sun) 15 Apr 2018 (W15),Atlético Madrid (32),3-0,1-0,Levante UD (32)
?,(Sun) 15 Apr 2018 (W15),SD Eibar (32),0-1,0-1,Deportivo Alavés (32)
?,(Sun) 15 Apr 2018 (W15),Getafe CF (32),1-0,0-0,RCD Espanyol (32)
?,(Sun) 15 Apr 2018 (W15),Málaga CF (32),1-2,0-1,Real Madrid (32)
?,(Tue) 17 Apr 2018 (W16),RC Celta Vigo (33),2-2,1-1,FC Barcelona (33)
?,(Tue) 17 Apr 2018 (W16),RCD La Coruña (33),0-0,0-0,Sevilla FC (33)
?,(Tue) 17 Apr 2018 (W16),Villarreal CF (33),2-1,1-0,CD Leganés (33)
?,(Wed) 18 Apr 2018 (W16),RCD Espanyol (33),0-1,0-1,SD Eibar (33)
?,(Wed) 18 Apr 2018 (W16),Real Madrid (33),1-1,0-1,Athletic Club Bilbao (33)
?,(Wed) 18 Apr 2018 (W16),Valencia CF (33),1-2,0-1,Getafe CF (33)
?,(Thu) 19 Apr 2018 (W16),Deportivo Alavés (33),1-2,0-0,Girona FC (33)
?,(Thu) 19 Apr 2018 (W16),Real Betis (33),1-0,0-0,UD Las Palmas (33)
?,(Thu) 19 Apr 2018 (W16),Levante UD (33),1-0,0-0,Málaga CF (33)
?,(Thu) 19 Apr 2018 (W16),Real Sociedad (33),3-0,1-0,Atlético Madrid (33)
?,(Fri) 20 Apr 2018 (W16),CD Leganés (34),0-0,0-0,RCD La Coruña (34)
?,(Sat) 21 Apr 2018 (W16),RC Celta Vigo (34),1-1,0-0,Valencia CF (34)
?,(Sat) 21 Apr 2018 (W16),SD Eibar (34),0-1,0-1,Getafe CF (34)
?,(Sun) 22 Apr 2018 (W16),Atlético Madrid (34),0-0,0-0,Real Betis (34)
?,(Sun) 22 Apr 2018 (W16),Girona FC (34),0-2,0-1,RCD Espanyol (34)
?,(Sun) 22 Apr 2018 (W16),UD Las Palmas (34),0-4,0-0,Deportivo Alavés (34)
?,(Sun) 22 Apr 2018 (W16),Málaga CF (34),2-0,2-0,Real Sociedad (34)
?,(Mon) 23 Apr 2018 (W17),Athletic Club Bilbao (34),1-3,1-2,Levante UD (34)
?,(Fri) 27 Apr 2018 (W17),Levante UD (35),2-1,1-1,Sevilla FC (34)
?,(Sat) 28 Apr 2018 (W17),RCD Espanyol (35),1-1,0-1,UD Las Palmas (35)
?,(Sat) 28 Apr 2018 (W17),Real Madrid (34),2-1,2-0,CD Leganés (35)
?,(Sat) 28 Apr 2018 (W17),Real Sociedad (35),3-1,2-0,Athletic Club Bilbao (35)
?,(Sat) 28 Apr 2018 (W17),Villarreal CF (34),4-1,3-1,RC Celta Vigo (35)
?,(Sun) 29 Apr 2018 (W17),Deportivo Alavés (35),0-1,0-0,Atlético Madrid (35)
?,(Sun) 29 Apr 2018 (W17),Getafe CF (35),1-1,1-1,Girona FC (35)
?,(Sun) 29 Apr 2018 (W17),RCD La Coruña (35),2-4,1-2,FC Barcelona (34)
?,(Sun) 29 Apr 2018 (W17),Valencia CF (35),0-0,0-0,SD Eibar (35)
?,(Mon) 30 Apr 2018 (W18),Real Betis (35),2-1,1-1,Málaga CF (35)
?,(Fri) 4 May 2018 (W18),Sevilla FC (35),1-0,0-0,Real Sociedad (36)
?,(Sat) 5 May 2018 (W18),Athletic Club Bilbao (36),2-0,0-0,Real Betis (36)
?,(Sat) 5 May 2018 (W18),RC Celta Vigo (36),1-1,1-0,RCD La Coruña (36)
?,(Sat) 5 May 2018 (W18),Girona FC (36),1-4,0-2,SD Eibar (36)
?,(Sat) 5 May 2018 (W18),Villarreal CF (35),1-0,0-0,Valencia CF (36)
?,(Sun) 6 May 2018 (W18),Atlético Madrid (36),0-2,0-0,RCD Espanyol (36)
?,(Sun) 6 May 2018 (W18),FC Barcelona (35),2-2,1-1,Real Madrid (35)
?,(Sun) 6 May 2018 (W18),UD Las Palmas (36),0-1,0-0,Getafe CF (36)
?,(Sun) 6 May 2018 (W18),Málaga CF (36),0-3,0-1,Deportivo Alavés (36)
?,(Mon) 7 May 2018 (W19),CD Leganés (36),0-3,0-0,Levante UD (36)
?,(Wed) 9 May 2018 (W19),FC Barcelona (36),5-1,3-0,Villarreal CF (36)
?,(Wed) 9 May 2018 (W19),Sevilla FC (36),3-2,2-0,Real Madrid (36)
?,(Sat) 12 May 2018 (W19),Deportivo Alavés (37),3-1,1-0,Athletic Club Bilbao (37)
?,(Sat) 12 May 2018 (W19),Real Betis (37),2-2,1-0,Sevilla FC (37)
?,(Sat) 12 May 2018 (W19),SD Eibar (37),1-0,1-0,UD Las Palmas (37)
?,(Sat) 12 May 2018 (W19),Getafe CF (37),0-1,0-1,Atlético Madrid (37)
?,(Sat) 12 May 2018 (W19),Girona FC (37),0-1,0-0,Valencia CF (37)
?,(Sat) 12 May 2018 (W19),RCD La Coruña (37),2-4,0-3,Villarreal CF (37)
?,(Sat) 12 May 2018 (W19),Real Madrid (37),6-0,3-0,RC Celta Vigo (37)
?,(Sat) 12 May 2018 (W19),Real Sociedad (37),3-2,2-1,CD Leganés (37)
?,(Sun) 13 May 2018 (W19),RCD Espanyol (37),4-1,3-1,Málaga CF (37)
?,(Sun) 13 May 2018 (W19),Levante UD (37),5-4,2-1,FC Barcelona (37)
?,(Sat) 19 May 2018 (W20),RC Celta Vigo (38),4-2,2-1,Levante UD (38)
?,(Sat) 19 May 2018 (W20),UD Las Palmas (38),1-2,1-2,Girona FC (38)
?,(Sat) 19 May 2018 (W20),CD Leganés (38),3-2,1-1,Real Betis (38)
?,(Sat) 19 May 2018 (W20),Málaga CF (38),0-1,0-0,Getafe CF (38)
?,(Sat) 19 May 2018 (W20),Sevilla FC (38),1-0,1-0,Deportivo Alavés (38)
?,(Sat) 19 May 2018 (W20),Villarreal CF (38),2-2,0-2,Real Madrid (38)
?,(Sun) 20 May 2018 (W20),Athletic Club Bilbao (38),0-1,0-1,RCD Espanyol (38)
?,(Sun) 20 May 2018 (W20),Atlético Madrid (38),2-2,1-1,SD Eibar (38)
?,(Sun) 20 May 2018 (W20),FC Barcelona (38),1-0,0-0,Real Sociedad (38)
?,(Sun) 20 May 2018 (W20),Valencia CF (38),2-1,1-0,RCD La Coruña (38)
