Round,Date,Team 1,FT,HT,Team 2
?,(Fri) 18 Aug 2017 (W33),Lorca FC (1),2-0,1-0,Cultural Leonesa (1)
?,(Fri) 18 Aug 2017 (W33),CD Tenerife (1),1-0,0-0,Real Zaragoza (1)
?,(Sat) 19 Aug 2017 (W33),AD Alcorcón (1),0-0,0-0,Sporting Gijón (1)
?,(Sat) 19 Aug 2017 (W33),Córdoba CF (1),1-2,0-2,Cádiz CF (1)
?,(Sat) 19 Aug 2017 (W33),CD Numancia (1),1-0,0-0,SD Huesca (1)
?,(Sat) 19 Aug 2017 (W33),CA Osasuna (1),1-1,0-0,Sevilla FC B (1)
?,(Sat) 19 Aug 2017 (W33),Real Valladolid CF (1),1-2,0-2,FC Barcelona B (1)
?,(Sun) 20 Aug 2017 (W33),Gimnàstic Tarragona (1),0-1,0-1,UD Almería (1)
?,(Sun) 20 Aug 2017 (W33),Granada CF (1),0-0,0-0,Albacete Balompié (1)
?,(Sun) 20 Aug 2017 (W33),Real Oviedo (1),2-3,1-2,Rayo Vallecano (1)
?,(Mon) 21 Aug 2017 (W34),CD Lugo (1),0-0,0-0,CF Reus (1)
?,(Fri) 25 Aug 2017 (W34),Albacete Balompié (2),0-3,0-1,Córdoba CF (2)
?,(Sat) 26 Aug 2017 (W34),UD Almería (2),1-1,0-0,Real Oviedo (2)
?,(Sat) 26 Aug 2017 (W34),SD Huesca (2),2-0,2-0,Lorca FC (2)
?,(Sat) 26 Aug 2017 (W34),Cultural Leonesa (2),2-1,0-1,CA Osasuna (2)
?,(Sat) 26 Aug 2017 (W34),Sevilla FC B (2),1-2,0-2,Real Valladolid CF (2)
?,(Sat) 26 Aug 2017 (W34),Rayo Vallecano (2),2-2,2-0,CD Numancia (2)
?,(Sun) 27 Aug 2017 (W34),Cádiz CF (2),0-0,0-0,AD Alcorcón (2)
?,(Sun) 27 Aug 2017 (W34),CF Reus (2),1-1,1-0,Gimnàstic Tarragona (2)
?,(Sun) 27 Aug 2017 (W34),Sporting Gijón (2),2-0,0-0,CD Lugo (2)
?,(Sun) 27 Aug 2017 (W34),Real Zaragoza (2),1-1,0-1,Granada CF (2)
?,(Mon) 28 Aug 2017 (W35),FC Barcelona B (2),0-3,0-2,CD Tenerife (2)
?,(Fri) 1 Sep 2017 (W35),Granada CF (3),2-2,1-1,FC Barcelona B (3)
?,(Sat) 2 Sep 2017 (W35),Gimnàstic Tarragona (3),0-4,0-3,Sporting Gijón (3)
?,(Sat) 2 Sep 2017 (W35),Lorca FC (3),0-0,0-0,Rayo Vallecano (3)
?,(Sat) 2 Sep 2017 (W35),CD Lugo (3),0-1,0-0,Cádiz CF (3)
?,(Sat) 2 Sep 2017 (W35),CD Numancia (3),1-0,0-0,UD Almería (3)
?,(Sat) 2 Sep 2017 (W35),CA Osasuna (3),1-1,0-0,SD Huesca (3)
?,(Sun) 3 Sep 2017 (W35),Córdoba CF (3),1-2,1-1,Real Zaragoza (3)
?,(Sun) 3 Sep 2017 (W35),Real Oviedo (3),3-0,1-0,CF Reus (3)
?,(Sun) 3 Sep 2017 (W35),Sevilla FC B (3),1-2,0-0,Cultural Leonesa (3)
?,(Sun) 3 Sep 2017 (W35),Real Valladolid CF (3),2-0,1-0,CD Tenerife (3)
?,(Mon) 4 Sep 2017 (W36),AD Alcorcón (3),1-0,0-0,Albacete Balompié (3)
?,(Fri) 8 Sep 2017 (W36),Cádiz CF (4),2-0,0-0,Gimnàstic Tarragona (4)
?,(Sat) 9 Sep 2017 (W36),UD Almería (4),2-1,0-0,Lorca FC (4)
?,(Sat) 9 Sep 2017 (W36),FC Barcelona B (4),4-0,3-0,Córdoba CF (4)
?,(Sat) 9 Sep 2017 (W36),SD Huesca (4),0-0,0-0,Sevilla FC B (4)
?,(Sat) 9 Sep 2017 (W36),Sporting Gijón (4),1-1,1-0,Real Oviedo (4)
?,(Sun) 10 Sep 2017 (W36),Albacete Balompié (4),0-1,0-0,CD Lugo (4)
?,(Sun) 10 Sep 2017 (W36),Cultural Leonesa (4),4-4,1-1,Real Valladolid CF (4)
?,(Sun) 10 Sep 2017 (W36),CD Tenerife (4),2-2,0-1,Granada CF (4)
?,(Sun) 10 Sep 2017 (W36),Rayo Vallecano (4),0-3,0-1,CA Osasuna (4)
?,(Sun) 10 Sep 2017 (W36),Real Zaragoza (4),0-1,0-1,AD Alcorcón (4)
?,(Mon) 11 Sep 2017 (W37),CF Reus (4),1-0,1-0,CD Numancia (4)
?,(Fri) 15 Sep 2017 (W37),CD Lugo (5),2-1,0-1,Real Zaragoza (5)
?,(Sat) 16 Sep 2017 (W37),Lorca FC (5),1-1,1-0,CF Reus (5)
?,(Sat) 16 Sep 2017 (W37),CD Numancia (5),3-0,2-0,Sporting Gijón (5)
?,(Sat) 16 Sep 2017 (W37),CA Osasuna (5),2-1,0-1,UD Almería (5)
?,(Sat) 16 Sep 2017 (W37),Sevilla FC B (5),0-0,0-0,Rayo Vallecano (5)
?,(Sat) 16 Sep 2017 (W37),Real Valladolid CF (5),2-1,1-0,Granada CF (5)
?,(Sun) 17 Sep 2017 (W37),AD Alcorcón (5),1-1,0-0,FC Barcelona B (5)
?,(Sun) 17 Sep 2017 (W37),Córdoba CF (5),2-0,0-0,CD Tenerife (5)
?,(Sun) 17 Sep 2017 (W37),Gimnàstic Tarragona (5),3-1,2-1,Albacete Balompié (5)
?,(Sun) 17 Sep 2017 (W37),Cultural Leonesa (5),3-2,2-1,SD Huesca (5)
?,(Sun) 17 Sep 2017 (W37),Real Oviedo (5),1-0,0-0,Cádiz CF (5)
?,(Fri) 22 Sep 2017 (W38),UD Almería (6),3-0,1-0,Sevilla FC B (6)
?,(Sat) 23 Sep 2017 (W38),Granada CF (6),3-1,1-0,Córdoba CF (6)
?,(Sat) 23 Sep 2017 (W38),CF Reus (6),0-0,0-0,CA Osasuna (6)
?,(Sat) 23 Sep 2017 (W38),Sporting Gijón (6),1-0,1-0,Lorca FC (6)
?,(Sat) 23 Sep 2017 (W38),CD Tenerife (6),4-0,2-0,AD Alcorcón (6)
?,(Sun) 24 Sep 2017 (W38),Albacete Balompié (6),2-1,0-0,Real Oviedo (6)
?,(Sun) 24 Sep 2017 (W38),Cádiz CF (6),0-0,0-0,CD Numancia (6)
?,(Sun) 24 Sep 2017 (W38),SD Huesca (6),1-0,1-0,Real Valladolid CF (6)
?,(Sun) 24 Sep 2017 (W38),Rayo Vallecano (6),3-1,1-1,Cultural Leonesa (6)
?,(Sun) 24 Sep 2017 (W38),Real Zaragoza (6),1-1,1-0,Gimnàstic Tarragona (6)
?,(Mon) 25 Sep 2017 (W39),FC Barcelona B (6),1-2,1-1,CD Lugo (6)
?,(Fri) 29 Sep 2017 (W39),Cultural Leonesa (7),0-0,0-0,UD Almería (7)
?,(Sat) 30 Sep 2017 (W39),Lorca FC (7),3-0,1-0,Cádiz CF (7)
?,(Sat) 30 Sep 2017 (W39),CD Numancia (7),5-1,1-1,Albacete Balompié (7)
?,(Sat) 30 Sep 2017 (W39),Real Valladolid CF (7),4-1,3-0,Córdoba CF (7)
?,(Sun) 1 Oct 2017 (W39),AD Alcorcón (7),1-2,1-1,Granada CF (7)
?,(Sun) 1 Oct 2017 (W39),SD Huesca (7),2-1,1-1,Rayo Vallecano (7)
?,(Sun) 1 Oct 2017 (W39),CD Lugo (7),1-0,0-0,CD Tenerife (7)
?,(Sun) 1 Oct 2017 (W39),CA Osasuna (7),2-0,1-0,Sporting Gijón (7)
?,(Sun) 1 Oct 2017 (W39),Sevilla FC B (7),0-1,0-1,CF Reus (7)
?,(Mon) 2 Oct 2017 (W40),Real Oviedo (7),2-2,2-2,Real Zaragoza (7)
?,(Sat) 7 Oct 2017 (W40),UD Almería (8),0-3,0-2,SD Huesca (8)
?,(Sat) 7 Oct 2017 (W40),Cádiz CF (8),0-2,0-0,CA Osasuna (8)
?,(Sat) 7 Oct 2017 (W40),CF Reus (8),1-1,1-1,Cultural Leonesa (8)
?,(Sat) 7 Oct 2017 (W40),Sporting Gijón (8),3-0,1-0,Sevilla FC B (8)
?,(Sat) 7 Oct 2017 (W40),CD Tenerife (8),2-0,0-0,Gimnàstic Tarragona (7)
?,(Sun) 8 Oct 2017 (W40),Albacete Balompié (8),2-1,1-0,Lorca FC (8)
?,(Sun) 8 Oct 2017 (W40),FC Barcelona B (7),1-1,1-0,Real Oviedo (8)
?,(Sun) 8 Oct 2017 (W40),Córdoba CF (8),3-0,0-0,AD Alcorcón (8)
?,(Sun) 8 Oct 2017 (W40),Granada CF (8),2-0,1-0,CD Lugo (8)
?,(Sun) 8 Oct 2017 (W40),Rayo Vallecano (8),4-1,3-0,Real Valladolid CF (8)
?,(Sun) 8 Oct 2017 (W40),Real Zaragoza (8),3-0,1-0,CD Numancia (8)
?,(Tue) 10 Oct 2017 (W41),SD Huesca (9),1-1,0-0,CF Reus (9)
?,(Tue) 10 Oct 2017 (W41),Cultural Leonesa (9),0-2,0-0,Sporting Gijón (9)
?,(Wed) 11 Oct 2017 (W41),Gimnàstic Tarragona (8),2-0,2-0,Granada CF (9)
?,(Wed) 11 Oct 2017 (W41),Lorca FC (9),0-2,0-0,Real Zaragoza (9)
?,(Wed) 11 Oct 2017 (W41),CD Numancia (9),1-0,0-0,FC Barcelona B (8)
?,(Wed) 11 Oct 2017 (W41),Real Oviedo (9),1-1,1-0,CD Tenerife (9)
?,(Wed) 11 Oct 2017 (W41),Sevilla FC B (9),0-0,0-0,Cádiz CF (9)
?,(Thu) 12 Oct 2017 (W41),CD Lugo (9),2-0,0-0,Córdoba CF (9)
?,(Thu) 12 Oct 2017 (W41),CA Osasuna (9),1-0,1-0,Albacete Balompié (9)
?,(Thu) 12 Oct 2017 (W41),Real Valladolid CF (9),4-0,1-0,AD Alcorcón (9)
?,(Thu) 12 Oct 2017 (W41),Rayo Vallecano (9),1-0,0-0,UD Almería (9)
?,(Fri) 13 Oct 2017 (W41),Sporting Gijón (10),1-1,0-0,SD Huesca (10)
?,(Sat) 14 Oct 2017 (W41),FC Barcelona B (9),1-0,0-0,Lorca FC (10)
?,(Sat) 14 Oct 2017 (W41),Cádiz CF (10),2-2,2-0,Cultural Leonesa (10)
?,(Sat) 14 Oct 2017 (W41),Granada CF (10),2-0,1-0,Real Oviedo (10)
?,(Sat) 14 Oct 2017 (W41),CD Tenerife (10),1-1,1-1,CD Numancia (10)
?,(Sun) 15 Oct 2017 (W41),Albacete Balompié (10),2-1,2-0,Sevilla FC B (10)
?,(Sun) 15 Oct 2017 (W41),UD Almería (10),1-1,1-1,Real Valladolid CF (10)
?,(Sun) 15 Oct 2017 (W41),Córdoba CF (10),1-5,1-2,Gimnàstic Tarragona (9)
?,(Sun) 15 Oct 2017 (W41),CF Reus (10),0-2,0-1,Rayo Vallecano (10)
?,(Sun) 15 Oct 2017 (W41),Real Zaragoza (10),1-1,1-0,CA Osasuna (10)
?,(Mon) 16 Oct 2017 (W42),AD Alcorcón (10),0-1,0-0,CD Lugo (10)
?,(Fri) 20 Oct 2017 (W42),CA Osasuna (11),2-2,1-2,FC Barcelona B (10)
?,(Sat) 21 Oct 2017 (W42),SD Huesca (11),1-0,1-0,Cádiz CF (11)
?,(Sat) 21 Oct 2017 (W42),Lorca FC (11),2-2,2-1,CD Tenerife (11)
?,(Sat) 21 Oct 2017 (W42),CD Numancia (11),1-3,0-2,Granada CF (11)
?,(Sat) 21 Oct 2017 (W42),Sevilla FC B (11),2-2,1-1,Real Zaragoza (11)
?,(Sun) 22 Oct 2017 (W42),UD Almería (11),0-1,0-1,CF Reus (11)
?,(Sun) 22 Oct 2017 (W42),Gimnàstic Tarragona (10),0-3,0-2,AD Alcorcón (11)
?,(Sun) 22 Oct 2017 (W42),Real Oviedo (11),2-0,0-0,Córdoba CF (11)
?,(Sun) 22 Oct 2017 (W42),Real Valladolid CF (11),2-2,0-2,CD Lugo (11)
?,(Sun) 22 Oct 2017 (W42),Rayo Vallecano (11),1-1,1-1,Sporting Gijón (11)
?,(Mon) 23 Oct 2017 (W43),Cultural Leonesa (11),0-0,0-0,Albacete Balompié (11)
?,(Fri) 27 Oct 2017 (W43),Real Zaragoza (12),0-0,0-0,Cultural Leonesa (12)
?,(Sat) 28 Oct 2017 (W43),Albacete Balompié (12),0-0,0-0,SD Huesca (12)
?,(Sat) 28 Oct 2017 (W43),Cádiz CF (12),0-0,0-0,Rayo Vallecano (12)
?,(Sat) 28 Oct 2017 (W43),CD Lugo (12),1-0,1-0,Gimnàstic Tarragona (11)
?,(Sat) 28 Oct 2017 (W43),Sporting Gijón (12),2-0,2-0,UD Almería (12)
?,(Sun) 29 Oct 2017 (W43),AD Alcorcón (12),2-0,1-0,Real Oviedo (12)
?,(Sun) 29 Oct 2017 (W43),FC Barcelona B (11),1-1,1-0,Sevilla FC B (12)
?,(Sun) 29 Oct 2017 (W43),Córdoba CF (12),1-1,1-1,CD Numancia (12)
?,(Sun) 29 Oct 2017 (W43),CF Reus (12),2-2,1-1,Real Valladolid CF (12)
?,(Sun) 29 Oct 2017 (W43),CD Tenerife (12),0-0,0-0,CA Osasuna (12)
?,(Mon) 30 Oct 2017 (W44),Granada CF (12),4-1,2-0,Lorca FC (12)
?,(Wed) 1 Nov 2017 (W44),Gimnàstic Tarragona (12),0-0,0-0,FC Barcelona B (12)
?,(Fri) 3 Nov 2017 (W44),CD Numancia (13),1-0,0-0,AD Alcorcón (13)
?,(Sat) 4 Nov 2017 (W44),Lorca FC (13),1-0,0-0,Córdoba CF (13)
?,(Sat) 4 Nov 2017 (W44),CF Reus (13),1-0,0-0,Sporting Gijón (13)
?,(Sat) 4 Nov 2017 (W44),Sevilla FC B (13),1-1,0-1,CD Tenerife (13)
?,(Sat) 4 Nov 2017 (W44),Rayo Vallecano (13),1-1,0-0,Albacete Balompié (13)
?,(Sun) 5 Nov 2017 (W44),UD Almería (13),0-2,0-1,Cádiz CF (13)
?,(Sun) 5 Nov 2017 (W44),Cultural Leonesa (13),1-1,0-1,FC Barcelona B (13)
?,(Sun) 5 Nov 2017 (W44),CA Osasuna (13),0-0,0-0,Granada CF (13)
?,(Sun) 5 Nov 2017 (W44),Real Oviedo (13),3-2,0-1,CD Lugo (13)
?,(Sun) 5 Nov 2017 (W44),Real Valladolid CF (13),0-3,0-1,Gimnàstic Tarragona (13)
?,(Mon) 6 Nov 2017 (W45),SD Huesca (13),3-1,1-0,Real Zaragoza (13)
?,(Fri) 10 Nov 2017 (W45),Córdoba CF (14),0-1,0-0,CA Osasuna (14)
?,(Sat) 11 Nov 2017 (W45),Albacete Balompié (14),2-0,1-0,UD Almería (14)
?,(Sat) 11 Nov 2017 (W45),AD Alcorcón (14),1-1,1-0,Lorca FC (14)
?,(Sat) 11 Nov 2017 (W45),FC Barcelona B (14),0-2,0-0,SD Huesca (14)
?,(Sat) 11 Nov 2017 (W45),CD Tenerife (14),2-0,2-0,Cultural Leonesa (14)
?,(Sat) 11 Nov 2017 (W45),Real Zaragoza (14),3-2,2-0,Rayo Vallecano (14)
?,(Sun) 12 Nov 2017 (W45),Gimnàstic Tarragona (14),1-2,1-0,Real Oviedo (14)
?,(Sun) 12 Nov 2017 (W45),Granada CF (14),1-2,0-1,Sevilla FC B (14)
?,(Sun) 12 Nov 2017 (W45),CD Lugo (14),0-1,0-1,CD Numancia (14)
?,(Sun) 12 Nov 2017 (W45),Sporting Gijón (14),1-1,1-0,Real Valladolid CF (14)
?,(Mon) 13 Nov 2017 (W46),Cádiz CF (14),1-0,1-0,CF Reus (14)
?,(Fri) 17 Nov 2017 (W46),UD Almería (15),3-0,1-0,Real Zaragoza (15)
?,(Sat) 18 Nov 2017 (W46),SD Huesca (15),3-0,2-0,CD Tenerife (15)
?,(Sat) 18 Nov 2017 (W46),Lorca FC (15),1-2,1-1,CD Lugo (15)
?,(Sat) 18 Nov 2017 (W46),CF Reus (15),1-1,0-1,Albacete Balompié (15)
?,(Sat) 18 Nov 2017 (W46),Real Valladolid CF (15),3-1,1-0,Real Oviedo (15)
?,(Sun) 19 Nov 2017 (W46),Cultural Leonesa (15),1-1,1-0,Granada CF (15)
?,(Sun) 19 Nov 2017 (W46),CD Numancia (15),1-2,1-1,Gimnàstic Tarragona (15)
?,(Sun) 19 Nov 2017 (W46),CA Osasuna (15),2-3,1-0,AD Alcorcón (15)
?,(Sun) 19 Nov 2017 (W46),Sevilla FC B (15),1-1,0-0,Córdoba CF (15)
?,(Sun) 19 Nov 2017 (W46),Sporting Gijón (15),0-3,0-1,Cádiz CF (15)
?,(Sun) 19 Nov 2017 (W46),Rayo Vallecano (15),1-0,0-0,FC Barcelona B (15)
?,(Fri) 24 Nov 2017 (W47),CD Tenerife (16),2-2,0-1,Rayo Vallecano (16)
?,(Sat) 25 Nov 2017 (W47),AD Alcorcón (16),0-0,0-0,Sevilla FC B (16)
?,(Sat) 25 Nov 2017 (W47),Cádiz CF (16),1-0,1-0,Real Valladolid CF (16)
?,(Sat) 25 Nov 2017 (W47),Gimnàstic Tarragona (16),0-2,0-0,Lorca FC (16)
?,(Sat) 25 Nov 2017 (W47),Real Oviedo (16),3-1,1-1,CD Numancia (16)
?,(Sat) 25 Nov 2017 (W47),Real Zaragoza (16),0-0,0-0,CF Reus (16)
?,(Sun) 26 Nov 2017 (W47),Albacete Balompié (16),2-2,1-0,Sporting Gijón (16)
?,(Sun) 26 Nov 2017 (W47),FC Barcelona B (16),1-1,0-0,UD Almería (16)
?,(Sun) 26 Nov 2017 (W47),Córdoba CF (16),2-2,2-0,Cultural Leonesa (16)
?,(Sun) 26 Nov 2017 (W47),Granada CF (16),2-0,2-0,SD Huesca (16)
?,(Sun) 26 Nov 2017 (W47),CD Lugo (16),1-0,0-0,CA Osasuna (16)
?,(Sat) 2 Dec 2017 (W48),SD Huesca (17),3-1,2-0,Córdoba CF (17)
?,(Sat) 2 Dec 2017 (W48),Lorca FC (17),0-2,0-2,Real Oviedo (17)
?,(Sat) 2 Dec 2017 (W48),CF Reus (17),2-1,1-1,FC Barcelona B (17)
?,(Sat) 2 Dec 2017 (W48),Rayo Vallecano (17),1-0,0-0,Granada CF (17)
?,(Sun) 3 Dec 2017 (W48),UD Almería (17),2-1,1-0,CD Tenerife (17)
?,(Sun) 3 Dec 2017 (W48),Cádiz CF (17),2-0,1-0,Albacete Balompié (17)
?,(Sun) 3 Dec 2017 (W48),Cultural Leonesa (17),2-2,1-1,AD Alcorcón (17)
?,(Sun) 3 Dec 2017 (W48),Sevilla FC B (17),1-1,1-0,CD Lugo (17)
?,(Sun) 3 Dec 2017 (W48),Sporting Gijón (17),0-1,0-0,Real Zaragoza (17)
?,(Sun) 3 Dec 2017 (W48),Real Valladolid CF (17),2-3,2-0,CD Numancia (17)
?,(Fri) 8 Dec 2017 (W49),FC Barcelona B (18),2-1,2-0,Sporting Gijón (18)
?,(Fri) 8 Dec 2017 (W49),Granada CF (18),3-2,1-0,UD Almería (18)
?,(Sat) 9 Dec 2017 (W49),Albacete Balompié (18),2-1,1-0,Real Valladolid CF (18)
?,(Sat) 9 Dec 2017 (W49),AD Alcorcón (18),1-1,1-1,SD Huesca (18)
?,(Sat) 9 Dec 2017 (W49),CD Numancia (18),1-0,1-0,Lorca FC (18)
?,(Sat) 9 Dec 2017 (W49),Real Zaragoza (18),0-2,0-0,Cádiz CF (18)
?,(Sun) 10 Dec 2017 (W49),Córdoba CF (18),2-2,2-0,Rayo Vallecano (18)
?,(Sun) 10 Dec 2017 (W49),Gimnàstic Tarragona (17),2-1,2-0,Sevilla FC B (18)
?,(Sun) 10 Dec 2017 (W49),CD Lugo (18),3-1,0-0,Cultural Leonesa (18)
?,(Sun) 10 Dec 2017 (W49),Real Oviedo (18),1-0,1-0,CA Osasuna (17)
?,(Sun) 10 Dec 2017 (W49),CD Tenerife (18),3-0,1-0,CF Reus (18)
?,(Fri) 15 Dec 2017 (W50),Cádiz CF (19),3-1,0-0,FC Barcelona B (19)
?,(Sat) 16 Dec 2017 (W50),Albacete Balompié (19),0-0,0-0,Real Zaragoza (19)
?,(Sat) 16 Dec 2017 (W50),UD Almería (19),1-0,0-0,Córdoba CF (19)
?,(Sat) 16 Dec 2017 (W50),CA Osasuna (18),2-2,2-1,CD Numancia (19)
?,(Sat) 16 Dec 2017 (W50),CF Reus (19),0-0,0-0,Granada CF (19)
?,(Sat) 16 Dec 2017 (W50),Real Valladolid CF (19),3-0,1-0,Lorca FC (19)
?,(Sun) 17 Dec 2017 (W50),SD Huesca (19),3-0,2-0,CD Lugo (19)
?,(Sun) 17 Dec 2017 (W50),Cultural Leonesa (19),2-0,0-0,Gimnàstic Tarragona (18)
?,(Sun) 17 Dec 2017 (W50),Sevilla FC B (19),0-1,0-1,Real Oviedo (19)
?,(Sun) 17 Dec 2017 (W50),Sporting Gijón (19),3-0,2-0,CD Tenerife (19)
?,(Sun) 17 Dec 2017 (W50),Rayo Vallecano (19),2-1,0-0,AD Alcorcón (19)
?,(Tue) 19 Dec 2017 (W51),FC Barcelona B (20),0-1,0-1,Albacete Balompié (20)
?,(Tue) 19 Dec 2017 (W51),Real Valladolid CF (20),3-2,3-1,Real Zaragoza (20)
?,(Wed) 20 Dec 2017 (W51),Córdoba CF (20),5-0,2-0,CF Reus (20)
?,(Wed) 20 Dec 2017 (W51),Granada CF (20),2-1,0-0,Sporting Gijón (20)
?,(Wed) 20 Dec 2017 (W51),Lorca FC (20),0-1,0-1,CA Osasuna (19)
?,(Thu) 21 Dec 2017 (W51),CD Numancia (20),3-0,0-0,Sevilla FC B (20)
?,(Thu) 21 Dec 2017 (W51),CD Tenerife (20),1-1,0-1,Cádiz CF (20)
?,(Fri) 22 Dec 2017 (W51),AD Alcorcón (20),2-0,1-0,UD Almería (20)
?,(Fri) 22 Dec 2017 (W51),CD Lugo (20),1-2,0-1,Rayo Vallecano (20)
?,(Sat) 23 Dec 2017 (W51),Gimnàstic Tarragona (19),1-2,0-1,SD Huesca (20)
?,(Sat) 23 Dec 2017 (W51),Real Oviedo (20),3-0,1-0,Cultural Leonesa (20)
?,(Sat) 6 Jan 2018 (W1),Cádiz CF (21),1-0,1-0,Granada CF (21)
?,(Sat) 6 Jan 2018 (W1),CA Osasuna (20),4-2,1-2,Real Valladolid CF (21)
?,(Sat) 6 Jan 2018 (W1),CF Reus (21),1-1,0-1,AD Alcorcón (21)
?,(Sat) 6 Jan 2018 (W1),Sporting Gijón (21),3-2,2-0,Córdoba CF (21)
?,(Sat) 6 Jan 2018 (W1),Rayo Vallecano (21),2-3,1-2,Gimnàstic Tarragona (20)
?,(Sat) 6 Jan 2018 (W1),Real Zaragoza (21),1-1,0-0,FC Barcelona B (21)
?,(Sun) 7 Jan 2018 (W1),Albacete Balompié (21),1-2,0-0,CD Tenerife (21)
?,(Sun) 7 Jan 2018 (W1),UD Almería (21),1-0,0-0,CD Lugo (21)
?,(Sun) 7 Jan 2018 (W1),SD Huesca (21),1-1,1-0,Real Oviedo (21)
?,(Sun) 7 Jan 2018 (W1),Cultural Leonesa (21),2-2,0-0,CD Numancia (21)
?,(Sun) 7 Jan 2018 (W1),Sevilla FC B (21),3-2,2-2,Lorca FC (21)
?,(Fri) 12 Jan 2018 (W2),Rayo Vallecano (22),2-2,1-1,Real Oviedo (22)
?,(Sat) 13 Jan 2018 (W2),UD Almería (22),1-1,0-0,Gimnàstic Tarragona (21)
?,(Sat) 13 Jan 2018 (W2),FC Barcelona B (22),0-1,0-0,Real Valladolid CF (22)
?,(Sat) 13 Jan 2018 (W2),CF Reus (22),0-1,0-1,CD Lugo (22)
?,(Sat) 13 Jan 2018 (W2),Sporting Gijón (22),3-0,1-0,AD Alcorcón (22)
?,(Sat) 13 Jan 2018 (W2),Real Zaragoza (22),1-0,1-0,CD Tenerife (22)
?,(Sun) 14 Jan 2018 (W2),Albacete Balompié (22),2-1,1-0,Granada CF (22)
?,(Sun) 14 Jan 2018 (W2),Cádiz CF (22),2-0,1-0,Córdoba CF (22)
?,(Sun) 14 Jan 2018 (W2),SD Huesca (22),2-1,0-0,CD Numancia (22)
?,(Sun) 14 Jan 2018 (W2),Cultural Leonesa (22),2-1,0-0,Lorca FC (22)
?,(Sun) 14 Jan 2018 (W2),Sevilla FC B (22),0-1,0-0,CA Osasuna (21)
?,(Thu) 18 Jan 2018 (W3),CA Osasuna (22),0-2,0-1,Gimnàstic Tarragona (22)
?,(Fri) 19 Jan 2018 (W3),Granada CF (23),2-1,2-1,Real Zaragoza (23)
?,(Sat) 20 Jan 2018 (W3),Córdoba CF (23),1-0,0-0,Albacete Balompié (23)
?,(Sat) 20 Jan 2018 (W3),Lorca FC (23),2-3,2-1,SD Huesca (23)
?,(Sat) 20 Jan 2018 (W3),CD Lugo (23),3-1,1-0,Sporting Gijón (23)
?,(Sat) 20 Jan 2018 (W3),Real Oviedo (23),2-1,0-0,UD Almería (23)
?,(Sat) 20 Jan 2018 (W3),Real Valladolid CF (23),1-0,0-0,Sevilla FC B (23)
?,(Sun) 21 Jan 2018 (W3),AD Alcorcón (23),1-0,1-0,Cádiz CF (23)
?,(Sun) 21 Jan 2018 (W3),Gimnàstic Tarragona (23),1-2,0-1,CF Reus (23)
?,(Sun) 21 Jan 2018 (W3),CD Numancia (23),0-0,0-0,Rayo Vallecano (23)
?,(Sun) 21 Jan 2018 (W3),CA Osasuna (23),2-1,1-0,Cultural Leonesa (23)
?,(Sun) 21 Jan 2018 (W3),CD Tenerife (23),1-3,0-3,FC Barcelona B (23)
?,(Fri) 26 Jan 2018 (W4),Real Zaragoza (24),1-0,1-0,Córdoba CF (24)
?,(Sat) 27 Jan 2018 (W4),Albacete Balompié (24),2-0,1-0,AD Alcorcón (24)
?,(Sat) 27 Jan 2018 (W4),FC Barcelona B (24),3-0,1-0,Granada CF (24)
?,(Sat) 27 Jan 2018 (W4),Cádiz CF (24),1-1,0-0,CD Lugo (24)
?,(Sat) 27 Jan 2018 (W4),CF Reus (24),0-0,0-0,Real Oviedo (24)
?,(Sat) 27 Jan 2018 (W4),Rayo Vallecano (24),5-1,2-0,Lorca FC (24)
?,(Sun) 28 Jan 2018 (W4),UD Almería (24),0-0,0-0,CD Numancia (24)
?,(Sun) 28 Jan 2018 (W4),SD Huesca (24),1-0,1-0,CA Osasuna (24)
?,(Sun) 28 Jan 2018 (W4),Cultural Leonesa (24),2-1,0-1,Sevilla FC B (24)
?,(Sun) 28 Jan 2018 (W4),Sporting Gijón (24),2-0,1-0,Gimnàstic Tarragona (24)
?,(Sun) 28 Jan 2018 (W4),CD Tenerife (24),0-0,0-0,Real Valladolid CF (24)
?,(Fri) 2 Feb 2018 (W5),CA Osasuna (25),1-1,0-1,Rayo Vallecano (25)
?,(Sat) 3 Feb 2018 (W5),AD Alcorcón (25),1-1,1-1,Real Zaragoza (25)
?,(Sat) 3 Feb 2018 (W5),Gimnàstic Tarragona (25),0-0,0-0,Cádiz CF (25)
?,(Sat) 3 Feb 2018 (W5),Granada CF (25),2-1,2-0,CD Tenerife (25)
?,(Sat) 3 Feb 2018 (W5),Lorca FC (25),1-2,1-0,UD Almería (25)
?,(Sat) 3 Feb 2018 (W5),Real Valladolid CF (25),3-2,2-2,Cultural Leonesa (25)
?,(Sun) 4 Feb 2018 (W5),Córdoba CF (25),1-2,1-0,FC Barcelona B (25)
?,(Sun) 4 Feb 2018 (W5),CD Lugo (25),1-1,0-0,Albacete Balompié (25)
?,(Sun) 4 Feb 2018 (W5),CD Numancia (25),1-0,0-0,CF Reus (25)
?,(Sun) 4 Feb 2018 (W5),Real Oviedo (25),2-1,1-1,Sporting Gijón (25)
?,(Sun) 4 Feb 2018 (W5),Sevilla FC B (25),0-1,0-0,SD Huesca (25)
?,(Fri) 9 Feb 2018 (W6),Granada CF (26),1-0,1-0,Real Valladolid CF (26)
?,(Sat) 10 Feb 2018 (W6),UD Almería (26),0-1,0-0,CA Osasuna (26)
?,(Sat) 10 Feb 2018 (W6),FC Barcelona B (26),0-1,0-0,AD Alcorcón (26)
?,(Sat) 10 Feb 2018 (W6),Cádiz CF (26),2-1,0-0,Real Oviedo (26)
?,(Sat) 10 Feb 2018 (W6),Sporting Gijón (26),2-0,0-0,CD Numancia (26)
?,(Sun) 11 Feb 2018 (W6),Albacete Balompié (26),0-1,0-1,Gimnàstic Tarragona (26)
?,(Sun) 11 Feb 2018 (W6),SD Huesca (26),1-0,0-0,Cultural Leonesa (26)
?,(Sun) 11 Feb 2018 (W6),CF Reus (26),3-0,0-0,Lorca FC (26)
?,(Sun) 11 Feb 2018 (W6),CD Tenerife (26),5-1,2-1,Córdoba CF (26)
?,(Sun) 11 Feb 2018 (W6),Rayo Vallecano (26),2-0,0-0,Sevilla FC B (26)
?,(Sun) 11 Feb 2018 (W6),Real Zaragoza (26),2-0,1-0,CD Lugo (26)
?,(Fri) 16 Feb 2018 (W7),Real Valladolid CF (27),3-2,2-0,SD Huesca (27)
?,(Sat) 17 Feb 2018 (W7),AD Alcorcón (27),1-1,1-1,CD Tenerife (27)
?,(Sat) 17 Feb 2018 (W7),Gimnàstic Tarragona (27),0-2,0-1,Real Zaragoza (27)
?,(Sat) 17 Feb 2018 (W7),Lorca FC (27),0-0,0-0,Sporting Gijón (27)
?,(Sat) 17 Feb 2018 (W7),CA Osasuna (27),0-0,0-0,CF Reus (27)
?,(Sat) 17 Feb 2018 (W7),Real Oviedo (27),0-0,0-0,Albacete Balompié (27)
?,(Sun) 18 Feb 2018 (W7),Córdoba CF (27),1-2,1-0,Granada CF (27)
?,(Sun) 18 Feb 2018 (W7),Cultural Leonesa (27),2-3,0-2,Rayo Vallecano (27)
?,(Sun) 18 Feb 2018 (W7),CD Lugo (27),1-2,1-0,FC Barcelona B (27)
?,(Sun) 18 Feb 2018 (W7),CD Numancia (27),1-0,0-0,Cádiz CF (27)
?,(Sun) 18 Feb 2018 (W7),Sevilla FC B (27),0-3,0-1,UD Almería (27)
?,(Fri) 23 Feb 2018 (W8),Sporting Gijón (28),2-0,1-0,CA Osasuna (28)
?,(Sat) 24 Feb 2018 (W8),UD Almería (28),2-1,2-0,Cultural Leonesa (28)
?,(Sat) 24 Feb 2018 (W8),FC Barcelona B (28),1-1,0-0,Gimnàstic Tarragona (28)
?,(Sat) 24 Feb 2018 (W8),Cádiz CF (28),0-0,0-0,Lorca FC (28)
?,(Sat) 24 Feb 2018 (W8),Rayo Vallecano (28),3-0,3-0,SD Huesca (28)
?,(Sun) 25 Feb 2018 (W8),Albacete Balompié (28),1-0,1-0,CD Numancia (28)
?,(Sun) 25 Feb 2018 (W8),Córdoba CF (28),2-1,0-1,Real Valladolid CF (28)
?,(Sun) 25 Feb 2018 (W8),Granada CF (28),2-0,0-0,AD Alcorcón (28)
?,(Sun) 25 Feb 2018 (W8),CF Reus (28),2-0,0-0,Sevilla FC B (28)
?,(Sun) 25 Feb 2018 (W8),Real Zaragoza (28),2-1,0-0,Real Oviedo (28)
?,(Mon) 26 Feb 2018 (W9),CD Tenerife (28),3-1,2-1,CD Lugo (28)
?,(Fri) 2 Mar 2018 (W9),Real Oviedo (29),0-0,0-0,FC Barcelona B (29)
?,(Sat) 3 Mar 2018 (W9),Cultural Leonesa (29),2-0,2-0,CF Reus (29)
?,(Sat) 3 Mar 2018 (W9),CD Lugo (29),2-1,1-1,Granada CF (29)
?,(Sat) 3 Mar 2018 (W9),CD Numancia (29),1-2,1-1,Real Zaragoza (29)
?,(Sat) 3 Mar 2018 (W9),CA Osasuna (29),1-0,1-0,Cádiz CF (29)
?,(Sun) 4 Mar 2018 (W9),AD Alcorcón (29),1-2,1-1,Córdoba CF (29)
?,(Sun) 4 Mar 2018 (W9),Gimnàstic Tarragona (29),1-2,1-2,CD Tenerife (29)
?,(Sun) 4 Mar 2018 (W9),SD Huesca (29),2-2,1-1,UD Almería (29)
?,(Sun) 4 Mar 2018 (W9),Lorca FC (29),1-2,1-0,Albacete Balompié (29)
?,(Sun) 4 Mar 2018 (W9),Sevilla FC B (29),0-1,0-1,Sporting Gijón (29)
?,(Sun) 4 Mar 2018 (W9),Real Valladolid CF (29),1-1,0-0,Rayo Vallecano (29)
?,(Fri) 9 Mar 2018 (W10),CD Tenerife (30),3-1,2-0,Real Oviedo (30)
?,(Sat) 10 Mar 2018 (W10),AD Alcorcón (30),0-0,0-0,Real Valladolid CF (30)
?,(Sat) 10 Mar 2018 (W10),UD Almería (30),0-1,0-1,Rayo Vallecano (30)
?,(Sat) 10 Mar 2018 (W10),Cádiz CF (30),4-1,2-0,Sevilla FC B (30)
?,(Sat) 10 Mar 2018 (W10),Granada CF (30),0-1,0-1,Gimnàstic Tarragona (30)
?,(Sun) 11 Mar 2018 (W10),Albacete Balompié (30),0-0,0-0,CA Osasuna (30)
?,(Sun) 11 Mar 2018 (W10),FC Barcelona B (30),2-2,1-0,CD Numancia (30)
?,(Sun) 11 Mar 2018 (W10),Córdoba CF (30),1-0,0-0,CD Lugo (30)
?,(Sun) 11 Mar 2018 (W10),CF Reus (30),0-0,0-0,SD Huesca (30)
?,(Sun) 11 Mar 2018 (W10),Sporting Gijón (30),4-0,1-0,Cultural Leonesa (30)
?,(Sun) 11 Mar 2018 (W10),Real Zaragoza (30),3-1,2-0,Lorca FC (30)
?,(Fri) 16 Mar 2018 (W11),Sevilla FC B (31),1-2,1-1,Albacete Balompié (31)
?,(Sat) 17 Mar 2018 (W11),Cultural Leonesa (31),0-1,0-0,Cádiz CF (31)
?,(Sat) 17 Mar 2018 (W11),Lorca FC (31),1-1,1-0,FC Barcelona B (31)
?,(Sat) 17 Mar 2018 (W11),CD Lugo (31),2-1,0-1,AD Alcorcón (31)
?,(Sat) 17 Mar 2018 (W11),CA Osasuna (31),1-2,0-0,Real Zaragoza (31)
?,(Sun) 18 Mar 2018 (W11),Gimnàstic Tarragona (31),0-2,0-1,Córdoba CF (31)
?,(Sun) 18 Mar 2018 (W11),CD Numancia (31),2-0,0-0,CD Tenerife (31)
?,(Sun) 18 Mar 2018 (W11),Real Oviedo (31),2-1,1-1,Granada CF (31)
?,(Sun) 18 Mar 2018 (W11),Real Valladolid CF (31),2-1,0-1,UD Almería (31)
?,(Sun) 18 Mar 2018 (W11),Rayo Vallecano (31),3-2,2-1,CF Reus (31)
?,(Mon) 19 Mar 2018 (W12),SD Huesca (31),0-2,0-1,Sporting Gijón (31)
?,(Sat) 24 Mar 2018 (W12),Albacete Balompié (32),0-0,0-0,Cultural Leonesa (32)
?,(Sat) 24 Mar 2018 (W12),Córdoba CF (32),1-1,0-1,Real Oviedo (32)
?,(Sat) 24 Mar 2018 (W12),CD Lugo (32),0-0,0-0,Real Valladolid CF (32)
?,(Sat) 24 Mar 2018 (W12),CF Reus (32),1-0,1-0,UD Almería (32)
?,(Sat) 24 Mar 2018 (W12),Sporting Gijón (32),1-0,0-0,Rayo Vallecano (32)
?,(Sun) 25 Mar 2018 (W12),AD Alcorcón (32),1-0,1-0,Gimnàstic Tarragona (32)
?,(Sun) 25 Mar 2018 (W12),FC Barcelona B (32),0-2,0-1,CA Osasuna (32)
?,(Sun) 25 Mar 2018 (W12),Granada CF (32),1-0,0-0,CD Numancia (32)
?,(Sun) 25 Mar 2018 (W12),CD Tenerife (32),2-0,1-0,Lorca FC (32)
?,(Sun) 25 Mar 2018 (W12),Real Zaragoza (32),0-1,0-1,Sevilla FC B (32)
?,(Mon) 26 Mar 2018 (W13),Cádiz CF (32),1-1,0-1,SD Huesca (32)
?,(Sat) 31 Mar 2018 (W13),Cultural Leonesa (33),0-1,0-1,Real Zaragoza (33)
?,(Sat) 31 Mar 2018 (W13),CD Numancia (33),2-1,2-1,Córdoba CF (33)
?,(Sat) 31 Mar 2018 (W13),Real Oviedo (33),0-1,0-0,AD Alcorcón (33)
?,(Sat) 31 Mar 2018 (W13),Real Valladolid CF (33),1-0,1-0,CF Reus (33)
?,(Sun) 1 Apr 2018 (W13),UD Almería (33),1-3,0-1,Sporting Gijón (33)
?,(Sun) 1 Apr 2018 (W13),Gimnàstic Tarragona (33),3-0,1-0,CD Lugo (33)
?,(Sun) 1 Apr 2018 (W13),Lorca FC (33),3-2,1-0,Granada CF (33)
?,(Sun) 1 Apr 2018 (W13),CA Osasuna (33),0-1,0-0,CD Tenerife (33)
?,(Sun) 1 Apr 2018 (W13),Sevilla FC B (33),3-1,0-0,FC Barcelona B (33)
?,(Sun) 1 Apr 2018 (W13),Rayo Vallecano (33),1-1,1-1,Cádiz CF (33)
?,(Fri) 6 Apr 2018 (W14),Cádiz CF (34),0-0,0-0,UD Almería (34)
?,(Sat) 7 Apr 2018 (W14),Albacete Balompié (33),0-1,0-0,Rayo Vallecano (34)
?,(Sat) 7 Apr 2018 (W14),AD Alcorcón (34),0-1,0-0,CD Numancia (34)
?,(Sat) 7 Apr 2018 (W14),FC Barcelona B (34),0-1,0-1,Cultural Leonesa (34)
?,(Sat) 7 Apr 2018 (W14),Granada CF (34),1-1,0-0,CA Osasuna (34)
?,(Sat) 7 Apr 2018 (W14),Real Zaragoza (34),1-0,0-0,SD Huesca (33)
?,(Sun) 8 Apr 2018 (W14),Córdoba CF (34),1-0,0-0,Lorca FC (34)
?,(Sun) 8 Apr 2018 (W14),Gimnàstic Tarragona (34),1-0,0-0,Real Valladolid CF (34)
?,(Sun) 8 Apr 2018 (W14),CD Lugo (34),0-1,0-0,Real Oviedo (34)
?,(Sun) 8 Apr 2018 (W14),Sporting Gijón (34),2-1,2-0,CF Reus (34)
?,(Sun) 8 Apr 2018 (W14),CD Tenerife (34),2-0,0-0,Sevilla FC B (34)
?,(Thu) 12 Apr 2018 (W15),SD Huesca (34),0-0,0-0,Albacete Balompié (34)
?,(Sat) 14 Apr 2018 (W15),Cultural Leonesa (35),3-2,3-1,CD Tenerife (35)
?,(Sat) 14 Apr 2018 (W15),Lorca FC (35),1-1,1-1,AD Alcorcón (35)
?,(Sat) 14 Apr 2018 (W15),CD Numancia (35),2-0,0-0,CD Lugo (35)
?,(Sat) 14 Apr 2018 (W15),CF Reus (35),1-0,0-0,Cádiz CF (35)
?,(Sun) 15 Apr 2018 (W15),UD Almería (35),1-1,0-1,Albacete Balompié (35)
?,(Sun) 15 Apr 2018 (W15),CA Osasuna (35),1-1,0-1,Córdoba CF (35)
?,(Sun) 15 Apr 2018 (W15),Real Oviedo (35),1-0,1-0,Gimnàstic Tarragona (35)
?,(Sun) 15 Apr 2018 (W15),Sevilla FC B (35),0-0,0-0,Granada CF (35)
?,(Sun) 15 Apr 2018 (W15),Real Valladolid CF (35),0-1,0-1,Sporting Gijón (35)
?,(Sun) 15 Apr 2018 (W15),Rayo Vallecano (35),2-1,0-0,Real Zaragoza (35)
?,(Mon) 16 Apr 2018 (W16),SD Huesca (35),2-1,0-0,FC Barcelona B (35)
?,(Fri) 20 Apr 2018 (W16),Córdoba CF (36),3-0,2-0,Sevilla FC B (36)
?,(Fri) 20 Apr 2018 (W16),Real Oviedo (36),1-2,0-0,Real Valladolid CF (36)
?,(Sat) 21 Apr 2018 (W16),Albacete Balompié (36),0-1,0-0,CF Reus (36)
?,(Sat) 21 Apr 2018 (W16),Gimnàstic Tarragona (36),0-0,0-0,CD Numancia (36)
?,(Sat) 21 Apr 2018 (W16),CD Tenerife (36),2-4,2-1,SD Huesca (36)
?,(Sat) 21 Apr 2018 (W16),Real Zaragoza (36),2-1,0-0,UD Almería (36)
?,(Sun) 22 Apr 2018 (W16),AD Alcorcón (36),0-0,0-0,CA Osasuna (36)
?,(Sun) 22 Apr 2018 (W16),FC Barcelona B (36),2-3,0-1,Rayo Vallecano (36)
?,(Sun) 22 Apr 2018 (W16),Cádiz CF (36),0-0,0-0,Sporting Gijón (36)
?,(Sun) 22 Apr 2018 (W16),Granada CF (36),3-3,1-0,Cultural Leonesa (36)
?,(Sun) 22 Apr 2018 (W16),CD Lugo (36),1-1,0-0,Lorca FC (36)
?,(Fri) 27 Apr 2018 (W17),CF Reus (37),1-1,0-1,Real Zaragoza (37)
?,(Sat) 28 Apr 2018 (W17),UD Almería (37),1-0,0-0,FC Barcelona B (37)
?,(Sat) 28 Apr 2018 (W17),SD Huesca (37),2-1,2-1,Granada CF (37)
?,(Sat) 28 Apr 2018 (W17),CA Osasuna (37),1-1,0-0,CD Lugo (37)
?,(Sat) 28 Apr 2018 (W17),Sevilla FC B (37),1-0,0-0,AD Alcorcón (37)
?,(Sat) 28 Apr 2018 (W17),Real Valladolid CF (37),1-1,0-0,Cádiz CF (37)
?,(Sun) 29 Apr 2018 (W17),Cultural Leonesa (37),2-1,1-0,Córdoba CF (37)
?,(Sun) 29 Apr 2018 (W17),Lorca FC (37),1-0,0-0,Gimnàstic Tarragona (37)
?,(Sun) 29 Apr 2018 (W17),CD Numancia (37),3-0,2-0,Real Oviedo (37)
?,(Sun) 29 Apr 2018 (W17),Sporting Gijón (37),2-1,1-1,Albacete Balompié (37)
?,(Sun) 29 Apr 2018 (W17),Rayo Vallecano (37),3-1,1-1,CD Tenerife (37)
?,(Fri) 4 May 2018 (W18),AD Alcorcón (38),0-0,0-0,Cultural Leonesa (38)
?,(Sat) 5 May 2018 (W18),FC Barcelona B (38),0-1,0-1,CF Reus (38)
?,(Sat) 5 May 2018 (W18),Córdoba CF (38),2-4,0-2,SD Huesca (38)
?,(Sat) 5 May 2018 (W18),CD Numancia (38),0-1,0-0,Real Valladolid CF (38)
?,(Sat) 5 May 2018 (W18),CD Tenerife (38),0-0,0-0,UD Almería (38)
?,(Sat) 5 May 2018 (W18),Real Zaragoza (38),2-1,2-0,Sporting Gijón (38)
?,(Sun) 6 May 2018 (W18),Albacete Balompié (38),1-1,1-1,Cádiz CF (38)
?,(Sun) 6 May 2018 (W18),Gimnàstic Tarragona (38),0-2,0-2,CA Osasuna (38)
?,(Sun) 6 May 2018 (W18),CD Lugo (38),1-0,1-0,Sevilla FC B (38)
?,(Sun) 6 May 2018 (W18),Real Oviedo (38),2-0,1-0,Lorca FC (38)
?,(Mon) 7 May 2018 (W19),Granada CF (38),0-2,0-0,Rayo Vallecano (38)
?,(Fri) 11 May 2018 (W19),Lorca FC (39),2-1,1-0,CD Numancia (39)
?,(Sat) 12 May 2018 (W19),CA Osasuna (39),2-1,0-1,Real Oviedo (39)
?,(Sat) 12 May 2018 (W19),CF Reus (39),1-1,1-1,CD Tenerife (39)
?,(Sat) 12 May 2018 (W19),Sporting Gijón (39),2-3,1-2,FC Barcelona B (39)
?,(Sat) 12 May 2018 (W19),Real Valladolid CF (39),3-2,1-1,Albacete Balompié (39)
?,(Sun) 13 May 2018 (W19),UD Almería (39),2-0,1-0,Granada CF (39)
?,(Sun) 13 May 2018 (W19),SD Huesca (39),1-1,0-1,AD Alcorcón (39)
?,(Sun) 13 May 2018 (W19),Cultural Leonesa (39),1-1,1-0,CD Lugo (39)
?,(Sun) 13 May 2018 (W19),Sevilla FC B (39),1-0,0-0,Gimnàstic Tarragona (39)
?,(Sun) 13 May 2018 (W19),Rayo Vallecano (39),1-2,1-0,Córdoba CF (39)
?,(Mon) 14 May 2018 (W20),Cádiz CF (39),2-0,1-0,Real Zaragoza (39)
?,(Fri) 18 May 2018 (W20),CD Tenerife (40),1-0,0-0,Sporting Gijón (40)
?,(Sat) 19 May 2018 (W20),Gimnàstic Tarragona (40),5-3,0-2,Cultural Leonesa (40)
?,(Sat) 19 May 2018 (W20),Granada CF (40),1-0,1-0,CF Reus (40)
?,(Sat) 19 May 2018 (W20),Lorca FC (40),1-5,1-1,Real Valladolid CF (40)
?,(Sat) 19 May 2018 (W20),Real Oviedo (40),2-1,1-0,Sevilla FC B (40)
?,(Sun) 20 May 2018 (W20),AD Alcorcón (40),4-0,1-0,Rayo Vallecano (40)
?,(Sun) 20 May 2018 (W20),FC Barcelona B (40),3-1,3-0,Cádiz CF (40)
?,(Sun) 20 May 2018 (W20),Córdoba CF (40),2-0,1-0,UD Almería (40)
?,(Sun) 20 May 2018 (W20),CD Numancia (40),1-1,0-0,CA Osasuna (40)
?,(Sun) 20 May 2018 (W20),Real Zaragoza (40),4-1,3-1,Albacete Balompié (40)
?,(Mon) 21 May 2018 (W21),CD Lugo (40),0-2,0-2,SD Huesca (40)
?,(Sun) 27 May 2018 (W21),Albacete Balompié (41),0-0,0-0,FC Barcelona B (41)
?,(Sun) 27 May 2018 (W21),UD Almería (41),0-0,0-0,AD Alcorcón (41)
?,(Sun) 27 May 2018 (W21),Cádiz CF (41),1-1,0-0,CD Tenerife (41)
?,(Sun) 27 May 2018 (W21),SD Huesca (41),0-1,0-0,Gimnàstic Tarragona (41)
?,(Sun) 27 May 2018 (W21),Cultural Leonesa (41),2-0,1-0,Real Oviedo (41)
?,(Sun) 27 May 2018 (W21),CA Osasuna (41),1-0,0-0,Lorca FC (41)
?,(Sun) 27 May 2018 (W21),CF Reus (41),1-2,0-1,Córdoba CF (41)
?,(Sun) 27 May 2018 (W21),Sevilla FC B (41),2-1,1-0,CD Numancia (41)
?,(Sun) 27 May 2018 (W21),Sporting Gijón (41),2-1,1-0,Granada CF (41)
?,(Sun) 27 May 2018 (W21),Rayo Vallecano (41),1-0,1-0,CD Lugo (41)
?,(Sun) 27 May 2018 (W21),Real Zaragoza (41),3-2,1-0,Real Valladolid CF (41)
?,(Fri) 1 Jun 2018 (W22),Lorca FC (42),2-1,1-0,Sevilla FC B (42)
?,(Sat) 2 Jun 2018 (W22),AD Alcorcón (42),3-0,2-0,CF Reus (42)
?,(Sat) 2 Jun 2018 (W22),FC Barcelona B (42),0-2,0-1,Real Zaragoza (42)
?,(Sat) 2 Jun 2018 (W22),Córdoba CF (42),3-0,2-0,Sporting Gijón (42)
?,(Sat) 2 Jun 2018 (W22),Gimnàstic Tarragona (42),2-0,2-0,Rayo Vallecano (42)
?,(Sat) 2 Jun 2018 (W22),Granada CF (42),2-1,1-0,Cádiz CF (42)
?,(Sat) 2 Jun 2018 (W22),CD Lugo (42),1-1,0-0,UD Almería (42)
?,(Sat) 2 Jun 2018 (W22),CD Numancia (42),2-1,1-0,Cultural Leonesa (42)
?,(Sat) 2 Jun 2018 (W22),Real Oviedo (42),2-1,1-0,SD Huesca (42)
?,(Sat) 2 Jun 2018 (W22),CD Tenerife (42),1-1,0-1,Albacete Balompié (42)
?,(Sat) 2 Jun 2018 (W22),Real Valladolid CF (42),2-0,1-0,CA Osasuna (42)
