Round,Date,Team 1,FT,HT,Team 2
?,(Sat) 26 Aug 2006 (W34),Valencia CF (1),2-1,1-0,Real Betis (1)
?,(Sun) 27 Aug 2006 (W34),Athletic Club Bilbao (1),1-1,1-0,Real Sociedad (1)
?,(Sun) 27 Aug 2006 (W34),RCD Espanyol (1),0-1,0-0,Gimnàstic Tarragona (1)
?,(Sun) 27 Aug 2006 (W34),RCD La Coruña (1),3-2,2-1,Real Zaragoza (1)
?,(Sun) 27 Aug 2006 (W34),CA Osasuna (1),0-2,0-0,Getafe CF (1)
?,(Sun) 27 Aug 2006 (W34),Real Madrid (1),0-0,0-0,Villarreal CF (1)
?,(Sun) 27 Aug 2006 (W34),Recreativo Huelva (1),1-1,0-0,RCD Mallorca (1)
?,(Sun) 27 Aug 2006 (W34),Real Racing Santander (1),0-1,0-1,Atlético Madrid (1)
?,(Mon) 28 Aug 2006 (W35),RC Celta Vigo (1),2-3,1-0,FC Barcelona (1)
?,(Tue) 29 Aug 2006 (W35),Sevilla FC (1),4-0,2-0,Levante UD (1)
?,(Sat) 9 Sep 2006 (W36),Atlético Madrid (2),0-1,0-1,Valencia CF (2)
?,(Sat) 9 Sep 2006 (W36),FC Barcelona (2),3-0,3-0,CA Osasuna (2)
?,(Sun) 10 Sep 2006 (W36),Real Betis (2),3-0,2-0,Athletic Club Bilbao (2)
?,(Sun) 10 Sep 2006 (W36),Getafe CF (2),1-0,0-0,Real Racing Santander (2)
?,(Sun) 10 Sep 2006 (W36),Gimnàstic Tarragona (2),1-2,0-0,RC Celta Vigo (2)
?,(Sun) 10 Sep 2006 (W36),Levante UD (2),1-4,1-2,Real Madrid (2)
?,(Sun) 10 Sep 2006 (W36),RCD Mallorca (2),0-0,0-0,RCD La Coruña (2)
?,(Sun) 10 Sep 2006 (W36),Real Sociedad (2),1-3,0-1,Sevilla FC (2)
?,(Sun) 10 Sep 2006 (W36),Villarreal CF (2),0-1,0-0,Recreativo Huelva (2)
?,(Sun) 10 Sep 2006 (W36),Real Zaragoza (2),3-0,1-0,RCD Espanyol (2)
?,(Sat) 16 Sep 2006 (W37),RCD La Coruña (3),2-0,1-0,Villarreal CF (3)
?,(Sun) 17 Sep 2006 (W37),Athletic Club Bilbao (3),1-4,0-2,Atlético Madrid (3)
?,(Sun) 17 Sep 2006 (W37),RCD Espanyol (3),2-1,0-0,RC Celta Vigo (3)
?,(Sun) 17 Sep 2006 (W37),CA Osasuna (3),2-0,1-0,Gimnàstic Tarragona (3)
?,(Sun) 17 Sep 2006 (W37),Real Madrid (3),2-0,0-0,Real Sociedad (3)
?,(Sun) 17 Sep 2006 (W37),Recreativo Huelva (3),0-1,0-0,Levante UD (3)
?,(Sun) 17 Sep 2006 (W37),Real Racing Santander (3),0-3,0-1,FC Barcelona (3)
?,(Sun) 17 Sep 2006 (W37),Sevilla FC (3),3-2,1-1,Real Betis (3)
?,(Sun) 17 Sep 2006 (W37),Valencia CF (3),2-0,1-0,Getafe CF (3)
?,(Sun) 17 Sep 2006 (W37),Real Zaragoza (3),2-0,0-0,RCD Mallorca (3)
?,(Sat) 23 Sep 2006 (W38),Real Betis (4),0-1,0-1,Real Madrid (4)
?,(Sun) 24 Sep 2006 (W38),Atlético Madrid (4),2-1,0-1,Sevilla FC (4)
?,(Sun) 24 Sep 2006 (W38),FC Barcelona (4),1-1,0-1,Valencia CF (4)
?,(Sun) 24 Sep 2006 (W38),RC Celta Vigo (4),0-2,0-1,CA Osasuna (4)
?,(Sun) 24 Sep 2006 (W38),Getafe CF (4),0-0,0-0,Athletic Club Bilbao (4)
?,(Sun) 24 Sep 2006 (W38),Gimnàstic Tarragona (4),2-2,1-0,Real Racing Santander (4)
?,(Sun) 24 Sep 2006 (W38),Levante UD (4),2-0,1-0,RCD La Coruña (4)
?,(Sun) 24 Sep 2006 (W38),RCD Mallorca (4),1-0,0-0,RCD Espanyol (4)
?,(Sun) 24 Sep 2006 (W38),Real Sociedad (4),2-3,0-1,Recreativo Huelva (4)
?,(Sun) 24 Sep 2006 (W38),Villarreal CF (4),3-2,0-1,Real Zaragoza (4)
?,(Sat) 30 Sep 2006 (W39),Athletic Club Bilbao (5),1-3,1-1,FC Barcelona (5)
?,(Sun) 1 Oct 2006 (W39),RCD Espanyol (5),0-0,0-0,CA Osasuna (5)
?,(Sun) 1 Oct 2006 (W39),RCD La Coruña (5),2-0,0-0,Real Sociedad (5)
?,(Sun) 1 Oct 2006 (W39),RCD Mallorca (5),1-2,0-2,Villarreal CF (5)
?,(Sun) 1 Oct 2006 (W39),Real Madrid (5),1-1,1-1,Atlético Madrid (5)
?,(Sun) 1 Oct 2006 (W39),Recreativo Huelva (5),2-0,0-0,Real Betis (5)
?,(Sun) 1 Oct 2006 (W39),Real Racing Santander (5),1-1,1-0,RC Celta Vigo (5)
?,(Sun) 1 Oct 2006 (W39),Sevilla FC (5),1-0,1-0,Getafe CF (5)
?,(Sun) 1 Oct 2006 (W39),Valencia CF (5),4-0,1-0,Gimnàstic Tarragona (5)
?,(Sun) 1 Oct 2006 (W39),Real Zaragoza (5),2-2,0-2,Levante UD (5)
?,(Sat) 14 Oct 2006 (W41),Atlético Madrid (6),2-1,0-0,Recreativo Huelva (6)
?,(Sat) 14 Oct 2006 (W41),Getafe CF (6),1-0,0-0,Real Madrid (6)
?,(Sun) 15 Oct 2006 (W41),FC Barcelona (6),3-1,2-1,Sevilla FC (6)
?,(Sun) 15 Oct 2006 (W41),Real Betis (6),1-1,0-0,RCD La Coruña (6)
?,(Sun) 15 Oct 2006 (W41),RC Celta Vigo (6),3-2,1-1,Valencia CF (6)
?,(Sun) 15 Oct 2006 (W41),Gimnàstic Tarragona (6),2-3,0-2,Athletic Club Bilbao (6)
?,(Sun) 15 Oct 2006 (W41),Levante UD (6),0-1,0-1,RCD Mallorca (6)
?,(Sun) 15 Oct 2006 (W41),CA Osasuna (6),0-1,0-0,Real Racing Santander (6)
?,(Sun) 15 Oct 2006 (W41),Real Sociedad (6),1-3,1-1,Real Zaragoza (6)
?,(Sun) 15 Oct 2006 (W41),Villarreal CF (6),0-0,0-0,RCD Espanyol (6)
?,(Sat) 21 Oct 2006 (W42),RCD La Coruña (7),1-0,0-0,Atlético Madrid (7)
?,(Sat) 21 Oct 2006 (W42),Villarreal CF (7),1-1,0-0,Levante UD (7)
?,(Sat) 21 Oct 2006 (W42),Real Zaragoza (7),2-1,2-0,Real Betis (7)
?,(Sun) 22 Oct 2006 (W42),Athletic Club Bilbao (7),0-1,0-1,RC Celta Vigo (7)
?,(Sun) 22 Oct 2006 (W42),RCD Espanyol (7),2-2,1-1,Real Racing Santander (7)
?,(Sun) 22 Oct 2006 (W42),RCD Mallorca (7),0-0,0-0,Real Sociedad (7)
?,(Sun) 22 Oct 2006 (W42),Real Madrid (7),2-0,1-0,FC Barcelona (7)
?,(Sun) 22 Oct 2006 (W42),Recreativo Huelva (7),1-2,0-1,Getafe CF (7)
?,(Sun) 22 Oct 2006 (W42),Sevilla FC (7),2-1,2-0,Gimnàstic Tarragona (7)
?,(Sun) 22 Oct 2006 (W42),Valencia CF (7),1-0,1-0,CA Osasuna (7)
?,(Sat) 28 Oct 2006 (W43),FC Barcelona (8),3-0,1-0,Recreativo Huelva (8)
?,(Sat) 28 Oct 2006 (W43),Gimnàstic Tarragona (8),1-3,1-1,Real Madrid (8)
?,(Sat) 28 Oct 2006 (W43),Real Racing Santander (8),1-0,0-0,Valencia CF (8)
?,(Sun) 29 Oct 2006 (W43),Atlético Madrid (8),0-1,0-0,Real Zaragoza (8)
?,(Sun) 29 Oct 2006 (W43),Real Betis (8),0-1,0-0,RCD Mallorca (8)
?,(Sun) 29 Oct 2006 (W43),RC Celta Vigo (8),1-2,1-1,Sevilla FC (8)
?,(Sun) 29 Oct 2006 (W43),Getafe CF (8),2-0,1-0,RCD La Coruña (8)
?,(Sun) 29 Oct 2006 (W43),Levante UD (8),0-0,0-0,RCD Espanyol (8)
?,(Sun) 29 Oct 2006 (W43),CA Osasuna (8),1-1,0-1,Athletic Club Bilbao (8)
?,(Sun) 29 Oct 2006 (W43),Real Sociedad (8),0-1,0-0,Villarreal CF (8)
?,(Sat) 4 Nov 2006 (W44),RCD La Coruña (9),1-1,0-1,FC Barcelona (9)
?,(Sat) 4 Nov 2006 (W44),Levante UD (9),2-0,1-0,Real Sociedad (9)
?,(Sat) 4 Nov 2006 (W44),RCD Mallorca (9),0-0,0-0,Atlético Madrid (9)
?,(Sun) 5 Nov 2006 (W44),Athletic Club Bilbao (9),0-0,0-0,Real Racing Santander (9)
?,(Sun) 5 Nov 2006 (W44),RCD Espanyol (9),1-1,1-1,Valencia CF (9)
?,(Sun) 5 Nov 2006 (W44),Real Madrid (9),1-2,1-1,RC Celta Vigo (9)
?,(Sun) 5 Nov 2006 (W44),Recreativo Huelva (9),2-1,1-1,Gimnàstic Tarragona (9)
?,(Sun) 5 Nov 2006 (W44),Sevilla FC (9),2-0,0-0,CA Osasuna (9)
?,(Sun) 5 Nov 2006 (W44),Villarreal CF (9),3-2,1-1,Real Betis (9)
?,(Sun) 5 Nov 2006 (W44),Real Zaragoza (9),3-1,1-0,Getafe CF (9)
?,(Sat) 11 Nov 2006 (W45),Atlético Madrid (10),3-1,2-1,Villarreal CF (10)
?,(Sat) 11 Nov 2006 (W45),Valencia CF (10),1-1,1-0,Athletic Club Bilbao (10)
?,(Sun) 12 Nov 2006 (W45),FC Barcelona (10),3-1,1-1,Real Zaragoza (10)
?,(Sun) 12 Nov 2006 (W45),Real Betis (10),2-1,1-0,Levante UD (10)
?,(Sun) 12 Nov 2006 (W45),RC Celta Vigo (10),1-2,0-0,Recreativo Huelva (10)
?,(Sun) 12 Nov 2006 (W45),Getafe CF (10),1-0,0-0,RCD Mallorca (10)
?,(Sun) 12 Nov 2006 (W45),Gimnàstic Tarragona (10),0-0,0-0,RCD La Coruña (10)
?,(Sun) 12 Nov 2006 (W45),CA Osasuna (10),1-4,0-3,Real Madrid (10)
?,(Sun) 12 Nov 2006 (W45),Real Racing Santander (10),0-0,0-0,Sevilla FC (10)
?,(Sun) 12 Nov 2006 (W45),Real Sociedad (10),1-1,1-0,RCD Espanyol (10)
?,(Sat) 18 Nov 2006 (W46),Real Madrid (11),3-1,1-0,Real Racing Santander (11)
?,(Sat) 18 Nov 2006 (W46),Sevilla FC (11),3-0,1-0,Valencia CF (11)
?,(Sun) 19 Nov 2006 (W46),RCD Espanyol (11),3-2,0-0,Athletic Club Bilbao (11)
?,(Sun) 19 Nov 2006 (W46),RCD La Coruña (11),0-1,0-0,RC Celta Vigo (11)
?,(Sun) 19 Nov 2006 (W46),Levante UD (11),0-3,0-1,Atlético Madrid (11)
?,(Sun) 19 Nov 2006 (W46),RCD Mallorca (11),1-4,0-1,FC Barcelona (11)
?,(Sun) 19 Nov 2006 (W46),Recreativo Huelva (11),2-0,1-0,CA Osasuna (11)
?,(Sun) 19 Nov 2006 (W46),Real Sociedad (11),0-0,0-0,Real Betis (11)
?,(Sun) 19 Nov 2006 (W46),Villarreal CF (11),1-0,0-0,Getafe CF (11)
?,(Sun) 19 Nov 2006 (W46),Real Zaragoza (11),3-0,0-0,Gimnàstic Tarragona (11)
?,(Sat) 25 Nov 2006 (W47),Atlético Madrid (12),1-1,0-1,Real Sociedad (12)
?,(Sat) 25 Nov 2006 (W47),FC Barcelona (12),4-0,1-0,Villarreal CF (12)
?,(Sun) 26 Nov 2006 (W47),Athletic Club Bilbao (12),1-3,0-2,Sevilla FC (12)
?,(Sun) 26 Nov 2006 (W47),Real Betis (12),1-1,1-0,RCD Espanyol (12)
?,(Sun) 26 Nov 2006 (W47),RC Celta Vigo (12),1-1,0-1,Real Zaragoza (12)
?,(Sun) 26 Nov 2006 (W47),Getafe CF (12),0-0,0-0,Levante UD (12)
?,(Sun) 26 Nov 2006 (W47),Gimnàstic Tarragona (12),2-3,1-0,RCD Mallorca (12)
?,(Sun) 26 Nov 2006 (W47),CA Osasuna (12),4-1,2-1,RCD La Coruña (12)
?,(Sun) 26 Nov 2006 (W47),Real Racing Santander (12),4-3,3-1,Recreativo Huelva (12)
?,(Sun) 26 Nov 2006 (W47),Valencia CF (12),0-1,0-0,Real Madrid (12)
?,(Sat) 2 Dec 2006 (W48),Real Betis (13),0-1,0-1,Atlético Madrid (13)
?,(Sat) 2 Dec 2006 (W48),Levante UD (13),1-1,0-1,FC Barcelona (13)
?,(Sat) 2 Dec 2006 (W48),Recreativo Huelva (13),2-0,1-0,Valencia CF (13)
?,(Sun) 3 Dec 2006 (W48),RCD Espanyol (13),2-1,0-1,Sevilla FC (13)
?,(Sun) 3 Dec 2006 (W48),RCD La Coruña (13),0-0,0-0,Real Racing Santander (13)
?,(Sun) 3 Dec 2006 (W48),RCD Mallorca (13),2-2,1-0,RC Celta Vigo (13)
?,(Sun) 3 Dec 2006 (W48),Real Madrid (13),2-1,0-1,Athletic Club Bilbao (13)
?,(Sun) 3 Dec 2006 (W48),Real Sociedad (13),0-0,0-0,Getafe CF (13)
?,(Sun) 3 Dec 2006 (W48),Villarreal CF (13),2-0,2-0,Gimnàstic Tarragona (13)
?,(Sun) 3 Dec 2006 (W48),Real Zaragoza (13),1-2,1-0,CA Osasuna (13)
?,(Sat) 9 Dec 2006 (W49),FC Barcelona (14),1-0,0-0,Real Sociedad (14)
?,(Sat) 9 Dec 2006 (W49),Sevilla FC (14),2-1,1-1,Real Madrid (14)
?,(Sun) 10 Dec 2006 (W49),Athletic Club Bilbao (14),4-2,3-0,Recreativo Huelva (14)
?,(Sun) 10 Dec 2006 (W49),Atlético Madrid (14),1-2,0-1,RCD Espanyol (14)
?,(Sun) 10 Dec 2006 (W49),RC Celta Vigo (14),1-1,1-0,Villarreal CF (14)
?,(Sun) 10 Dec 2006 (W49),Getafe CF (14),1-1,0-0,Real Betis (14)
?,(Sun) 10 Dec 2006 (W49),Gimnàstic Tarragona (14),2-1,1-1,Levante UD (14)
?,(Sun) 10 Dec 2006 (W49),CA Osasuna (14),3-0,0-0,RCD Mallorca (14)
?,(Sun) 10 Dec 2006 (W49),Real Racing Santander (14),0-2,0-0,Real Zaragoza (14)
?,(Sun) 10 Dec 2006 (W49),Valencia CF (14),4-0,2-0,RCD La Coruña (14)
?,(Sat) 16 Dec 2006 (W50),RCD La Coruña (15),0-2,0-1,Athletic Club Bilbao (15)
?,(Sat) 16 Dec 2006 (W50),RCD Mallorca (15),1-2,1-0,Real Racing Santander (15)
?,(Sat) 16 Dec 2006 (W50),Real Zaragoza (15),0-1,0-1,Valencia CF (15)
?,(Sun) 17 Dec 2006 (W50),Atlético Madrid (15),1-0,1-0,Getafe CF (15)
?,(Sun) 17 Dec 2006 (W50),RCD Espanyol (15),0-1,0-0,Real Madrid (15)
?,(Sun) 17 Dec 2006 (W50),Levante UD (15),1-1,0-1,RC Celta Vigo (15)
?,(Sun) 17 Dec 2006 (W50),Recreativo Huelva (15),1-3,1-2,Sevilla FC (15)
?,(Sun) 17 Dec 2006 (W50),Real Sociedad (15),3-2,0-1,Gimnàstic Tarragona (15)
?,(Sun) 17 Dec 2006 (W50),Villarreal CF (15),1-4,0-2,CA Osasuna (15)
?,(Tue) 19 Dec 2006 (W51),Athletic Club Bilbao (16),0-0,0-0,Real Zaragoza (16)
?,(Tue) 19 Dec 2006 (W51),Valencia CF (16),3-1,1-0,RCD Mallorca (16)
?,(Wed) 20 Dec 2006 (W51),RC Celta Vigo (16),0-0,0-0,Real Sociedad (16)
?,(Wed) 20 Dec 2006 (W51),Getafe CF (16),0-1,0-0,RCD Espanyol (16)
?,(Wed) 20 Dec 2006 (W51),Gimnàstic Tarragona (16),0-1,0-0,Real Betis (15)
?,(Wed) 20 Dec 2006 (W51),CA Osasuna (16),2-1,0-0,Levante UD (16)
?,(Wed) 20 Dec 2006 (W51),Real Madrid (16),0-3,0-1,Recreativo Huelva (16)
?,(Wed) 20 Dec 2006 (W51),Real Racing Santander (16),2-1,0-0,Villarreal CF (16)
?,(Wed) 20 Dec 2006 (W51),Sevilla FC (16),4-0,1-0,RCD La Coruña (16)
?,(Thu) 21 Dec 2006 (W51),FC Barcelona (15),1-1,1-0,Atlético Madrid (16)
?,(Sat) 6 Jan 2007 (W1),Atlético Madrid (17),0-0,0-0,Gimnàstic Tarragona (17)
?,(Sat) 6 Jan 2007 (W1),Real Sociedad (17),2-1,1-0,CA Osasuna (17)
?,(Sat) 6 Jan 2007 (W1),Real Zaragoza (17),2-1,1-0,Sevilla FC (17)
?,(Sun) 7 Jan 2007 (W1),Real Betis (16),1-0,0-0,RC Celta Vigo (17)
?,(Sun) 7 Jan 2007 (W1),RCD Espanyol (17),0-1,0-0,Recreativo Huelva (17)
?,(Sun) 7 Jan 2007 (W1),Getafe CF (17),1-1,0-0,FC Barcelona (16)
?,(Sun) 7 Jan 2007 (W1),RCD La Coruña (17),2-0,1-0,Real Madrid (17)
?,(Sun) 7 Jan 2007 (W1),Levante UD (17),2-0,0-0,Real Racing Santander (17)
?,(Sun) 7 Jan 2007 (W1),RCD Mallorca (17),1-3,0-1,Athletic Club Bilbao (17)
?,(Sun) 7 Jan 2007 (W1),Villarreal CF (17),0-1,0-0,Valencia CF (17)
?,(Sat) 13 Jan 2007 (W2),RCD Espanyol (18),3-1,1-0,FC Barcelona (17)
?,(Sat) 13 Jan 2007 (W2),Valencia CF (18),3-0,0-0,Levante UD (18)
?,(Sun) 14 Jan 2007 (W2),Athletic Club Bilbao (18),0-1,0-0,Villarreal CF (18)
?,(Sun) 14 Jan 2007 (W2),RC Celta Vigo (18),1-3,0-2,Atlético Madrid (18)
?,(Sun) 14 Jan 2007 (W2),Gimnàstic Tarragona (18),1-3,0-2,Getafe CF (18)
?,(Sun) 14 Jan 2007 (W2),CA Osasuna (18),5-1,2-1,Real Betis (17)
?,(Sun) 14 Jan 2007 (W2),Real Madrid (18),1-0,1-0,Real Zaragoza (18)
?,(Sun) 14 Jan 2007 (W2),Recreativo Huelva (18),1-1,1-1,RCD La Coruña (18)
?,(Sun) 14 Jan 2007 (W2),Real Racing Santander (18),1-0,0-0,Real Sociedad (18)
?,(Sun) 14 Jan 2007 (W2),Sevilla FC (18),1-2,1-0,RCD Mallorca (18)
?,(Sat) 20 Jan 2007 (W3),Atlético Madrid (19),1-0,0-0,CA Osasuna (19)
?,(Sat) 20 Jan 2007 (W3),Villarreal CF (19),0-0,0-0,Sevilla FC (19)
?,(Sun) 21 Jan 2007 (W3),FC Barcelona (18),3-0,1-0,Gimnàstic Tarragona (19)
?,(Sun) 21 Jan 2007 (W3),Real Betis (18),1-1,0-0,Real Racing Santander (19)
?,(Sun) 21 Jan 2007 (W3),Getafe CF (19),1-0,1-0,RC Celta Vigo (19)
?,(Sun) 21 Jan 2007 (W3),RCD La Coruña (19),0-0,0-0,RCD Espanyol (19)
?,(Sun) 21 Jan 2007 (W3),Levante UD (19),0-0,0-0,Athletic Club Bilbao (19)
?,(Sun) 21 Jan 2007 (W3),RCD Mallorca (19),0-1,0-0,Real Madrid (19)
?,(Sun) 21 Jan 2007 (W3),Real Sociedad (19),0-1,0-1,Valencia CF (19)
?,(Sun) 21 Jan 2007 (W3),Real Zaragoza (19),0-0,0-0,Recreativo Huelva (19)
?,(Wed) 24 Jan 2007 (W4),Real Betis (19),1-1,1-0,FC Barcelona (19)
?,(Sat) 27 Jan 2007 (W4),Atlético Madrid (20),1-1,0-0,Real Racing Santander (20)
?,(Sat) 27 Jan 2007 (W4),Villarreal CF (20),1-0,0-0,Real Madrid (20)
?,(Sun) 28 Jan 2007 (W4),FC Barcelona (20),3-1,1-0,RC Celta Vigo (20)
?,(Sun) 28 Jan 2007 (W4),Real Betis (20),2-1,1-1,Valencia CF (20)
?,(Sun) 28 Jan 2007 (W4),Getafe CF (20),2-0,2-0,CA Osasuna (20)
?,(Sun) 28 Jan 2007 (W4),Gimnàstic Tarragona (20),4-0,4-0,RCD Espanyol (20)
?,(Sun) 28 Jan 2007 (W4),Levante UD (20),2-4,0-1,Sevilla FC (20)
?,(Sun) 28 Jan 2007 (W4),RCD Mallorca (20),2-1,2-0,Recreativo Huelva (20)
?,(Sun) 28 Jan 2007 (W4),Real Sociedad (20),0-2,0-1,Athletic Club Bilbao (20)
?,(Sun) 28 Jan 2007 (W4),Real Zaragoza (20),1-1,0-1,RCD La Coruña (20)
?,(Sat) 3 Feb 2007 (W5),RCD Espanyol (21),1-2,0-0,Real Zaragoza (21)
?,(Sat) 3 Feb 2007 (W5),RCD La Coruña (21),1-0,1-0,RCD Mallorca (21)
?,(Sat) 3 Feb 2007 (W5),Valencia CF (21),3-1,1-0,Atlético Madrid (21)
?,(Sun) 4 Feb 2007 (W5),Athletic Club Bilbao (21),1-2,0-1,Real Betis (21)
?,(Sun) 4 Feb 2007 (W5),RC Celta Vigo (21),1-1,0-0,Gimnàstic Tarragona (21)
?,(Sun) 4 Feb 2007 (W5),CA Osasuna (21),0-0,0-0,FC Barcelona (21)
?,(Sun) 4 Feb 2007 (W5),Real Madrid (21),0-1,0-1,Levante UD (21)
?,(Sun) 4 Feb 2007 (W5),Recreativo Huelva (21),2-1,1-0,Villarreal CF (21)
?,(Sun) 4 Feb 2007 (W5),Real Racing Santander (21),1-0,1-0,Getafe CF (21)
?,(Sun) 4 Feb 2007 (W5),Sevilla FC (21),0-0,0-0,Real Sociedad (21)
?,(Sat) 10 Feb 2007 (W6),Real Betis (22),0-0,0-0,Sevilla FC (22)
?,(Sat) 10 Feb 2007 (W6),Real Sociedad (22),1-2,1-1,Real Madrid (22)
?,(Sun) 11 Feb 2007 (W6),Atlético Madrid (22),1-0,0-0,Athletic Club Bilbao (22)
?,(Sun) 11 Feb 2007 (W6),FC Barcelona (22),2-0,0-0,Real Racing Santander (22)
?,(Sun) 11 Feb 2007 (W6),RC Celta Vigo (22),0-2,0-1,RCD Espanyol (22)
?,(Sun) 11 Feb 2007 (W6),Getafe CF (22),3-0,0-0,Valencia CF (22)
?,(Sun) 11 Feb 2007 (W6),Gimnàstic Tarragona (22),2-3,1-1,CA Osasuna (22)
?,(Sun) 11 Feb 2007 (W6),Levante UD (22),2-1,2-0,Recreativo Huelva (22)
?,(Sun) 11 Feb 2007 (W6),RCD Mallorca (22),2-1,0-0,Real Zaragoza (22)
?,(Sun) 11 Feb 2007 (W6),Villarreal CF (22),0-2,0-1,RCD La Coruña (22)
?,(Sat) 17 Feb 2007 (W7),Real Madrid (23),0-0,0-0,Real Betis (23)
?,(Sat) 17 Feb 2007 (W7),Real Zaragoza (23),1-0,1-0,Villarreal CF (23)
?,(Sun) 18 Feb 2007 (W7),Athletic Club Bilbao (23),2-0,1-0,Getafe CF (23)
?,(Sun) 18 Feb 2007 (W7),RCD Espanyol (23),3-1,1-1,RCD Mallorca (23)
?,(Sun) 18 Feb 2007 (W7),RCD La Coruña (23),0-0,0-0,Levante UD (23)
?,(Sun) 18 Feb 2007 (W7),CA Osasuna (23),0-1,0-1,RC Celta Vigo (23)
?,(Sun) 18 Feb 2007 (W7),Recreativo Huelva (23),1-0,0-0,Real Sociedad (23)
?,(Sun) 18 Feb 2007 (W7),Real Racing Santander (23),4-1,0-0,Gimnàstic Tarragona (23)
?,(Sun) 18 Feb 2007 (W7),Sevilla FC (23),3-1,2-0,Atlético Madrid (23)
?,(Sun) 18 Feb 2007 (W7),Valencia CF (23),2-1,0-0,FC Barcelona (23)
?,(Sat) 24 Feb 2007 (W8),Atlético Madrid (24),1-1,1-0,Real Madrid (24)
?,(Sat) 24 Feb 2007 (W8),Real Sociedad (24),0-1,0-1,RCD La Coruña (24)
?,(Sun) 25 Feb 2007 (W8),FC Barcelona (24),3-0,3-0,Athletic Club Bilbao (24)
?,(Sun) 25 Feb 2007 (W8),Real Betis (24),0-0,0-0,Recreativo Huelva (24)
?,(Sun) 25 Feb 2007 (W8),RC Celta Vigo (24),2-2,2-0,Real Racing Santander (24)
?,(Sun) 25 Feb 2007 (W8),Getafe CF (24),0-0,0-0,Sevilla FC (24)
?,(Sun) 25 Feb 2007 (W8),Gimnàstic Tarragona (24),1-1,0-0,Valencia CF (24)
?,(Sun) 25 Feb 2007 (W8),Levante UD (24),0-0,0-0,Real Zaragoza (24)
?,(Sun) 25 Feb 2007 (W8),CA Osasuna (24),0-2,0-1,RCD Espanyol (24)
?,(Sun) 25 Feb 2007 (W8),Villarreal CF (24),2-1,1-1,RCD Mallorca (24)
?,(Sat) 3 Mar 2007 (W9),Sevilla FC (25),2-1,1-1,FC Barcelona (25)
?,(Sat) 3 Mar 2007 (W9),Valencia CF (25),1-0,0-0,RC Celta Vigo (25)
?,(Sun) 4 Mar 2007 (W9),Athletic Club Bilbao (25),0-2,0-1,Gimnàstic Tarragona (25)
?,(Sun) 4 Mar 2007 (W9),RCD Espanyol (25),1-1,1-0,Villarreal CF (25)
?,(Sun) 4 Mar 2007 (W9),RCD La Coruña (25),0-1,0-0,Real Betis (25)
?,(Sun) 4 Mar 2007 (W9),RCD Mallorca (25),3-1,0-0,Levante UD (25)
?,(Sun) 4 Mar 2007 (W9),Real Madrid (25),1-1,1-1,Getafe CF (25)
?,(Sun) 4 Mar 2007 (W9),Recreativo Huelva (25),1-0,1-0,Atlético Madrid (25)
?,(Sun) 4 Mar 2007 (W9),Real Racing Santander (25),1-0,0-0,CA Osasuna (25)
?,(Sun) 4 Mar 2007 (W9),Real Zaragoza (25),3-2,0-1,Real Sociedad (25)
?,(Sat) 10 Mar 2007 (W10),FC Barcelona (26),3-3,2-2,Real Madrid (26)
?,(Sat) 10 Mar 2007 (W10),Levante UD (26),0-2,0-1,Villarreal CF (26)
?,(Sun) 11 Mar 2007 (W10),Atlético Madrid (26),2-0,1-0,RCD La Coruña (26)
?,(Sun) 11 Mar 2007 (W10),Real Betis (26),1-1,1-1,Real Zaragoza (26)
?,(Sun) 11 Mar 2007 (W10),RC Celta Vigo (26),1-1,1-0,Athletic Club Bilbao (26)
?,(Sun) 11 Mar 2007 (W10),Getafe CF (26),1-1,1-1,Recreativo Huelva (26)
?,(Sun) 11 Mar 2007 (W10),Gimnàstic Tarragona (26),1-0,0-0,Sevilla FC (26)
?,(Sun) 11 Mar 2007 (W10),CA Osasuna (26),1-1,1-0,Valencia CF (26)
?,(Sun) 11 Mar 2007 (W10),Real Racing Santander (26),1-1,1-1,RCD Espanyol (26)
?,(Sun) 11 Mar 2007 (W10),Real Sociedad (26),3-1,2-1,RCD Mallorca (26)
?,(Sat) 17 Mar 2007 (W11),Athletic Club Bilbao (27),0-3,0-1,CA Osasuna (27)
?,(Sat) 17 Mar 2007 (W11),RCD Mallorca (27),2-0,2-0,Real Betis (27)
?,(Sat) 17 Mar 2007 (W11),Recreativo Huelva (27),0-4,0-3,FC Barcelona (27)
?,(Sat) 17 Mar 2007 (W11),Valencia CF (27),0-2,0-1,Real Racing Santander (27)
?,(Sun) 18 Mar 2007 (W11),RCD Espanyol (27),1-1,1-1,Levante UD (27)
?,(Sun) 18 Mar 2007 (W11),RCD La Coruña (27),1-0,0-0,Getafe CF (27)
?,(Sun) 18 Mar 2007 (W11),Real Madrid (27),2-0,0-0,Gimnàstic Tarragona (27)
?,(Sun) 18 Mar 2007 (W11),Sevilla FC (27),2-0,0-0,RC Celta Vigo (27)
?,(Sun) 18 Mar 2007 (W11),Villarreal CF (27),1-1,0-1,Real Sociedad (27)
?,(Sun) 18 Mar 2007 (W11),Real Zaragoza (27),1-0,1-0,Atlético Madrid (27)
?,(Sat) 31 Mar 2007 (W13),FC Barcelona (28),2-1,1-0,RCD La Coruña (28)
?,(Sat) 31 Mar 2007 (W13),Real Betis (28),3-3,1-1,Villarreal CF (28)
?,(Sat) 31 Mar 2007 (W13),Real Sociedad (28),1-0,1-0,Levante UD (28)
?,(Sat) 31 Mar 2007 (W13),Valencia CF (28),3-2,2-1,RCD Espanyol (28)
?,(Sun) 1 Apr 2007 (W13),Atlético Madrid (28),1-1,1-0,RCD Mallorca (28)
?,(Sun) 1 Apr 2007 (W13),RC Celta Vigo (28),1-2,1-1,Real Madrid (28)
?,(Sun) 1 Apr 2007 (W13),Getafe CF (28),2-2,1-2,Real Zaragoza (28)
?,(Sun) 1 Apr 2007 (W13),Gimnàstic Tarragona (28),1-1,1-1,Recreativo Huelva (28)
?,(Sun) 1 Apr 2007 (W13),CA Osasuna (28),0-0,0-0,Sevilla FC (28)
?,(Sun) 1 Apr 2007 (W13),Real Racing Santander (28),5-4,0-1,Athletic Club Bilbao (28)
?,(Sat) 7 Apr 2007 (W14),Athletic Club Bilbao (29),1-0,1-0,Valencia CF (29)
?,(Sat) 7 Apr 2007 (W14),Real Zaragoza (29),1-0,0-0,FC Barcelona (29)
?,(Sun) 8 Apr 2007 (W14),RCD Espanyol (29),1-0,0-0,Real Sociedad (29)
?,(Sun) 8 Apr 2007 (W14),RCD La Coruña (29),1-0,0-0,Gimnàstic Tarragona (29)
?,(Sun) 8 Apr 2007 (W14),Levante UD (29),1-1,1-0,Real Betis (29)
?,(Sun) 8 Apr 2007 (W14),RCD Mallorca (29),2-0,0-0,Getafe CF (29)
?,(Sun) 8 Apr 2007 (W14),Real Madrid (29),2-0,1-0,CA Osasuna (29)
?,(Sun) 8 Apr 2007 (W14),Recreativo Huelva (29),4-2,1-0,RC Celta Vigo (29)
?,(Sun) 8 Apr 2007 (W14),Sevilla FC (29),0-0,0-0,Real Racing Santander (29)
?,(Sun) 8 Apr 2007 (W14),Villarreal CF (29),0-1,0-1,Atlético Madrid (29)
?,(Sat) 14 Apr 2007 (W15),Real Betis (30),0-1,0-1,Real Sociedad (30)
?,(Sat) 14 Apr 2007 (W15),Real Racing Santander (30),2-1,0-1,Real Madrid (30)
?,(Sun) 15 Apr 2007 (W15),Athletic Club Bilbao (30),2-1,0-1,RCD Espanyol (30)
?,(Sun) 15 Apr 2007 (W15),Atlético Madrid (30),1-0,0-0,Levante UD (30)
?,(Sun) 15 Apr 2007 (W15),FC Barcelona (30),1-0,0-0,RCD Mallorca (30)
?,(Sun) 15 Apr 2007 (W15),RC Celta Vigo (30),1-0,0-0,RCD La Coruña (30)
?,(Sun) 15 Apr 2007 (W15),Getafe CF (30),3-0,1-0,Villarreal CF (30)
?,(Sun) 15 Apr 2007 (W15),Gimnàstic Tarragona (30),1-0,0-0,Real Zaragoza (30)
?,(Sun) 15 Apr 2007 (W15),CA Osasuna (30),1-1,0-0,Recreativo Huelva (30)
?,(Sun) 15 Apr 2007 (W15),Valencia CF (30),2-0,1-0,Sevilla FC (30)
?,(Sat) 21 Apr 2007 (W16),Real Madrid (31),2-1,1-0,Valencia CF (31)
?,(Sat) 21 Apr 2007 (W16),Real Sociedad (31),2-0,1-0,Atlético Madrid (31)
?,(Sun) 22 Apr 2007 (W16),RCD Espanyol (31),2-2,1-1,Real Betis (31)
?,(Sun) 22 Apr 2007 (W16),RCD La Coruña (31),1-0,0-0,CA Osasuna (31)
?,(Sun) 22 Apr 2007 (W16),Levante UD (31),1-1,1-0,Getafe CF (31)
?,(Sun) 22 Apr 2007 (W16),RCD Mallorca (31),1-0,1-0,Gimnàstic Tarragona (31)
?,(Sun) 22 Apr 2007 (W16),Recreativo Huelva (31),4-2,3-1,Real Racing Santander (31)
?,(Sun) 22 Apr 2007 (W16),Sevilla FC (31),4-1,0-0,Athletic Club Bilbao (31)
?,(Sun) 22 Apr 2007 (W16),Villarreal CF (31),2-0,0-0,FC Barcelona (31)
?,(Sun) 22 Apr 2007 (W16),Real Zaragoza (31),2-0,0-0,RC Celta Vigo (31)
?,(Sat) 28 Apr 2007 (W17),Atlético Madrid (32),0-0,0-0,Real Betis (32)
?,(Sat) 28 Apr 2007 (W17),Valencia CF (32),2-0,0-0,Recreativo Huelva (32)
?,(Sun) 29 Apr 2007 (W17),Athletic Club Bilbao (32),1-4,0-2,Real Madrid (32)
?,(Sun) 29 Apr 2007 (W17),FC Barcelona (32),1-0,1-0,Levante UD (32)
?,(Sun) 29 Apr 2007 (W17),RC Celta Vigo (32),0-3,0-2,RCD Mallorca (32)
?,(Sun) 29 Apr 2007 (W17),Getafe CF (32),1-0,0-0,Real Sociedad (32)
?,(Sun) 29 Apr 2007 (W17),Gimnàstic Tarragona (32),0-3,0-1,Villarreal CF (32)
?,(Sun) 29 Apr 2007 (W17),CA Osasuna (32),2-2,1-1,Real Zaragoza (32)
?,(Sun) 29 Apr 2007 (W17),Real Racing Santander (32),0-0,0-0,RCD La Coruña (32)
?,(Sun) 29 Apr 2007 (W17),Sevilla FC (32),3-1,0-0,RCD Espanyol (32)
?,(Sat) 5 May 2007 (W18),RCD La Coruña (33),1-2,0-1,Valencia CF (33)
?,(Sat) 5 May 2007 (W18),Real Sociedad (33),0-2,0-0,FC Barcelona (33)
?,(Sun) 6 May 2007 (W18),Real Betis (33),0-2,0-2,Getafe CF (33)
?,(Sun) 6 May 2007 (W18),RCD Espanyol (33),2-1,1-0,Atlético Madrid (33)
?,(Sun) 6 May 2007 (W18),Levante UD (33),2-0,2-0,Gimnàstic Tarragona (33)
?,(Sun) 6 May 2007 (W18),RCD Mallorca (33),3-1,1-0,CA Osasuna (33)
?,(Sun) 6 May 2007 (W18),Real Madrid (33),3-2,0-1,Sevilla FC (33)
?,(Sun) 6 May 2007 (W18),Recreativo Huelva (33),0-0,0-0,Athletic Club Bilbao (33)
?,(Sun) 6 May 2007 (W18),Villarreal CF (33),1-0,0-0,RC Celta Vigo (33)
?,(Sun) 6 May 2007 (W18),Real Zaragoza (33),0-0,0-0,Real Racing Santander (33)
?,(Sat) 12 May 2007 (W19),Real Madrid (34),4-3,1-3,RCD Espanyol (34)
?,(Sat) 12 May 2007 (W19),Sevilla FC (34),2-1,1-0,Recreativo Huelva (34)
?,(Sun) 13 May 2007 (W19),Athletic Club Bilbao (34),1-1,0-0,RCD La Coruña (34)
?,(Sun) 13 May 2007 (W19),FC Barcelona (34),1-1,1-0,Real Betis (34)
?,(Sun) 13 May 2007 (W19),RC Celta Vigo (34),1-2,0-1,Levante UD (34)
?,(Sun) 13 May 2007 (W19),Getafe CF (34),1-4,0-2,Atlético Madrid (34)
?,(Sun) 13 May 2007 (W19),Gimnàstic Tarragona (34),1-3,1-2,Real Sociedad (34)
?,(Sun) 13 May 2007 (W19),CA Osasuna (34),1-4,1-1,Villarreal CF (34)
?,(Sun) 13 May 2007 (W19),Real Racing Santander (34),0-2,0-0,RCD Mallorca (34)
?,(Sun) 13 May 2007 (W19),Valencia CF (34),2-0,2-0,Real Zaragoza (34)
?,(Sat) 19 May 2007 (W20),Real Betis (35),1-1,0-0,Gimnàstic Tarragona (35)
?,(Sat) 19 May 2007 (W20),RCD Mallorca (35),0-1,0-0,Valencia CF (35)
?,(Sat) 19 May 2007 (W20),Real Zaragoza (35),4-3,4-1,Athletic Club Bilbao (35)
?,(Sun) 20 May 2007 (W20),Atlético Madrid (35),0-6,0-3,FC Barcelona (35)
?,(Sun) 20 May 2007 (W20),RCD Espanyol (35),1-5,1-2,Getafe CF (35)
?,(Sun) 20 May 2007 (W20),RCD La Coruña (35),1-2,0-0,Sevilla FC (35)
?,(Sun) 20 May 2007 (W20),Levante UD (35),1-4,1-3,CA Osasuna (35)
?,(Sun) 20 May 2007 (W20),Recreativo Huelva (35),2-3,0-1,Real Madrid (35)
?,(Sun) 20 May 2007 (W20),Real Sociedad (35),3-1,0-1,RC Celta Vigo (35)
?,(Sun) 20 May 2007 (W20),Villarreal CF (35),2-1,1-0,Real Racing Santander (35)
?,(Sat) 26 May 2007 (W21),FC Barcelona (36),1-0,1-0,Getafe CF (36)
?,(Sat) 26 May 2007 (W21),Real Madrid (36),3-1,1-0,RCD La Coruña (36)
?,(Sat) 26 May 2007 (W21),Valencia CF (36),2-3,1-1,Villarreal CF (36)
?,(Sun) 27 May 2007 (W21),Athletic Club Bilbao (36),1-0,0-0,RCD Mallorca (36)
?,(Sun) 27 May 2007 (W21),RC Celta Vigo (36),2-1,1-1,Real Betis (36)
?,(Sun) 27 May 2007 (W21),Gimnàstic Tarragona (36),0-2,0-1,Atlético Madrid (36)
?,(Sun) 27 May 2007 (W21),CA Osasuna (36),2-0,2-0,Real Sociedad (36)
?,(Sun) 27 May 2007 (W21),Recreativo Huelva (36),0-1,0-0,RCD Espanyol (36)
?,(Sun) 27 May 2007 (W21),Real Racing Santander (36),2-3,1-2,Levante UD (36)
?,(Sun) 27 May 2007 (W21),Sevilla FC (36),3-1,1-0,Real Zaragoza (36)
?,(Sat) 9 Jun 2007 (W23),Atlético Madrid (37),2-3,1-1,RC Celta Vigo (37)
?,(Sat) 9 Jun 2007 (W23),FC Barcelona (37),2-2,1-1,RCD Espanyol (37)
?,(Sat) 9 Jun 2007 (W23),Real Betis (37),0-5,0-1,CA Osasuna (37)
?,(Sat) 9 Jun 2007 (W23),Levante UD (37),4-2,2-1,Valencia CF (37)
?,(Sat) 9 Jun 2007 (W23),RCD Mallorca (37),0-0,0-0,Sevilla FC (37)
?,(Sat) 9 Jun 2007 (W23),Real Sociedad (37),0-0,0-0,Real Racing Santander (37)
?,(Sat) 9 Jun 2007 (W23),Villarreal CF (37),3-1,2-1,Athletic Club Bilbao (37)
?,(Sat) 9 Jun 2007 (W23),Real Zaragoza (37),2-2,1-0,Real Madrid (37)
?,(Sun) 10 Jun 2007 (W23),Getafe CF (37),0-1,0-0,Gimnàstic Tarragona (37)
?,(Sun) 10 Jun 2007 (W23),RCD La Coruña (37),2-5,0-2,Recreativo Huelva (37)
?,(Sun) 17 Jun 2007 (W24),Athletic Club Bilbao (38),2-0,0-0,Levante UD (38)
?,(Sun) 17 Jun 2007 (W24),RC Celta Vigo (38),2-1,1-1,Getafe CF (38)
?,(Sun) 17 Jun 2007 (W24),RCD Espanyol (38),1-3,0-0,RCD La Coruña (38)
?,(Sun) 17 Jun 2007 (W24),Gimnàstic Tarragona (38),1-5,0-3,FC Barcelona (38)
?,(Sun) 17 Jun 2007 (W24),CA Osasuna (38),1-2,0-1,Atlético Madrid (38)
?,(Sun) 17 Jun 2007 (W24),Real Madrid (38),3-1,0-1,RCD Mallorca (38)
?,(Sun) 17 Jun 2007 (W24),Recreativo Huelva (38),1-1,1-0,Real Zaragoza (38)
?,(Sun) 17 Jun 2007 (W24),Real Racing Santander (38),0-2,0-0,Real Betis (38)
?,(Sun) 17 Jun 2007 (W24),Sevilla FC (38),0-1,0-0,Villarreal CF (38)
?,(Sun) 17 Jun 2007 (W24),Valencia CF (38),3-3,2-2,Real Sociedad (38)
