Round,Date,Team 1,FT,HT,Team 2
?,(Sat) 26 Aug 2006 (W34),UD Almería (1),0-1,0-0,CD Tenerife (1)
?,(Sat) 26 Aug 2006 (W34),UD Las Palmas (1),0-1,0-1,Xerez CD (1)
?,(Sun) 27 Aug 2006 (W34),Deportivo Alavés (1),1-1,1-1,Elche CF (1)
?,(Sun) 27 Aug 2006 (W34),Albacete Balompié (1),2-0,0-0,SD Ponferradina (1)
?,(Sun) 27 Aug 2006 (W34),Cádiz CF (1),3-0,1-0,UD Vecindario (1)
?,(Sun) 27 Aug 2006 (W34),CD Castellón (1),1-1,1-0,Real Madrid B (1)
?,(Sun) 27 Aug 2006 (W34),CF Ciudad de Murcia (1),3-0,1-0,Polideportivo Ejido (1)
?,(Sun) 27 Aug 2006 (W34),Hércules CF (1),0-1,0-0,Málaga CF (1)
?,(Sun) 27 Aug 2006 (W34),CD Numancia (1),0-0,0-0,Lorca FC (1)
?,(Sun) 27 Aug 2006 (W34),UD Salamanca (1),3-2,1-0,Real Murcia CF (1)
?,(Sun) 27 Aug 2006 (W34),Sporting Gijón (1),1-3,1-1,Real Valladolid CF (1)
?,(Sat) 2 Sep 2006 (W35),Elche CF (2),1-2,1-1,Albacete Balompié (2)
?,(Sat) 2 Sep 2006 (W35),Lorca FC (2),0-2,0-0,Sporting Gijón (2)
?,(Sat) 2 Sep 2006 (W35),Real Murcia CF (2),3-2,1-1,UD Almería (2)
?,(Sat) 2 Sep 2006 (W35),Real Madrid B (2),0-3,0-0,Hércules CF (2)
?,(Sat) 2 Sep 2006 (W35),UD Vecindario (2),4-2,1-1,CD Castellón (2)
?,(Sat) 2 Sep 2006 (W35),Xerez CD (2),2-0,0-0,CF Ciudad de Murcia (2)
?,(Sun) 3 Sep 2006 (W35),Málaga CF (2),1-0,0-0,Deportivo Alavés (2)
?,(Sun) 3 Sep 2006 (W35),Polideportivo Ejido (2),1-0,0-0,UD Salamanca (2)
?,(Sun) 3 Sep 2006 (W35),SD Ponferradina (2),2-0,1-0,CD Numancia (2)
?,(Sun) 3 Sep 2006 (W35),CD Tenerife (2),0-1,0-0,Cádiz CF (2)
?,(Sun) 3 Sep 2006 (W35),Real Valladolid CF (2),2-0,1-0,UD Las Palmas (2)
?,(Sat) 9 Sep 2006 (W36),Deportivo Alavés (3),3-1,1-1,Real Madrid B (3)
?,(Sat) 9 Sep 2006 (W36),Albacete Balompié (3),2-1,0-0,Málaga CF (3)
?,(Sat) 9 Sep 2006 (W36),CD Castellón (3),2-1,1-1,CD Tenerife (3)
?,(Sat) 9 Sep 2006 (W36),CF Ciudad de Murcia (3),1-0,0-0,Real Valladolid CF (3)
?,(Sat) 9 Sep 2006 (W36),UD Las Palmas (3),2-1,1-1,Lorca FC (3)
?,(Sat) 9 Sep 2006 (W36),Polideportivo Ejido (3),0-2,0-2,Xerez CD (3)
?,(Sun) 10 Sep 2006 (W36),Cádiz CF (3),1-1,1-1,Real Murcia CF (3)
?,(Sun) 10 Sep 2006 (W36),Hércules CF (3),1-0,1-0,UD Vecindario (3)
?,(Sun) 10 Sep 2006 (W36),CD Numancia (3),3-2,1-2,Elche CF (3)
?,(Sun) 10 Sep 2006 (W36),UD Salamanca (3),2-0,0-0,UD Almería (3)
?,(Sun) 10 Sep 2006 (W36),Sporting Gijón (3),1-0,1-0,SD Ponferradina (3)
?,(Sat) 16 Sep 2006 (W37),Elche CF (4),1-0,0-0,Sporting Gijón (4)
?,(Sat) 16 Sep 2006 (W37),Lorca FC (4),1-0,0-0,CF Ciudad de Murcia (4)
?,(Sat) 16 Sep 2006 (W37),Málaga CF (4),1-2,1-2,CD Numancia (4)
?,(Sat) 16 Sep 2006 (W37),SD Ponferradina (4),3-0,2-0,UD Las Palmas (4)
?,(Sat) 16 Sep 2006 (W37),Real Madrid B (4),2-1,0-1,Albacete Balompié (4)
?,(Sat) 16 Sep 2006 (W37),UD Vecindario (4),0-1,0-0,Deportivo Alavés (4)
?,(Sun) 17 Sep 2006 (W37),UD Almería (4),2-1,1-0,Cádiz CF (4)
?,(Sun) 17 Sep 2006 (W37),Real Murcia CF (4),2-1,0-0,CD Castellón (4)
?,(Sun) 17 Sep 2006 (W37),CD Tenerife (4),3-2,1-0,Hércules CF (4)
?,(Sun) 17 Sep 2006 (W37),Real Valladolid CF (4),0-1,0-1,Polideportivo Ejido (4)
?,(Sun) 17 Sep 2006 (W37),Xerez CD (4),5-0,2-0,UD Salamanca (4)
?,(Sat) 23 Sep 2006 (W38),Deportivo Alavés (5),0-0,0-0,CD Tenerife (5)
?,(Sat) 23 Sep 2006 (W38),Hércules CF (5),0-1,0-1,Real Murcia CF (5)
?,(Sat) 23 Sep 2006 (W38),UD Salamanca (5),2-0,1-0,Cádiz CF (5)
?,(Sun) 24 Sep 2006 (W38),Albacete Balompié (5),3-2,2-1,UD Vecindario (5)
?,(Sun) 24 Sep 2006 (W38),CD Castellón (5),1-1,0-0,UD Almería (5)
?,(Sun) 24 Sep 2006 (W38),CF Ciudad de Murcia (5),1-1,1-1,SD Ponferradina (5)
?,(Sun) 24 Sep 2006 (W38),UD Las Palmas (5),2-2,2-0,Elche CF (5)
?,(Sun) 24 Sep 2006 (W38),CD Numancia (5),0-1,0-1,Real Madrid B (5)
?,(Sun) 24 Sep 2006 (W38),Polideportivo Ejido (5),1-1,0-1,Lorca FC (5)
?,(Sun) 24 Sep 2006 (W38),Sporting Gijón (5),1-3,1-0,Málaga CF (5)
?,(Sun) 24 Sep 2006 (W38),Xerez CD (5),1-1,1-0,Real Valladolid CF (5)
?,(Sat) 30 Sep 2006 (W39),Cádiz CF (6),0-2,0-2,CD Castellón (6)
?,(Sat) 30 Sep 2006 (W39),Málaga CF (6),3-1,1-1,UD Las Palmas (6)
?,(Sat) 30 Sep 2006 (W39),Real Murcia CF (6),1-0,0-0,Deportivo Alavés (6)
?,(Sat) 30 Sep 2006 (W39),UD Vecindario (6),1-5,0-4,CD Numancia (6)
?,(Sun) 1 Oct 2006 (W39),UD Almería (6),3-0,0-0,Hércules CF (6)
?,(Sun) 1 Oct 2006 (W39),Elche CF (6),1-2,0-1,CF Ciudad de Murcia (6)
?,(Sun) 1 Oct 2006 (W39),Lorca FC (6),2-1,0-1,Xerez CD (6)
?,(Sun) 1 Oct 2006 (W39),SD Ponferradina (6),2-0,1-0,Polideportivo Ejido (6)
?,(Sun) 1 Oct 2006 (W39),Real Madrid B (6),0-3,0-1,Sporting Gijón (6)
?,(Sun) 1 Oct 2006 (W39),CD Tenerife (6),1-0,0-0,Albacete Balompié (6)
?,(Sun) 1 Oct 2006 (W39),Real Valladolid CF (6),2-3,1-2,UD Salamanca (6)
?,(Sat) 7 Oct 2006 (W40),CD Numancia (7),0-1,0-1,CD Tenerife (7)
?,(Sat) 7 Oct 2006 (W40),Polideportivo Ejido (7),2-1,0-1,Elche CF (7)
?,(Sat) 7 Oct 2006 (W40),Sporting Gijón (7),1-0,0-0,UD Vecindario (7)
?,(Sat) 7 Oct 2006 (W40),Real Valladolid CF (7),1-0,1-0,Lorca FC (7)
?,(Sun) 8 Oct 2006 (W40),Deportivo Alavés (7),1-0,0-0,UD Almería (7)
?,(Sun) 8 Oct 2006 (W40),Albacete Balompié (7),0-0,0-0,Real Murcia CF (7)
?,(Sun) 8 Oct 2006 (W40),CF Ciudad de Murcia (7),2-0,2-0,Málaga CF (7)
?,(Sun) 8 Oct 2006 (W40),Hércules CF (7),0-1,0-1,Cádiz CF (7)
?,(Sun) 8 Oct 2006 (W40),UD Las Palmas (7),2-1,1-1,Real Madrid B (7)
?,(Sun) 8 Oct 2006 (W40),UD Salamanca (7),1-2,0-1,CD Castellón (7)
?,(Sun) 8 Oct 2006 (W40),Xerez CD (7),3-1,1-0,SD Ponferradina (7)
?,(Sat) 14 Oct 2006 (W41),CD Castellón (8),0-0,0-0,Hércules CF (8)
?,(Sat) 14 Oct 2006 (W41),Málaga CF (8),1-1,0-0,Polideportivo Ejido (8)
?,(Sat) 14 Oct 2006 (W41),Real Madrid B (8),2-1,0-1,CF Ciudad de Murcia (8)
?,(Sat) 14 Oct 2006 (W41),UD Vecindario (8),1-0,1-0,UD Las Palmas (8)
?,(Sun) 15 Oct 2006 (W41),UD Almería (8),2-1,2-0,Albacete Balompié (8)
?,(Sun) 15 Oct 2006 (W41),Cádiz CF (8),1-1,1-0,Deportivo Alavés (8)
?,(Sun) 15 Oct 2006 (W41),Elche CF (8),1-1,0-0,Xerez CD (8)
?,(Sun) 15 Oct 2006 (W41),Lorca FC (8),0-2,0-1,UD Salamanca (8)
?,(Sun) 15 Oct 2006 (W41),Real Murcia CF (8),3-0,1-0,CD Numancia (8)
?,(Sun) 15 Oct 2006 (W41),SD Ponferradina (8),2-2,1-1,Real Valladolid CF (8)
?,(Sun) 15 Oct 2006 (W41),CD Tenerife (8),0-4,0-3,Sporting Gijón (8)
?,(Sat) 21 Oct 2006 (W42),Deportivo Alavés (9),2-0,0-0,CD Castellón (9)
?,(Sat) 21 Oct 2006 (W42),CF Ciudad de Murcia (9),2-0,1-0,UD Vecindario (9)
?,(Sat) 21 Oct 2006 (W42),UD Las Palmas (9),0-0,0-0,CD Tenerife (9)
?,(Sat) 21 Oct 2006 (W42),Lorca FC (9),1-0,0-0,SD Ponferradina (9)
?,(Sat) 21 Oct 2006 (W42),Real Valladolid CF (9),1-0,0-0,Elche CF (9)
?,(Sun) 22 Oct 2006 (W42),Albacete Balompié (9),4-1,3-1,Cádiz CF (9)
?,(Sun) 22 Oct 2006 (W42),CD Numancia (9),1-1,1-1,UD Almería (9)
?,(Sun) 22 Oct 2006 (W42),Polideportivo Ejido (9),0-0,0-0,Real Madrid B (9)
?,(Sun) 22 Oct 2006 (W42),UD Salamanca (9),2-2,1-1,Hércules CF (9)
?,(Sun) 22 Oct 2006 (W42),Sporting Gijón (9),0-1,0-1,Real Murcia CF (9)
?,(Sun) 22 Oct 2006 (W42),Xerez CD (9),1-0,0-0,Málaga CF (9)
?,(Sat) 28 Oct 2006 (W43),UD Almería (10),2-0,1-0,Sporting Gijón (10)
?,(Sat) 28 Oct 2006 (W43),CD Castellón (10),0-0,0-0,Albacete Balompié (10)
?,(Sat) 28 Oct 2006 (W43),Hércules CF (10),3-1,0-1,Deportivo Alavés (10)
?,(Sat) 28 Oct 2006 (W43),Real Madrid B (10),1-1,1-0,Xerez CD (10)
?,(Sat) 28 Oct 2006 (W43),CD Tenerife (10),1-0,0-0,CF Ciudad de Murcia (10)
?,(Sat) 28 Oct 2006 (W43),UD Vecindario (10),0-4,0-2,Polideportivo Ejido (10)
?,(Sun) 29 Oct 2006 (W43),Cádiz CF (10),1-0,1-0,CD Numancia (10)
?,(Sun) 29 Oct 2006 (W43),Elche CF (10),0-2,0-1,Lorca FC (10)
?,(Sun) 29 Oct 2006 (W43),Málaga CF (10),0-1,0-0,Real Valladolid CF (10)
?,(Sun) 29 Oct 2006 (W43),Real Murcia CF (10),3-1,2-1,UD Las Palmas (10)
?,(Sun) 29 Oct 2006 (W43),SD Ponferradina (10),1-2,0-1,UD Salamanca (10)
?,(Sat) 4 Nov 2006 (W44),Albacete Balompié (11),0-1,0-0,Hércules CF (11)
?,(Sat) 4 Nov 2006 (W44),UD Las Palmas (11),3-1,1-0,UD Almería (11)
?,(Sat) 4 Nov 2006 (W44),Lorca FC (11),2-2,2-2,Málaga CF (11)
?,(Sat) 4 Nov 2006 (W44),Sporting Gijón (11),5-4,3-3,Cádiz CF (11)
?,(Sat) 4 Nov 2006 (W44),Xerez CD (11),1-0,1-0,UD Vecindario (11)
?,(Sun) 5 Nov 2006 (W44),CF Ciudad de Murcia (11),1-1,1-1,Real Murcia CF (11)
?,(Sun) 5 Nov 2006 (W44),CD Numancia (11),2-1,2-1,CD Castellón (11)
?,(Sun) 5 Nov 2006 (W44),Polideportivo Ejido (11),4-2,2-1,CD Tenerife (11)
?,(Sun) 5 Nov 2006 (W44),SD Ponferradina (11),1-1,1-0,Elche CF (11)
?,(Sun) 5 Nov 2006 (W44),UD Salamanca (11),3-0,1-0,Deportivo Alavés (11)
?,(Sun) 5 Nov 2006 (W44),Real Valladolid CF (11),4-0,0-0,Real Madrid B (11)
?,(Sat) 11 Nov 2006 (W45),Cádiz CF (12),0-0,0-0,UD Las Palmas (12)
?,(Sat) 11 Nov 2006 (W45),Elche CF (12),1-1,1-1,UD Salamanca (12)
?,(Sat) 11 Nov 2006 (W45),Hércules CF (12),2-0,1-0,CD Numancia (12)
?,(Sat) 11 Nov 2006 (W45),Real Murcia CF (12),0-1,0-0,Polideportivo Ejido (12)
?,(Sat) 11 Nov 2006 (W45),Real Madrid B (12),2-0,0-0,Lorca FC (12)
?,(Sun) 12 Nov 2006 (W45),Deportivo Alavés (12),1-1,0-1,Albacete Balompié (12)
?,(Sun) 12 Nov 2006 (W45),UD Almería (12),3-1,1-0,CF Ciudad de Murcia (12)
?,(Sun) 12 Nov 2006 (W45),CD Castellón (12),0-3,0-1,Sporting Gijón (12)
?,(Sun) 12 Nov 2006 (W45),Málaga CF (12),1-1,1-0,SD Ponferradina (12)
?,(Sun) 12 Nov 2006 (W45),CD Tenerife (12),0-2,0-1,Xerez CD (12)
?,(Sun) 12 Nov 2006 (W45),UD Vecindario (12),1-2,1-1,Real Valladolid CF (12)
?,(Sat) 18 Nov 2006 (W46),CF Ciudad de Murcia (13),1-1,0-1,Cádiz CF (13)
?,(Sat) 18 Nov 2006 (W46),UD Las Palmas (13),1-0,0-0,CD Castellón (13)
?,(Sat) 18 Nov 2006 (W46),Polideportivo Ejido (13),1-2,1-1,UD Almería (13)
?,(Sat) 18 Nov 2006 (W46),UD Salamanca (13),4-1,1-1,Albacete Balompié (13)
?,(Sat) 18 Nov 2006 (W46),Sporting Gijón (13),1-0,1-0,Hércules CF (13)
?,(Sun) 19 Nov 2006 (W46),Elche CF (13),2-1,0-0,Málaga CF (13)
?,(Sun) 19 Nov 2006 (W46),Lorca FC (13),1-1,0-0,UD Vecindario (13)
?,(Sun) 19 Nov 2006 (W46),CD Numancia (13),1-1,0-1,Deportivo Alavés (13)
?,(Sun) 19 Nov 2006 (W46),SD Ponferradina (13),0-3,0-1,Real Madrid B (13)
?,(Sun) 19 Nov 2006 (W46),Real Valladolid CF (13),1-0,1-0,CD Tenerife (13)
?,(Sun) 19 Nov 2006 (W46),Xerez CD (13),1-1,0-0,Real Murcia CF (13)
?,(Sat) 25 Nov 2006 (W47),Deportivo Alavés (14),0-0,0-0,Sporting Gijón (14)
?,(Sat) 25 Nov 2006 (W47),Albacete Balompié (14),1-3,0-2,CD Numancia (14)
?,(Sat) 25 Nov 2006 (W47),UD Almería (14),1-1,1-0,Xerez CD (14)
?,(Sat) 25 Nov 2006 (W47),CD Castellón (14),2-0,0-0,CF Ciudad de Murcia (14)
?,(Sat) 25 Nov 2006 (W47),Real Madrid B (14),0-2,0-1,Elche CF (14)
?,(Sat) 25 Nov 2006 (W47),UD Vecindario (14),1-0,0-0,SD Ponferradina (14)
?,(Sun) 26 Nov 2006 (W47),Cádiz CF (14),0-0,0-0,Polideportivo Ejido (14)
?,(Sun) 26 Nov 2006 (W47),Hércules CF (14),1-1,1-1,UD Las Palmas (14)
?,(Sun) 26 Nov 2006 (W47),Málaga CF (14),1-0,0-0,UD Salamanca (14)
?,(Sun) 26 Nov 2006 (W47),Real Murcia CF (14),1-4,1-2,Real Valladolid CF (14)
?,(Sun) 26 Nov 2006 (W47),CD Tenerife (14),1-1,1-0,Lorca FC (14)
?,(Sat) 2 Dec 2006 (W48),Elche CF (15),2-1,1-1,UD Vecindario (15)
?,(Sat) 2 Dec 2006 (W48),UD Las Palmas (15),6-1,2-0,Deportivo Alavés (15)
?,(Sat) 2 Dec 2006 (W48),Lorca FC (15),1-1,1-0,Real Murcia CF (15)
?,(Sat) 2 Dec 2006 (W48),Málaga CF (15),3-3,3-2,Real Madrid B (15)
?,(Sat) 2 Dec 2006 (W48),SD Ponferradina (15),1-0,1-0,CD Tenerife (15)
?,(Sun) 3 Dec 2006 (W48),CF Ciudad de Murcia (15),2-1,0-1,Hércules CF (15)
?,(Sun) 3 Dec 2006 (W48),Polideportivo Ejido (15),0-2,0-1,CD Castellón (15)
?,(Sun) 3 Dec 2006 (W48),UD Salamanca (15),0-0,0-0,CD Numancia (15)
?,(Sun) 3 Dec 2006 (W48),Sporting Gijón (15),0-1,0-0,Albacete Balompié (15)
?,(Sun) 3 Dec 2006 (W48),Real Valladolid CF (15),2-2,1-0,UD Almería (15)
?,(Sun) 3 Dec 2006 (W48),Xerez CD (15),1-4,1-1,Cádiz CF (15)
?,(Sat) 9 Dec 2006 (W49),Deportivo Alavés (16),1-0,1-0,CF Ciudad de Murcia (16)
?,(Sat) 9 Dec 2006 (W49),UD Almería (16),4-0,0-0,Lorca FC (16)
?,(Sat) 9 Dec 2006 (W49),CD Castellón (16),1-0,1-0,Xerez CD (16)
?,(Sat) 9 Dec 2006 (W49),Hércules CF (16),1-0,0-0,Polideportivo Ejido (16)
?,(Sat) 9 Dec 2006 (W49),CD Numancia (16),2-0,0-0,Sporting Gijón (16)
?,(Sat) 9 Dec 2006 (W49),UD Vecindario (16),1-1,0-0,Málaga CF (16)
?,(Sun) 10 Dec 2006 (W49),Albacete Balompié (16),1-1,0-0,UD Las Palmas (16)
?,(Sun) 10 Dec 2006 (W49),Cádiz CF (16),0-0,0-0,Real Valladolid CF (16)
?,(Sun) 10 Dec 2006 (W49),Real Murcia CF (16),1-1,0-1,SD Ponferradina (16)
?,(Sun) 10 Dec 2006 (W49),Real Madrid B (16),2-1,0-1,UD Salamanca (16)
?,(Sun) 10 Dec 2006 (W49),CD Tenerife (16),2-0,1-0,Elche CF (16)
?,(Sat) 16 Dec 2006 (W50),CF Ciudad de Murcia (17),2-1,0-1,Albacete Balompié (17)
?,(Sat) 16 Dec 2006 (W50),Elche CF (17),1-1,0-0,Real Murcia CF (17)
?,(Sat) 16 Dec 2006 (W50),UD Las Palmas (17),1-1,1-0,CD Numancia (17)
?,(Sat) 16 Dec 2006 (W50),Málaga CF (17),1-0,1-0,CD Tenerife (17)
?,(Sat) 16 Dec 2006 (W50),Polideportivo Ejido (17),5-2,3-1,Deportivo Alavés (17)
?,(Sat) 16 Dec 2006 (W50),SD Ponferradina (17),0-1,0-0,UD Almería (17)
?,(Sat) 16 Dec 2006 (W50),Real Madrid B (17),3-2,3-0,UD Vecindario (17)
?,(Sat) 16 Dec 2006 (W50),Real Valladolid CF (17),1-0,1-0,CD Castellón (17)
?,(Sun) 17 Dec 2006 (W50),Lorca FC (17),1-2,0-1,Cádiz CF (17)
?,(Sun) 17 Dec 2006 (W50),UD Salamanca (17),0-1,0-0,Sporting Gijón (17)
?,(Sun) 17 Dec 2006 (W50),Xerez CD (17),0-2,0-1,Hércules CF (17)
?,(Wed) 20 Dec 2006 (W51),Albacete Balompié (18),1-1,1-0,Polideportivo Ejido (18)
?,(Wed) 20 Dec 2006 (W51),UD Almería (18),2-0,2-0,Elche CF (18)
?,(Wed) 20 Dec 2006 (W51),Cádiz CF (18),0-0,0-0,SD Ponferradina (18)
?,(Wed) 20 Dec 2006 (W51),CD Castellón (18),2-1,1-1,Lorca FC (18)
?,(Wed) 20 Dec 2006 (W51),Real Murcia CF (18),3-2,3-0,Málaga CF (18)
?,(Wed) 20 Dec 2006 (W51),CD Numancia (18),2-1,0-0,CF Ciudad de Murcia (18)
?,(Wed) 20 Dec 2006 (W51),CD Tenerife (18),3-2,3-0,Real Madrid B (18)
?,(Wed) 20 Dec 2006 (W51),UD Vecindario (18),0-3,0-3,UD Salamanca (18)
?,(Thu) 21 Dec 2006 (W51),Deportivo Alavés (18),1-0,0-0,Xerez CD (18)
?,(Thu) 21 Dec 2006 (W51),Hércules CF (18),2-2,1-2,Real Valladolid CF (18)
?,(Thu) 21 Dec 2006 (W51),Sporting Gijón (18),2-0,0-0,UD Las Palmas (18)
?,(Sat) 6 Jan 2007 (W1),Lorca FC (19),0-1,0-1,Hércules CF (19)
?,(Sat) 6 Jan 2007 (W1),Málaga CF (19),2-1,1-1,UD Almería (19)
?,(Sat) 6 Jan 2007 (W1),UD Vecindario (19),2-1,0-0,CD Tenerife (19)
?,(Sat) 6 Jan 2007 (W1),Xerez CD (19),0-1,0-1,Albacete Balompié (19)
?,(Sun) 7 Jan 2007 (W1),CF Ciudad de Murcia (19),3-1,1-1,Sporting Gijón (19)
?,(Sun) 7 Jan 2007 (W1),Elche CF (19),1-1,1-1,Cádiz CF (19)
?,(Sun) 7 Jan 2007 (W1),Polideportivo Ejido (19),0-0,0-0,CD Numancia (19)
?,(Sun) 7 Jan 2007 (W1),SD Ponferradina (19),1-0,0-0,CD Castellón (19)
?,(Sun) 7 Jan 2007 (W1),Real Madrid B (19),0-2,0-0,Real Murcia CF (19)
?,(Sun) 7 Jan 2007 (W1),UD Salamanca (19),2-2,2-2,UD Las Palmas (19)
?,(Sun) 7 Jan 2007 (W1),Real Valladolid CF (19),1-0,1-0,Deportivo Alavés (19)
?,(Sat) 13 Jan 2007 (W2),Deportivo Alavés (20),3-1,1-0,Lorca FC (20)
?,(Sat) 13 Jan 2007 (W2),Albacete Balompié (20),0-2,0-0,Real Valladolid CF (20)
?,(Sat) 13 Jan 2007 (W2),CD Castellón (20),1-2,1-0,Elche CF (20)
?,(Sat) 13 Jan 2007 (W2),UD Las Palmas (20),0-1,0-0,CF Ciudad de Murcia (20)
?,(Sat) 13 Jan 2007 (W2),Sporting Gijón (20),0-1,0-0,Polideportivo Ejido (20)
?,(Sun) 14 Jan 2007 (W2),UD Almería (20),1-0,0-0,Real Madrid B (20)
?,(Sun) 14 Jan 2007 (W2),Cádiz CF (20),1-0,0-0,Málaga CF (20)
?,(Sun) 14 Jan 2007 (W2),Hércules CF (20),3-0,2-0,SD Ponferradina (20)
?,(Sun) 14 Jan 2007 (W2),Real Murcia CF (20),4-3,1-1,UD Vecindario (20)
?,(Sun) 14 Jan 2007 (W2),CD Numancia (20),1-0,1-0,Xerez CD (20)
?,(Sun) 14 Jan 2007 (W2),UD Salamanca (20),0-0,0-0,CD Tenerife (20)
?,(Sat) 20 Jan 2007 (W3),Elche CF (21),2-0,1-0,Hércules CF (21)
?,(Sat) 20 Jan 2007 (W3),Real Madrid B (21),0-1,0-1,Cádiz CF (21)
?,(Sat) 20 Jan 2007 (W3),CD Tenerife (21),1-1,0-0,Real Murcia CF (21)
?,(Sun) 21 Jan 2007 (W3),CF Ciudad de Murcia (21),1-0,0-0,UD Salamanca (21)
?,(Sun) 21 Jan 2007 (W3),Lorca FC (21),3-0,1-0,Albacete Balompié (21)
?,(Sun) 21 Jan 2007 (W3),Málaga CF (21),0-0,0-0,CD Castellón (21)
?,(Sun) 21 Jan 2007 (W3),Polideportivo Ejido (21),1-1,0-1,UD Las Palmas (21)
?,(Sun) 21 Jan 2007 (W3),SD Ponferradina (21),0-2,0-1,Deportivo Alavés (21)
?,(Sun) 21 Jan 2007 (W3),Real Valladolid CF (21),2-0,1-0,CD Numancia (21)
?,(Sun) 21 Jan 2007 (W3),UD Vecindario (21),0-1,0-1,UD Almería (21)
?,(Sun) 21 Jan 2007 (W3),Xerez CD (21),3-1,1-1,Sporting Gijón (21)
?,(Sat) 27 Jan 2007 (W4),Lorca FC (22),1-1,0-1,CD Numancia (22)
?,(Sat) 27 Jan 2007 (W4),SD Ponferradina (22),4-3,4-1,Albacete Balompié (22)
?,(Sat) 27 Jan 2007 (W4),Real Madrid B (22),1-1,1-0,CD Castellón (22)
?,(Sat) 27 Jan 2007 (W4),Real Valladolid CF (22),1-0,1-0,Sporting Gijón (22)
?,(Sat) 27 Jan 2007 (W4),Xerez CD (22),0-0,0-0,UD Las Palmas (22)
?,(Sun) 28 Jan 2007 (W4),Elche CF (22),1-0,1-0,Deportivo Alavés (22)
?,(Sun) 28 Jan 2007 (W4),Málaga CF (22),0-0,0-0,Hércules CF (22)
?,(Sun) 28 Jan 2007 (W4),Real Murcia CF (22),1-0,0-0,UD Salamanca (22)
?,(Sun) 28 Jan 2007 (W4),Polideportivo Ejido (22),2-0,2-0,CF Ciudad de Murcia (22)
?,(Sun) 28 Jan 2007 (W4),CD Tenerife (22),2-1,2-1,UD Almería (22)
?,(Sun) 28 Jan 2007 (W4),UD Vecindario (22),1-2,1-0,Cádiz CF (22)
?,(Sat) 3 Feb 2007 (W5),Deportivo Alavés (23),0-1,0-0,Málaga CF (23)
?,(Sat) 3 Feb 2007 (W5),Albacete Balompié (23),0-0,0-0,Elche CF (23)
?,(Sat) 3 Feb 2007 (W5),Cádiz CF (23),1-0,1-0,CD Tenerife (23)
?,(Sat) 3 Feb 2007 (W5),CF Ciudad de Murcia (23),1-0,0-0,Xerez CD (23)
?,(Sat) 3 Feb 2007 (W5),Hércules CF (23),0-3,0-0,Real Madrid B (23)
?,(Sat) 3 Feb 2007 (W5),UD Las Palmas (23),2-2,2-2,Real Valladolid CF (23)
?,(Sun) 4 Feb 2007 (W5),UD Almería (23),2-1,0-0,Real Murcia CF (23)
?,(Sun) 4 Feb 2007 (W5),CD Castellón (23),0-0,0-0,UD Vecindario (23)
?,(Sun) 4 Feb 2007 (W5),CD Numancia (23),1-0,1-0,SD Ponferradina (23)
?,(Sun) 4 Feb 2007 (W5),UD Salamanca (23),0-0,0-0,Polideportivo Ejido (23)
?,(Sun) 4 Feb 2007 (W5),Sporting Gijón (23),0-1,0-0,Lorca FC (23)
?,(Sat) 10 Feb 2007 (W6),Real Murcia CF (24),1-0,1-0,Cádiz CF (24)
?,(Sat) 10 Feb 2007 (W6),SD Ponferradina (24),0-3,0-1,Sporting Gijón (24)
?,(Sat) 10 Feb 2007 (W6),Real Madrid B (24),1-1,0-1,Deportivo Alavés (24)
?,(Sun) 11 Feb 2007 (W6),UD Almería (24),3-1,1-0,UD Salamanca (24)
?,(Sun) 11 Feb 2007 (W6),Elche CF (24),1-2,0-1,CD Numancia (24)
?,(Sun) 11 Feb 2007 (W6),Lorca FC (24),0-1,0-0,UD Las Palmas (24)
?,(Sun) 11 Feb 2007 (W6),Málaga CF (24),0-3,0-3,Albacete Balompié (24)
?,(Sun) 11 Feb 2007 (W6),CD Tenerife (24),2-0,1-0,CD Castellón (24)
?,(Sun) 11 Feb 2007 (W6),Real Valladolid CF (24),1-0,1-0,CF Ciudad de Murcia (24)
?,(Sun) 11 Feb 2007 (W6),UD Vecindario (24),1-1,0-0,Hércules CF (24)
?,(Sun) 11 Feb 2007 (W6),Xerez CD (24),2-1,0-0,Polideportivo Ejido (24)
?,(Sat) 17 Feb 2007 (W7),Albacete Balompié (25),1-0,0-0,Real Madrid B (25)
?,(Sat) 17 Feb 2007 (W7),Cádiz CF (25),2-2,1-1,UD Almería (25)
?,(Sat) 17 Feb 2007 (W7),CF Ciudad de Murcia (25),2-1,1-0,Lorca FC (25)
?,(Sat) 17 Feb 2007 (W7),Hércules CF (25),3-1,0-1,CD Tenerife (25)
?,(Sun) 18 Feb 2007 (W7),Deportivo Alavés (25),5-1,1-1,UD Vecindario (25)
?,(Sun) 18 Feb 2007 (W7),CD Castellón (25),0-1,0-0,Real Murcia CF (25)
?,(Sun) 18 Feb 2007 (W7),UD Las Palmas (25),0-0,0-0,SD Ponferradina (25)
?,(Sun) 18 Feb 2007 (W7),CD Numancia (25),2-0,1-0,Málaga CF (25)
?,(Sun) 18 Feb 2007 (W7),Polideportivo Ejido (25),2-3,2-0,Real Valladolid CF (25)
?,(Sun) 18 Feb 2007 (W7),UD Salamanca (25),1-0,1-0,Xerez CD (25)
?,(Sun) 18 Feb 2007 (W7),Sporting Gijón (25),0-0,0-0,Elche CF (25)
?,(Sat) 24 Feb 2007 (W8),UD Almería (26),2-1,0-1,CD Castellón (26)
?,(Sat) 24 Feb 2007 (W8),Cádiz CF (26),2-0,2-0,UD Salamanca (26)
?,(Sat) 24 Feb 2007 (W8),Real Madrid B (26),0-0,0-0,CD Numancia (26)
?,(Sat) 24 Feb 2007 (W8),CD Tenerife (26),1-2,0-1,Deportivo Alavés (26)
?,(Sun) 25 Feb 2007 (W8),Elche CF (26),2-1,1-1,UD Las Palmas (26)
?,(Sun) 25 Feb 2007 (W8),Lorca FC (26),1-3,1-1,Polideportivo Ejido (26)
?,(Sun) 25 Feb 2007 (W8),Málaga CF (26),1-1,1-1,Sporting Gijón (26)
?,(Sun) 25 Feb 2007 (W8),Real Murcia CF (26),3-1,1-0,Hércules CF (26)
?,(Sun) 25 Feb 2007 (W8),SD Ponferradina (26),1-0,1-0,CF Ciudad de Murcia (26)
?,(Sun) 25 Feb 2007 (W8),Real Valladolid CF (26),1-1,1-0,Xerez CD (26)
?,(Sun) 25 Feb 2007 (W8),UD Vecindario (26),1-0,1-0,Albacete Balompié (26)
?,(Sat) 3 Mar 2007 (W9),Deportivo Alavés (27),1-1,1-1,Real Murcia CF (27)
?,(Sat) 3 Mar 2007 (W9),Albacete Balompié (27),2-0,1-0,CD Tenerife (27)
?,(Sat) 3 Mar 2007 (W9),CD Castellón (27),2-0,1-0,Cádiz CF (27)
?,(Sat) 3 Mar 2007 (W9),UD Las Palmas (27),2-1,0-1,Málaga CF (27)
?,(Sun) 4 Mar 2007 (W9),CF Ciudad de Murcia (27),1-1,1-1,Elche CF (27)
?,(Sun) 4 Mar 2007 (W9),Hércules CF (27),0-2,0-0,UD Almería (27)
?,(Sun) 4 Mar 2007 (W9),CD Numancia (27),3-0,2-0,UD Vecindario (27)
?,(Sun) 4 Mar 2007 (W9),Polideportivo Ejido (27),1-1,1-1,SD Ponferradina (27)
?,(Sun) 4 Mar 2007 (W9),UD Salamanca (27),1-1,0-0,Real Valladolid CF (27)
?,(Sun) 4 Mar 2007 (W9),Sporting Gijón (27),0-1,0-0,Real Madrid B (27)
?,(Sun) 4 Mar 2007 (W9),Xerez CD (27),1-0,1-0,Lorca FC (27)
?,(Sat) 10 Mar 2007 (W10),Elche CF (28),2-0,2-0,Polideportivo Ejido (28)
?,(Sat) 10 Mar 2007 (W10),Real Madrid B (28),0-3,0-0,UD Las Palmas (28)
?,(Sat) 10 Mar 2007 (W10),UD Vecindario (28),0-2,0-1,Sporting Gijón (28)
?,(Sun) 11 Mar 2007 (W10),UD Almería (28),2-2,1-0,Deportivo Alavés (28)
?,(Sun) 11 Mar 2007 (W10),Cádiz CF (28),1-1,1-0,Hércules CF (28)
?,(Sun) 11 Mar 2007 (W10),CD Castellón (28),1-2,1-1,UD Salamanca (28)
?,(Sun) 11 Mar 2007 (W10),Lorca FC (28),0-2,0-0,Real Valladolid CF (28)
?,(Sun) 11 Mar 2007 (W10),Málaga CF (28),0-0,0-0,CF Ciudad de Murcia (28)
?,(Sun) 11 Mar 2007 (W10),Real Murcia CF (28),0-1,0-0,Albacete Balompié (28)
?,(Sun) 11 Mar 2007 (W10),SD Ponferradina (28),1-1,0-1,Xerez CD (28)
?,(Sun) 11 Mar 2007 (W10),CD Tenerife (28),1-0,0-0,CD Numancia (28)
?,(Sat) 17 Mar 2007 (W11),Albacete Balompié (29),1-1,0-1,UD Almería (29)
?,(Sat) 17 Mar 2007 (W11),CF Ciudad de Murcia (29),0-0,0-0,Real Madrid B (29)
?,(Sat) 17 Mar 2007 (W11),Hércules CF (29),2-2,1-1,CD Castellón (29)
?,(Sat) 17 Mar 2007 (W11),UD Las Palmas (29),3-1,2-0,UD Vecindario (29)
?,(Sun) 18 Mar 2007 (W11),Deportivo Alavés (29),1-1,0-0,Cádiz CF (29)
?,(Sun) 18 Mar 2007 (W11),CD Numancia (29),1-2,0-1,Real Murcia CF (29)
?,(Sun) 18 Mar 2007 (W11),Polideportivo Ejido (29),4-1,1-1,Málaga CF (29)
?,(Sun) 18 Mar 2007 (W11),UD Salamanca (29),2-1,2-1,Lorca FC (29)
?,(Sun) 18 Mar 2007 (W11),Sporting Gijón (29),1-1,0-1,CD Tenerife (29)
?,(Sun) 18 Mar 2007 (W11),Real Valladolid CF (29),1-0,0-0,SD Ponferradina (29)
?,(Sun) 18 Mar 2007 (W11),Xerez CD (29),2-1,0-0,Elche CF (29)
?,(Sat) 24 Mar 2007 (W12),Cádiz CF (30),1-2,0-0,Albacete Balompié (30)
?,(Sat) 24 Mar 2007 (W12),Hércules CF (30),2-0,1-0,UD Salamanca (30)
?,(Sat) 24 Mar 2007 (W12),Real Murcia CF (30),3-1,1-0,Sporting Gijón (30)
?,(Sat) 24 Mar 2007 (W12),CD Tenerife (30),3-1,2-0,UD Las Palmas (30)
?,(Sun) 25 Mar 2007 (W12),UD Almería (30),3-0,2-0,CD Numancia (30)
?,(Sun) 25 Mar 2007 (W12),CD Castellón (30),2-0,1-0,Deportivo Alavés (30)
?,(Sun) 25 Mar 2007 (W12),Elche CF (30),0-1,0-1,Real Valladolid CF (30)
?,(Sun) 25 Mar 2007 (W12),Málaga CF (30),1-0,1-0,Xerez CD (30)
?,(Sun) 25 Mar 2007 (W12),SD Ponferradina (30),2-1,1-1,Lorca FC (30)
?,(Sun) 25 Mar 2007 (W12),Real Madrid B (30),4-1,1-1,Polideportivo Ejido (30)
?,(Sun) 25 Mar 2007 (W12),UD Vecindario (30),0-1,0-1,CF Ciudad de Murcia (30)
?,(Sat) 31 Mar 2007 (W13),UD Las Palmas (31),1-0,1-0,Real Murcia CF (31)
?,(Sat) 31 Mar 2007 (W13),Lorca FC (31),2-0,2-0,Elche CF (31)
?,(Sat) 31 Mar 2007 (W13),Xerez CD (31),3-1,1-1,Real Madrid B (31)
?,(Sun) 1 Apr 2007 (W13),Deportivo Alavés (31),2-3,0-1,Hércules CF (31)
?,(Sun) 1 Apr 2007 (W13),Albacete Balompié (31),0-1,0-1,CD Castellón (31)
?,(Sun) 1 Apr 2007 (W13),CF Ciudad de Murcia (31),2-1,0-1,CD Tenerife (31)
?,(Sun) 1 Apr 2007 (W13),CD Numancia (31),1-0,0-0,Cádiz CF (31)
?,(Sun) 1 Apr 2007 (W13),Polideportivo Ejido (31),1-0,1-0,UD Vecindario (31)
?,(Sun) 1 Apr 2007 (W13),UD Salamanca (31),3-3,2-0,SD Ponferradina (31)
?,(Sun) 1 Apr 2007 (W13),Sporting Gijón (31),1-2,1-0,UD Almería (31)
?,(Sun) 1 Apr 2007 (W13),Real Valladolid CF (31),1-0,0-0,Málaga CF (31)
?,(Sat) 7 Apr 2007 (W14),Hércules CF (32),0-1,0-0,Albacete Balompié (32)
?,(Sat) 7 Apr 2007 (W14),Málaga CF (32),4-0,2-0,Lorca FC (32)
?,(Sat) 7 Apr 2007 (W14),Real Murcia CF (32),2-1,0-0,CF Ciudad de Murcia (32)
?,(Sat) 7 Apr 2007 (W14),Real Madrid B (32),1-3,1-2,Real Valladolid CF (32)
?,(Sat) 7 Apr 2007 (W14),UD Vecindario (32),2-1,1-0,Xerez CD (32)
?,(Sun) 8 Apr 2007 (W14),Deportivo Alavés (32),0-2,0-1,UD Salamanca (32)
?,(Sun) 8 Apr 2007 (W14),UD Almería (32),2-1,2-1,UD Las Palmas (32)
?,(Sun) 8 Apr 2007 (W14),Cádiz CF (32),1-1,1-1,Sporting Gijón (32)
?,(Sun) 8 Apr 2007 (W14),CD Castellón (32),3-1,3-0,CD Numancia (32)
?,(Sun) 8 Apr 2007 (W14),Elche CF (32),1-0,1-0,SD Ponferradina (32)
?,(Sun) 8 Apr 2007 (W14),CD Tenerife (32),3-1,1-0,Polideportivo Ejido (32)
?,(Sat) 14 Apr 2007 (W15),Albacete Balompié (33),2-2,0-0,Deportivo Alavés (33)
?,(Sat) 14 Apr 2007 (W15),UD Las Palmas (33),0-3,0-0,Cádiz CF (33)
?,(Sat) 14 Apr 2007 (W15),Polideportivo Ejido (33),0-2,0-0,Real Murcia CF (33)
?,(Sat) 14 Apr 2007 (W15),Xerez CD (33),1-2,1-2,CD Tenerife (33)
?,(Sun) 15 Apr 2007 (W15),CF Ciudad de Murcia (33),0-1,0-1,UD Almería (33)
?,(Sun) 15 Apr 2007 (W15),Lorca FC (33),2-0,0-0,Real Madrid B (33)
?,(Sun) 15 Apr 2007 (W15),CD Numancia (33),2-2,1-1,Hércules CF (33)
?,(Sun) 15 Apr 2007 (W15),SD Ponferradina (33),2-2,1-0,Málaga CF (33)
?,(Sun) 15 Apr 2007 (W15),UD Salamanca (33),0-1,0-1,Elche CF (33)
?,(Sun) 15 Apr 2007 (W15),Sporting Gijón (33),2-2,1-1,CD Castellón (33)
?,(Sun) 15 Apr 2007 (W15),Real Valladolid CF (33),3-0,1-0,UD Vecindario (33)
?,(Sat) 21 Apr 2007 (W16),Cádiz CF (34),1-2,1-0,CF Ciudad de Murcia (34)
?,(Sat) 21 Apr 2007 (W16),CD Castellón (34),2-0,0-0,UD Las Palmas (34)
?,(Sun) 22 Apr 2007 (W16),Deportivo Alavés (34),2-2,1-2,CD Numancia (34)
?,(Sun) 22 Apr 2007 (W16),Albacete Balompié (34),1-1,1-0,UD Salamanca (34)
?,(Sun) 22 Apr 2007 (W16),UD Almería (34),3-1,0-1,Polideportivo Ejido (34)
?,(Sun) 22 Apr 2007 (W16),Hércules CF (34),1-1,0-1,Sporting Gijón (34)
?,(Sun) 22 Apr 2007 (W16),Málaga CF (34),2-0,1-0,Elche CF (34)
?,(Sun) 22 Apr 2007 (W16),Real Murcia CF (34),3-0,1-0,Xerez CD (34)
?,(Sun) 22 Apr 2007 (W16),Real Madrid B (34),3-1,1-0,SD Ponferradina (34)
?,(Sun) 22 Apr 2007 (W16),CD Tenerife (34),0-2,0-1,Real Valladolid CF (34)
?,(Sun) 22 Apr 2007 (W16),UD Vecindario (34),1-1,1-1,Lorca FC (34)
?,(Sat) 28 Apr 2007 (W17),CF Ciudad de Murcia (35),1-1,1-1,CD Castellón (35)
?,(Sat) 28 Apr 2007 (W17),UD Las Palmas (35),3-1,0-1,Hércules CF (35)
?,(Sat) 28 Apr 2007 (W17),Polideportivo Ejido (35),0-1,0-0,Cádiz CF (35)
?,(Sat) 28 Apr 2007 (W17),Sporting Gijón (35),1-1,1-1,Deportivo Alavés (35)
?,(Sat) 28 Apr 2007 (W17),Xerez CD (35),3-0,1-0,UD Almería (35)
?,(Sun) 29 Apr 2007 (W17),Elche CF (35),2-1,1-0,Real Madrid B (35)
?,(Sun) 29 Apr 2007 (W17),Lorca FC (35),2-3,0-0,CD Tenerife (35)
?,(Sun) 29 Apr 2007 (W17),CD Numancia (35),1-1,1-0,Albacete Balompié (35)
?,(Sun) 29 Apr 2007 (W17),SD Ponferradina (35),3-3,1-1,UD Vecindario (35)
?,(Sun) 29 Apr 2007 (W17),UD Salamanca (35),0-0,0-0,Málaga CF (35)
?,(Sun) 29 Apr 2007 (W17),Real Valladolid CF (35),1-1,1-0,Real Murcia CF (35)
?,(Sat) 5 May 2007 (W18),Deportivo Alavés (36),1-2,1-1,UD Las Palmas (36)
?,(Sat) 5 May 2007 (W18),Albacete Balompié (36),2-1,1-0,Sporting Gijón (36)
?,(Sat) 5 May 2007 (W18),Hércules CF (36),1-1,0-0,CF Ciudad de Murcia (36)
?,(Sat) 5 May 2007 (W18),Real Murcia CF (36),1-0,0-0,Lorca FC (36)
?,(Sat) 5 May 2007 (W18),CD Numancia (36),0-0,0-0,UD Salamanca (36)
?,(Sat) 5 May 2007 (W18),Real Madrid B (36),2-1,0-1,Málaga CF (36)
?,(Sat) 5 May 2007 (W18),UD Vecindario (36),1-4,0-2,Elche CF (36)
?,(Sun) 6 May 2007 (W18),UD Almería (36),3-2,1-2,Real Valladolid CF (36)
?,(Sun) 6 May 2007 (W18),Cádiz CF (36),1-2,0-1,Xerez CD (36)
?,(Sun) 6 May 2007 (W18),CD Castellón (36),0-0,0-0,Polideportivo Ejido (36)
?,(Sun) 6 May 2007 (W18),CD Tenerife (36),0-1,0-0,SD Ponferradina (36)
?,(Sat) 12 May 2007 (W19),CF Ciudad de Murcia (37),5-1,2-1,Deportivo Alavés (37)
?,(Sat) 12 May 2007 (W19),Elche CF (37),0-1,0-0,CD Tenerife (37)
?,(Sat) 12 May 2007 (W19),UD Las Palmas (37),0-1,0-0,Albacete Balompié (37)
?,(Sat) 12 May 2007 (W19),Málaga CF (37),3-2,0-2,UD Vecindario (37)
?,(Sat) 12 May 2007 (W19),SD Ponferradina (37),1-1,0-0,Real Murcia CF (37)
?,(Sat) 12 May 2007 (W19),UD Salamanca (37),3-2,2-1,Real Madrid B (37)
?,(Sat) 12 May 2007 (W19),Sporting Gijón (37),1-0,0-0,CD Numancia (37)
?,(Sun) 13 May 2007 (W19),Lorca FC (37),3-1,1-0,UD Almería (37)
?,(Sun) 13 May 2007 (W19),Polideportivo Ejido (37),2-0,1-0,Hércules CF (37)
?,(Sun) 13 May 2007 (W19),Real Valladolid CF (37),2-2,1-1,Cádiz CF (37)
?,(Sun) 13 May 2007 (W19),Xerez CD (37),1-0,1-0,CD Castellón (37)
?,(Sat) 19 May 2007 (W20),Deportivo Alavés (38),2-1,0-1,Polideportivo Ejido (38)
?,(Sat) 19 May 2007 (W20),UD Almería (38),3-1,2-1,SD Ponferradina (38)
?,(Sat) 19 May 2007 (W20),Hércules CF (38),2-0,1-0,Xerez CD (38)
?,(Sat) 19 May 2007 (W20),CD Numancia (38),3-0,1-0,UD Las Palmas (38)
?,(Sat) 19 May 2007 (W20),Sporting Gijón (38),2-1,1-0,UD Salamanca (38)
?,(Sat) 19 May 2007 (W20),UD Vecindario (38),2-1,1-1,Real Madrid B (38)
?,(Sun) 20 May 2007 (W20),Albacete Balompié (38),2-2,0-2,CF Ciudad de Murcia (38)
?,(Sun) 20 May 2007 (W20),Cádiz CF (38),0-0,0-0,Lorca FC (38)
?,(Sun) 20 May 2007 (W20),CD Castellón (38),2-1,2-1,Real Valladolid CF (38)
?,(Sun) 20 May 2007 (W20),Real Murcia CF (38),0-2,0-1,Elche CF (38)
?,(Sun) 20 May 2007 (W20),CD Tenerife (38),1-2,1-0,Málaga CF (38)
?,(Sat) 26 May 2007 (W21),CF Ciudad de Murcia (39),1-0,1-0,CD Numancia (39)
?,(Sat) 26 May 2007 (W21),UD Las Palmas (39),3-1,2-0,Sporting Gijón (39)
?,(Sat) 26 May 2007 (W21),Lorca FC (39),0-4,0-3,CD Castellón (39)
?,(Sat) 26 May 2007 (W21),Polideportivo Ejido (39),1-0,0-0,Albacete Balompié (39)
?,(Sat) 26 May 2007 (W21),SD Ponferradina (39),1-3,0-0,Cádiz CF (39)
?,(Sat) 26 May 2007 (W21),Real Valladolid CF (39),0-1,0-1,Hércules CF (39)
?,(Sat) 26 May 2007 (W21),Xerez CD (39),0-2,0-1,Deportivo Alavés (39)
?,(Sun) 27 May 2007 (W21),Elche CF (39),1-2,0-1,UD Almería (39)
?,(Sun) 27 May 2007 (W21),Málaga CF (39),1-2,0-1,Real Murcia CF (39)
?,(Sun) 27 May 2007 (W21),Real Madrid B (39),2-3,1-1,CD Tenerife (39)
?,(Sun) 27 May 2007 (W21),UD Salamanca (39),2-3,1-1,UD Vecindario (39)
?,(Sat) 2 Jun 2007 (W22),Cádiz CF (40),3-1,2-0,Elche CF (40)
?,(Sat) 2 Jun 2007 (W22),UD Las Palmas (40),2-2,2-0,UD Salamanca (40)
?,(Sat) 2 Jun 2007 (W22),Sporting Gijón (40),4-3,1-1,CF Ciudad de Murcia (40)
?,(Sat) 2 Jun 2007 (W22),CD Tenerife (40),0-2,0-1,UD Vecindario (40)
?,(Sun) 3 Jun 2007 (W22),Deportivo Alavés (40),1-2,1-1,Real Valladolid CF (40)
?,(Sun) 3 Jun 2007 (W22),Albacete Balompié (40),0-0,0-0,Xerez CD (40)
?,(Sun) 3 Jun 2007 (W22),UD Almería (40),2-2,0-2,Málaga CF (40)
?,(Sun) 3 Jun 2007 (W22),CD Castellón (40),4-0,1-0,SD Ponferradina (40)
?,(Sun) 3 Jun 2007 (W22),Hércules CF (40),1-1,0-0,Lorca FC (40)
?,(Sun) 3 Jun 2007 (W22),Real Murcia CF (40),2-2,0-1,Real Madrid B (40)
?,(Sun) 3 Jun 2007 (W22),CD Numancia (40),3-1,1-0,Polideportivo Ejido (40)
?,(Sat) 9 Jun 2007 (W23),CF Ciudad de Murcia (41),4-2,4-0,UD Las Palmas (41)
?,(Sat) 9 Jun 2007 (W23),Elche CF (41),1-0,0-0,CD Castellón (41)
?,(Sat) 9 Jun 2007 (W23),Lorca FC (41),1-2,1-0,Deportivo Alavés (41)
?,(Sat) 9 Jun 2007 (W23),Málaga CF (41),1-1,0-0,Cádiz CF (41)
?,(Sat) 9 Jun 2007 (W23),Polideportivo Ejido (41),4-1,2-0,Sporting Gijón (41)
?,(Sat) 9 Jun 2007 (W23),Real Madrid B (41),3-1,2-0,UD Almería (41)
?,(Sat) 9 Jun 2007 (W23),UD Vecindario (41),1-1,0-1,Real Murcia CF (41)
?,(Sun) 10 Jun 2007 (W23),SD Ponferradina (41),4-1,2-0,Hércules CF (41)
?,(Sun) 10 Jun 2007 (W23),CD Tenerife (41),1-0,0-0,UD Salamanca (41)
?,(Sun) 10 Jun 2007 (W23),Real Valladolid CF (41),4-2,2-1,Albacete Balompié (41)
?,(Sun) 10 Jun 2007 (W23),Xerez CD (41),1-1,0-1,CD Numancia (41)
?,(Sat) 16 Jun 2007 (W24),Deportivo Alavés (42),1-2,0-0,SD Ponferradina (42)
?,(Sat) 16 Jun 2007 (W24),Albacete Balompié (42),1-0,1-0,Lorca FC (42)
?,(Sat) 16 Jun 2007 (W24),Cádiz CF (42),3-3,2-3,Real Madrid B (42)
?,(Sat) 16 Jun 2007 (W24),CD Castellón (42),0-1,0-0,Málaga CF (42)
?,(Sat) 16 Jun 2007 (W24),Hércules CF (42),0-2,0-2,Elche CF (42)
?,(Sat) 16 Jun 2007 (W24),UD Las Palmas (42),0-2,0-2,Polideportivo Ejido (42)
?,(Sat) 16 Jun 2007 (W24),Real Murcia CF (42),1-4,0-3,CD Tenerife (42)
?,(Sat) 16 Jun 2007 (W24),CD Numancia (42),1-2,0-0,Real Valladolid CF (42)
?,(Sat) 16 Jun 2007 (W24),UD Salamanca (42),1-0,1-0,CF Ciudad de Murcia (42)
?,(Sat) 16 Jun 2007 (W24),Sporting Gijón (42),2-1,0-0,Xerez CD (42)
?,(Sun) 17 Jun 2007 (W24),UD Almería (42),3-0,1-0,UD Vecindario (42)
