Round,Date,Team 1,FT,HT,Team 2
?,(Sun) 9 Sep 1951 (36),Athletic Club Bilbao (1),4-2,?,Real Sporting (1)
?,(Sun) 9 Sep 1951 (36),Atlético Madrid (1),3-1,?,Real Sociedad (1)
?,(Sun) 9 Sep 1951 (36),RCD La Coruña (1),2-1,?,R. Racing C. (1)
?,(Sun) 9 Sep 1951 (36),RCD Español (1),1-0,?,FC Barcelona (1)
?,(Sun) 9 Sep 1951 (36),UD Las Palmas (1),1-4,?,Real Madrid CF (1)
?,(Sun) 9 Sep 1951 (36),Sevilla FC (1),3-1,?,RC Celta Vigo (1)
?,(Sun) 9 Sep 1951 (36),Atético Tetuán (1),0-1,?,Real Zaragoza (1)
?,(Sun) 9 Sep 1951 (36),Valencia CF (1),3-0,?,Real Valladolid CF (1)
?,(Sun) 16 Sep 1951 (37),FC Barcelona (2),1-0,?,Athletic Club Bilbao (2)
?,(Sun) 16 Sep 1951 (37),RC Celta Vigo (2),5-2,?,UD Las Palmas (2)
?,(Sun) 16 Sep 1951 (37),Real Sporting (2),0-2,?,Atlético Madrid (2)
?,(Sun) 16 Sep 1951 (37),R. Racing C. (2),3-1,?,Sevilla FC (2)
?,(Sun) 16 Sep 1951 (37),Real Sociedad (2),1-2,?,Valencia CF (2)
?,(Sun) 16 Sep 1951 (37),Real Madrid CF (2),4-2,?,Atético Tetuán (2)
?,(Sun) 16 Sep 1951 (37),Real Valladolid CF (2),5-0,?,RCD La Coruña (2)
?,(Sun) 16 Sep 1951 (37),Real Zaragoza (2),5-6,?,RCD Español (2)
?,(Sun) 23 Sep 1951 (38),Athletic Club Bilbao (3),10-1,?,Real Zaragoza (3)
?,(Sun) 23 Sep 1951 (38),Atlético Madrid (3),1-1,?,FC Barcelona (3)
?,(Sun) 23 Sep 1951 (38),RCD La Coruña (3),1-1,?,Sevilla FC (3)
?,(Sun) 23 Sep 1951 (38),RCD Español (3),4-3,?,Real Madrid CF (3)
?,(Sun) 23 Sep 1951 (38),UD Las Palmas (3),1-1,?,R. Racing C. (3)
?,(Sun) 23 Sep 1951 (38),Atético Tetuán (3),2-1,?,RC Celta Vigo (3)
?,(Sun) 23 Sep 1951 (38),Valencia CF (3),3-0,?,Real Sporting (3)
?,(Sun) 23 Sep 1951 (38),Real Valladolid CF (3),4-1,?,Real Sociedad (3)
?,(Sun) 30 Sep 1951 (39),FC Barcelona (4),1-3,?,Valencia CF (4)
?,(Sun) 30 Sep 1951 (39),RC Celta Vigo (4),3-3,?,RCD Español (4)
?,(Sun) 30 Sep 1951 (39),Real Sporting (4),1-1,?,Real Valladolid CF (4)
?,(Sun) 30 Sep 1951 (39),R. Racing C. (4),4-0,?,Atético Tetuán (4)
?,(Sun) 30 Sep 1951 (39),Real Sociedad (4),7-1,?,RCD La Coruña (4)
?,(Sun) 30 Sep 1951 (39),Real Madrid CF (4),2-2,?,Athletic Club Bilbao (4)
?,(Sun) 30 Sep 1951 (39),Sevilla FC (4),5-0,?,UD Las Palmas (4)
?,(Sun) 30 Sep 1951 (39),Real Zaragoza (4),0-5,?,Atlético Madrid (4)
?,(Sun) 7 Oct 1951 (40),Athletic Club Bilbao (5),4-2,?,RC Celta Vigo (5)
?,(Sun) 7 Oct 1951 (40),Atlético Madrid (5),3-2,?,Real Madrid CF (5)
?,(Sun) 7 Oct 1951 (40),RCD La Coruña (5),3-1,?,UD Las Palmas (5)
?,(Sun) 7 Oct 1951 (40),RCD Español (5),4-1,?,R. Racing C. (5)
?,(Sun) 7 Oct 1951 (40),Real Sociedad (5),1-2,?,Real Sporting (5)
?,(Sun) 7 Oct 1951 (40),Atético Tetuán (5),3-4,?,Sevilla FC (5)
?,(Sun) 7 Oct 1951 (40),Valencia CF (5),2-2,?,Real Zaragoza (5)
?,(Sun) 7 Oct 1951 (40),Real Valladolid CF (5),1-1,?,FC Barcelona (5)
?,(Sun) 14 Oct 1951 (41),FC Barcelona (6),3-1,?,Real Sociedad (6)
?,(Sun) 14 Oct 1951 (41),RC Celta Vigo (6),0-3,?,Atlético Madrid (6)
?,(Sun) 14 Oct 1951 (41),Real Sporting (6),0-2,?,RCD La Coruña (6)
?,(Sun) 14 Oct 1951 (41),UD Las Palmas (6),4-1,?,Atético Tetuán (6)
?,(Sun) 14 Oct 1951 (41),R. Racing C. (6),3-1,?,Athletic Club Bilbao (6)
?,(Sun) 14 Oct 1951 (41),Real Madrid CF (6),3-1,?,Valencia CF (6)
?,(Sun) 14 Oct 1951 (41),Sevilla FC (6),3-2,?,RCD Español (6)
?,(Sun) 14 Oct 1951 (41),Real Zaragoza (6),2-1,?,Real Valladolid CF (6)
?,(Sun) 21 Oct 1951 (42),Athletic Club Bilbao (7),2-0,?,Sevilla FC (7)
?,(Sun) 21 Oct 1951 (42),Atlético Madrid (7),7-2,?,R. Racing C. (7)
?,(Sun) 21 Oct 1951 (42),RCD La Coruña (7),2-3,?,Atético Tetuán (7)
?,(Sun) 21 Oct 1951 (42),RCD Español (7),2-0,?,UD Las Palmas (7)
?,(Sun) 21 Oct 1951 (42),Real Sporting (7),3-2,?,FC Barcelona (7)
?,(Sun) 21 Oct 1951 (42),Real Sociedad (7),2-0,?,Real Zaragoza (7)
?,(Sun) 21 Oct 1951 (42),Valencia CF (7),7-2,?,RC Celta Vigo (7)
?,(Sun) 21 Oct 1951 (42),Real Valladolid CF (7),2-1,?,Real Madrid CF (7)
?,(Sun) 28 Oct 1951 (43),FC Barcelona (8),6-1,?,RCD La Coruña (8)
?,(Sun) 28 Oct 1951 (43),RC Celta Vigo (8),2-1,?,Real Valladolid CF (8)
?,(Sun) 28 Oct 1951 (43),UD Las Palmas (8),1-1,?,Athletic Club Bilbao (8)
?,(Sun) 28 Oct 1951 (43),R. Racing C. (8),2-1,?,Valencia CF (8)
?,(Sun) 28 Oct 1951 (43),Real Madrid CF (8),0-0,?,Real Sociedad (8)
?,(Sun) 28 Oct 1951 (43),Sevilla FC (8),3-1,?,Atlético Madrid (8)
?,(Sun) 28 Oct 1951 (43),Atético Tetuán (8),3-3,?,RCD Español (8)
?,(Sun) 28 Oct 1951 (43),Real Zaragoza (8),2-1,?,Real Sporting (8)
?,(Sun) 4 Nov 1951 (44),Athletic Club Bilbao (9),3-1,?,Atético Tetuán (9)
?,(Sun) 4 Nov 1951 (44),Atlético Madrid (9),4-0,?,UD Las Palmas (9)
?,(Sun) 4 Nov 1951 (44),FC Barcelona (9),4-1,?,Real Zaragoza (9)
?,(Sun) 4 Nov 1951 (44),RCD La Coruña (9),3-1,?,RCD Español (9)
?,(Sun) 4 Nov 1951 (44),Real Sporting (9),2-3,?,Real Madrid CF (9)
?,(Sun) 4 Nov 1951 (44),Real Sociedad (9),4-1,?,RC Celta Vigo (9)
?,(Sun) 4 Nov 1951 (44),Valencia CF (9),2-0,?,Sevilla FC (9)
?,(Sun) 4 Nov 1951 (44),Real Valladolid CF (9),1-1,?,R. Racing C. (9)
?,(Sun) 11 Nov 1951 (45),RC Celta Vigo (10),4-1,?,Real Sporting (10)
?,(Sun) 11 Nov 1951 (45),RCD Español (10),3-3,?,Athletic Club Bilbao (10)
?,(Sun) 11 Nov 1951 (45),UD Las Palmas (10),5-3,?,Valencia CF (10)
?,(Sun) 11 Nov 1951 (45),R. Racing C. (10),2-4,?,Real Sociedad (10)
?,(Sun) 11 Nov 1951 (45),Real Madrid CF (10),5-1,?,FC Barcelona (10)
?,(Sun) 11 Nov 1951 (45),Sevilla FC (10),4-1,?,Real Valladolid CF (10)
?,(Sun) 11 Nov 1951 (45),Atético Tetuán (10),4-1,?,Atlético Madrid (10)
?,(Sun) 11 Nov 1951 (45),Real Zaragoza (10),1-1,?,RCD La Coruña (10)
?,(Sun) 18 Nov 1951 (46),Atlético Madrid (11),3-3,?,RCD Español (11)
?,(Sun) 18 Nov 1951 (46),FC Barcelona (11),6-1,?,RC Celta Vigo (11)
?,(Sun) 18 Nov 1951 (46),RCD La Coruña (11),3-1,?,Athletic Club Bilbao (11)
?,(Sun) 18 Nov 1951 (46),Real Sporting (11),3-2,?,R. Racing C. (11)
?,(Sun) 18 Nov 1951 (46),Real Sociedad (11),3-3,?,Sevilla FC (11)
?,(Sun) 18 Nov 1951 (46),Valencia CF (11),5-1,?,Atético Tetuán (11)
?,(Sun) 18 Nov 1951 (46),Real Valladolid CF (11),4-1,?,UD Las Palmas (11)
?,(Sun) 18 Nov 1951 (46),Real Zaragoza (11),1-1,?,Real Madrid CF (11)
?,(Sun) 25 Nov 1951 (47),Athletic Club Bilbao (12),7-3,?,Atlético Madrid (12)
?,(Sun) 25 Nov 1951 (47),RC Celta Vigo (12),4-1,?,Real Zaragoza (12)
?,(Sun) 25 Nov 1951 (47),RCD Español (12),2-3,?,Valencia CF (12)
?,(Sun) 25 Nov 1951 (47),UD Las Palmas (12),1-0,?,Real Sociedad (12)
?,(Sun) 25 Nov 1951 (47),R. Racing C. (12),0-3,?,FC Barcelona (12)
?,(Sun) 25 Nov 1951 (47),Real Madrid CF (12),3-2,?,RCD La Coruña (12)
?,(Sun) 25 Nov 1951 (47),Sevilla FC (12),3-3,?,Real Sporting (12)
?,(Sun) 25 Nov 1951 (47),Atético Tetuán (12),2-2,?,Real Valladolid CF (12)
?,(Sun) 2 Dec 1951 (48),FC Barcelona (13),5-3,?,Sevilla FC (13)
?,(Sun) 2 Dec 1951 (48),RCD La Coruña (13),1-3,?,Atlético Madrid (13)
?,(Sun) 2 Dec 1951 (48),Real Sporting (13),4-1,?,UD Las Palmas (13)
?,(Sun) 2 Dec 1951 (48),Real Sociedad (13),1-0,?,Atético Tetuán (13)
?,(Sun) 2 Dec 1951 (48),Real Madrid CF (13),4-1,?,RC Celta Vigo (13)
?,(Sun) 2 Dec 1951 (48),Valencia CF (13),2-3,?,Athletic Club Bilbao (13)
?,(Sun) 2 Dec 1951 (48),Real Valladolid CF (13),1-3,?,RCD Español (13)
?,(Sun) 2 Dec 1951 (48),Real Zaragoza (13),1-0,?,R. Racing C. (13)
?,(Sun) 9 Dec 1951 (49),Athletic Club Bilbao (14),1-0,?,Real Valladolid CF (14)
?,(Sun) 9 Dec 1951 (49),Atlético Madrid (14),4-0,?,Valencia CF (14)
?,(Sun) 9 Dec 1951 (49),RCD La Coruña (14),3-0,?,RC Celta Vigo (14)
?,(Sun) 9 Dec 1951 (49),RCD Español (14),4-1,?,Real Sociedad (14)
?,(Sun) 9 Dec 1951 (49),UD Las Palmas (14),0-2,?,FC Barcelona (14)
?,(Sun) 9 Dec 1951 (49),R. Racing C. (14),0-3,?,Real Madrid CF (14)
?,(Sun) 9 Dec 1951 (49),Sevilla FC (14),2-1,?,Real Zaragoza (14)
?,(Sun) 9 Dec 1951 (49),Atético Tetuán (14),3-1,?,Real Sporting (14)
?,(Sun) 16 Dec 1951 (50),FC Barcelona (15),3-2,?,Atético Tetuán (15)
?,(Sun) 16 Dec 1951 (50),RC Celta Vigo (15),3-0,?,R. Racing C. (15)
?,(Sun) 16 Dec 1951 (50),Real Sporting (15),3-1,?,RCD Español (15)
?,(Sun) 16 Dec 1951 (50),Real Sociedad (15),1-4,?,Athletic Club Bilbao (15)
?,(Sun) 16 Dec 1951 (50),Real Madrid CF (15),5-2,?,Sevilla FC (15)
?,(Sun) 16 Dec 1951 (50),Valencia CF (15),3-0,?,RCD La Coruña (15)
?,(Sun) 16 Dec 1951 (50),Real Valladolid CF (15),1-1,?,Atlético Madrid (15)
?,(Sun) 16 Dec 1951 (50),Real Zaragoza (15),6-0,?,UD Las Palmas (15)
?,(Sun) 30 Dec 1951 (52),FC Barcelona (16),2-0,?,RCD Español (16)
?,(Sun) 30 Dec 1951 (52),RC Celta Vigo (16),2-0,?,Sevilla FC (16)
?,(Sun) 30 Dec 1951 (52),Real Sporting (16),1-1,?,Athletic Club Bilbao (16)
?,(Sun) 30 Dec 1951 (52),R. Racing C. (16),3-1,?,RCD La Coruña (16)
?,(Sun) 30 Dec 1951 (52),Real Sociedad (16),6-1,?,Atlético Madrid (16)
?,(Sun) 30 Dec 1951 (52),Real Madrid CF (16),5-1,?,UD Las Palmas (16)
?,(Sun) 30 Dec 1951 (52),Real Valladolid CF (16),1-2,?,Valencia CF (16)
?,(Sun) 30 Dec 1951 (52),Real Zaragoza (16),3-1,?,Atético Tetuán (16)
?,(Sun) 6 Jan 1952 (0),Athletic Club Bilbao (17),0-3,?,FC Barcelona (17)
?,(Sun) 6 Jan 1952 (0),Atlético Madrid (17),7-3,?,Real Sporting (17)
?,(Sun) 6 Jan 1952 (0),RCD La Coruña (17),1-1,?,Real Valladolid CF (17)
?,(Sun) 6 Jan 1952 (0),RCD Español (17),4-0,?,Real Zaragoza (17)
?,(Sun) 6 Jan 1952 (0),UD Las Palmas (17),2-1,?,RC Celta Vigo (17)
?,(Sun) 6 Jan 1952 (0),Sevilla FC (17),5-0,?,R. Racing C. (17)
?,(Sun) 6 Jan 1952 (0),Atético Tetuán (17),3-3,?,Real Madrid CF (17)
?,(Sun) 6 Jan 1952 (0),Valencia CF (17),4-0,?,Real Sociedad (17)
?,(Sun) 13 Jan 1952 (1),FC Barcelona (18),5-2,?,Atlético Madrid (18)
?,(Sun) 13 Jan 1952 (1),RC Celta Vigo (18),7-0,?,Atético Tetuán (18)
?,(Sun) 13 Jan 1952 (1),Real Sporting (18),2-0,?,Valencia CF (18)
?,(Sun) 13 Jan 1952 (1),R. Racing C. (18),4-0,?,UD Las Palmas (18)
?,(Sun) 13 Jan 1952 (1),Real Sociedad (18),3-1,?,Real Valladolid CF (18)
?,(Sun) 13 Jan 1952 (1),Real Madrid CF (18),6-1,?,RCD Español (18)
?,(Sun) 13 Jan 1952 (1),Sevilla FC (18),2-0,?,RCD La Coruña (18)
?,(Sun) 13 Jan 1952 (1),Real Zaragoza (18),2-4,?,Athletic Club Bilbao (18)
?,(Sun) 20 Jan 1952 (2),Athletic Club Bilbao (19),1-1,?,Real Madrid CF (19)
?,(Sun) 20 Jan 1952 (2),Atlético Madrid (19),2-1,?,Real Zaragoza (19)
?,(Sun) 20 Jan 1952 (2),RCD La Coruña (19),2-1,?,Real Sociedad (19)
?,(Sun) 20 Jan 1952 (2),RCD Español (19),0-2,?,RC Celta Vigo (19)
?,(Sun) 20 Jan 1952 (2),UD Las Palmas (19),1-0,?,Sevilla FC (19)
?,(Sun) 20 Jan 1952 (2),Atético Tetuán (19),5-1,?,R. Racing C. (19)
?,(Sun) 20 Jan 1952 (2),Valencia CF (19),2-2,?,FC Barcelona (19)
?,(Sun) 20 Jan 1952 (2),Real Valladolid CF (19),4-1,?,Real Sporting (19)
?,(Sun) 27 Jan 1952 (3),FC Barcelona (20),0-0,?,Real Valladolid CF (20)
?,(Sun) 27 Jan 1952 (3),RC Celta Vigo (20),4-1,?,Athletic Club Bilbao (20)
?,(Sun) 27 Jan 1952 (3),Real Sporting (20),2-1,?,Real Sociedad (20)
?,(Sun) 27 Jan 1952 (3),UD Las Palmas (20),3-2,?,RCD La Coruña (20)
?,(Sun) 27 Jan 1952 (3),R. Racing C. (20),1-0,?,RCD Español (20)
?,(Sun) 27 Jan 1952 (3),Real Madrid CF (20),2-1,?,Atlético Madrid (20)
?,(Sun) 27 Jan 1952 (3),Sevilla FC (20),3-2,?,Atético Tetuán (20)
?,(Sun) 27 Jan 1952 (3),Real Zaragoza (20),4-2,?,Valencia CF (20)
?,(Sun) 3 Feb 1952 (4),Athletic Club Bilbao (21),0-1,?,R. Racing C. (21)
?,(Sun) 3 Feb 1952 (4),Atlético Madrid (21),2-1,?,RC Celta Vigo (21)
?,(Sun) 3 Feb 1952 (4),RCD La Coruña (21),4-1,?,Real Sporting (21)
?,(Sun) 3 Feb 1952 (4),RCD Español (21),4-3,?,Sevilla FC (21)
?,(Sun) 3 Feb 1952 (4),Real Sociedad (21),4-2,?,FC Barcelona (21)
?,(Sun) 3 Feb 1952 (4),Atético Tetuán (21),2-2,?,UD Las Palmas (21)
?,(Sun) 3 Feb 1952 (4),Valencia CF (21),2-1,?,Real Madrid CF (21)
?,(Sun) 3 Feb 1952 (4),Real Valladolid CF (21),1-0,?,Real Zaragoza (21)
?,(Sun) 10 Feb 1952 (5),FC Barcelona (22),9-0,?,Real Sporting (22)
?,(Sun) 10 Feb 1952 (5),RC Celta Vigo (22),1-1,?,Valencia CF (22)
?,(Sun) 10 Feb 1952 (5),UD Las Palmas (22),1-0,?,RCD Español (22)
?,(Sun) 10 Feb 1952 (5),R. Racing C. (22),2-2,?,Atlético Madrid (22)
?,(Sun) 10 Feb 1952 (5),Real Madrid CF (22),2-0,?,Real Valladolid CF (22)
?,(Sun) 10 Feb 1952 (5),Sevilla FC (22),2-0,?,Athletic Club Bilbao (22)
?,(Sun) 10 Feb 1952 (5),Atético Tetuán (22),2-0,?,RCD La Coruña (22)
?,(Sun) 10 Feb 1952 (5),Real Zaragoza (22),3-2,?,Real Sociedad (22)
?,(Sun) 17 Feb 1952 (6),Athletic Club Bilbao (23),7-0,?,UD Las Palmas (23)
?,(Sun) 17 Feb 1952 (6),Atlético Madrid (23),2-1,?,Sevilla FC (23)
?,(Sun) 17 Feb 1952 (6),RCD La Coruña (23),1-1,?,FC Barcelona (23)
?,(Sun) 17 Feb 1952 (6),RCD Español (23),4-1,?,Atético Tetuán (23)
?,(Sun) 17 Feb 1952 (6),Real Sporting (23),2-2,?,Real Zaragoza (23)
?,(Sun) 17 Feb 1952 (6),Real Sociedad (23),3-1,?,Real Madrid CF (23)
?,(Sun) 17 Feb 1952 (6),Valencia CF (23),1-1,?,R. Racing C. (23)
?,(Sun) 17 Feb 1952 (6),Real Valladolid CF (23),3-0,?,RC Celta Vigo (23)
?,(Sun) 24 Feb 1952 (7),RC Celta Vigo (24),3-1,?,Real Sociedad (24)
?,(Sun) 24 Feb 1952 (7),RCD Español (24),3-1,?,RCD La Coruña (24)
?,(Sun) 24 Feb 1952 (7),UD Las Palmas (24),1-3,?,Atlético Madrid (24)
?,(Sun) 24 Feb 1952 (7),R. Racing C. (24),2-2,?,Real Valladolid CF (24)
?,(Sun) 24 Feb 1952 (7),Real Madrid CF (24),5-1,?,Real Sporting (24)
?,(Sun) 24 Feb 1952 (7),Sevilla FC (24),6-1,?,Valencia CF (24)
?,(Sun) 24 Feb 1952 (7),Atético Tetuán (24),1-2,?,Athletic Club Bilbao (24)
?,(Sun) 24 Feb 1952 (7),Real Zaragoza (24),2-4,?,FC Barcelona (24)
?,(Sun) 2 Mar 1952 (8),Athletic Club Bilbao (25),2-1,?,RCD Español (25)
?,(Sun) 2 Mar 1952 (8),Atlético Madrid (25),8-0,?,Atético Tetuán (25)
?,(Sun) 2 Mar 1952 (8),FC Barcelona (25),4-2,?,Real Madrid CF (25)
?,(Sun) 2 Mar 1952 (8),RCD La Coruña (25),2-1,?,Real Zaragoza (25)
?,(Sun) 2 Mar 1952 (8),Real Sporting (25),1-1,?,RC Celta Vigo (25)
?,(Sun) 2 Mar 1952 (8),Real Sociedad (25),1-1,?,R. Racing C. (25)
?,(Sun) 2 Mar 1952 (8),Valencia CF (25),3-0,?,UD Las Palmas (25)
?,(Sun) 2 Mar 1952 (8),Real Valladolid CF (25),2-1,?,Sevilla FC (25)
?,(Sun) 9 Mar 1952 (9),Athletic Club Bilbao (26),4-1,?,RCD La Coruña (26)
?,(Sun) 9 Mar 1952 (9),RC Celta Vigo (26),1-2,?,FC Barcelona (26)
?,(Sun) 9 Mar 1952 (9),RCD Español (26),3-1,?,Atlético Madrid (26)
?,(Sun) 9 Mar 1952 (9),UD Las Palmas (26),1-1,?,Real Valladolid CF (26)
?,(Sun) 9 Mar 1952 (9),R. Racing C. (26),1-2,?,Real Sporting (26)
?,(Sun) 9 Mar 1952 (9),Real Madrid CF (26),2-1,?,Real Zaragoza (26)
?,(Sun) 9 Mar 1952 (9),Sevilla FC (26),2-2,?,Real Sociedad (26)
?,(Sun) 9 Mar 1952 (9),Atético Tetuán (26),1-1,?,Valencia CF (26)
?,(Sun) 16 Mar 1952 (10),Atlético Madrid (27),1-2,?,Athletic Club Bilbao (27)
?,(Sun) 16 Mar 1952 (10),FC Barcelona (27),7-1,?,R. Racing C. (27)
?,(Sun) 16 Mar 1952 (10),RCD La Coruña (27),1-1,?,Real Madrid CF (27)
?,(Sun) 16 Mar 1952 (10),Real Sporting (27),4-0,?,Sevilla FC (27)
?,(Sun) 16 Mar 1952 (10),Real Sociedad (27),3-0,?,UD Las Palmas (27)
?,(Sun) 16 Mar 1952 (10),Valencia CF (27),4-1,?,RCD Español (27)
?,(Sun) 16 Mar 1952 (10),Real Valladolid CF (27),3-0,?,Atético Tetuán (27)
?,(Sun) 16 Mar 1952 (10),Real Zaragoza (27),3-2,?,RC Celta Vigo (27)
?,(Sun) 23 Mar 1952 (11),Athletic Club Bilbao (28),2-0,?,Valencia CF (28)
?,(Sun) 23 Mar 1952 (11),Atlético Madrid (28),3-1,?,RCD La Coruña (28)
?,(Sun) 23 Mar 1952 (11),RC Celta Vigo (28),3-2,?,Real Madrid CF (28)
?,(Sun) 23 Mar 1952 (11),RCD Español (28),3-0,?,Real Valladolid CF (28)
?,(Sun) 23 Mar 1952 (11),UD Las Palmas (28),2-0,?,Real Sporting (28)
?,(Sun) 23 Mar 1952 (11),R. Racing C. (28),2-2,?,Real Zaragoza (28)
?,(Sun) 23 Mar 1952 (11),Sevilla FC (28),3-0,?,FC Barcelona (28)
?,(Sun) 23 Mar 1952 (11),Atético Tetuán (28),3-1,?,Real Sociedad (28)
?,(Sun) 6 Apr 1952 (13),FC Barcelona (29),7-0,?,UD Las Palmas (29)
?,(Sun) 6 Apr 1952 (13),RC Celta Vigo (29),6-1,?,RCD La Coruña (29)
?,(Sun) 6 Apr 1952 (13),Real Sporting (29),3-1,?,Atético Tetuán (29)
?,(Sun) 6 Apr 1952 (13),Real Sociedad (29),3-0,?,RCD Español (29)
?,(Sun) 6 Apr 1952 (13),Real Madrid CF (29),2-0,?,R. Racing C. (29)
?,(Sun) 6 Apr 1952 (13),Valencia CF (29),3-0,?,Atlético Madrid (29)
?,(Sun) 6 Apr 1952 (13),Real Valladolid CF (29),2-2,?,Athletic Club Bilbao (29)
?,(Sun) 6 Apr 1952 (13),Real Zaragoza (29),3-0,?,Sevilla FC (29)
?,(Sun) 13 Apr 1952 (14),Athletic Club Bilbao (30),4-1,?,Real Sociedad (30)
?,(Sun) 13 Apr 1952 (14),Atlético Madrid (30),1-1,?,Real Valladolid CF (30)
?,(Sun) 13 Apr 1952 (14),RCD La Coruña (30),3-2,?,Valencia CF (30)
?,(Sun) 13 Apr 1952 (14),RCD Español (30),3-0,?,Real Sporting (30)
?,(Sun) 13 Apr 1952 (14),UD Las Palmas (30),4-2,?,Real Zaragoza (30)
?,(Sun) 13 Apr 1952 (14),R. Racing C. (30),3-0,?,RC Celta Vigo (30)
?,(Sun) 13 Apr 1952 (14),Sevilla FC (30),4-1,?,Real Madrid CF (30)
?,(Sun) 13 Apr 1952 (14),Atético Tetuán (30),2-5,?,FC Barcelona (30)
