Round,Date,Team 1,FT,HT,Team 2
?,(Sat) 30 Aug 2008 (W35),Alicante CF (1),0-1,0-0,Xerez CD (1)
?,(Sat) 30 Aug 2008 (W35),RC Celta Vigo (1),0-1,0-0,Girona FC (1)
?,(Sat) 30 Aug 2008 (W35),Levante UD (1),2-1,1-0,Real Zaragoza (1)
?,(Sat) 30 Aug 2008 (W35),Real Sociedad (1),1-0,0-0,UD Las Palmas (1)
?,(Sat) 30 Aug 2008 (W35),CD Tenerife (1),3-2,1-0,Gimnàstic Tarragona (1)
?,(Sat) 30 Aug 2008 (W35),Rayo Vallecano (1),1-0,1-0,Real Murcia CF (1)
?,(Sun) 31 Aug 2008 (W35),Albacete Balompié (1),2-1,1-0,Sevilla FC B (1)
?,(Sun) 31 Aug 2008 (W35),Córdoba CF (1),0-3,0-2,Hércules CF (1)
?,(Sun) 31 Aug 2008 (W35),Elche CF (1),0-1,0-0,SD Eibar (1)
?,(Sun) 31 Aug 2008 (W35),SD Huesca (1),2-2,1-1,CD Castellón (1)
?,(Sun) 31 Aug 2008 (W35),UD Salamanca (1),0-0,0-0,Deportivo Alavés (1)
?,(Sat) 6 Sep 2008 (W36),Hércules CF (2),1-1,0-1,Rayo Vallecano (2)
?,(Sat) 6 Sep 2008 (W36),Real Zaragoza (2),2-2,2-0,Real Sociedad (2)
?,(Sun) 7 Sep 2008 (W36),Deportivo Alavés (2),1-0,0-0,Córdoba CF (2)
?,(Sun) 7 Sep 2008 (W36),CD Castellón (2),2-0,1-0,RC Celta Vigo (2)
?,(Sun) 7 Sep 2008 (W36),SD Eibar (2),3-2,0-0,CD Tenerife (2)
?,(Sun) 7 Sep 2008 (W36),Gimnàstic Tarragona (2),1-1,0-0,SD Huesca (2)
?,(Sun) 7 Sep 2008 (W36),Girona FC (2),3-0,1-0,Alicante CF (2)
?,(Sun) 7 Sep 2008 (W36),UD Las Palmas (2),2-0,1-0,Elche CF (2)
?,(Sun) 7 Sep 2008 (W36),Real Murcia CF (2),1-2,1-1,Levante UD (2)
?,(Sun) 7 Sep 2008 (W36),Sevilla FC B (2),1-1,0-0,UD Salamanca (2)
?,(Sun) 7 Sep 2008 (W36),Xerez CD (2),2-1,1-1,Albacete Balompié (2)
?,(Sat) 13 Sep 2008 (W37),Alicante CF (3),0-0,0-0,CD Castellón (3)
?,(Sat) 13 Sep 2008 (W37),RC Celta Vigo (3),0-2,0-0,Gimnàstic Tarragona (3)
?,(Sat) 13 Sep 2008 (W37),Córdoba CF (3),1-1,0-0,Sevilla FC B (3)
?,(Sat) 13 Sep 2008 (W37),SD Huesca (3),2-0,2-0,SD Eibar (3)
?,(Sat) 13 Sep 2008 (W37),UD Las Palmas (3),2-2,0-0,Real Zaragoza (3)
?,(Sun) 14 Sep 2008 (W37),Albacete Balompié (3),1-1,0-0,Girona FC (3)
?,(Sun) 14 Sep 2008 (W37),Elche CF (3),2-4,0-1,CD Tenerife (3)
?,(Sun) 14 Sep 2008 (W37),Levante UD (3),0-2,0-1,Hércules CF (3)
?,(Sun) 14 Sep 2008 (W37),UD Salamanca (3),2-1,1-1,Xerez CD (3)
?,(Sun) 14 Sep 2008 (W37),Real Sociedad (3),2-0,1-0,Real Murcia CF (3)
?,(Sun) 14 Sep 2008 (W37),Rayo Vallecano (3),2-1,1-0,Deportivo Alavés (3)
?,(Sat) 20 Sep 2008 (W38),Deportivo Alavés (4),2-2,2-0,Levante UD (4)
?,(Sat) 20 Sep 2008 (W38),Gimnàstic Tarragona (4),1-1,0-1,Alicante CF (4)
?,(Sat) 20 Sep 2008 (W38),Real Murcia CF (4),0-0,0-0,UD Las Palmas (4)
?,(Sat) 20 Sep 2008 (W38),Sevilla FC B (4),0-0,0-0,Rayo Vallecano (4)
?,(Sun) 21 Sep 2008 (W38),CD Castellón (4),1-0,1-0,Albacete Balompié (4)
?,(Sun) 21 Sep 2008 (W38),SD Eibar (4),0-0,0-0,RC Celta Vigo (4)
?,(Sun) 21 Sep 2008 (W38),Girona FC (4),0-1,0-0,UD Salamanca (4)
?,(Sun) 21 Sep 2008 (W38),Hércules CF (4),1-1,0-1,Real Sociedad (4)
?,(Sun) 21 Sep 2008 (W38),CD Tenerife (4),1-1,0-1,SD Huesca (4)
?,(Sun) 21 Sep 2008 (W38),Xerez CD (4),0-1,0-1,Córdoba CF (4)
?,(Sun) 21 Sep 2008 (W38),Real Zaragoza (4),2-0,2-0,Elche CF (4)
?,(Sat) 27 Sep 2008 (W39),Córdoba CF (5),2-0,0-0,Girona FC (5)
?,(Sat) 27 Sep 2008 (W39),UD Las Palmas (5),1-1,0-0,Hércules CF (5)
?,(Sat) 27 Sep 2008 (W39),Real Sociedad (5),1-1,1-1,Deportivo Alavés (5)
?,(Sat) 27 Sep 2008 (W39),Real Zaragoza (5),2-1,0-1,Real Murcia CF (5)
?,(Sun) 28 Sep 2008 (W39),Albacete Balompié (5),3-2,2-0,Gimnàstic Tarragona (5)
?,(Sun) 28 Sep 2008 (W39),Alicante CF (5),3-1,1-1,SD Eibar (5)
?,(Sun) 28 Sep 2008 (W39),RC Celta Vigo (5),2-1,1-0,CD Tenerife (5)
?,(Sun) 28 Sep 2008 (W39),Elche CF (5),2-2,0-0,SD Huesca (5)
?,(Sun) 28 Sep 2008 (W39),Levante UD (5),2-0,1-0,Sevilla FC B (5)
?,(Sun) 28 Sep 2008 (W39),UD Salamanca (5),1-0,1-0,CD Castellón (5)
?,(Sun) 28 Sep 2008 (W39),Rayo Vallecano (5),3-3,0-1,Xerez CD (5)
?,(Sat) 4 Oct 2008 (W40),SD Eibar (6),1-1,0-0,Albacete Balompié (6)
?,(Sat) 4 Oct 2008 (W40),Girona FC (6),1-1,1-0,Rayo Vallecano (6)
?,(Sat) 4 Oct 2008 (W40),Hércules CF (6),2-1,0-0,Real Zaragoza (6)
?,(Sat) 4 Oct 2008 (W40),Sevilla FC B (6),1-0,1-0,Real Sociedad (6)
?,(Sat) 4 Oct 2008 (W40),CD Tenerife (6),3-1,2-0,Alicante CF (6)
?,(Sat) 4 Oct 2008 (W40),Xerez CD (6),2-0,1-0,Levante UD (6)
?,(Sun) 5 Oct 2008 (W40),Deportivo Alavés (6),2-1,0-1,UD Las Palmas (6)
?,(Sun) 5 Oct 2008 (W40),CD Castellón (6),1-1,1-0,Córdoba CF (6)
?,(Sun) 5 Oct 2008 (W40),Gimnàstic Tarragona (6),2-0,0-0,UD Salamanca (6)
?,(Sun) 5 Oct 2008 (W40),SD Huesca (6),0-0,0-0,RC Celta Vigo (6)
?,(Sun) 5 Oct 2008 (W40),Real Murcia CF (6),1-0,1-0,Elche CF (6)
?,(Sat) 11 Oct 2008 (W41),Alicante CF (7),1-3,0-1,SD Huesca (7)
?,(Sat) 11 Oct 2008 (W41),UD Las Palmas (7),2-0,0-0,Sevilla FC B (7)
?,(Sat) 11 Oct 2008 (W41),Real Murcia CF (7),0-0,0-0,Hércules CF (7)
?,(Sat) 11 Oct 2008 (W41),Real Sociedad (7),0-0,0-0,Xerez CD (7)
?,(Sat) 11 Oct 2008 (W41),Real Zaragoza (7),4-2,2-1,Deportivo Alavés (7)
?,(Sun) 12 Oct 2008 (W41),Albacete Balompié (7),0-1,0-0,CD Tenerife (7)
?,(Sun) 12 Oct 2008 (W41),Córdoba CF (7),0-0,0-0,Gimnàstic Tarragona (7)
?,(Sun) 12 Oct 2008 (W41),Elche CF (7),1-1,1-0,RC Celta Vigo (7)
?,(Sun) 12 Oct 2008 (W41),Levante UD (7),1-1,1-0,Girona FC (7)
?,(Sun) 12 Oct 2008 (W41),UD Salamanca (7),2-0,0-0,SD Eibar (7)
?,(Sun) 12 Oct 2008 (W41),Rayo Vallecano (7),4-2,2-1,CD Castellón (7)
?,(Sat) 18 Oct 2008 (W42),Deportivo Alavés (8),4-1,0-0,Real Murcia CF (8)
?,(Sat) 18 Oct 2008 (W42),CD Castellón (8),4-1,2-0,Levante UD (8)
?,(Sat) 18 Oct 2008 (W42),RC Celta Vigo (8),2-2,0-0,Alicante CF (8)
?,(Sat) 18 Oct 2008 (W42),Girona FC (8),0-0,0-0,Real Sociedad (8)
?,(Sat) 18 Oct 2008 (W42),Sevilla FC B (8),0-4,0-2,Real Zaragoza (8)
?,(Sat) 18 Oct 2008 (W42),CD Tenerife (8),2-3,2-2,UD Salamanca (8)
?,(Sat) 18 Oct 2008 (W42),Xerez CD (8),1-0,1-0,UD Las Palmas (8)
?,(Sun) 19 Oct 2008 (W42),SD Eibar (8),1-0,1-0,Córdoba CF (8)
?,(Sun) 19 Oct 2008 (W42),Gimnàstic Tarragona (8),3-1,1-1,Rayo Vallecano (8)
?,(Sun) 19 Oct 2008 (W42),Hércules CF (8),0-0,0-0,Elche CF (8)
?,(Sun) 19 Oct 2008 (W42),SD Huesca (8),1-2,0-2,Albacete Balompié (8)
?,(Sat) 25 Oct 2008 (W43),Córdoba CF (9),2-0,0-0,CD Tenerife (9)
?,(Sat) 25 Oct 2008 (W43),Elche CF (9),0-0,0-0,Alicante CF (9)
?,(Sat) 25 Oct 2008 (W43),UD Las Palmas (9),2-2,2-0,Girona FC (9)
?,(Sat) 25 Oct 2008 (W43),Rayo Vallecano (9),4-1,1-0,SD Eibar (9)
?,(Sat) 25 Oct 2008 (W43),Real Zaragoza (9),2-1,0-0,Xerez CD (9)
?,(Sun) 26 Oct 2008 (W43),Albacete Balompié (9),1-1,1-1,RC Celta Vigo (9)
?,(Sun) 26 Oct 2008 (W43),Hércules CF (9),3-0,1-0,Deportivo Alavés (9)
?,(Sun) 26 Oct 2008 (W43),Levante UD (9),2-2,2-0,Gimnàstic Tarragona (9)
?,(Sun) 26 Oct 2008 (W43),Real Murcia CF (9),1-0,1-0,Sevilla FC B (9)
?,(Sun) 26 Oct 2008 (W43),UD Salamanca (9),2-0,1-0,SD Huesca (9)
?,(Sun) 26 Oct 2008 (W43),Real Sociedad (9),2-3,0-1,CD Castellón (9)
?,(Sat) 1 Nov 2008 (W44),CD Castellón (10),1-1,1-0,UD Las Palmas (10)
?,(Sat) 1 Nov 2008 (W44),Gimnàstic Tarragona (10),1-2,0-1,Real Sociedad (10)
?,(Sat) 1 Nov 2008 (W44),Girona FC (10),1-0,1-0,Real Zaragoza (10)
?,(Sat) 1 Nov 2008 (W44),SD Huesca (10),3-1,1-0,Córdoba CF (10)
?,(Sun) 2 Nov 2008 (W44),Deportivo Alavés (10),0-3,0-1,Elche CF (10)
?,(Sun) 2 Nov 2008 (W44),Alicante CF (10),1-2,1-2,Albacete Balompié (10)
?,(Sun) 2 Nov 2008 (W44),RC Celta Vigo (10),2-0,1-0,UD Salamanca (10)
?,(Sun) 2 Nov 2008 (W44),SD Eibar (10),0-0,0-0,Levante UD (10)
?,(Sun) 2 Nov 2008 (W44),Sevilla FC B (10),1-2,1-0,Hércules CF (10)
?,(Sun) 2 Nov 2008 (W44),CD Tenerife (10),2-0,0-0,Rayo Vallecano (10)
?,(Sun) 2 Nov 2008 (W44),Xerez CD (10),5-3,0-2,Real Murcia CF (10)
?,(Sat) 8 Nov 2008 (W45),Córdoba CF (11),3-4,1-2,RC Celta Vigo (11)
?,(Sat) 8 Nov 2008 (W45),UD Las Palmas (11),2-2,1-1,Gimnàstic Tarragona (11)
?,(Sat) 8 Nov 2008 (W45),Levante UD (11),2-1,1-0,CD Tenerife (11)
?,(Sat) 8 Nov 2008 (W45),Real Murcia CF (11),2-0,1-0,Girona FC (11)
?,(Sat) 8 Nov 2008 (W45),Real Sociedad (11),0-0,0-0,SD Eibar (11)
?,(Sat) 8 Nov 2008 (W45),Rayo Vallecano (11),1-0,1-0,SD Huesca (11)
?,(Sun) 9 Nov 2008 (W45),Deportivo Alavés (11),2-2,1-2,Sevilla FC B (11)
?,(Sun) 9 Nov 2008 (W45),Elche CF (11),0-0,0-0,Albacete Balompié (11)
?,(Sun) 9 Nov 2008 (W45),Hércules CF (11),0-0,0-0,Xerez CD (11)
?,(Sun) 9 Nov 2008 (W45),UD Salamanca (11),2-0,0-0,Alicante CF (11)
?,(Sun) 9 Nov 2008 (W45),Real Zaragoza (11),1-1,1-1,CD Castellón (11)
?,(Sat) 15 Nov 2008 (W46),Albacete Balompié (12),2-2,1-1,UD Salamanca (12)
?,(Sat) 15 Nov 2008 (W46),Alicante CF (12),2-2,2-1,Córdoba CF (12)
?,(Sat) 15 Nov 2008 (W46),SD Eibar (12),1-2,1-0,UD Las Palmas (12)
?,(Sat) 15 Nov 2008 (W46),Gimnàstic Tarragona (12),0-0,0-0,Real Zaragoza (12)
?,(Sun) 16 Nov 2008 (W46),CD Castellón (12),2-0,0-0,Real Murcia CF (12)
?,(Sun) 16 Nov 2008 (W46),RC Celta Vigo (12),0-0,0-0,Rayo Vallecano (12)
?,(Sun) 16 Nov 2008 (W46),Girona FC (12),1-0,0-0,Hércules CF (12)
?,(Sun) 16 Nov 2008 (W46),SD Huesca (12),2-1,0-1,Levante UD (12)
?,(Sun) 16 Nov 2008 (W46),Sevilla FC B (12),0-2,0-1,Elche CF (12)
?,(Sun) 16 Nov 2008 (W46),CD Tenerife (12),1-1,0-0,Real Sociedad (12)
?,(Sun) 16 Nov 2008 (W46),Xerez CD (12),5-0,3-0,Deportivo Alavés (12)
?,(Sat) 22 Nov 2008 (W47),Córdoba CF (13),1-0,0-0,Albacete Balompié (13)
?,(Sat) 22 Nov 2008 (W47),Hércules CF (13),0-0,0-0,CD Castellón (13)
?,(Sat) 22 Nov 2008 (W47),UD Las Palmas (13),0-1,0-1,CD Tenerife (13)
?,(Sat) 22 Nov 2008 (W47),Real Murcia CF (13),1-1,0-1,Gimnàstic Tarragona (13)
?,(Sat) 22 Nov 2008 (W47),Sevilla FC B (13),1-2,0-2,Xerez CD (13)
?,(Sat) 22 Nov 2008 (W47),Real Zaragoza (13),3-0,1-0,SD Eibar (13)
?,(Sun) 23 Nov 2008 (W47),Deportivo Alavés (13),1-0,1-0,Girona FC (13)
?,(Sun) 23 Nov 2008 (W47),Elche CF (13),3-1,0-0,UD Salamanca (13)
?,(Sun) 23 Nov 2008 (W47),Levante UD (13),1-3,1-1,RC Celta Vigo (13)
?,(Sun) 23 Nov 2008 (W47),Real Sociedad (13),1-0,0-0,SD Huesca (13)
?,(Sun) 23 Nov 2008 (W47),Rayo Vallecano (13),0-0,0-0,Alicante CF (13)
?,(Sat) 29 Nov 2008 (W48),Albacete Balompié (14),2-1,1-0,Rayo Vallecano (14)
?,(Sat) 29 Nov 2008 (W48),RC Celta Vigo (14),0-0,0-0,Real Sociedad (14)
?,(Sat) 29 Nov 2008 (W48),SD Eibar (14),3-1,2-0,Real Murcia CF (14)
?,(Sat) 29 Nov 2008 (W48),Girona FC (14),1-0,1-0,Sevilla FC B (14)
?,(Sat) 29 Nov 2008 (W48),SD Huesca (14),2-1,1-1,UD Las Palmas (14)
?,(Sat) 29 Nov 2008 (W48),Xerez CD (14),3-1,2-1,Elche CF (14)
?,(Sun) 30 Nov 2008 (W48),Alicante CF (14),0-2,0-1,Levante UD (14)
?,(Sun) 30 Nov 2008 (W48),CD Castellón (14),0-1,0-1,Deportivo Alavés (14)
?,(Sun) 30 Nov 2008 (W48),Gimnàstic Tarragona (14),2-2,2-0,Hércules CF (14)
?,(Sun) 30 Nov 2008 (W48),UD Salamanca (14),1-0,0-0,Córdoba CF (14)
?,(Sun) 30 Nov 2008 (W48),CD Tenerife (14),1-2,0-1,Real Zaragoza (14)
?,(Sat) 6 Dec 2008 (W49),Deportivo Alavés (15),1-1,1-1,Gimnàstic Tarragona (15)
?,(Sat) 6 Dec 2008 (W49),Elche CF (15),3-1,2-0,Córdoba CF (15)
?,(Sat) 6 Dec 2008 (W49),UD Las Palmas (15),2-0,1-0,RC Celta Vigo (15)
?,(Sat) 6 Dec 2008 (W49),Levante UD (15),3-1,1-1,Albacete Balompié (15)
?,(Sat) 6 Dec 2008 (W49),Real Sociedad (15),1-0,0-0,Alicante CF (15)
?,(Sat) 6 Dec 2008 (W49),Rayo Vallecano (15),1-1,1-1,UD Salamanca (15)
?,(Sat) 6 Dec 2008 (W49),Xerez CD (15),2-2,1-0,Girona FC (15)
?,(Sat) 6 Dec 2008 (W49),Real Zaragoza (15),2-2,0-0,SD Huesca (15)
?,(Sun) 7 Dec 2008 (W49),Hércules CF (15),2-0,0-0,SD Eibar (15)
?,(Sun) 7 Dec 2008 (W49),Real Murcia CF (15),2-2,1-0,CD Tenerife (15)
?,(Sun) 7 Dec 2008 (W49),Sevilla FC B (15),0-2,0-1,CD Castellón (15)
?,(Sat) 13 Dec 2008 (W50),Albacete Balompié (16),2-1,1-0,Real Sociedad (16)
?,(Sat) 13 Dec 2008 (W50),Alicante CF (16),1-2,0-2,UD Las Palmas (16)
?,(Sat) 13 Dec 2008 (W50),RC Celta Vigo (16),2-0,0-0,Real Zaragoza (16)
?,(Sat) 13 Dec 2008 (W50),Córdoba CF (16),0-1,0-1,Rayo Vallecano (16)
?,(Sat) 13 Dec 2008 (W50),SD Huesca (16),1-0,1-0,Real Murcia CF (16)
?,(Sun) 14 Dec 2008 (W50),CD Castellón (16),2-2,1-1,Xerez CD (16)
?,(Sun) 14 Dec 2008 (W50),SD Eibar (16),1-0,0-0,Deportivo Alavés (16)
?,(Sun) 14 Dec 2008 (W50),Gimnàstic Tarragona (16),3-1,2-1,Sevilla FC B (16)
?,(Sun) 14 Dec 2008 (W50),Girona FC (16),1-1,1-0,Elche CF (16)
?,(Sun) 14 Dec 2008 (W50),UD Salamanca (16),3-0,1-0,Levante UD (16)
?,(Sun) 14 Dec 2008 (W50),CD Tenerife (16),3-2,2-1,Hércules CF (16)
?,(Sat) 20 Dec 2008 (W51),Elche CF (17),2-0,0-0,Rayo Vallecano (17)
?,(Sat) 20 Dec 2008 (W51),Girona FC (17),1-0,1-0,CD Castellón (17)
?,(Sat) 20 Dec 2008 (W51),Hércules CF (17),3-2,1-0,SD Huesca (17)
?,(Sat) 20 Dec 2008 (W51),UD Las Palmas (17),3-0,2-0,Albacete Balompié (17)
?,(Sat) 20 Dec 2008 (W51),Levante UD (17),3-0,1-0,Córdoba CF (17)
?,(Sat) 20 Dec 2008 (W51),Sevilla FC B (17),0-0,0-0,SD Eibar (17)
?,(Sat) 20 Dec 2008 (W51),Real Sociedad (17),1-0,0-0,UD Salamanca (17)
?,(Sat) 20 Dec 2008 (W51),Real Zaragoza (17),3-0,2-0,Alicante CF (17)
?,(Sun) 21 Dec 2008 (W51),Deportivo Alavés (17),1-2,0-2,CD Tenerife (17)
?,(Sun) 21 Dec 2008 (W51),Xerez CD (17),1-2,1-1,Gimnàstic Tarragona (17)
?,(Sat) 3 Jan 2009 (W1),Albacete Balompié (18),1-1,0-1,Real Zaragoza (18)
?,(Sat) 3 Jan 2009 (W1),Alicante CF (18),0-2,0-2,Real Murcia CF (17)
?,(Sat) 3 Jan 2009 (W1),CD Castellón (18),2-2,2-2,Elche CF (18)
?,(Sat) 3 Jan 2009 (W1),SD Eibar (18),1-1,1-0,Xerez CD (18)
?,(Sat) 3 Jan 2009 (W1),Gimnàstic Tarragona (18),3-0,2-0,Girona FC (18)
?,(Sat) 3 Jan 2009 (W1),UD Salamanca (18),2-2,2-2,UD Las Palmas (18)
?,(Sun) 4 Jan 2009 (W1),RC Celta Vigo (17),2-1,0-0,Hércules CF (18)
?,(Sun) 4 Jan 2009 (W1),Córdoba CF (18),2-2,1-1,Real Sociedad (18)
?,(Sun) 4 Jan 2009 (W1),SD Huesca (18),2-0,1-0,Deportivo Alavés (18)
?,(Sun) 4 Jan 2009 (W1),CD Tenerife (18),2-1,1-0,Sevilla FC B (18)
?,(Sun) 4 Jan 2009 (W1),Rayo Vallecano (18),0-0,0-0,Levante UD (18)
?,(Sat) 10 Jan 2009 (W2),Deportivo Alavés (19),1-2,0-1,RC Celta Vigo (18)
?,(Sat) 10 Jan 2009 (W2),Hércules CF (19),1-2,0-1,Alicante CF (19)
?,(Sat) 10 Jan 2009 (W2),UD Las Palmas (19),0-0,0-0,Córdoba CF (19)
?,(Sat) 10 Jan 2009 (W2),Real Murcia CF (18),1-0,0-0,Albacete Balompié (19)
?,(Sat) 10 Jan 2009 (W2),Sevilla FC B (19),1-1,1-1,SD Huesca (19)
?,(Sat) 10 Jan 2009 (W2),Real Zaragoza (19),1-0,0-0,UD Salamanca (19)
?,(Sun) 11 Jan 2009 (W2),CD Castellón (19),2-1,0-0,Gimnàstic Tarragona (19)
?,(Sun) 11 Jan 2009 (W2),Elche CF (19),0-2,0-1,Levante UD (19)
?,(Sun) 11 Jan 2009 (W2),Girona FC (19),2-0,0-0,SD Eibar (19)
?,(Sun) 11 Jan 2009 (W2),Real Sociedad (19),1-1,1-0,Rayo Vallecano (19)
?,(Sun) 11 Jan 2009 (W2),Xerez CD (19),2-0,1-0,CD Tenerife (19)
?,(Sat) 17 Jan 2009 (W3),Albacete Balompié (20),0-3,0-1,Hércules CF (20)
?,(Sat) 17 Jan 2009 (W3),RC Celta Vigo (19),2-0,0-0,Sevilla FC B (20)
?,(Sat) 17 Jan 2009 (W3),Córdoba CF (20),1-0,1-0,Real Zaragoza (20)
?,(Sat) 17 Jan 2009 (W3),Levante UD (20),0-2,0-1,Real Sociedad (20)
?,(Sat) 17 Jan 2009 (W3),UD Salamanca (20),2-3,1-1,Real Murcia CF (19)
?,(Sat) 17 Jan 2009 (W3),Rayo Vallecano (20),1-1,0-0,UD Las Palmas (20)
?,(Sun) 18 Jan 2009 (W3),Alicante CF (20),0-2,0-0,Deportivo Alavés (20)
?,(Sun) 18 Jan 2009 (W3),SD Eibar (20),0-1,0-0,CD Castellón (20)
?,(Sun) 18 Jan 2009 (W3),Elche CF (20),2-0,1-0,Gimnàstic Tarragona (20)
?,(Sun) 18 Jan 2009 (W3),SD Huesca (20),1-1,0-1,Xerez CD (20)
?,(Sun) 18 Jan 2009 (W3),CD Tenerife (20),4-1,3-0,Girona FC (20)
?,(Wed) 21 Jan 2009 (W4),Real Murcia CF (20),1-0,1-0,RC Celta Vigo (20)
?,(Sat) 24 Jan 2009 (W4),Deportivo Alavés (21),0-2,0-1,Albacete Balompié (21)
?,(Sat) 24 Jan 2009 (W4),CD Castellón (21),2-2,0-0,CD Tenerife (21)
?,(Sat) 24 Jan 2009 (W4),Girona FC (21),2-0,1-0,SD Huesca (21)
?,(Sat) 24 Jan 2009 (W4),UD Las Palmas (21),1-2,1-1,Levante UD (21)
?,(Sat) 24 Jan 2009 (W4),Real Murcia CF (21),1-0,0-0,Córdoba CF (21)
?,(Sat) 24 Jan 2009 (W4),Real Sociedad (21),0-0,0-0,Elche CF (21)
?,(Sat) 24 Jan 2009 (W4),Xerez CD (21),2-0,2-0,RC Celta Vigo (21)
?,(Sun) 25 Jan 2009 (W4),Hércules CF (21),2-2,0-2,UD Salamanca (21)
?,(Sun) 25 Jan 2009 (W4),Sevilla FC B (21),2-3,2-0,Alicante CF (21)
?,(Sun) 25 Jan 2009 (W4),Real Zaragoza (21),2-3,2-1,Rayo Vallecano (21)
?,(Sat) 31 Jan 2009 (W5),CD Castellón (22),1-1,1-0,SD Huesca (22)
?,(Sat) 31 Jan 2009 (W5),Girona FC (22),2-2,0-0,RC Celta Vigo (22)
?,(Sat) 31 Jan 2009 (W5),Hércules CF (22),1-0,0-0,Córdoba CF (22)
?,(Sat) 31 Jan 2009 (W5),UD Las Palmas (22),0-1,0-1,Real Sociedad (22)
?,(Sat) 31 Jan 2009 (W5),Real Murcia CF (22),0-1,0-1,Rayo Vallecano (22)
?,(Sat) 31 Jan 2009 (W5),Sevilla FC B (22),1-1,1-1,Albacete Balompié (22)
?,(Sun) 1 Feb 2009 (W5),Deportivo Alavés (22),1-1,0-0,UD Salamanca (22)
?,(Sun) 1 Feb 2009 (W5),SD Eibar (21),1-2,1-0,Elche CF (22)
?,(Sun) 1 Feb 2009 (W5),Gimnàstic Tarragona (21),0-1,0-0,CD Tenerife (22)
?,(Sun) 1 Feb 2009 (W5),Xerez CD (22),2-0,0-0,Alicante CF (22)
?,(Sun) 1 Feb 2009 (W5),Real Zaragoza (22),2-1,1-1,Levante UD (22)
?,(Wed) 4 Feb 2009 (W6),Gimnàstic Tarragona (22),2-0,2-0,SD Eibar (22)
?,(Sat) 7 Feb 2009 (W6),Albacete Balompié (23),0-2,0-1,Xerez CD (23)
?,(Sat) 7 Feb 2009 (W6),Levante UD (23),2-1,1-0,Real Murcia CF (23)
?,(Sat) 7 Feb 2009 (W6),Real Sociedad (23),1-1,1-0,Real Zaragoza (23)
?,(Sat) 7 Feb 2009 (W6),Rayo Vallecano (23),1-0,1-0,Hércules CF (23)
?,(Sun) 8 Feb 2009 (W6),Alicante CF (23),1-1,0-1,Girona FC (23)
?,(Sun) 8 Feb 2009 (W6),RC Celta Vigo (23),1-2,0-2,CD Castellón (23)
?,(Sun) 8 Feb 2009 (W6),Córdoba CF (23),3-0,1-0,Deportivo Alavés (23)
?,(Sun) 8 Feb 2009 (W6),Elche CF (23),1-1,1-0,UD Las Palmas (23)
?,(Sun) 8 Feb 2009 (W6),SD Huesca (23),3-2,1-2,Gimnàstic Tarragona (23)
?,(Sun) 8 Feb 2009 (W6),UD Salamanca (23),6-0,3-0,Sevilla FC B (23)
?,(Sun) 8 Feb 2009 (W6),CD Tenerife (23),2-0,1-0,SD Eibar (23)
?,(Sat) 14 Feb 2009 (W7),SD Eibar (24),2-0,2-0,SD Huesca (24)
?,(Sat) 14 Feb 2009 (W7),Gimnàstic Tarragona (24),1-1,0-0,RC Celta Vigo (24)
?,(Sat) 14 Feb 2009 (W7),Girona FC (24),3-3,1-1,Albacete Balompié (24)
?,(Sat) 14 Feb 2009 (W7),Hércules CF (24),4-2,1-1,Levante UD (24)
?,(Sat) 14 Feb 2009 (W7),Real Murcia CF (24),2-0,0-0,Real Sociedad (24)
?,(Sat) 14 Feb 2009 (W7),Sevilla FC B (24),0-2,0-2,Córdoba CF (24)
?,(Sat) 14 Feb 2009 (W7),Real Zaragoza (24),2-0,1-0,UD Las Palmas (24)
?,(Sun) 15 Feb 2009 (W7),Deportivo Alavés (24),0-2,0-2,Rayo Vallecano (24)
?,(Sun) 15 Feb 2009 (W7),CD Castellón (24),2-0,1-0,Alicante CF (24)
?,(Sun) 15 Feb 2009 (W7),CD Tenerife (24),3-2,1-0,Elche CF (24)
?,(Sun) 15 Feb 2009 (W7),Xerez CD (24),2-1,1-0,UD Salamanca (24)
?,(Sat) 21 Feb 2009 (W8),Albacete Balompié (25),2-0,1-0,CD Castellón (25)
?,(Sat) 21 Feb 2009 (W8),RC Celta Vigo (25),1-2,0-0,SD Eibar (25)
?,(Sat) 21 Feb 2009 (W8),Elche CF (25),2-0,1-0,Real Zaragoza (25)
?,(Sat) 21 Feb 2009 (W8),SD Huesca (25),0-0,0-0,CD Tenerife (25)
?,(Sat) 21 Feb 2009 (W8),UD Las Palmas (25),0-1,0-0,Real Murcia CF (25)
?,(Sat) 21 Feb 2009 (W8),Rayo Vallecano (25),1-0,1-0,Sevilla FC B (25)
?,(Sun) 22 Feb 2009 (W8),Alicante CF (25),1-3,0-1,Gimnàstic Tarragona (25)
?,(Sun) 22 Feb 2009 (W8),Córdoba CF (25),1-2,0-1,Xerez CD (25)
?,(Sun) 22 Feb 2009 (W8),Levante UD (25),2-3,1-2,Deportivo Alavés (25)
?,(Sun) 22 Feb 2009 (W8),UD Salamanca (25),2-2,1-1,Girona FC (25)
?,(Sun) 22 Feb 2009 (W8),Real Sociedad (25),1-2,0-1,Hércules CF (25)
?,(Sat) 28 Feb 2009 (W9),Deportivo Alavés (26),2-1,0-1,Real Sociedad (26)
?,(Sat) 28 Feb 2009 (W9),Girona FC (26),1-1,0-0,Córdoba CF (26)
?,(Sat) 28 Feb 2009 (W9),Hércules CF (26),4-2,1-1,UD Las Palmas (26)
?,(Sat) 28 Feb 2009 (W9),SD Huesca (26),3-2,1-0,Elche CF (26)
?,(Sat) 28 Feb 2009 (W9),Real Murcia CF (26),1-4,1-1,Real Zaragoza (26)
?,(Sat) 28 Feb 2009 (W9),Xerez CD (26),1-1,1-1,Rayo Vallecano (26)
?,(Sun) 1 Mar 2009 (W9),CD Castellón (26),2-0,0-0,UD Salamanca (26)
?,(Sun) 1 Mar 2009 (W9),SD Eibar (26),1-2,1-0,Alicante CF (26)
?,(Sun) 1 Mar 2009 (W9),Gimnàstic Tarragona (26),1-0,1-0,Albacete Balompié (26)
?,(Sun) 1 Mar 2009 (W9),Sevilla FC B (26),1-2,1-2,Levante UD (26)
?,(Sun) 1 Mar 2009 (W9),CD Tenerife (26),3-0,2-0,RC Celta Vigo (26)
?,(Sat) 7 Mar 2009 (W10),Albacete Balompié (27),2-0,1-0,SD Eibar (27)
?,(Sat) 7 Mar 2009 (W10),Alicante CF (27),2-2,0-2,CD Tenerife (27)
?,(Sat) 7 Mar 2009 (W10),RC Celta Vigo (27),0-1,0-0,SD Huesca (27)
?,(Sat) 7 Mar 2009 (W10),Córdoba CF (27),2-1,0-1,CD Castellón (27)
?,(Sat) 7 Mar 2009 (W10),UD Las Palmas (27),2-1,1-1,Deportivo Alavés (27)
?,(Sat) 7 Mar 2009 (W10),Rayo Vallecano (27),1-1,0-1,Girona FC (27)
?,(Sun) 8 Mar 2009 (W10),Elche CF (27),1-1,1-1,Real Murcia CF (27)
?,(Sun) 8 Mar 2009 (W10),Levante UD (27),2-2,2-0,Xerez CD (27)
?,(Sun) 8 Mar 2009 (W10),UD Salamanca (27),4-0,1-0,Gimnàstic Tarragona (27)
?,(Sun) 8 Mar 2009 (W10),Real Sociedad (27),1-0,0-0,Sevilla FC B (27)
?,(Sun) 8 Mar 2009 (W10),Real Zaragoza (27),2-2,1-0,Hércules CF (27)
?,(Sat) 14 Mar 2009 (W11),Deportivo Alavés (28),2-2,1-0,Real Zaragoza (28)
?,(Sat) 14 Mar 2009 (W11),CD Castellón (28),0-0,0-0,Rayo Vallecano (28)
?,(Sat) 14 Mar 2009 (W11),RC Celta Vigo (28),2-2,1-2,Elche CF (28)
?,(Sat) 14 Mar 2009 (W11),Gimnàstic Tarragona (28),2-2,1-1,Córdoba CF (28)
?,(Sat) 14 Mar 2009 (W11),Sevilla FC B (28),2-2,0-1,UD Las Palmas (28)
?,(Sat) 14 Mar 2009 (W11),Xerez CD (28),1-3,1-2,Real Sociedad (28)
?,(Sun) 15 Mar 2009 (W11),SD Eibar (28),1-2,0-0,UD Salamanca (28)
?,(Sun) 15 Mar 2009 (W11),Girona FC (28),0-0,0-0,Levante UD (28)
?,(Sun) 15 Mar 2009 (W11),Hércules CF (28),3-2,2-1,Real Murcia CF (28)
?,(Sun) 15 Mar 2009 (W11),SD Huesca (28),0-1,0-1,Alicante CF (28)
?,(Sun) 15 Mar 2009 (W11),CD Tenerife (28),1-1,1-1,Albacete Balompié (28)
?,(Sat) 21 Mar 2009 (W12),Albacete Balompié (29),0-2,0-2,SD Huesca (29)
?,(Sat) 21 Mar 2009 (W12),Alicante CF (29),2-2,0-2,RC Celta Vigo (29)
?,(Sat) 21 Mar 2009 (W12),Córdoba CF (29),1-1,0-1,SD Eibar (29)
?,(Sat) 21 Mar 2009 (W12),UD Las Palmas (29),2-3,1-1,Xerez CD (29)
?,(Sat) 21 Mar 2009 (W12),Levante UD (29),3-1,2-0,CD Castellón (29)
?,(Sat) 21 Mar 2009 (W12),Real Murcia CF (29),1-0,0-0,Deportivo Alavés (29)
?,(Sat) 21 Mar 2009 (W12),UD Salamanca (29),1-2,1-1,CD Tenerife (29)
?,(Sat) 21 Mar 2009 (W12),Real Zaragoza (29),4-0,2-0,Sevilla FC B (29)
?,(Sun) 22 Mar 2009 (W12),Elche CF (29),2-2,0-0,Hércules CF (29)
?,(Sun) 22 Mar 2009 (W12),Real Sociedad (29),2-0,0-0,Girona FC (29)
?,(Sun) 22 Mar 2009 (W12),Rayo Vallecano (29),3-2,2-2,Gimnàstic Tarragona (29)
?,(Sat) 28 Mar 2009 (W13),CD Castellón (30),0-3,0-1,Real Sociedad (30)
?,(Sat) 28 Mar 2009 (W13),RC Celta Vigo (30),0-0,0-0,Albacete Balompié (30)
?,(Sat) 28 Mar 2009 (W13),Girona FC (30),2-2,2-0,UD Las Palmas (30)
?,(Sat) 28 Mar 2009 (W13),Sevilla FC B (30),3-3,0-1,Real Murcia CF (30)
?,(Sat) 28 Mar 2009 (W13),Xerez CD (30),1-2,0-1,Real Zaragoza (30)
?,(Sun) 29 Mar 2009 (W13),Deportivo Alavés (30),1-3,1-0,Hércules CF (30)
?,(Sun) 29 Mar 2009 (W13),Alicante CF (30),0-3,0-1,Elche CF (30)
?,(Sun) 29 Mar 2009 (W13),SD Eibar (30),0-1,0-1,Rayo Vallecano (30)
?,(Sun) 29 Mar 2009 (W13),Gimnàstic Tarragona (30),2-0,0-0,Levante UD (30)
?,(Sun) 29 Mar 2009 (W13),SD Huesca (30),0-0,0-0,UD Salamanca (30)
?,(Sun) 29 Mar 2009 (W13),CD Tenerife (30),2-0,0-0,Córdoba CF (30)
?,(Sat) 4 Apr 2009 (W14),Córdoba CF (31),1-0,0-0,SD Huesca (31)
?,(Sat) 4 Apr 2009 (W14),UD Las Palmas (31),1-0,1-0,CD Castellón (31)
?,(Sat) 4 Apr 2009 (W14),Real Sociedad (31),0-0,0-0,Gimnàstic Tarragona (31)
?,(Sat) 4 Apr 2009 (W14),Rayo Vallecano (31),0-0,0-0,CD Tenerife (31)
?,(Sat) 4 Apr 2009 (W14),Real Zaragoza (31),1-0,0-0,Girona FC (31)
?,(Sun) 5 Apr 2009 (W14),Albacete Balompié (31),0-2,0-1,Alicante CF (31)
?,(Sun) 5 Apr 2009 (W14),Elche CF (31),1-0,1-0,Deportivo Alavés (31)
?,(Sun) 5 Apr 2009 (W14),Hércules CF (31),8-0,5-0,Sevilla FC B (31)
?,(Sun) 5 Apr 2009 (W14),Levante UD (31),2-0,1-0,SD Eibar (31)
?,(Sun) 5 Apr 2009 (W14),Real Murcia CF (31),1-2,0-1,Xerez CD (31)
?,(Sun) 5 Apr 2009 (W14),UD Salamanca (31),2-1,0-1,RC Celta Vigo (31)
?,(Sat) 11 Apr 2009 (W15),CD Castellón (32),1-1,0-1,Real Zaragoza (32)
?,(Sat) 11 Apr 2009 (W15),SD Eibar (32),1-1,0-1,Real Sociedad (32)
?,(Sat) 11 Apr 2009 (W15),Gimnàstic Tarragona (32),0-0,0-0,UD Las Palmas (32)
?,(Sat) 11 Apr 2009 (W15),Girona FC (32),1-0,1-0,Real Murcia CF (32)
?,(Sat) 11 Apr 2009 (W15),Sevilla FC B (32),1-1,1-1,Deportivo Alavés (32)
?,(Sat) 11 Apr 2009 (W15),Xerez CD (32),3-0,2-0,Hércules CF (32)
?,(Sun) 12 Apr 2009 (W15),Albacete Balompié (32),2-1,1-1,Elche CF (32)
?,(Sun) 12 Apr 2009 (W15),Alicante CF (32),0-0,0-0,UD Salamanca (32)
?,(Sun) 12 Apr 2009 (W15),RC Celta Vigo (32),1-0,0-0,Córdoba CF (32)
?,(Sun) 12 Apr 2009 (W15),SD Huesca (32),0-1,0-0,Rayo Vallecano (32)
?,(Sun) 12 Apr 2009 (W15),CD Tenerife (32),5-1,3-1,Levante UD (32)
?,(Sat) 18 Apr 2009 (W16),Elche CF (33),2-0,1-0,Sevilla FC B (33)
?,(Sat) 18 Apr 2009 (W16),UD Las Palmas (33),1-0,1-0,SD Eibar (33)
?,(Sat) 18 Apr 2009 (W16),Levante UD (33),1-0,0-0,SD Huesca (33)
?,(Sat) 18 Apr 2009 (W16),Real Murcia CF (33),2-2,1-2,CD Castellón (33)
?,(Sat) 18 Apr 2009 (W16),UD Salamanca (33),3-1,1-0,Albacete Balompié (33)
?,(Sat) 18 Apr 2009 (W16),Real Sociedad (33),1-2,0-0,CD Tenerife (33)
?,(Sat) 18 Apr 2009 (W16),Rayo Vallecano (33),4-1,3-0,RC Celta Vigo (33)
?,(Sat) 18 Apr 2009 (W16),Real Zaragoza (33),1-0,0-0,Gimnàstic Tarragona (33)
?,(Sun) 19 Apr 2009 (W16),Deportivo Alavés (33),1-2,0-0,Xerez CD (33)
?,(Sun) 19 Apr 2009 (W16),Córdoba CF (33),2-1,1-0,Alicante CF (33)
?,(Sun) 19 Apr 2009 (W16),Hércules CF (33),3-0,0-0,Girona FC (33)
?,(Sat) 25 Apr 2009 (W17),Albacete Balompié (34),1-1,0-0,Córdoba CF (34)
?,(Sat) 25 Apr 2009 (W17),CD Castellón (34),0-0,0-0,Hércules CF (34)
?,(Sat) 25 Apr 2009 (W17),SD Eibar (34),2-3,0-2,Real Zaragoza (34)
?,(Sat) 25 Apr 2009 (W17),Gimnàstic Tarragona (34),3-0,0-0,Real Murcia CF (34)
?,(Sat) 25 Apr 2009 (W17),Girona FC (34),0-1,0-1,Deportivo Alavés (34)
?,(Sat) 25 Apr 2009 (W17),CD Tenerife (34),2-0,0-0,UD Las Palmas (34)
?,(Sun) 26 Apr 2009 (W17),Alicante CF (34),2-0,1-0,Rayo Vallecano (34)
?,(Sun) 26 Apr 2009 (W17),RC Celta Vigo (34),2-2,1-0,Levante UD (34)
?,(Sun) 26 Apr 2009 (W17),SD Huesca (34),1-2,0-2,Real Sociedad (34)
?,(Sun) 26 Apr 2009 (W17),UD Salamanca (34),1-1,0-1,Elche CF (34)
?,(Sun) 26 Apr 2009 (W17),Xerez CD (34),2-0,1-0,Sevilla FC B (34)
?,(Sat) 2 May 2009 (W18),UD Las Palmas (35),1-1,0-0,SD Huesca (35)
?,(Sat) 2 May 2009 (W18),Levante UD (35),2-0,0-0,Alicante CF (35)
?,(Sat) 2 May 2009 (W18),Real Murcia CF (35),2-0,2-0,SD Eibar (35)
?,(Sat) 2 May 2009 (W18),Real Sociedad (35),2-2,0-2,RC Celta Vigo (35)
?,(Sat) 2 May 2009 (W18),Rayo Vallecano (35),0-3,0-1,Albacete Balompié (35)
?,(Sat) 2 May 2009 (W18),Real Zaragoza (35),1-1,1-1,CD Tenerife (35)
?,(Sun) 3 May 2009 (W18),Deportivo Alavés (35),0-1,0-0,CD Castellón (35)
?,(Sun) 3 May 2009 (W18),Córdoba CF (35),0-2,0-1,UD Salamanca (35)
?,(Sun) 3 May 2009 (W18),Elche CF (35),0-1,0-0,Xerez CD (35)
?,(Sun) 3 May 2009 (W18),Hércules CF (35),2-2,1-1,Gimnàstic Tarragona (35)
?,(Sun) 3 May 2009 (W18),Sevilla FC B (35),2-1,1-0,Girona FC (35)
?,(Sat) 9 May 2009 (W19),Albacete Balompié (36),0-1,0-1,Levante UD (36)
?,(Sat) 9 May 2009 (W19),RC Celta Vigo (36),0-1,0-0,UD Las Palmas (36)
?,(Sat) 9 May 2009 (W19),Córdoba CF (36),1-1,0-1,Elche CF (36)
?,(Sat) 9 May 2009 (W19),SD Eibar (36),0-1,0-0,Hércules CF (36)
?,(Sat) 9 May 2009 (W19),SD Huesca (36),0-1,0-0,Real Zaragoza (36)
?,(Sat) 9 May 2009 (W19),UD Salamanca (36),0-1,0-1,Rayo Vallecano (36)
?,(Sun) 10 May 2009 (W19),Alicante CF (36),1-2,0-0,Real Sociedad (36)
?,(Sun) 10 May 2009 (W19),CD Castellón (36),3-0,2-0,Sevilla FC B (36)
?,(Sun) 10 May 2009 (W19),Gimnàstic Tarragona (36),1-1,0-0,Deportivo Alavés (36)
?,(Sun) 10 May 2009 (W19),Girona FC (36),0-2,0-2,Xerez CD (36)
?,(Sun) 10 May 2009 (W19),CD Tenerife (36),3-1,1-0,Real Murcia CF (36)
?,(Sat) 16 May 2009 (W20),Deportivo Alavés (37),1-1,0-0,SD Eibar (37)
?,(Sat) 16 May 2009 (W20),Elche CF (37),2-1,1-1,Girona FC (37)
?,(Sat) 16 May 2009 (W20),Hércules CF (37),3-1,3-0,CD Tenerife (37)
?,(Sat) 16 May 2009 (W20),UD Las Palmas (37),0-1,0-1,Alicante CF (37)
?,(Sat) 16 May 2009 (W20),Real Murcia CF (37),0-0,0-0,SD Huesca (37)
?,(Sat) 16 May 2009 (W20),Real Sociedad (37),1-0,0-0,Albacete Balompié (37)
?,(Sat) 16 May 2009 (W20),Rayo Vallecano (37),5-0,1-0,Córdoba CF (37)
?,(Sat) 16 May 2009 (W20),Real Zaragoza (37),3-0,2-0,RC Celta Vigo (37)
?,(Sun) 17 May 2009 (W20),Levante UD (37),1-2,0-1,UD Salamanca (37)
?,(Sun) 17 May 2009 (W20),Sevilla FC B (37),1-3,1-0,Gimnàstic Tarragona (37)
?,(Sun) 17 May 2009 (W20),Xerez CD (37),1-0,1-0,CD Castellón (37)
?,(Sat) 23 May 2009 (W21),Albacete Balompié (38),1-0,1-0,UD Las Palmas (38)
?,(Sat) 23 May 2009 (W21),Alicante CF (38),0-3,0-1,Real Zaragoza (38)
?,(Sat) 23 May 2009 (W21),RC Celta Vigo (38),2-2,2-0,Real Murcia CF (38)
?,(Sat) 23 May 2009 (W21),Córdoba CF (38),3-1,2-1,Levante UD (38)
?,(Sat) 23 May 2009 (W21),UD Salamanca (38),0-1,0-1,Real Sociedad (38)
?,(Sun) 24 May 2009 (W21),CD Castellón (38),1-2,1-0,Girona FC (38)
?,(Sun) 24 May 2009 (W21),SD Eibar (38),2-2,1-0,Sevilla FC B (38)
?,(Sun) 24 May 2009 (W21),Gimnàstic Tarragona (38),2-1,1-0,Xerez CD (38)
?,(Sun) 24 May 2009 (W21),SD Huesca (38),0-0,0-0,Hércules CF (38)
?,(Sun) 24 May 2009 (W21),CD Tenerife (38),3-0,1-0,Deportivo Alavés (38)
?,(Sun) 24 May 2009 (W21),Rayo Vallecano (38),1-2,0-0,Elche CF (38)
?,(Sat) 30 May 2009 (W22),Deportivo Alavés (39),3-0,1-0,SD Huesca (39)
?,(Sat) 30 May 2009 (W22),Girona FC (39),2-1,0-0,Gimnàstic Tarragona (39)
?,(Sat) 30 May 2009 (W22),Levante UD (39),1-0,0-0,Rayo Vallecano (39)
?,(Sat) 30 May 2009 (W22),Real Murcia CF (39),3-1,2-1,Alicante CF (39)
?,(Sat) 30 May 2009 (W22),Sevilla FC B (39),0-4,0-3,CD Tenerife (39)
?,(Sat) 30 May 2009 (W22),Xerez CD (39),3-0,0-0,SD Eibar (39)
?,(Sat) 30 May 2009 (W22),Real Zaragoza (39),3-0,2-0,Albacete Balompié (39)
?,(Sun) 31 May 2009 (W22),Elche CF (39),0-1,0-1,CD Castellón (39)
?,(Sun) 31 May 2009 (W22),Hércules CF (39),2-2,2-2,RC Celta Vigo (39)
?,(Sun) 31 May 2009 (W22),UD Las Palmas (39),1-1,1-0,UD Salamanca (39)
?,(Sun) 31 May 2009 (W22),Real Sociedad (39),0-2,0-0,Córdoba CF (39)
?,(Sat) 6 Jun 2009 (W23),Albacete Balompié (40),0-0,0-0,Real Murcia CF (40)
?,(Sat) 6 Jun 2009 (W23),Alicante CF (40),1-2,0-0,Hércules CF (40)
?,(Sat) 6 Jun 2009 (W23),RC Celta Vigo (40),2-1,0-0,Deportivo Alavés (40)
?,(Sat) 6 Jun 2009 (W23),Córdoba CF (40),4-1,3-1,UD Las Palmas (40)
?,(Sat) 6 Jun 2009 (W23),Gimnàstic Tarragona (40),0-1,0-1,CD Castellón (40)
?,(Sat) 6 Jun 2009 (W23),UD Salamanca (40),1-3,1-2,Real Zaragoza (40)
?,(Sat) 6 Jun 2009 (W23),Rayo Vallecano (40),4-1,2-1,Real Sociedad (40)
?,(Sun) 7 Jun 2009 (W23),SD Eibar (40),2-2,0-0,Girona FC (40)
?,(Sun) 7 Jun 2009 (W23),SD Huesca (40),3-0,2-0,Sevilla FC B (40)
?,(Sun) 7 Jun 2009 (W23),Levante UD (40),2-0,0-0,Elche CF (40)
?,(Sun) 7 Jun 2009 (W23),CD Tenerife (40),2-0,1-0,Xerez CD (40)
?,(Sat) 13 Jun 2009 (W24),Deportivo Alavés (41),1-0,0-0,Alicante CF (41)
?,(Sun) 14 Jun 2009 (W24),CD Castellón (41),4-0,3-0,SD Eibar (41)
?,(Sun) 14 Jun 2009 (W24),Gimnàstic Tarragona (41),2-0,1-0,Elche CF (41)
?,(Sat) 13 Jun 2009 (W24),Girona FC (41),0-1,0-1,CD Tenerife (41)
?,(Sat) 13 Jun 2009 (W24),Hércules CF (41),4-1,2-1,Albacete Balompié (41)
?,(Sat) 13 Jun 2009 (W24),UD Las Palmas (41),0-0,0-0,Rayo Vallecano (41)
?,(Sat) 13 Jun 2009 (W24),Real Murcia CF (41),2-1,1-0,UD Salamanca (41)
?,(Sat) 13 Jun 2009 (W24),Sevilla FC B (41),0-0,0-0,RC Celta Vigo (41)
?,(Sun) 14 Jun 2009 (W24),Real Sociedad (41),1-1,1-1,Levante UD (41)
?,(Sat) 13 Jun 2009 (W24),Xerez CD (41),2-1,0-0,SD Huesca (41)
?,(Sat) 13 Jun 2009 (W24),Real Zaragoza (41),3-1,2-0,Córdoba CF (41)
?,(Sat) 20 Jun 2009 (W25),Albacete Balompié (42),1-0,0-0,Deportivo Alavés (42)
?,(Sat) 20 Jun 2009 (W25),Alicante CF (42),3-3,0-1,Sevilla FC B (42)
?,(Sat) 20 Jun 2009 (W25),RC Celta Vigo (42),1-1,0-0,Xerez CD (42)
?,(Sat) 20 Jun 2009 (W25),Córdoba CF (42),2-1,1-1,Real Murcia CF (42)
?,(Sat) 20 Jun 2009 (W25),SD Eibar (42),1-0,1-0,Gimnàstic Tarragona (42)
?,(Sat) 20 Jun 2009 (W25),Elche CF (42),1-2,1-0,Real Sociedad (42)
?,(Sat) 20 Jun 2009 (W25),SD Huesca (42),3-1,2-0,Girona FC (42)
?,(Sat) 20 Jun 2009 (W25),Levante UD (42),2-2,1-0,UD Las Palmas (42)
?,(Sat) 20 Jun 2009 (W25),UD Salamanca (42),1-5,1-4,Hércules CF (42)
?,(Sat) 20 Jun 2009 (W25),Rayo Vallecano (42),2-2,1-2,Real Zaragoza (42)
?,(Sun) 21 Jun 2009 (W25),CD Tenerife (42),1-2,1-0,CD Castellón (42)
