Round,Date,Team 1,FT,HT,Team 2
?,(Sat) 2 Sep 1995 (W35),RCD La Coruña (1),3-0,2-0,Valencia CF (1)
?,(Sat) 2 Sep 1995 (W35),Sporting Gijón (1),3-0,3-0,Albacete Balompié (1)
?,(Sun) 3 Sep 1995 (W35),Athletic Club Bilbao (1),4-0,2-0,Real Racing Santander (1)
?,(Sun) 3 Sep 1995 (W35),Atlético Madrid (1),4-1,1-1,Real Sociedad (1)
?,(Sun) 3 Sep 1995 (W35),RC Celta Vigo (1),0-1,0-0,SD Compostela (1)
?,(Sun) 3 Sep 1995 (W35),RCD Espanyol (1),3-1,2-1,UD Salamanca (1)
?,(Sun) 3 Sep 1995 (W35),CP Mérida (1),1-1,1-1,Real Betis (1)
?,(Sun) 3 Sep 1995 (W35),Sevilla FC (1),0-1,0-0,CD Tenerife (1)
?,(Sun) 3 Sep 1995 (W35),Real Valladolid CF (1),0-2,0-0,FC Barcelona (1)
?,(Sun) 3 Sep 1995 (W35),Rayo Vallecano (1),1-5,0-1,Real Madrid (1)
?,(Sun) 3 Sep 1995 (W35),Real Zaragoza (1),1-0,1-0,Real Oviedo (1)
?,(Sat) 9 Sep 1995 (W36),Albacete Balompié (2),3-2,2-1,Sevilla FC (2)
?,(Sat) 9 Sep 1995 (W36),FC Barcelona (2),2-2,1-1,CP Mérida (2)
?,(Sat) 9 Sep 1995 (W36),Real Betis (2),3-1,2-0,Real Zaragoza (2)
?,(Sat) 9 Sep 1995 (W36),Real Madrid (2),1-2,0-0,Athletic Club Bilbao (2)
?,(Sun) 10 Sep 1995 (W36),SD Compostela (2),4-0,2-0,RCD La Coruña (2)
?,(Sun) 10 Sep 1995 (W36),Real Oviedo (2),2-0,1-0,Rayo Vallecano (2)
?,(Sun) 10 Sep 1995 (W36),UD Salamanca (2),0-1,0-0,RC Celta Vigo (2)
?,(Sun) 10 Sep 1995 (W36),Real Racing Santander (2),0-4,0-0,Atlético Madrid (2)
?,(Sun) 10 Sep 1995 (W36),Real Sociedad (2),2-0,1-0,Sporting Gijón (2)
?,(Sun) 10 Sep 1995 (W36),CD Tenerife (2),1-4,0-2,RCD Espanyol (2)
?,(Sun) 10 Sep 1995 (W36),Valencia CF (2),1-0,0-0,Real Valladolid CF (2)
?,(Sat) 16 Sep 1995 (W37),Athletic Club Bilbao (3),0-2,0-1,Atlético Madrid (3)
?,(Sun) 17 Sep 1995 (W37),RC Celta Vigo (3),2-2,2-2,CD Tenerife (3)
?,(Sun) 17 Sep 1995 (W37),RCD Espanyol (3),1-0,0-0,Albacete Balompié (3)
?,(Sun) 17 Sep 1995 (W37),RCD La Coruña (3),2-0,1-0,UD Salamanca (3)
?,(Sun) 17 Sep 1995 (W37),CP Mérida (3),0-2,0-0,Valencia CF (3)
?,(Sun) 17 Sep 1995 (W37),Real Madrid (3),2-3,2-2,Real Oviedo (3)
?,(Sun) 17 Sep 1995 (W37),Sevilla FC (3),2-1,1-1,Real Sociedad (3)
?,(Sun) 17 Sep 1995 (W37),Sporting Gijón (3),4-2,2-1,Real Racing Santander (3)
?,(Sun) 17 Sep 1995 (W37),Real Valladolid CF (3),0-0,0-0,SD Compostela (3)
?,(Sun) 17 Sep 1995 (W37),Rayo Vallecano (3),1-2,1-1,Real Betis (3)
?,(Sun) 17 Sep 1995 (W37),Real Zaragoza (3),0-3,0-0,FC Barcelona (3)
?,(Sat) 23 Sep 1995 (W38),FC Barcelona (4),2-0,1-0,Rayo Vallecano (4)
?,(Sat) 23 Sep 1995 (W38),Real Betis (4),0-0,0-0,Real Madrid (4)
?,(Sat) 23 Sep 1995 (W38),Real Racing Santander (4),1-1,1-1,Sevilla FC (4)
?,(Sun) 24 Sep 1995 (W38),Albacete Balompié (4),4-0,0-0,RC Celta Vigo (4)
?,(Sun) 24 Sep 1995 (W38),Atlético Madrid (4),2-0,1-0,Sporting Gijón (4)
?,(Sun) 24 Sep 1995 (W38),SD Compostela (4),1-0,1-0,CP Mérida (4)
?,(Sun) 24 Sep 1995 (W38),Real Oviedo (4),0-0,0-0,Athletic Club Bilbao (4)
?,(Sun) 24 Sep 1995 (W38),UD Salamanca (4),0-0,0-0,Real Valladolid CF (4)
?,(Sun) 24 Sep 1995 (W38),Real Sociedad (4),0-1,0-1,RCD Espanyol (4)
?,(Sun) 24 Sep 1995 (W38),CD Tenerife (4),1-1,0-0,RCD La Coruña (4)
?,(Sun) 24 Sep 1995 (W38),Valencia CF (4),0-0,0-0,Real Zaragoza (4)
?,(Sat) 30 Sep 1995 (W39),Athletic Club Bilbao (5),2-1,1-0,Sporting Gijón (5)
?,(Sat) 30 Sep 1995 (W39),Real Madrid (5),1-1,1-1,FC Barcelona (5)
?,(Sun) 1 Oct 1995 (W39),RC Celta Vigo (5),1-1,1-1,Real Sociedad (5)
?,(Sun) 1 Oct 1995 (W39),RCD Espanyol (5),1-0,0-0,Real Racing Santander (5)
?,(Sun) 1 Oct 1995 (W39),RCD La Coruña (5),5-0,1-0,Albacete Balompié (5)
?,(Sun) 1 Oct 1995 (W39),CP Mérida (5),0-0,0-0,UD Salamanca (5)
?,(Sun) 1 Oct 1995 (W39),Real Oviedo (5),0-1,0-1,Real Betis (5)
?,(Sun) 1 Oct 1995 (W39),Sevilla FC (5),0-0,0-0,Atlético Madrid (5)
?,(Sun) 1 Oct 1995 (W39),Real Valladolid CF (5),3-0,2-0,CD Tenerife (5)
?,(Sun) 1 Oct 1995 (W39),Rayo Vallecano (5),3-2,0-0,Valencia CF (5)
?,(Sun) 1 Oct 1995 (W39),Real Zaragoza (5),1-0,1-0,SD Compostela (5)
?,(Wed) 4 Oct 1995 (W40),Albacete Balompié (6),4-2,2-1,Real Valladolid CF (6)
?,(Wed) 4 Oct 1995 (W40),FC Barcelona (6),4-1,3-0,Real Oviedo (6)
?,(Wed) 4 Oct 1995 (W40),Real Betis (6),0-0,0-0,Athletic Club Bilbao (6)
?,(Wed) 4 Oct 1995 (W40),SD Compostela (6),1-0,1-0,Rayo Vallecano (6)
?,(Wed) 4 Oct 1995 (W40),UD Salamanca (6),0-1,0-1,Real Zaragoza (6)
?,(Wed) 4 Oct 1995 (W40),Real Racing Santander (6),2-1,1-1,RC Celta Vigo (6)
?,(Wed) 4 Oct 1995 (W40),Real Sociedad (6),2-1,1-1,RCD La Coruña (6)
?,(Wed) 4 Oct 1995 (W40),Sporting Gijón (6),3-1,1-1,Sevilla FC (6)
?,(Wed) 4 Oct 1995 (W40),CD Tenerife (6),1-0,1-0,CP Mérida (6)
?,(Wed) 4 Oct 1995 (W40),Valencia CF (6),4-3,3-0,Real Madrid (6)
?,(Thu) 5 Oct 1995 (W40),Atlético Madrid (6),2-1,1-1,RCD Espanyol (6)
?,(Sat) 7 Oct 1995 (W40),Real Betis (7),1-5,0-2,FC Barcelona (7)
?,(Sun) 8 Oct 1995 (W40),Athletic Club Bilbao (7),1-1,0-0,Sevilla FC (7)
?,(Sun) 8 Oct 1995 (W40),RC Celta Vigo (7),0-3,0-1,Atlético Madrid (7)
?,(Sun) 8 Oct 1995 (W40),RCD Espanyol (7),0-0,0-0,Sporting Gijón (7)
?,(Sun) 8 Oct 1995 (W40),RCD La Coruña (7),2-3,0-1,Real Racing Santander (7)
?,(Sun) 8 Oct 1995 (W40),CP Mérida (7),1-1,0-0,Albacete Balompié (7)
?,(Sun) 8 Oct 1995 (W40),Real Oviedo (7),0-1,0-0,Valencia CF (7)
?,(Sun) 8 Oct 1995 (W40),Real Madrid (7),2-1,2-1,SD Compostela (7)
?,(Sun) 8 Oct 1995 (W40),Real Valladolid CF (7),3-0,0-0,Real Sociedad (7)
?,(Sun) 8 Oct 1995 (W40),Rayo Vallecano (7),1-4,0-0,UD Salamanca (7)
?,(Sun) 8 Oct 1995 (W40),Real Zaragoza (7),0-2,0-0,CD Tenerife (7)
?,(Sat) 14 Oct 1995 (W41),Atlético Madrid (8),1-0,1-0,RCD La Coruña (8)
?,(Sat) 14 Oct 1995 (W41),FC Barcelona (8),4-1,1-0,Athletic Club Bilbao (8)
?,(Sat) 14 Oct 1995 (W41),Sevilla FC (8),0-3,0-2,RCD Espanyol (8)
?,(Sat) 14 Oct 1995 (W41),Valencia CF (8),1-1,1-1,Real Betis (8)
?,(Sun) 15 Oct 1995 (W41),Albacete Balompié (8),0-1,0-0,Real Zaragoza (8)
?,(Sun) 15 Oct 1995 (W41),SD Compostela (8),4-1,2-1,Real Oviedo (8)
?,(Sun) 15 Oct 1995 (W41),UD Salamanca (8),0-2,0-1,Real Madrid (8)
?,(Sun) 15 Oct 1995 (W41),Real Racing Santander (8),0-0,0-0,Real Valladolid CF (8)
?,(Sun) 15 Oct 1995 (W41),Real Sociedad (8),1-2,0-1,CP Mérida (8)
?,(Sun) 15 Oct 1995 (W41),Sporting Gijón (8),1-0,0-0,RC Celta Vigo (8)
?,(Sun) 15 Oct 1995 (W41),CD Tenerife (8),2-2,0-0,Rayo Vallecano (8)
?,(Sat) 21 Oct 1995 (W42),Real Valladolid CF (9),0-1,0-0,Atlético Madrid (9)
?,(Sun) 22 Oct 1995 (W42),Athletic Club Bilbao (9),0-0,0-0,RCD Espanyol (9)
?,(Sun) 22 Oct 1995 (W42),FC Barcelona (9),1-0,0-0,Valencia CF (9)
?,(Sun) 22 Oct 1995 (W42),Real Betis (9),5-0,2-0,SD Compostela (9)
?,(Sun) 22 Oct 1995 (W42),RC Celta Vigo (9),4-0,1-0,Sevilla FC (9)
?,(Sun) 22 Oct 1995 (W42),RCD La Coruña (9),1-0,1-0,Sporting Gijón (9)
?,(Sun) 22 Oct 1995 (W42),CP Mérida (9),3-1,3-1,Real Racing Santander (9)
?,(Sun) 22 Oct 1995 (W42),Real Oviedo (9),2-2,1-0,UD Salamanca (9)
?,(Sun) 22 Oct 1995 (W42),Real Madrid (9),2-0,1-0,CD Tenerife (9)
?,(Sun) 22 Oct 1995 (W42),Rayo Vallecano (9),2-0,0-0,Albacete Balompié (9)
?,(Sun) 22 Oct 1995 (W42),Real Zaragoza (9),1-2,0-1,Real Sociedad (9)
?,(Sat) 28 Oct 1995 (W43),Albacete Balompié (10),1-1,0-1,Real Madrid (10)
?,(Sat) 28 Oct 1995 (W43),SD Compostela (10),2-1,0-1,FC Barcelona (10)
?,(Sat) 28 Oct 1995 (W43),Sevilla FC (10),0-0,0-0,RCD La Coruña (10)
?,(Sun) 29 Oct 1995 (W43),Atlético Madrid (10),1-1,0-1,CP Mérida (10)
?,(Sun) 29 Oct 1995 (W43),RCD Espanyol (10),2-2,1-0,RC Celta Vigo (10)
?,(Sun) 29 Oct 1995 (W43),UD Salamanca (10),2-1,1-1,Real Betis (10)
?,(Sun) 29 Oct 1995 (W43),Real Racing Santander (10),0-0,0-0,Real Zaragoza (10)
?,(Sun) 29 Oct 1995 (W43),Real Sociedad (10),2-1,1-0,Rayo Vallecano (10)
?,(Sun) 29 Oct 1995 (W43),Sporting Gijón (10),4-2,1-2,Real Valladolid CF (10)
?,(Sun) 29 Oct 1995 (W43),CD Tenerife (10),3-3,1-0,Real Oviedo (10)
?,(Sun) 29 Oct 1995 (W43),Valencia CF (10),3-1,2-0,Athletic Club Bilbao (10)
?,(Sat) 4 Nov 1995 (W44),Real Madrid (11),3-2,1-0,Real Sociedad (11)
?,(Sun) 5 Nov 1995 (W44),Athletic Club Bilbao (11),3-0,2-0,RC Celta Vigo (11)
?,(Sun) 5 Nov 1995 (W44),FC Barcelona (11),4-1,3-0,UD Salamanca (11)
?,(Sun) 5 Nov 1995 (W44),Real Betis (11),3-3,2-1,CD Tenerife (11)
?,(Sun) 5 Nov 1995 (W44),RCD La Coruña (11),0-1,0-0,RCD Espanyol (11)
?,(Sun) 5 Nov 1995 (W44),CP Mérida (11),1-0,1-0,Sporting Gijón (11)
?,(Sun) 5 Nov 1995 (W44),Real Oviedo (11),1-0,0-0,Albacete Balompié (11)
?,(Sun) 5 Nov 1995 (W44),Valencia CF (11),5-2,2-1,SD Compostela (11)
?,(Sun) 5 Nov 1995 (W44),Real Valladolid CF (11),3-3,2-2,Sevilla FC (11)
?,(Sun) 5 Nov 1995 (W44),Rayo Vallecano (11),1-2,0-1,Real Racing Santander (11)
?,(Sun) 5 Nov 1995 (W44),Real Zaragoza (11),0-1,0-0,Atlético Madrid (11)
?,(Sat) 11 Nov 1995 (W45),RC Celta Vigo (12),0-0,0-0,RCD La Coruña (12)
?,(Sun) 12 Nov 1995 (W45),Albacete Balompié (12),0-0,0-0,Real Betis (12)
?,(Sun) 12 Nov 1995 (W45),Atlético Madrid (12),0-0,0-0,Rayo Vallecano (12)
?,(Sun) 12 Nov 1995 (W45),SD Compostela (12),2-1,0-1,Athletic Club Bilbao (12)
?,(Sun) 12 Nov 1995 (W45),RCD Espanyol (12),2-0,2-0,Real Valladolid CF (12)
?,(Sun) 12 Nov 1995 (W45),UD Salamanca (12),4-0,2-0,Valencia CF (12)
?,(Sun) 12 Nov 1995 (W45),Real Racing Santander (12),2-0,2-0,Real Madrid (12)
?,(Sun) 12 Nov 1995 (W45),Sevilla FC (12),3-0,1-0,CP Mérida (12)
?,(Sun) 12 Nov 1995 (W45),Real Sociedad (12),1-1,1-0,Real Oviedo (12)
?,(Sun) 12 Nov 1995 (W45),Sporting Gijón (12),4-1,3-0,Real Zaragoza (12)
?,(Sun) 12 Nov 1995 (W45),CD Tenerife (12),1-1,0-1,FC Barcelona (12)
?,(Sat) 18 Nov 1995 (W46),FC Barcelona (13),3-0,1-0,Albacete Balompié (13)
?,(Sat) 18 Nov 1995 (W46),Real Betis (13),3-1,1-0,Real Sociedad (13)
?,(Sat) 18 Nov 1995 (W46),Real Madrid (13),1-0,1-0,Atlético Madrid (13)
?,(Sat) 18 Nov 1995 (W46),Real Zaragoza (13),0-1,0-0,Sevilla FC (13)
?,(Sun) 19 Nov 1995 (W46),Athletic Club Bilbao (13),1-0,?,RCD La Coruña (13)
?,(Sun) 19 Nov 1995 (W46),SD Compostela (13),0-0,0-0,UD Salamanca (13)
?,(Sun) 19 Nov 1995 (W46),CP Mérida (13),0-1,0-0,RCD Espanyol (13)
?,(Sun) 19 Nov 1995 (W46),Real Oviedo (13),2-1,0-1,Real Racing Santander (13)
?,(Sun) 19 Nov 1995 (W46),Valencia CF (13),2-2,0-1,CD Tenerife (13)
?,(Sun) 19 Nov 1995 (W46),Real Valladolid CF (13),1-1,0-0,RC Celta Vigo (13)
?,(Sun) 19 Nov 1995 (W46),Rayo Vallecano (13),2-0,1-0,Sporting Gijón (13)
?,(Sat) 25 Nov 1995 (W47),Real Sociedad (14),1-1,0-1,FC Barcelona (14)
?,(Sun) 26 Nov 1995 (W47),Albacete Balompié (14),1-3,0-1,Valencia CF (14)
?,(Sun) 26 Nov 1995 (W47),Atlético Madrid (14),3-0,1-0,Real Oviedo (14)
?,(Sun) 26 Nov 1995 (W47),RC Celta Vigo (14),2-0,1-0,CP Mérida (14)
?,(Sun) 26 Nov 1995 (W47),RCD Espanyol (14),1-1,0-1,Real Zaragoza (14)
?,(Sun) 26 Nov 1995 (W47),RCD La Coruña (14),3-1,1-0,Real Valladolid CF (14)
?,(Sun) 26 Nov 1995 (W47),UD Salamanca (14),2-1,1-0,Athletic Club Bilbao (14)
?,(Sun) 26 Nov 1995 (W47),Real Racing Santander (14),0-0,0-0,Real Betis (14)
?,(Sun) 26 Nov 1995 (W47),Sevilla FC (14),1-0,0-0,Rayo Vallecano (14)
?,(Sun) 26 Nov 1995 (W47),Sporting Gijón (14),0-0,0-0,Real Madrid (14)
?,(Sun) 26 Nov 1995 (W47),CD Tenerife (14),1-1,0-1,SD Compostela (14)
?,(Sat) 2 Dec 1995 (W48),FC Barcelona (15),1-1,1-1,Real Racing Santander (15)
?,(Sat) 2 Dec 1995 (W48),Real Madrid (15),4-1,3-0,Sevilla FC (15)
?,(Sat) 2 Dec 1995 (W48),Rayo Vallecano (15),1-0,1-0,RCD Espanyol (15)
?,(Sun) 3 Dec 1995 (W48),Athletic Club Bilbao (15),2-1,1-1,Real Valladolid CF (15)
?,(Sun) 3 Dec 1995 (W48),Real Betis (15),2-1,2-1,Atlético Madrid (15)
?,(Sun) 3 Dec 1995 (W48),SD Compostela (15),3-1,2-0,Albacete Balompié (15)
?,(Sun) 3 Dec 1995 (W48),CP Mérida (15),0-2,0-1,RCD La Coruña (15)
?,(Sun) 3 Dec 1995 (W48),Real Oviedo (15),1-0,0-0,Sporting Gijón (15)
?,(Sun) 3 Dec 1995 (W48),UD Salamanca (15),1-2,1-1,CD Tenerife (15)
?,(Sun) 3 Dec 1995 (W48),Valencia CF (15),0-1,0-0,Real Sociedad (15)
?,(Sun) 3 Dec 1995 (W48),Real Zaragoza (15),0-0,0-0,RC Celta Vigo (15)
?,(Sat) 9 Dec 1995 (W49),Atlético Madrid (16),3-1,2-0,FC Barcelona (16)
?,(Sat) 9 Dec 1995 (W49),Real Racing Santander (16),0-3,0-2,Valencia CF (16)
?,(Sun) 10 Dec 1995 (W49),Albacete Balompié (16),3-3,1-1,UD Salamanca (16)
?,(Sun) 10 Dec 1995 (W49),RC Celta Vigo (16),2-0,1-0,Rayo Vallecano (16)
?,(Sun) 10 Dec 1995 (W49),RCD Espanyol (16),3-1,1-0,Real Madrid (16)
?,(Sun) 10 Dec 1995 (W49),RCD La Coruña (16),2-3,1-2,Real Zaragoza (16)
?,(Sun) 10 Dec 1995 (W49),Sevilla FC (16),1-1,0-1,Real Oviedo (16)
?,(Sun) 10 Dec 1995 (W49),Real Sociedad (16),0-1,0-1,SD Compostela (16)
?,(Sun) 10 Dec 1995 (W49),Sporting Gijón (16),2-3,1-0,Real Betis (16)
?,(Sun) 10 Dec 1995 (W49),CD Tenerife (16),3-2,2-1,Athletic Club Bilbao (16)
?,(Sun) 10 Dec 1995 (W49),Real Valladolid CF (16),1-1,1-1,CP Mérida (16)
?,(Sat) 16 Dec 1995 (W50),FC Barcelona (17),1-0,1-0,Sporting Gijón (17)
?,(Sat) 16 Dec 1995 (W50),Real Betis (17),1-1,0-0,Sevilla FC (17)
?,(Sun) 17 Dec 1995 (W50),Athletic Club Bilbao (17),1-1,0-0,CP Mérida (17)
?,(Sun) 17 Dec 1995 (W50),SD Compostela (17),2-0,0-0,Real Racing Santander (17)
?,(Sun) 17 Dec 1995 (W50),Real Oviedo (17),1-2,1-1,RCD Espanyol (17)
?,(Sun) 17 Dec 1995 (W50),Real Madrid (17),1-0,1-0,RC Celta Vigo (17)
?,(Sun) 17 Dec 1995 (W50),UD Salamanca (17),3-3,3-1,Real Sociedad (17)
?,(Sun) 17 Dec 1995 (W50),CD Tenerife (17),1-3,1-1,Albacete Balompié (17)
?,(Sun) 17 Dec 1995 (W50),Valencia CF (17),0-1,0-0,Atlético Madrid (17)
?,(Sun) 17 Dec 1995 (W50),Rayo Vallecano (17),0-6,0-3,RCD La Coruña (17)
?,(Sun) 17 Dec 1995 (W50),Real Zaragoza (17),5-3,3-1,Real Valladolid CF (17)
?,(Wed) 20 Dec 1995 (W51),Albacete Balompié (18),2-0,0-0,Athletic Club Bilbao (18)
?,(Wed) 20 Dec 1995 (W51),Atlético Madrid (18),3-0,1-0,SD Compostela (18)
?,(Wed) 20 Dec 1995 (W51),RC Celta Vigo (18),1-0,0-0,Real Oviedo (18)
?,(Wed) 20 Dec 1995 (W51),RCD Espanyol (18),1-1,1-0,Real Betis (18)
?,(Wed) 20 Dec 1995 (W51),CP Mérida (18),1-1,1-0,Real Zaragoza (18)
?,(Wed) 20 Dec 1995 (W51),Real Racing Santander (18),2-1,1-1,UD Salamanca (18)
?,(Wed) 20 Dec 1995 (W51),Sevilla FC (18),1-0,1-0,FC Barcelona (18)
?,(Wed) 20 Dec 1995 (W51),Real Sociedad (18),0-1,0-0,CD Tenerife (18)
?,(Wed) 20 Dec 1995 (W51),Sporting Gijón (18),1-3,0-1,Valencia CF (18)
?,(Wed) 20 Dec 1995 (W51),Real Valladolid CF (18),1-1,0-0,Rayo Vallecano (18)
?,(Thu) 21 Dec 1995 (W51),RCD La Coruña (18),3-0,3-0,Real Madrid (18)
?,(Wed) 3 Jan 1996 (W1),Albacete Balompié (19),3-5,2-3,Real Sociedad (19)
?,(Wed) 3 Jan 1996 (W1),Athletic Club Bilbao (19),1-0,0-0,Real Zaragoza (19)
?,(Wed) 3 Jan 1996 (W1),Real Betis (19),0-3,0-0,RC Celta Vigo (19)
?,(Wed) 3 Jan 1996 (W1),SD Compostela (19),1-0,1-0,Sporting Gijón (19)
?,(Wed) 3 Jan 1996 (W1),Real Oviedo (19),0-2,0-0,RCD La Coruña (19)
?,(Wed) 3 Jan 1996 (W1),Real Madrid (19),4-1,3-1,Real Valladolid CF (19)
?,(Wed) 3 Jan 1996 (W1),UD Salamanca (19),1-3,0-0,Atlético Madrid (19)
?,(Wed) 3 Jan 1996 (W1),CD Tenerife (19),2-0,1-0,Real Racing Santander (19)
?,(Wed) 3 Jan 1996 (W1),Valencia CF (19),1-0,0-0,Sevilla FC (19)
?,(Wed) 3 Jan 1996 (W1),Rayo Vallecano (19),4-1,3-0,CP Mérida (19)
?,(Thu) 4 Jan 1996 (W1),FC Barcelona (19),2-1,1-0,RCD Espanyol (19)
?,(Sat) 6 Jan 1996 (W1),Athletic Club Bilbao (20),0-0,0-0,Real Sociedad (20)
?,(Sat) 6 Jan 1996 (W1),Atlético Madrid (20),3-1,1-0,CD Tenerife (20)
?,(Sun) 7 Jan 1996 (W1),RC Celta Vigo (20),1-0,0-0,FC Barcelona (20)
?,(Sun) 7 Jan 1996 (W1),RCD Espanyol (20),2-0,1-0,Valencia CF (20)
?,(Sun) 7 Jan 1996 (W1),RCD La Coruña (20),0-0,0-0,Real Betis (20)
?,(Sun) 7 Jan 1996 (W1),CP Mérida (20),2-2,1-2,Real Madrid (20)
?,(Sun) 7 Jan 1996 (W1),Real Racing Santander (20),5-5,2-2,Albacete Balompié (20)
?,(Sun) 7 Jan 1996 (W1),Sevilla FC (20),0-1,0-0,SD Compostela (20)
?,(Sun) 7 Jan 1996 (W1),Sporting Gijón (20),3-2,2-1,UD Salamanca (20)
?,(Sun) 7 Jan 1996 (W1),Real Valladolid CF (20),2-2,2-2,Real Oviedo (20)
?,(Sun) 7 Jan 1996 (W1),Real Zaragoza (20),1-1,1-0,Rayo Vallecano (20)
?,(Sat) 13 Jan 1996 (W2),Albacete Balompié (21),1-1,0-0,Atlético Madrid (21)
?,(Sat) 13 Jan 1996 (W2),Real Betis (21),3-0,0-0,Real Valladolid CF (21)
?,(Sun) 14 Jan 1996 (W2),FC Barcelona (21),1-1,0-1,RCD La Coruña (21)
?,(Sun) 14 Jan 1996 (W2),SD Compostela (21),2-1,1-1,RCD Espanyol (21)
?,(Sun) 14 Jan 1996 (W2),Real Oviedo (21),0-0,0-0,CP Mérida (21)
?,(Sun) 14 Jan 1996 (W2),Real Madrid (21),2-2,0-1,Real Zaragoza (21)
?,(Sun) 14 Jan 1996 (W2),UD Salamanca (21),4-1,2-0,Sevilla FC (21)
?,(Sun) 14 Jan 1996 (W2),Real Sociedad (21),2-1,1-0,Real Racing Santander (21)
?,(Sun) 14 Jan 1996 (W2),CD Tenerife (21),3-0,1-0,Sporting Gijón (21)
?,(Sun) 14 Jan 1996 (W2),Valencia CF (21),3-0,1-0,RC Celta Vigo (21)
?,(Sun) 14 Jan 1996 (W2),Rayo Vallecano (21),2-2,0-1,Athletic Club Bilbao (21)
?,(Sat) 20 Jan 1996 (W3),Valencia CF (22),2-1,0-1,RCD La Coruña (22)
?,(Sun) 21 Jan 1996 (W3),Albacete Balompié (22),1-3,1-2,Sporting Gijón (22)
?,(Sun) 21 Jan 1996 (W3),FC Barcelona (22),1-0,0-0,Real Valladolid CF (22)
?,(Sun) 21 Jan 1996 (W3),Real Betis (22),0-1,0-0,CP Mérida (22)
?,(Sun) 21 Jan 1996 (W3),SD Compostela (22),1-1,1-1,RC Celta Vigo (22)
?,(Sun) 21 Jan 1996 (W3),Real Oviedo (22),1-1,1-1,Real Zaragoza (22)
?,(Sun) 21 Jan 1996 (W3),Real Madrid (22),1-2,1-1,Rayo Vallecano (22)
?,(Sun) 21 Jan 1996 (W3),UD Salamanca (22),2-2,1-0,RCD Espanyol (22)
?,(Sun) 21 Jan 1996 (W3),Real Racing Santander (22),1-1,1-0,Athletic Club Bilbao (22)
?,(Sun) 21 Jan 1996 (W3),Real Sociedad (22),1-0,1-0,Atlético Madrid (22)
?,(Sun) 21 Jan 1996 (W3),CD Tenerife (22),4-2,2-0,Sevilla FC (22)
?,(Wed) 24 Jan 1996 (W4),Athletic Club Bilbao (23),0-5,0-1,Real Madrid (23)
?,(Wed) 24 Jan 1996 (W4),Atlético Madrid (23),2-0,1-0,Real Racing Santander (23)
?,(Wed) 24 Jan 1996 (W4),RC Celta Vigo (23),2-1,2-1,UD Salamanca (23)
?,(Wed) 24 Jan 1996 (W4),RCD Espanyol (23),2-1,0-1,CD Tenerife (23)
?,(Wed) 24 Jan 1996 (W4),RCD La Coruña (23),2-0,1-0,SD Compostela (23)
?,(Wed) 24 Jan 1996 (W4),Sevilla FC (23),1-1,1-0,Albacete Balompié (23)
?,(Wed) 24 Jan 1996 (W4),Sporting Gijón (23),1-1,0-1,Real Sociedad (23)
?,(Wed) 24 Jan 1996 (W4),Real Valladolid CF (23),2-5,0-3,Valencia CF (23)
?,(Wed) 24 Jan 1996 (W4),Rayo Vallecano (23),1-2,0-1,Real Oviedo (23)
?,(Wed) 24 Jan 1996 (W4),Real Zaragoza (23),1-2,0-1,Real Betis (23)
?,(Thu) 25 Jan 1996 (W4),CP Mérida (23),0-0,0-0,FC Barcelona (23)
?,(Sat) 27 Jan 1996 (W4),UD Salamanca (24),0-5,0-3,RCD La Coruña (24)
?,(Sun) 28 Jan 1996 (W4),Albacete Balompié (24),0-0,0-0,RCD Espanyol (24)
?,(Sun) 28 Jan 1996 (W4),Atlético Madrid (24),4-1,2-1,Athletic Club Bilbao (24)
?,(Sun) 28 Jan 1996 (W4),FC Barcelona (24),3-1,1-0,Real Zaragoza (24)
?,(Sun) 28 Jan 1996 (W4),Real Betis (24),0-0,0-0,Rayo Vallecano (24)
?,(Sun) 28 Jan 1996 (W4),SD Compostela (24),1-3,0-2,Real Valladolid CF (24)
?,(Sun) 28 Jan 1996 (W4),Real Oviedo (24),1-2,1-1,Real Madrid (24)
?,(Sun) 28 Jan 1996 (W4),Real Racing Santander (24),1-1,1-1,Sporting Gijón (24)
?,(Sun) 28 Jan 1996 (W4),Real Sociedad (24),1-0,1-0,Sevilla FC (24)
?,(Sun) 28 Jan 1996 (W4),CD Tenerife (24),1-0,1-0,RC Celta Vigo (24)
?,(Sun) 28 Jan 1996 (W4),Valencia CF (24),4-1,2-0,CP Mérida (24)
?,(Sat) 3 Feb 1996 (W5),Sporting Gijón (25),1-2,0-1,Atlético Madrid (25)
?,(Sat) 3 Feb 1996 (W5),Real Zaragoza (25),4-1,1-0,Valencia CF (25)
?,(Sun) 4 Feb 1996 (W5),Athletic Club Bilbao (25),0-1,0-1,Real Oviedo (25)
?,(Sun) 4 Feb 1996 (W5),RC Celta Vigo (25),2-2,1-0,Albacete Balompié (25)
?,(Sun) 4 Feb 1996 (W5),RCD Espanyol (25),0-0,0-0,Real Sociedad (25)
?,(Sun) 4 Feb 1996 (W5),RCD La Coruña (25),1-1,0-1,CD Tenerife (25)
?,(Sun) 4 Feb 1996 (W5),CP Mérida (25),0-2,0-0,SD Compostela (25)
?,(Sun) 4 Feb 1996 (W5),Real Madrid (25),4-2,2-2,Real Betis (25)
?,(Sun) 4 Feb 1996 (W5),Sevilla FC (25),0-1,0-1,Real Racing Santander (25)
?,(Sun) 4 Feb 1996 (W5),Real Valladolid CF (25),1-0,0-0,UD Salamanca (25)
?,(Sun) 4 Feb 1996 (W5),Rayo Vallecano (25),1-1,1-0,FC Barcelona (25)
?,(Sat) 10 Feb 1996 (W6),Atlético Madrid (26),0-1,0-0,Sevilla FC (26)
?,(Sat) 10 Feb 1996 (W6),FC Barcelona (26),3-0,1-0,Real Madrid (26)
?,(Sat) 10 Feb 1996 (W6),Valencia CF (26),3-0,2-0,Rayo Vallecano (26)
?,(Sun) 11 Feb 1996 (W6),Albacete Balompié (26),1-0,1-0,RCD La Coruña (26)
?,(Sun) 11 Feb 1996 (W6),Real Betis (26),2-1,1-0,Real Oviedo (26)
?,(Sun) 11 Feb 1996 (W6),SD Compostela (26),3-2,0-2,Real Zaragoza (26)
?,(Sun) 11 Feb 1996 (W6),UD Salamanca (26),2-2,1-0,CP Mérida (26)
?,(Sun) 11 Feb 1996 (W6),Real Racing Santander (26),1-1,1-0,RCD Espanyol (26)
?,(Sun) 11 Feb 1996 (W6),Real Sociedad (26),3-1,1-0,RC Celta Vigo (26)
?,(Sun) 11 Feb 1996 (W6),Sporting Gijón (26),1-2,0-1,Athletic Club Bilbao (26)
?,(Sun) 11 Feb 1996 (W6),CD Tenerife (26),1-0,1-0,Real Valladolid CF (26)
?,(Sat) 17 Feb 1996 (W7),Real Madrid (27),0-0,0-0,Valencia CF (27)
?,(Sat) 17 Feb 1996 (W7),Real Zaragoza (27),1-1,1-1,UD Salamanca (27)
?,(Sun) 18 Feb 1996 (W7),Athletic Club Bilbao (27),0-1,0-0,Real Betis (27)
?,(Sun) 18 Feb 1996 (W7),RC Celta Vigo (27),0-0,0-0,Real Racing Santander (27)
?,(Sun) 18 Feb 1996 (W7),RCD Espanyol (27),0-2,0-1,Atlético Madrid (27)
?,(Sun) 18 Feb 1996 (W7),RCD La Coruña (27),1-1,0-1,Real Sociedad (27)
?,(Sun) 18 Feb 1996 (W7),CP Mérida (27),2-0,2-0,CD Tenerife (27)
?,(Sun) 18 Feb 1996 (W7),Real Oviedo (27),1-2,1-1,FC Barcelona (27)
?,(Sun) 18 Feb 1996 (W7),Sevilla FC (27),2-0,0-0,Sporting Gijón (27)
?,(Sun) 18 Feb 1996 (W7),Real Valladolid CF (27),3-0,1-0,Albacete Balompié (27)
?,(Sun) 18 Feb 1996 (W7),Rayo Vallecano (27),0-1,0-1,SD Compostela (27)
?,(Sat) 24 Feb 1996 (W8),Real Racing Santander (28),2-1,1-0,RCD La Coruña (28)
?,(Sun) 25 Feb 1996 (W8),Albacete Balompié (28),2-0,1-0,CP Mérida (28)
?,(Sun) 25 Feb 1996 (W8),Atlético Madrid (28),3-2,2-2,RC Celta Vigo (28)
?,(Sun) 25 Feb 1996 (W8),FC Barcelona (28),1-0,0-0,Real Betis (28)
?,(Sun) 25 Feb 1996 (W8),SD Compostela (28),3-3,1-1,Real Madrid (28)
?,(Sun) 25 Feb 1996 (W8),UD Salamanca (28),1-2,0-1,Rayo Vallecano (28)
?,(Sun) 25 Feb 1996 (W8),Sevilla FC (28),1-1,1-0,Athletic Club Bilbao (28)
?,(Sun) 25 Feb 1996 (W8),Real Sociedad (28),1-0,0-0,Real Valladolid CF (28)
?,(Sun) 25 Feb 1996 (W8),Sporting Gijón (28),2-3,1-1,RCD Espanyol (28)
?,(Sun) 25 Feb 1996 (W8),CD Tenerife (28),1-2,1-1,Real Zaragoza (28)
?,(Sun) 25 Feb 1996 (W8),Valencia CF (28),3-1,1-1,Real Oviedo (28)
?,(Sat) 2 Mar 1996 (W9),Athletic Club Bilbao (29),0-0,0-0,FC Barcelona (29)
?,(Sat) 2 Mar 1996 (W9),RCD Espanyol (29),0-1,0-0,Sevilla FC (29)
?,(Sat) 2 Mar 1996 (W9),CP Mérida (29),1-2,0-1,Real Sociedad (29)
?,(Sat) 2 Mar 1996 (W9),Real Madrid (29),5-0,2-0,UD Salamanca (29)
?,(Sat) 2 Mar 1996 (W9),Real Valladolid CF (29),3-1,1-0,Real Racing Santander (29)
?,(Sun) 3 Mar 1996 (W9),Real Betis (29),3-0,0-0,Valencia CF (29)
?,(Sun) 3 Mar 1996 (W9),RC Celta Vigo (29),0-0,0-0,Sporting Gijón (29)
?,(Sun) 3 Mar 1996 (W9),RCD La Coruña (29),2-2,0-1,Atlético Madrid (29)
?,(Sun) 3 Mar 1996 (W9),Real Oviedo (29),3-1,1-1,SD Compostela (29)
?,(Sun) 3 Mar 1996 (W9),Rayo Vallecano (29),2-4,0-1,CD Tenerife (29)
?,(Sun) 3 Mar 1996 (W9),Real Zaragoza (29),3-1,1-1,Albacete Balompié (29)
?,(Sat) 9 Mar 1996 (W10),Valencia CF (30),4-1,2-0,FC Barcelona (30)
?,(Sun) 10 Mar 1996 (W10),Albacete Balompié (30),1-2,1-1,Rayo Vallecano (30)
?,(Sun) 10 Mar 1996 (W10),Atlético Madrid (30),0-2,0-0,Real Valladolid CF (30)
?,(Sun) 10 Mar 1996 (W10),SD Compostela (30),1-2,0-0,Real Betis (30)
?,(Sun) 10 Mar 1996 (W10),RCD Espanyol (30),3-0,1-0,Athletic Club Bilbao (30)
?,(Sun) 10 Mar 1996 (W10),UD Salamanca (30),0-1,0-0,Real Oviedo (30)
?,(Sun) 10 Mar 1996 (W10),Real Racing Santander (30),2-0,0-0,CP Mérida (30)
?,(Sun) 10 Mar 1996 (W10),Sevilla FC (30),0-0,0-0,RC Celta Vigo (30)
?,(Sun) 10 Mar 1996 (W10),Real Sociedad (30),3-1,1-1,Real Zaragoza (30)
?,(Sun) 10 Mar 1996 (W10),Sporting Gijón (30),1-1,1-0,RCD La Coruña (30)
?,(Sun) 10 Mar 1996 (W10),CD Tenerife (30),3-0,1-0,Real Madrid (30)
?,(Sat) 16 Mar 1996 (W11),FC Barcelona (31),1-0,1-0,SD Compostela (31)
?,(Sat) 16 Mar 1996 (W11),Real Madrid (31),2-0,1-0,Albacete Balompié (31)
?,(Sat) 16 Mar 1996 (W11),Real Zaragoza (31),1-2,1-2,Real Racing Santander (31)
?,(Sun) 17 Mar 1996 (W11),Athletic Club Bilbao (31),0-1,0-0,Valencia CF (31)
?,(Sun) 17 Mar 1996 (W11),Real Betis (31),4-0,1-0,UD Salamanca (31)
?,(Sun) 17 Mar 1996 (W11),RC Celta Vigo (31),4-2,4-0,RCD Espanyol (31)
?,(Sun) 17 Mar 1996 (W11),RCD La Coruña (31),3-2,2-1,Sevilla FC (31)
?,(Sun) 17 Mar 1996 (W11),CP Mérida (31),0-1,0-0,Atlético Madrid (31)
?,(Sun) 17 Mar 1996 (W11),Real Oviedo (31),1-3,0-1,CD Tenerife (31)
?,(Sun) 17 Mar 1996 (W11),Real Valladolid CF (31),1-0,0-0,Sporting Gijón (31)
?,(Sun) 17 Mar 1996 (W11),Rayo Vallecano (31),2-0,1-0,Real Sociedad (31)
?,(Sat) 23 Mar 1996 (W12),Sporting Gijón (32),3-1,1-1,CP Mérida (32)
?,(Sat) 23 Mar 1996 (W12),CD Tenerife (32),1-2,1-0,Real Betis (32)
?,(Sun) 24 Mar 1996 (W12),Albacete Balompié (32),0-1,0-0,Real Oviedo (32)
?,(Sun) 24 Mar 1996 (W12),Atlético Madrid (32),1-1,1-1,Real Zaragoza (32)
?,(Sun) 24 Mar 1996 (W12),RC Celta Vigo (32),3-1,3-1,Athletic Club Bilbao (32)
?,(Sun) 24 Mar 1996 (W12),SD Compostela (32),0-4,0-2,Valencia CF (32)
?,(Sun) 24 Mar 1996 (W12),RCD Espanyol (32),0-0,0-0,RCD La Coruña (32)
?,(Sun) 24 Mar 1996 (W12),UD Salamanca (32),1-3,1-3,FC Barcelona (32)
?,(Sun) 24 Mar 1996 (W12),Real Racing Santander (32),1-2,0-0,Rayo Vallecano (32)
?,(Sun) 24 Mar 1996 (W12),Sevilla FC (32),1-1,1-0,Real Valladolid CF (32)
?,(Sun) 24 Mar 1996 (W12),Real Sociedad (32),1-1,1-1,Real Madrid (32)
?,(Wed) 27 Mar 1996 (W13),Athletic Club Bilbao (33),0-0,0-0,SD Compostela (33)
?,(Wed) 27 Mar 1996 (W13),FC Barcelona (33),2-2,2-2,CD Tenerife (33)
?,(Wed) 27 Mar 1996 (W13),Real Betis (33),2-3,2-1,Albacete Balompié (33)
?,(Wed) 27 Mar 1996 (W13),RCD La Coruña (33),2-1,1-0,RC Celta Vigo (33)
?,(Wed) 27 Mar 1996 (W13),CP Mérida (33),3-2,2-0,Sevilla FC (33)
?,(Wed) 27 Mar 1996 (W13),Real Madrid (33),1-2,0-0,Real Racing Santander (33)
?,(Wed) 27 Mar 1996 (W13),Valencia CF (33),2-0,1-0,UD Salamanca (33)
?,(Wed) 27 Mar 1996 (W13),Real Valladolid CF (33),0-0,0-0,RCD Espanyol (33)
?,(Wed) 27 Mar 1996 (W13),Rayo Vallecano (33),0-3,0-1,Atlético Madrid (33)
?,(Wed) 27 Mar 1996 (W13),Real Zaragoza (33),1-1,1-1,Sporting Gijón (33)
?,(Thu) 28 Mar 1996 (W13),Real Oviedo (33),0-0,0-0,Real Sociedad (33)
?,(Sun) 31 Mar 1996 (W13),Albacete Balompié (34),0-1,0-0,FC Barcelona (34)
?,(Sun) 31 Mar 1996 (W13),Atlético Madrid (34),1-2,0-1,Real Madrid (34)
?,(Sun) 31 Mar 1996 (W13),RC Celta Vigo (34),1-1,1-0,Real Valladolid CF (34)
?,(Sun) 31 Mar 1996 (W13),RCD Espanyol (34),3-0,0-0,CP Mérida (34)
?,(Sun) 31 Mar 1996 (W13),RCD La Coruña (34),0-0,0-0,Athletic Club Bilbao (34)
?,(Sun) 31 Mar 1996 (W13),UD Salamanca (34),1-0,0-0,SD Compostela (34)
?,(Sun) 31 Mar 1996 (W13),Real Racing Santander (34),0-0,0-0,Real Oviedo (34)
?,(Sun) 31 Mar 1996 (W13),Sevilla FC (34),1-1,0-1,Real Zaragoza (34)
?,(Sun) 31 Mar 1996 (W13),Real Sociedad (34),1-1,0-1,Real Betis (34)
?,(Sun) 31 Mar 1996 (W13),Sporting Gijón (34),3-1,2-1,Rayo Vallecano (34)
?,(Sun) 31 Mar 1996 (W13),CD Tenerife (34),2-1,0-1,Valencia CF (34)
?,(Sat) 6 Apr 1996 (W14),FC Barcelona (35),1-0,1-0,Real Sociedad (35)
?,(Sat) 6 Apr 1996 (W14),Real Oviedo (35),1-1,0-1,Atlético Madrid (35)
?,(Sat) 6 Apr 1996 (W14),Real Zaragoza (35),1-1,1-1,RCD Espanyol (35)
?,(Sun) 7 Apr 1996 (W14),Athletic Club Bilbao (35),3-1,1-0,UD Salamanca (35)
?,(Sun) 7 Apr 1996 (W14),Real Betis (35),2-2,1-0,Real Racing Santander (35)
?,(Sun) 7 Apr 1996 (W14),SD Compostela (35),0-2,0-2,CD Tenerife (35)
?,(Sun) 7 Apr 1996 (W14),CP Mérida (35),2-0,1-0,RC Celta Vigo (35)
?,(Sun) 7 Apr 1996 (W14),Real Madrid (35),0-1,0-1,Sporting Gijón (35)
?,(Sun) 7 Apr 1996 (W14),Valencia CF (35),1-0,0-0,Albacete Balompié (35)
?,(Sun) 7 Apr 1996 (W14),Real Valladolid CF (35),2-2,2-1,RCD La Coruña (35)
?,(Sun) 7 Apr 1996 (W14),Rayo Vallecano (35),0-0,0-0,Sevilla FC (35)
?,(Sat) 13 Apr 1996 (W15),Real Racing Santander (36),1-1,0-1,FC Barcelona (36)
?,(Sat) 13 Apr 1996 (W15),Sevilla FC (36),0-1,0-0,Real Madrid (36)
?,(Sun) 14 Apr 1996 (W15),Albacete Balompié (36),2-1,1-0,SD Compostela (36)
?,(Sun) 14 Apr 1996 (W15),Atlético Madrid (36),1-1,1-1,Real Betis (36)
?,(Sun) 14 Apr 1996 (W15),RC Celta Vigo (36),1-1,1-0,Real Zaragoza (36)
?,(Sun) 14 Apr 1996 (W15),RCD Espanyol (36),4-2,1-1,Rayo Vallecano (36)
?,(Sun) 14 Apr 1996 (W15),RCD La Coruña (36),2-1,0-0,CP Mérida (36)
?,(Sun) 14 Apr 1996 (W15),Real Sociedad (36),5-2,4-0,Valencia CF (36)
?,(Sun) 14 Apr 1996 (W15),Sporting Gijón (36),0-1,0-1,Real Oviedo (36)
?,(Sun) 14 Apr 1996 (W15),CD Tenerife (36),4-0,2-0,UD Salamanca (36)
?,(Sun) 14 Apr 1996 (W15),Real Valladolid CF (36),1-1,0-0,Athletic Club Bilbao (36)
?,(Sat) 20 Apr 1996 (W16),FC Barcelona (37),1-3,1-1,Atlético Madrid (37)
?,(Sat) 20 Apr 1996 (W16),Valencia CF (37),2-1,2-1,Real Racing Santander (37)
?,(Sun) 21 Apr 1996 (W16),Athletic Club Bilbao (37),2-0,1-0,CD Tenerife (37)
?,(Sun) 21 Apr 1996 (W16),Real Betis (37),2-5,1-3,Sporting Gijón (37)
?,(Sun) 21 Apr 1996 (W16),SD Compostela (37),2-0,1-0,Real Sociedad (37)
?,(Sun) 21 Apr 1996 (W16),CP Mérida (37),1-0,0-0,Real Valladolid CF (37)
?,(Sun) 21 Apr 1996 (W16),Real Oviedo (37),2-3,1-0,Sevilla FC (37)
?,(Sun) 21 Apr 1996 (W16),Real Madrid (37),1-2,0-0,RCD Espanyol (37)
?,(Sun) 21 Apr 1996 (W16),UD Salamanca (37),2-4,1-2,Albacete Balompié (37)
?,(Sun) 21 Apr 1996 (W16),Rayo Vallecano (37),1-3,1-3,RC Celta Vigo (37)
?,(Sun) 21 Apr 1996 (W16),Real Zaragoza (37),2-3,1-2,RCD La Coruña (37)
?,(Sat) 27 Apr 1996 (W17),Atlético Madrid (38),2-3,1-1,Valencia CF (38)
?,(Sun) 28 Apr 1996 (W17),Albacete Balompié (38),0-0,0-0,CD Tenerife (38)
?,(Sun) 28 Apr 1996 (W17),RC Celta Vigo (38),1-1,1-1,Real Madrid (38)
?,(Sun) 28 Apr 1996 (W17),RCD La Coruña (38),1-0,0-0,Rayo Vallecano (38)
?,(Sun) 28 Apr 1996 (W17),CP Mérida (38),1-0,0-0,Athletic Club Bilbao (38)
?,(Sun) 28 Apr 1996 (W17),Real Racing Santander (38),1-0,1-0,SD Compostela (38)
?,(Sun) 28 Apr 1996 (W17),Sevilla FC (38),1-0,1-0,Real Betis (38)
?,(Sun) 28 Apr 1996 (W17),Real Sociedad (38),1-0,1-0,UD Salamanca (38)
?,(Sun) 28 Apr 1996 (W17),Sporting Gijón (38),0-3,0-3,FC Barcelona (38)
?,(Sun) 28 Apr 1996 (W17),Real Valladolid CF (38),0-0,0-0,Real Zaragoza (38)
?,(Sat) 4 May 1996 (W18),SD Compostela (39),1-3,0-1,Atlético Madrid (39)
?,(Sat) 4 May 1996 (W18),Valencia CF (39),1-0,0-0,Sporting Gijón (39)
?,(Sun) 5 May 1996 (W18),Athletic Club Bilbao (39),2-2,1-0,Albacete Balompié (39)
?,(Sun) 5 May 1996 (W18),FC Barcelona (39),1-1,0-1,Sevilla FC (39)
?,(Sun) 5 May 1996 (W18),Real Betis (39),2-3,1-2,RCD Espanyol (38)
?,(Sun) 5 May 1996 (W18),Real Oviedo (38),1-1,0-1,RC Celta Vigo (39)
?,(Sun) 5 May 1996 (W18),Real Madrid (39),1-0,0-0,RCD La Coruña (39)
?,(Sun) 5 May 1996 (W18),UD Salamanca (39),5-0,4-0,Real Racing Santander (39)
?,(Sun) 5 May 1996 (W18),CD Tenerife (39),1-0,0-0,Real Sociedad (39)
?,(Sun) 5 May 1996 (W18),Rayo Vallecano (39),0-2,0-0,Real Valladolid CF (39)
?,(Sun) 5 May 1996 (W18),Real Zaragoza (39),3-1,1-1,CP Mérida (39)
?,(Wed) 8 May 1996 (W19),RCD Espanyol (39),5-0,2-0,Real Oviedo (39)
?,(Sun) 12 May 1996 (W19),Atlético Madrid (40),2-1,1-0,UD Salamanca (40)
?,(Sun) 12 May 1996 (W19),RC Celta Vigo (40),2-0,0-0,Real Betis (40)
?,(Sun) 12 May 1996 (W19),RCD La Coruña (40),0-4,0-1,Real Oviedo (40)
?,(Sun) 12 May 1996 (W19),CP Mérida (40),0-1,0-0,Rayo Vallecano (40)
?,(Sun) 12 May 1996 (W19),Real Racing Santander (40),1-2,1-0,CD Tenerife (40)
?,(Sun) 12 May 1996 (W19),Sevilla FC (40),1-2,0-1,Valencia CF (40)
?,(Sun) 12 May 1996 (W19),Real Sociedad (40),8-1,3-1,Albacete Balompié (40)
?,(Sun) 12 May 1996 (W19),Sporting Gijón (40),2-1,1-1,SD Compostela (40)
?,(Sun) 12 May 1996 (W19),Real Valladolid CF (40),0-3,0-0,Real Madrid (40)
?,(Sun) 12 May 1996 (W19),Real Zaragoza (40),1-0,0-0,Athletic Club Bilbao (40)
?,(Wed) 15 May 1996 (W20),RCD Espanyol (40),1-1,0-0,FC Barcelona (40)
?,(Sat) 18 May 1996 (W20),CD Tenerife (41),1-1,0-0,Atlético Madrid (41)
?,(Sun) 19 May 1996 (W20),Albacete Balompié (41),2-2,0-2,Real Racing Santander (41)
?,(Sun) 19 May 1996 (W20),FC Barcelona (41),3-2,0-1,RC Celta Vigo (41)
?,(Sun) 19 May 1996 (W20),Real Betis (41),1-0,1-0,RCD La Coruña (41)
?,(Sun) 19 May 1996 (W20),SD Compostela (41),0-0,0-0,Sevilla FC (41)
?,(Sun) 19 May 1996 (W20),Real Oviedo (41),3-8,2-1,Real Valladolid CF (41)
?,(Sun) 19 May 1996 (W20),Real Madrid (41),4-0,3-0,CP Mérida (41)
?,(Sun) 19 May 1996 (W20),UD Salamanca (41),3-0,3-0,Sporting Gijón (41)
?,(Sun) 19 May 1996 (W20),Real Sociedad (41),2-2,2-1,Athletic Club Bilbao (41)
?,(Sun) 19 May 1996 (W20),Valencia CF (41),1-0,0-0,RCD Espanyol (41)
?,(Sun) 19 May 1996 (W20),Rayo Vallecano (41),4-3,1-0,Real Zaragoza (41)
?,(Sat) 25 May 1996 (W21),Athletic Club Bilbao (42),3-1,0-0,Rayo Vallecano (42)
?,(Sat) 25 May 1996 (W21),Atlético Madrid (42),2-0,2-0,Albacete Balompié (42)
?,(Sat) 25 May 1996 (W21),RC Celta Vigo (42),1-1,0-1,Valencia CF (42)
?,(Sat) 25 May 1996 (W21),RCD Espanyol (42),0-0,0-0,SD Compostela (42)
?,(Sat) 25 May 1996 (W21),Real Racing Santander (42),2-3,2-2,Real Sociedad (42)
?,(Sat) 25 May 1996 (W21),Sevilla FC (42),3-1,1-0,UD Salamanca (42)
?,(Sat) 25 May 1996 (W21),Sporting Gijón (42),0-2,0-1,CD Tenerife (42)
?,(Sat) 25 May 1996 (W21),Real Valladolid CF (42),3-1,2-0,Real Betis (42)
?,(Sat) 25 May 1996 (W21),Real Zaragoza (42),0-1,0-1,Real Madrid (42)
?,(Sun) 26 May 1996 (W21),RCD La Coruña (42),2-2,1-0,FC Barcelona (42)
?,(Sun) 26 May 1996 (W21),CP Mérida (42),3-1,1-0,Real Oviedo (42)
