Round,Date,Team 1,FT,HT,Team 2
?,(Sat) 31 Aug 1996 (W35),RCD La Coruña (1),1-1,1-0,Real Madrid (1)
?,(Sun) 1 Sep 1996 (W35),Atlético Madrid (1),2-0,0-0,RC Celta Vigo (1)
?,(Sun) 1 Sep 1996 (W35),Real Betis (1),3-0,1-0,Athletic Club Bilbao (1)
?,(Sun) 1 Sep 1996 (W35),Hércules CF (1),2-1,1-0,CF Extremadura (1)
?,(Sun) 1 Sep 1996 (W35),Real Oviedo (1),2-4,0-0,FC Barcelona (1)
?,(Sun) 1 Sep 1996 (W35),Real Racing Santander (1),3-2,0-2,Valencia CF (1)
?,(Sun) 1 Sep 1996 (W35),Real Sociedad (1),1-0,1-0,Sevilla FC (1)
?,(Sun) 1 Sep 1996 (W35),CD Tenerife (1),6-0,3-0,SD Compostela (1)
?,(Sun) 1 Sep 1996 (W35),Rayo Vallecano (1),1-2,0-0,Real Valladolid CF (1)
?,(Sun) 1 Sep 1996 (W35),Real Zaragoza (1),2-2,1-0,CD Logroñés (1)
?,(Mon) 2 Sep 1996 (W36),RCD Espanyol (1),2-3,2-0,Sporting Gijón (1)
?,(Sat) 7 Sep 1996 (W36),FC Barcelona (2),2-1,0-0,RCD Espanyol (2)
?,(Sat) 7 Sep 1996 (W36),SD Compostela (2),3-1,1-1,Atlético Madrid (2)
?,(Sat) 7 Sep 1996 (W36),CD Logroñés (2),0-1,0-1,CD Tenerife (2)
?,(Sat) 7 Sep 1996 (W36),Valencia CF (2),0-1,0-1,Real Sociedad (2)
?,(Sun) 8 Sep 1996 (W36),Athletic Club Bilbao (2),3-2,0-1,Rayo Vallecano (2)
?,(Sun) 8 Sep 1996 (W36),RC Celta Vigo (2),1-1,0-1,RCD La Coruña (2)
?,(Sun) 8 Sep 1996 (W36),Real Madrid (2),3-0,2-0,Hércules CF (2)
?,(Sun) 8 Sep 1996 (W36),Sevilla FC (2),1-2,0-1,Real Zaragoza (2)
?,(Sun) 8 Sep 1996 (W36),Sporting Gijón (2),0-1,0-1,Real Racing Santander (2)
?,(Sun) 8 Sep 1996 (W36),Real Valladolid CF (2),0-1,0-0,Real Oviedo (2)
?,(Mon) 9 Sep 1996 (W37),CF Extremadura (2),0-3,0-0,Real Betis (2)
?,(Sat) 14 Sep 1996 (W37),Real Zaragoza (3),1-1,1-1,Valencia CF (3)
?,(Sun) 15 Sep 1996 (W37),Atlético Madrid (3),0-2,0-0,RCD La Coruña (3)
?,(Sun) 15 Sep 1996 (W37),SD Compostela (3),1-2,1-1,CD Logroñés (3)
?,(Sun) 15 Sep 1996 (W37),RCD Espanyol (3),1-0,1-0,Real Valladolid CF (3)
?,(Sun) 15 Sep 1996 (W37),Hércules CF (3),0-2,0-2,RC Celta Vigo (3)
?,(Sun) 15 Sep 1996 (W37),Real Oviedo (3),2-0,0-0,Athletic Club Bilbao (3)
?,(Sun) 15 Sep 1996 (W37),Real Racing Santander (3),1-1,0-1,FC Barcelona (3)
?,(Sun) 15 Sep 1996 (W37),Real Sociedad (3),1-1,1-1,Sporting Gijón (3)
?,(Sun) 15 Sep 1996 (W37),CD Tenerife (3),0-2,0-1,Sevilla FC (3)
?,(Sun) 15 Sep 1996 (W37),Rayo Vallecano (3),3-0,2-0,CF Extremadura (3)
?,(Mon) 16 Sep 1996 (W38),Real Betis (3),1-1,1-1,Real Madrid (3)
?,(Sat) 21 Sep 1996 (W38),Athletic Club Bilbao (4),2-2,1-0,RCD Espanyol (4)
?,(Sat) 21 Sep 1996 (W38),CD Logroñés (4),0-3,0-2,Atlético Madrid (4)
?,(Sat) 21 Sep 1996 (W38),Valencia CF (4),2-1,0-0,CD Tenerife (4)
?,(Sat) 21 Sep 1996 (W38),Real Valladolid CF (4),3-0,1-0,Real Racing Santander (4)
?,(Sun) 22 Sep 1996 (W38),FC Barcelona (4),3-2,1-0,Real Sociedad (4)
?,(Sun) 22 Sep 1996 (W38),RC Celta Vigo (4),0-2,0-0,Real Betis (4)
?,(Sun) 22 Sep 1996 (W38),CF Extremadura (4),0-2,0-2,Real Oviedo (4)
?,(Sun) 22 Sep 1996 (W38),RCD La Coruña (4),4-0,3-0,Hércules CF (4)
?,(Sun) 22 Sep 1996 (W38),Real Madrid (4),1-0,1-0,Rayo Vallecano (4)
?,(Sun) 22 Sep 1996 (W38),Sporting Gijón (4),2-0,2-0,Real Zaragoza (4)
?,(Mon) 23 Sep 1996 (W39),Sevilla FC (4),0-1,0-0,SD Compostela (4)
?,(Sat) 28 Sep 1996 (W39),Real Betis (5),1-2,1-0,RCD La Coruña (5)
?,(Sat) 28 Sep 1996 (W39),RCD Espanyol (5),5-1,3-0,CF Extremadura (5)
?,(Sat) 28 Sep 1996 (W39),Real Racing Santander (5),1-2,1-0,Athletic Club Bilbao (5)
?,(Sat) 28 Sep 1996 (W39),Real Sociedad (5),0-0,0-0,Real Valladolid CF (5)
?,(Sun) 29 Sep 1996 (W39),SD Compostela (5),0-3,0-0,Valencia CF (5)
?,(Sun) 29 Sep 1996 (W39),CD Logroñés (5),2-0,1-0,Sevilla FC (5)
?,(Sun) 29 Sep 1996 (W39),Real Oviedo (5),2-3,1-3,Real Madrid (5)
?,(Sun) 29 Sep 1996 (W39),CD Tenerife (5),6-0,3-0,Sporting Gijón (5)
?,(Sun) 29 Sep 1996 (W39),Rayo Vallecano (5),3-0,1-0,RC Celta Vigo (5)
?,(Sun) 29 Sep 1996 (W39),Real Zaragoza (5),3-5,2-1,FC Barcelona (5)
?,(Mon) 30 Sep 1996 (W40),Atlético Madrid (5),3-0,1-0,Hércules CF (5)
?,(Tue) 1 Oct 1996 (W40),Real Madrid (6),2-0,2-0,RCD Espanyol (6)
?,(Wed) 2 Oct 1996 (W40),Athletic Club Bilbao (6),1-3,1-2,Real Sociedad (6)
?,(Wed) 2 Oct 1996 (W40),FC Barcelona (6),1-1,0-0,CD Tenerife (6)
?,(Wed) 2 Oct 1996 (W40),RC Celta Vigo (6),3-1,2-0,Real Oviedo (6)
?,(Wed) 2 Oct 1996 (W40),CF Extremadura (6),1-2,0-1,Real Racing Santander (6)
?,(Wed) 2 Oct 1996 (W40),Hércules CF (6),0-1,0-0,Real Betis (6)
?,(Wed) 2 Oct 1996 (W40),RCD La Coruña (6),1-1,0-0,Rayo Vallecano (6)
?,(Wed) 2 Oct 1996 (W40),Sporting Gijón (6),1-1,1-0,SD Compostela (6)
?,(Wed) 2 Oct 1996 (W40),Valencia CF (6),0-1,0-1,CD Logroñés (6)
?,(Wed) 2 Oct 1996 (W40),Real Valladolid CF (6),1-1,1-0,Real Zaragoza (6)
?,(Thu) 3 Oct 1996 (W40),Sevilla FC (6),0-0,0-0,Atlético Madrid (6)
?,(Sat) 12 Oct 1996 (W41),Atlético Madrid (7),2-2,2-1,Real Betis (7)
?,(Sat) 12 Oct 1996 (W41),SD Compostela (7),1-5,0-3,FC Barcelona (7)
?,(Sat) 12 Oct 1996 (W41),RCD Espanyol (7),0-0,0-0,RC Celta Vigo (7)
?,(Sat) 12 Oct 1996 (W41),Sevilla FC (7),0-2,0-1,Valencia CF (7)
?,(Sat) 12 Oct 1996 (W41),CD Tenerife (7),1-3,0-1,Real Valladolid CF (7)
?,(Sat) 12 Oct 1996 (W41),Real Zaragoza (7),1-1,0-1,Athletic Club Bilbao (7)
?,(Sun) 13 Oct 1996 (W41),CD Logroñés (7),0-2,0-1,Sporting Gijón (7)
?,(Sun) 13 Oct 1996 (W41),Real Oviedo (7),0-1,0-0,RCD La Coruña (7)
?,(Sun) 13 Oct 1996 (W41),Real Racing Santander (7),2-2,0-0,Real Madrid (7)
?,(Sun) 13 Oct 1996 (W41),Real Sociedad (7),3-0,2-0,CF Extremadura (7)
?,(Sun) 13 Oct 1996 (W41),Rayo Vallecano (7),2-1,2-1,Hércules CF (7)
?,(Sat) 19 Oct 1996 (W42),Athletic Club Bilbao (8),2-0,1-0,CD Tenerife (8)
?,(Sat) 19 Oct 1996 (W42),CF Extremadura (8),2-1,1-0,Real Zaragoza (8)
?,(Sat) 19 Oct 1996 (W42),Hércules CF (8),1-1,0-1,Real Oviedo (8)
?,(Sat) 19 Oct 1996 (W42),RCD La Coruña (8),2-0,0-0,RCD Espanyol (8)
?,(Sat) 19 Oct 1996 (W42),Real Madrid (8),6-1,2-1,Real Sociedad (8)
?,(Sat) 19 Oct 1996 (W42),Real Valladolid CF (8),3-1,2-0,SD Compostela (8)
?,(Sun) 20 Oct 1996 (W42),FC Barcelona (8),8-0,4-0,CD Logroñés (8)
?,(Sun) 20 Oct 1996 (W42),Real Betis (8),3-0,1-0,Rayo Vallecano (8)
?,(Sun) 20 Oct 1996 (W42),RC Celta Vigo (8),1-1,0-0,Real Racing Santander (8)
?,(Sun) 20 Oct 1996 (W42),Valencia CF (8),3-1,1-0,Atlético Madrid (8)
?,(Mon) 21 Oct 1996 (W43),Sporting Gijón (8),1-1,0-1,Sevilla FC (8)
?,(Tue) 22 Oct 1996 (W43),Real Zaragoza (9),1-2,0-1,Real Madrid (9)
?,(Wed) 23 Oct 1996 (W43),Atlético Madrid (9),1-3,0-1,Rayo Vallecano (9)
?,(Wed) 23 Oct 1996 (W43),SD Compostela (9),1-1,0-0,Athletic Club Bilbao (9)
?,(Wed) 23 Oct 1996 (W43),RCD Espanyol (9),2-1,0-0,Hércules CF (9)
?,(Wed) 23 Oct 1996 (W43),CD Logroñés (9),0-1,0-1,Real Valladolid CF (9)
?,(Wed) 23 Oct 1996 (W43),Real Oviedo (9),1-1,1-1,Real Betis (9)
?,(Wed) 23 Oct 1996 (W43),Real Racing Santander (9),1-1,0-0,RCD La Coruña (9)
?,(Wed) 23 Oct 1996 (W43),Sevilla FC (9),0-1,0-0,FC Barcelona (9)
?,(Wed) 23 Oct 1996 (W43),Real Sociedad (9),1-2,1-0,RC Celta Vigo (9)
?,(Wed) 23 Oct 1996 (W43),CD Tenerife (9),2-1,2-1,CF Extremadura (9)
?,(Wed) 23 Oct 1996 (W43),Valencia CF (9),2-1,1-1,Sporting Gijón (9)
?,(Sat) 26 Oct 1996 (W43),FC Barcelona (10),3-2,2-0,Valencia CF (10)
?,(Sat) 26 Oct 1996 (W43),Real Betis (10),1-2,1-2,RCD Espanyol (10)
?,(Sat) 26 Oct 1996 (W43),Real Madrid (10),0-0,0-0,CD Tenerife (10)
?,(Sat) 26 Oct 1996 (W43),Sporting Gijón (10),0-1,0-0,Atlético Madrid (10)
?,(Sun) 27 Oct 1996 (W43),Athletic Club Bilbao (10),6-0,4-0,CD Logroñés (10)
?,(Sun) 27 Oct 1996 (W43),RC Celta Vigo (10),0-0,0-0,Real Zaragoza (10)
?,(Sun) 27 Oct 1996 (W43),CF Extremadura (10),1-1,1-1,SD Compostela (10)
?,(Sun) 27 Oct 1996 (W43),Hércules CF (10),0-1,0-1,Real Racing Santander (10)
?,(Sun) 27 Oct 1996 (W43),RCD La Coruña (10),1-0,1-0,Real Sociedad (10)
?,(Sun) 27 Oct 1996 (W43),Rayo Vallecano (10),2-2,2-1,Real Oviedo (10)
?,(Mon) 28 Oct 1996 (W44),Real Valladolid CF (10),0-1,0-0,Sevilla FC (10)
?,(Sat) 2 Nov 1996 (W44),Real Racing Santander (11),1-1,0-0,Real Betis (11)
?,(Sun) 3 Nov 1996 (W44),Atlético Madrid (11),3-0,1-0,Real Oviedo (11)
?,(Sun) 3 Nov 1996 (W44),SD Compostela (11),1-2,0-1,Real Madrid (11)
?,(Sun) 3 Nov 1996 (W44),RCD Espanyol (11),0-0,0-0,Rayo Vallecano (11)
?,(Sun) 3 Nov 1996 (W44),CD Logroñés (11),0-0,0-0,CF Extremadura (11)
?,(Sun) 3 Nov 1996 (W44),Sevilla FC (11),4-2,2-1,Athletic Club Bilbao (11)
?,(Sun) 3 Nov 1996 (W44),Real Sociedad (11),2-1,1-1,Hércules CF (11)
?,(Sun) 3 Nov 1996 (W44),CD Tenerife (11),0-0,0-0,RC Celta Vigo (11)
?,(Sun) 3 Nov 1996 (W44),Valencia CF (11),2-4,1-2,Real Valladolid CF (11)
?,(Sun) 3 Nov 1996 (W44),Real Zaragoza (11),1-2,1-1,RCD La Coruña (11)
?,(Mon) 4 Nov 1996 (W45),Sporting Gijón (11),0-0,0-0,FC Barcelona (11)
?,(Sat) 9 Nov 1996 (W45),FC Barcelona (12),3-3,2-1,Atlético Madrid (12)
?,(Sun) 10 Nov 1996 (W45),Athletic Club Bilbao (12),2-0,1-0,Valencia CF (12)
?,(Sun) 10 Nov 1996 (W45),Real Betis (12),2-1,1-1,Real Sociedad (12)
?,(Sun) 10 Nov 1996 (W45),RC Celta Vigo (12),1-2,1-1,SD Compostela (12)
?,(Sun) 10 Nov 1996 (W45),CF Extremadura (12),0-1,0-1,Sevilla FC (12)
?,(Sun) 10 Nov 1996 (W45),Hércules CF (12),1-1,0-0,Real Zaragoza (12)
?,(Sun) 10 Nov 1996 (W45),RCD La Coruña (12),0-0,0-0,CD Tenerife (12)
?,(Sun) 10 Nov 1996 (W45),Real Oviedo (12),3-1,1-1,RCD Espanyol (12)
?,(Sun) 10 Nov 1996 (W45),Real Madrid (12),0-0,0-0,CD Logroñés (12)
?,(Sun) 10 Nov 1996 (W45),Rayo Vallecano (12),0-0,0-0,Real Racing Santander (12)
?,(Mon) 11 Nov 1996 (W46),Real Valladolid CF (12),1-0,0-0,Sporting Gijón (12)
?,(Sat) 16 Nov 1996 (W46),Atlético Madrid (13),2-1,0-0,RCD Espanyol (13)
?,(Sat) 16 Nov 1996 (W46),SD Compostela (13),0-0,0-0,RCD La Coruña (13)
?,(Sat) 16 Nov 1996 (W46),CD Tenerife (13),3-1,0-0,Hércules CF (13)
?,(Sat) 16 Nov 1996 (W46),Valencia CF (13),0-0,0-0,CF Extremadura (13)
?,(Sun) 17 Nov 1996 (W46),CD Logroñés (13),0-3,0-0,RC Celta Vigo (13)
?,(Sun) 17 Nov 1996 (W46),Real Racing Santander (13),1-0,0-0,Real Oviedo (13)
?,(Sun) 17 Nov 1996 (W46),Sevilla FC (13),1-3,0-2,Real Madrid (13)
?,(Sun) 17 Nov 1996 (W46),Real Sociedad (13),3-1,2-1,Rayo Vallecano (13)
?,(Sun) 17 Nov 1996 (W46),Sporting Gijón (13),2-4,1-1,Athletic Club Bilbao (13)
?,(Sun) 17 Nov 1996 (W46),Real Zaragoza (13),2-2,1-0,Real Betis (13)
?,(Mon) 18 Nov 1996 (W47),FC Barcelona (13),6-1,3-0,Real Valladolid CF (13)
?,(Sat) 23 Nov 1996 (W47),Athletic Club Bilbao (14),2-1,0-1,FC Barcelona (14)
?,(Sat) 23 Nov 1996 (W47),CF Extremadura (14),1-2,0-0,Sporting Gijón (14)
?,(Sun) 24 Nov 1996 (W47),Real Betis (14),3-1,0-1,CD Tenerife (14)
?,(Sun) 24 Nov 1996 (W47),RC Celta Vigo (14),4-2,2-0,Sevilla FC (14)
?,(Sun) 24 Nov 1996 (W47),RCD Espanyol (14),0-0,0-0,Real Racing Santander (14)
?,(Sun) 24 Nov 1996 (W47),Hércules CF (14),1-0,0-0,SD Compostela (14)
?,(Sun) 24 Nov 1996 (W47),RCD La Coruña (14),4-1,2-1,CD Logroñés (14)
?,(Sun) 24 Nov 1996 (W47),Real Oviedo (14),0-0,0-0,Real Sociedad (14)
?,(Sun) 24 Nov 1996 (W47),Real Madrid (14),4-2,2-1,Valencia CF (14)
?,(Sun) 24 Nov 1996 (W47),Rayo Vallecano (14),1-1,1-0,Real Zaragoza (14)
?,(Mon) 25 Nov 1996 (W48),Real Valladolid CF (14),0-3,0-1,Atlético Madrid (14)
?,(Sat) 30 Nov 1996 (W48),Atlético Madrid (15),1-0,1-0,Real Racing Santander (15)
?,(Sat) 30 Nov 1996 (W48),Sporting Gijón (15),0-1,0-1,Real Madrid (15)
?,(Sat) 30 Nov 1996 (W48),CD Tenerife (15),1-2,0-0,Rayo Vallecano (15)
?,(Sat) 30 Nov 1996 (W48),Valencia CF (15),2-0,1-0,RC Celta Vigo (15)
?,(Sun) 1 Dec 1996 (W48),SD Compostela (15),0-2,0-1,Real Betis (15)
?,(Sun) 1 Dec 1996 (W48),CD Logroñés (15),3-2,2-2,Hércules CF (15)
?,(Sun) 1 Dec 1996 (W48),Sevilla FC (15),0-1,0-0,RCD La Coruña (15)
?,(Sun) 1 Dec 1996 (W48),Real Sociedad (15),1-0,1-0,RCD Espanyol (15)
?,(Sun) 1 Dec 1996 (W48),Real Valladolid CF (15),0-0,0-0,Athletic Club Bilbao (15)
?,(Sun) 1 Dec 1996 (W48),Real Zaragoza (15),1-0,1-0,Real Oviedo (15)
?,(Mon) 2 Dec 1996 (W49),FC Barcelona (15),3-0,3-0,CF Extremadura (15)
?,(Sat) 7 Dec 1996 (W49),Real Madrid (16),2-0,1-0,FC Barcelona (16)
?,(Sun) 8 Dec 1996 (W49),Athletic Club Bilbao (16),1-1,0-1,Atlético Madrid (16)
?,(Sun) 8 Dec 1996 (W49),Real Betis (16),5-1,2-0,CD Logroñés (16)
?,(Sun) 8 Dec 1996 (W49),RC Celta Vigo (16),2-1,1-1,Sporting Gijón (16)
?,(Sun) 8 Dec 1996 (W49),RCD Espanyol (16),3-0,2-0,Real Zaragoza (16)
?,(Sun) 8 Dec 1996 (W49),CF Extremadura (16),1-1,1-1,Real Valladolid CF (16)
?,(Sun) 8 Dec 1996 (W49),RCD La Coruña (16),1-0,1-0,Valencia CF (16)
?,(Sun) 8 Dec 1996 (W49),Real Oviedo (16),1-3,1-2,CD Tenerife (16)
?,(Sun) 8 Dec 1996 (W49),Real Racing Santander (16),1-2,1-2,Real Sociedad (16)
?,(Sun) 8 Dec 1996 (W49),Rayo Vallecano (16),0-1,0-0,SD Compostela (16)
?,(Mon) 9 Dec 1996 (W50),Hércules CF (16),3-0,0-0,Sevilla FC (16)
?,(Sat) 21 Dec 1996 (W51),Real Valladolid CF (17),1-1,0-1,Real Madrid (17)
?,(Sun) 22 Dec 1996 (W51),Athletic Club Bilbao (17),0-0,0-0,CF Extremadura (17)
?,(Sun) 22 Dec 1996 (W51),Atlético Madrid (17),2-2,1-2,Real Sociedad (17)
?,(Sun) 22 Dec 1996 (W51),FC Barcelona (17),1-0,1-0,RC Celta Vigo (17)
?,(Sun) 22 Dec 1996 (W51),SD Compostela (17),0-2,0-2,Real Oviedo (17)
?,(Sun) 22 Dec 1996 (W51),CD Logroñés (17),0-2,0-1,Rayo Vallecano (17)
?,(Sun) 22 Dec 1996 (W51),Sevilla FC (17),0-3,0-1,Real Betis (17)
?,(Sun) 22 Dec 1996 (W51),Sporting Gijón (17),1-1,1-1,RCD La Coruña (17)
?,(Sun) 22 Dec 1996 (W51),CD Tenerife (17),5-1,2-0,RCD Espanyol (17)
?,(Sun) 22 Dec 1996 (W51),Real Zaragoza (17),0-2,0-1,Real Racing Santander (17)
?,(Mon) 23 Dec 1996 (W52),Valencia CF (17),3-0,2-0,Hércules CF (17)
?,(Sat) 4 Jan 1997 (W1),RC Celta Vigo (18),0-2,0-0,Real Valladolid CF (18)
?,(Sat) 4 Jan 1997 (W1),RCD La Coruña (18),0-1,0-0,FC Barcelona (18)
?,(Sun) 5 Jan 1997 (W1),RCD Espanyol (18),0-2,0-0,SD Compostela (18)
?,(Sun) 5 Jan 1997 (W1),CF Extremadura (18),2-4,0-1,Atlético Madrid (18)
?,(Sun) 5 Jan 1997 (W1),Hércules CF (18),1-1,1-1,Sporting Gijón (18)
?,(Sun) 5 Jan 1997 (W1),Real Oviedo (18),2-1,1-0,CD Logroñés (18)
?,(Sun) 5 Jan 1997 (W1),Real Madrid (18),1-0,0-0,Athletic Club Bilbao (18)
?,(Sun) 5 Jan 1997 (W1),Real Racing Santander (18),1-2,0-2,CD Tenerife (18)
?,(Sun) 5 Jan 1997 (W1),Real Sociedad (18),1-0,0-0,Real Zaragoza (18)
?,(Mon) 6 Jan 1997 (W2),Real Betis (18),1-1,1-1,Valencia CF (18)
?,(Sat) 11 Jan 1997 (W2),CD Tenerife (19),0-1,0-0,Real Sociedad (19)
?,(Sun) 12 Jan 1997 (W2),Athletic Club Bilbao (19),2-2,1-0,RC Celta Vigo (19)
?,(Sun) 12 Jan 1997 (W2),Atlético Madrid (19),5-1,3-0,Real Zaragoza (19)
?,(Sun) 12 Jan 1997 (W2),SD Compostela (19),1-1,1-0,Real Racing Santander (19)
?,(Sun) 12 Jan 1997 (W2),CF Extremadura (19),0-0,0-0,Real Madrid (19)
?,(Sun) 12 Jan 1997 (W2),CD Logroñés (19),1-0,0-0,RCD Espanyol (19)
?,(Sun) 12 Jan 1997 (W2),Sevilla FC (18),2-1,1-1,Real Oviedo (19)
?,(Sun) 12 Jan 1997 (W2),Valencia CF (19),1-0,0-0,Rayo Vallecano (18)
?,(Sun) 12 Jan 1997 (W2),Real Valladolid CF (19),1-1,1-1,RCD La Coruña (19)
?,(Mon) 13 Jan 1997 (W3),FC Barcelona (19),2-3,2-2,Hércules CF (19)
?,(Sat) 18 Jan 1997 (W3),Atlético Madrid (20),1-4,1-0,Real Madrid (20)
?,(Sun) 19 Jan 1997 (W3),Real Betis (19),2-4,2-1,FC Barcelona (20)
?,(Sun) 19 Jan 1997 (W3),RC Celta Vigo (20),0-1,0-1,CF Extremadura (20)
?,(Sun) 19 Jan 1997 (W3),Hércules CF (20),1-0,1-0,Real Valladolid CF (20)
?,(Sun) 19 Jan 1997 (W3),RCD La Coruña (20),2-2,2-1,Athletic Club Bilbao (20)
?,(Sun) 19 Jan 1997 (W3),Real Oviedo (20),3-0,1-0,Valencia CF (20)
?,(Sun) 19 Jan 1997 (W3),Real Racing Santander (20),2-1,1-0,CD Logroñés (20)
?,(Sun) 19 Jan 1997 (W3),Real Sociedad (20),4-1,2-0,SD Compostela (20)
?,(Sun) 19 Jan 1997 (W3),Rayo Vallecano (19),0-1,0-0,Sporting Gijón (19)
?,(Sun) 19 Jan 1997 (W3),Real Zaragoza (20),1-1,0-0,CD Tenerife (20)
?,(Mon) 20 Jan 1997 (W4),RCD Espanyol (20),1-0,0-0,Sevilla FC (19)
?,(Sat) 25 Jan 1997 (W4),CF Extremadura (21),1-0,0-0,RCD La Coruña (21)
?,(Sat) 25 Jan 1997 (W4),Valencia CF (21),1-1,0-0,RCD Espanyol (21)
?,(Sun) 26 Jan 1997 (W4),Athletic Club Bilbao (21),5-0,2-0,Hércules CF (21)
?,(Sun) 26 Jan 1997 (W4),FC Barcelona (21),6-0,5-0,Rayo Vallecano (20)
?,(Sun) 26 Jan 1997 (W4),SD Compostela (21),2-1,0-0,Real Zaragoza (21)
?,(Sun) 26 Jan 1997 (W4),CD Logroñés (21),1-0,0-0,Real Sociedad (21)
?,(Sun) 26 Jan 1997 (W4),Real Madrid (21),4-0,1-0,RC Celta Vigo (21)
?,(Sun) 26 Jan 1997 (W4),Sevilla FC (20),0-0,0-0,Real Racing Santander (21)
?,(Sun) 26 Jan 1997 (W4),Sporting Gijón (20),0-0,0-0,Real Oviedo (21)
?,(Mon) 27 Jan 1997 (W5),Real Valladolid CF (21),1-3,1-1,Real Betis (20)
?,(Sat) 1 Feb 1997 (W5),RC Celta Vigo (22),1-1,1-0,Atlético Madrid (21)
?,(Sun) 2 Feb 1997 (W5),Athletic Club Bilbao (22),0-3,0-2,Real Betis (21)
?,(Sun) 2 Feb 1997 (W5),FC Barcelona (22),2-2,0-0,Real Oviedo (22)
?,(Sun) 2 Feb 1997 (W5),SD Compostela (22),1-1,1-1,CD Tenerife (21)
?,(Sun) 2 Feb 1997 (W5),CD Logroñés (22),1-2,0-0,Real Zaragoza (22)
?,(Sun) 2 Feb 1997 (W5),Real Madrid (22),3-2,1-1,RCD La Coruña (22)
?,(Sun) 2 Feb 1997 (W5),Sevilla FC (21),2-3,1-0,Real Sociedad (22)
?,(Sun) 2 Feb 1997 (W5),Sporting Gijón (21),4-3,2-1,RCD Espanyol (22)
?,(Sun) 2 Feb 1997 (W5),Valencia CF (22),1-1,0-0,Real Racing Santander (22)
?,(Sun) 2 Feb 1997 (W5),Real Valladolid CF (22),4-0,2-0,Rayo Vallecano (21)
?,(Mon) 3 Feb 1997 (W6),CF Extremadura (22),0-0,0-0,Hércules CF (22)
?,(Sat) 8 Feb 1997 (W6),Real Sociedad (23),0-1,0-1,Valencia CF (23)
?,(Sun) 9 Feb 1997 (W6),Atlético Madrid (22),4-1,2-1,SD Compostela (23)
?,(Sun) 9 Feb 1997 (W6),Real Betis (22),3-1,0-0,CF Extremadura (23)
?,(Sun) 9 Feb 1997 (W6),RCD Espanyol (23),2-0,1-0,FC Barcelona (23)
?,(Sun) 9 Feb 1997 (W6),Hércules CF (23),2-3,2-2,Real Madrid (23)
?,(Sun) 9 Feb 1997 (W6),RCD La Coruña (23),2-2,1-1,RC Celta Vigo (23)
?,(Sun) 9 Feb 1997 (W6),Real Oviedo (23),1-1,0-1,Real Valladolid CF (23)
?,(Sun) 9 Feb 1997 (W6),Real Racing Santander (23),2-0,1-0,Sporting Gijón (22)
?,(Sun) 9 Feb 1997 (W6),CD Tenerife (22),2-0,0-0,CD Logroñés (23)
?,(Sun) 9 Feb 1997 (W6),Rayo Vallecano (22),1-1,1-0,Athletic Club Bilbao (23)
?,(Sun) 9 Feb 1997 (W6),Real Zaragoza (23),2-1,1-0,Sevilla FC (22)
?,(Sat) 15 Feb 1997 (W7),Real Madrid (24),2-2,1-1,Real Betis (23)
?,(Sat) 15 Feb 1997 (W7),Sevilla FC (23),2-1,1-0,CD Tenerife (23)
?,(Sat) 15 Feb 1997 (W7),Valencia CF (24),1-1,1-0,Real Zaragoza (24)
?,(Sun) 16 Feb 1997 (W7),Athletic Club Bilbao (24),3-2,0-1,Real Oviedo (24)
?,(Sun) 16 Feb 1997 (W7),FC Barcelona (24),1-0,1-0,Real Racing Santander (24)
?,(Sun) 16 Feb 1997 (W7),RC Celta Vigo (24),3-0,2-0,Hércules CF (24)
?,(Sun) 16 Feb 1997 (W7),CF Extremadura (24),1-0,0-0,Rayo Vallecano (23)
?,(Sun) 16 Feb 1997 (W7),RCD La Coruña (24),0-0,0-0,Atlético Madrid (23)
?,(Sun) 16 Feb 1997 (W7),CD Logroñés (24),1-1,1-1,SD Compostela (24)
?,(Sun) 16 Feb 1997 (W7),Sporting Gijón (23),0-0,0-0,Real Sociedad (24)
?,(Sun) 16 Feb 1997 (W7),Real Valladolid CF (24),2-1,1-1,RCD Espanyol (24)
?,(Tue) 18 Feb 1997 (W8),SD Compostela (25),2-0,1-0,Sevilla FC (24)
?,(Wed) 19 Feb 1997 (W8),Atlético Madrid (24),2-0,1-0,CD Logroñés (25)
?,(Wed) 19 Feb 1997 (W8),Real Betis (24),1-1,0-0,RC Celta Vigo (25)
?,(Wed) 19 Feb 1997 (W8),RCD Espanyol (25),0-2,0-1,Athletic Club Bilbao (25)
?,(Wed) 19 Feb 1997 (W8),Hércules CF (25),1-3,1-2,RCD La Coruña (25)
?,(Wed) 19 Feb 1997 (W8),Real Oviedo (25),0-0,0-0,CF Extremadura (25)
?,(Wed) 19 Feb 1997 (W8),Real Racing Santander (25),2-0,0-0,Real Valladolid CF (25)
?,(Wed) 19 Feb 1997 (W8),CD Tenerife (24),2-1,0-0,Valencia CF (25)
?,(Wed) 19 Feb 1997 (W8),Rayo Vallecano (24),1-0,1-0,Real Madrid (25)
?,(Wed) 19 Feb 1997 (W8),Real Zaragoza (25),5-0,3-0,Sporting Gijón (24)
?,(Thu) 20 Feb 1997 (W8),Real Sociedad (25),2-0,1-0,FC Barcelona (25)
?,(Sat) 22 Feb 1997 (W8),Hércules CF (26),0-2,0-2,Atlético Madrid (25)
?,(Sun) 23 Feb 1997 (W8),Athletic Club Bilbao (26),2-2,0-1,Real Racing Santander (26)
?,(Sun) 23 Feb 1997 (W8),FC Barcelona (26),4-1,3-0,Real Zaragoza (26)
?,(Sun) 23 Feb 1997 (W8),RC Celta Vigo (26),2-0,1-0,Rayo Vallecano (25)
?,(Sun) 23 Feb 1997 (W8),CF Extremadura (26),3-0,1-0,RCD Espanyol (26)
?,(Sun) 23 Feb 1997 (W8),RCD La Coruña (26),3-0,2-0,Real Betis (25)
?,(Sun) 23 Feb 1997 (W8),Real Madrid (26),6-1,1-0,Real Oviedo (26)
?,(Sun) 23 Feb 1997 (W8),Sevilla FC (25),1-4,0-2,CD Logroñés (26)
?,(Sun) 23 Feb 1997 (W8),Sporting Gijón (25),2-1,1-0,CD Tenerife (25)
?,(Sun) 23 Feb 1997 (W8),Real Valladolid CF (26),3-0,1-0,Real Sociedad (26)
?,(Mon) 24 Feb 1997 (W9),Valencia CF (26),2-1,1-1,SD Compostela (26)
?,(Sat) 1 Mar 1997 (W9),Atlético Madrid (26),3-2,2-1,Sevilla FC (26)
?,(Sat) 1 Mar 1997 (W9),CD Logroñés (27),2-1,0-1,Valencia CF (27)
?,(Sat) 1 Mar 1997 (W9),CD Tenerife (26),4-0,1-0,FC Barcelona (27)
?,(Sat) 1 Mar 1997 (W9),Rayo Vallecano (26),1-2,0-1,RCD La Coruña (27)
?,(Sun) 2 Mar 1997 (W9),Real Betis (26),2-1,1-0,Hércules CF (27)
?,(Sun) 2 Mar 1997 (W9),SD Compostela (27),2-1,1-0,Sporting Gijón (26)
?,(Sun) 2 Mar 1997 (W9),Real Oviedo (27),2-1,0-1,RC Celta Vigo (27)
?,(Sun) 2 Mar 1997 (W9),Real Racing Santander (27),2-3,0-2,CF Extremadura (27)
?,(Sun) 2 Mar 1997 (W9),Real Sociedad (27),0-0,0-0,Athletic Club Bilbao (27)
?,(Sun) 2 Mar 1997 (W9),Real Zaragoza (27),1-0,0-0,Real Valladolid CF (27)
?,(Mon) 3 Mar 1997 (W10),RCD Espanyol (27),0-2,0-0,Real Madrid (27)
?,(Wed) 5 Mar 1997 (W10),Rayo Vallecano (27),2-0,0-0,Sevilla FC (27)
?,(Thu) 6 Mar 1997 (W10),Sporting Gijón (27),2-4,1-1,Real Betis (27)
?,(Sat) 8 Mar 1997 (W10),Valencia CF (28),4-2,2-1,Sevilla FC (28)
?,(Sun) 9 Mar 1997 (W10),Athletic Club Bilbao (28),2-2,2-1,Real Zaragoza (28)
?,(Sun) 9 Mar 1997 (W10),FC Barcelona (28),3-0,2-0,SD Compostela (28)
?,(Sun) 9 Mar 1997 (W10),Real Betis (28),3-2,1-1,Atlético Madrid (27)
?,(Sun) 9 Mar 1997 (W10),RC Celta Vigo (28),2-2,1-1,RCD Espanyol (28)
?,(Sun) 9 Mar 1997 (W10),CF Extremadura (28),1-0,1-0,Real Sociedad (28)
?,(Sun) 9 Mar 1997 (W10),Hércules CF (28),1-0,1-0,Rayo Vallecano (28)
?,(Sun) 9 Mar 1997 (W10),RCD La Coruña (28),3-0,2-0,Real Oviedo (28)
?,(Sun) 9 Mar 1997 (W10),Sporting Gijón (28),2-0,1-0,CD Logroñés (28)
?,(Sun) 9 Mar 1997 (W10),Real Valladolid CF (28),0-2,0-2,CD Tenerife (27)
?,(Mon) 10 Mar 1997 (W11),Real Madrid (28),2-1,0-1,Real Racing Santander (28)
?,(Fri) 14 Mar 1997 (W11),CD Tenerife (28),3-3,2-2,Athletic Club Bilbao (29)
?,(Sat) 15 Mar 1997 (W11),Atlético Madrid (28),1-4,0-3,Valencia CF (29)
?,(Sat) 15 Mar 1997 (W11),RCD Espanyol (29),0-1,0-1,RCD La Coruña (29)
?,(Sun) 16 Mar 1997 (W11),SD Compostela (29),1-1,1-1,Real Valladolid CF (29)
?,(Sun) 16 Mar 1997 (W11),CD Logroñés (29),0-1,0-0,FC Barcelona (29)
?,(Sun) 16 Mar 1997 (W11),Real Oviedo (29),2-0,1-0,Hércules CF (29)
?,(Sun) 16 Mar 1997 (W11),Real Racing Santander (29),1-0,0-0,RC Celta Vigo (29)
?,(Sun) 16 Mar 1997 (W11),Sevilla FC (29),2-1,0-0,Sporting Gijón (29)
?,(Sun) 16 Mar 1997 (W11),Rayo Vallecano (29),0-4,0-1,Real Betis (29)
?,(Sun) 16 Mar 1997 (W11),Real Zaragoza (29),3-1,1-1,CF Extremadura (29)
?,(Mon) 17 Mar 1997 (W12),Real Sociedad (29),1-2,0-1,Real Madrid (29)
?,(Sat) 22 Mar 1997 (W12),Real Betis (30),4-0,1-0,Real Oviedo (30)
?,(Sat) 22 Mar 1997 (W12),RC Celta Vigo (30),1-1,1-1,Real Sociedad (30)
?,(Sun) 23 Mar 1997 (W12),Athletic Club Bilbao (30),2-2,1-0,SD Compostela (30)
?,(Sun) 23 Mar 1997 (W12),FC Barcelona (30),4-0,0-0,Sevilla FC (30)
?,(Sun) 23 Mar 1997 (W12),CF Extremadura (30),2-0,1-0,CD Tenerife (29)
?,(Sun) 23 Mar 1997 (W12),Hércules CF (30),1-2,1-0,RCD Espanyol (30)
?,(Sun) 23 Mar 1997 (W12),RCD La Coruña (30),2-1,1-1,Real Racing Santander (30)
?,(Sun) 23 Mar 1997 (W12),Real Madrid (30),2-0,2-0,Real Zaragoza (30)
?,(Sun) 23 Mar 1997 (W12),Real Valladolid CF (30),2-1,1-1,CD Logroñés (30)
?,(Sun) 23 Mar 1997 (W12),Rayo Vallecano (30),1-2,0-0,Atlético Madrid (29)
?,(Mon) 24 Mar 1997 (W13),Sporting Gijón (30),2-1,1-0,Valencia CF (30)
?,(Sat) 29 Mar 1997 (W13),Real Sociedad (31),1-1,1-0,RCD La Coruña (31)
?,(Sun) 30 Mar 1997 (W13),SD Compostela (31),4-0,2-0,CF Extremadura (31)
?,(Sun) 30 Mar 1997 (W13),RCD Espanyol (31),0-0,0-0,Real Betis (31)
?,(Sun) 30 Mar 1997 (W13),CD Logroñés (31),1-4,1-2,Athletic Club Bilbao (31)
?,(Sun) 30 Mar 1997 (W13),Real Oviedo (31),0-2,0-0,Rayo Vallecano (31)
?,(Sun) 30 Mar 1997 (W13),Real Racing Santander (31),1-2,0-0,Hércules CF (31)
?,(Sun) 30 Mar 1997 (W13),Sevilla FC (31),2-2,1-1,Real Valladolid CF (31)
?,(Sun) 30 Mar 1997 (W13),CD Tenerife (30),1-1,0-0,Real Madrid (31)
?,(Sun) 30 Mar 1997 (W13),Valencia CF (31),1-1,1-0,FC Barcelona (31)
?,(Sun) 30 Mar 1997 (W13),Real Zaragoza (31),1-1,1-1,RC Celta Vigo (31)
?,(Mon) 31 Mar 1997 (W14),Atlético Madrid (30),2-1,2-0,Sporting Gijón (31)
?,(Sat) 5 Apr 1997 (W14),RC Celta Vigo (32),3-1,1-1,CD Tenerife (31)
?,(Sat) 5 Apr 1997 (W14),Real Oviedo (32),4-1,3-0,Atlético Madrid (31)
?,(Sun) 6 Apr 1997 (W14),Athletic Club Bilbao (32),0-0,0-0,Sevilla FC (32)
?,(Sun) 6 Apr 1997 (W14),FC Barcelona (32),4-0,2-0,Sporting Gijón (32)
?,(Sun) 6 Apr 1997 (W14),Real Betis (32),2-2,2-1,Real Racing Santander (32)
?,(Sun) 6 Apr 1997 (W14),CF Extremadura (32),3-0,1-0,CD Logroñés (32)
?,(Sun) 6 Apr 1997 (W14),Hércules CF (32),2-1,1-0,Real Sociedad (32)
?,(Sun) 6 Apr 1997 (W14),RCD La Coruña (32),1-0,1-0,Real Zaragoza (32)
?,(Sun) 6 Apr 1997 (W14),Real Valladolid CF (32),4-1,3-0,Valencia CF (32)
?,(Sun) 6 Apr 1997 (W14),Rayo Vallecano (32),0-1,0-1,RCD Espanyol (32)
?,(Mon) 7 Apr 1997 (W15),Real Madrid (32),0-0,0-0,SD Compostela (32)
?,(Sat) 12 Apr 1997 (W15),Sevilla FC (33),0-0,0-0,CF Extremadura (33)
?,(Sat) 12 Apr 1997 (W15),CD Tenerife (32),2-1,1-0,RCD La Coruña (33)
?,(Sat) 12 Apr 1997 (W15),Valencia CF (33),5-2,5-1,Athletic Club Bilbao (33)
?,(Sun) 13 Apr 1997 (W15),Atlético Madrid (32),2-5,1-2,FC Barcelona (33)
?,(Sun) 13 Apr 1997 (W15),SD Compostela (33),2-1,1-1,RC Celta Vigo (33)
?,(Sun) 13 Apr 1997 (W15),CD Logroñés (33),0-2,0-1,Real Madrid (33)
?,(Sun) 13 Apr 1997 (W15),Real Racing Santander (33),1-2,1-0,Rayo Vallecano (33)
?,(Sun) 13 Apr 1997 (W15),Real Sociedad (33),0-1,0-0,Real Betis (33)
?,(Sun) 13 Apr 1997 (W15),Sporting Gijón (33),1-2,0-0,Real Valladolid CF (33)
?,(Sun) 13 Apr 1997 (W15),Real Zaragoza (33),2-0,1-0,Hércules CF (33)
?,(Mon) 14 Apr 1997 (W16),RCD Espanyol (33),2-0,0-0,Real Oviedo (33)
?,(Tue) 15 Apr 1997 (W16),CF Extremadura (34),1-0,1-0,Valencia CF (34)
?,(Wed) 16 Apr 1997 (W16),Athletic Club Bilbao (34),4-0,1-0,Sporting Gijón (34)
?,(Wed) 16 Apr 1997 (W16),Real Betis (34),2-2,2-1,Real Zaragoza (34)
?,(Wed) 16 Apr 1997 (W16),RC Celta Vigo (34),4-0,2-0,CD Logroñés (34)
?,(Wed) 16 Apr 1997 (W16),Hércules CF (34),3-1,1-0,CD Tenerife (33)
?,(Wed) 16 Apr 1997 (W16),RCD La Coruña (34),1-0,0-0,SD Compostela (34)
?,(Wed) 16 Apr 1997 (W16),Real Madrid (34),4-2,0-2,Sevilla FC (34)
?,(Wed) 16 Apr 1997 (W16),Real Valladolid CF (34),3-1,1-1,FC Barcelona (34)
?,(Wed) 16 Apr 1997 (W16),Rayo Vallecano (34),1-0,0-0,Real Sociedad (34)
?,(Thu) 17 Apr 1997 (W16),RCD Espanyol (34),0-0,0-0,Atlético Madrid (33)
?,(Thu) 17 Apr 1997 (W16),Real Oviedo (34),1-5,1-2,Real Racing Santander (34)
?,(Sat) 19 Apr 1997 (W16),CD Tenerife (34),0-1,0-1,Real Betis (35)
?,(Sun) 20 Apr 1997 (W16),Atlético Madrid (34),3-1,1-0,Real Valladolid CF (35)
?,(Sun) 20 Apr 1997 (W16),FC Barcelona (35),2-0,0-0,Athletic Club Bilbao (35)
?,(Sun) 20 Apr 1997 (W16),SD Compostela (35),2-2,1-0,Hércules CF (35)
?,(Sun) 20 Apr 1997 (W16),CD Logroñés (35),1-2,0-1,RCD La Coruña (35)
?,(Sun) 20 Apr 1997 (W16),Real Racing Santander (35),1-1,0-0,RCD Espanyol (35)
?,(Sun) 20 Apr 1997 (W16),Sevilla FC (35),2-0,1-0,RC Celta Vigo (35)
?,(Sun) 20 Apr 1997 (W16),Real Sociedad (35),1-0,1-0,Real Oviedo (35)
?,(Sun) 20 Apr 1997 (W16),Sporting Gijón (35),1-1,0-0,CF Extremadura (35)
?,(Sun) 20 Apr 1997 (W16),Real Zaragoza (35),3-2,1-2,Rayo Vallecano (35)
?,(Mon) 21 Apr 1997 (W17),Valencia CF (35),1-1,0-0,Real Madrid (35)
?,(Sat) 3 May 1997 (W18),RCD La Coruña (36),3-0,1-0,Sevilla FC (36)
?,(Sun) 4 May 1997 (W18),Athletic Club Bilbao (36),0-0,0-0,Real Valladolid CF (36)
?,(Sun) 4 May 1997 (W18),Real Betis (36),0-0,0-0,SD Compostela (36)
?,(Sun) 4 May 1997 (W18),RC Celta Vigo (36),1-1,1-0,Valencia CF (36)
?,(Sun) 4 May 1997 (W18),RCD Espanyol (36),3-0,1-0,Real Sociedad (36)
?,(Sun) 4 May 1997 (W18),Hércules CF (36),1-0,1-0,CD Logroñés (36)
?,(Sun) 4 May 1997 (W18),Real Oviedo (36),1-0,0-0,Real Zaragoza (36)
?,(Sun) 4 May 1997 (W18),Real Madrid (36),3-1,1-1,Sporting Gijón (36)
?,(Sun) 4 May 1997 (W18),Real Racing Santander (36),1-1,1-1,Atlético Madrid (35)
?,(Sun) 4 May 1997 (W18),Rayo Vallecano (36),1-2,1-0,CD Tenerife (35)
?,(Mon) 5 May 1997 (W19),CF Extremadura (36),1-3,1-2,FC Barcelona (36)
?,(Sat) 10 May 1997 (W19),FC Barcelona (37),1-0,0-0,Real Madrid (37)
?,(Sat) 10 May 1997 (W19),Real Valladolid CF (37),4-0,1-0,CF Extremadura (37)
?,(Sun) 11 May 1997 (W19),Atlético Madrid (36),2-1,1-1,Athletic Club Bilbao (37)
?,(Sun) 11 May 1997 (W19),SD Compostela (37),2-1,1-1,Rayo Vallecano (37)
?,(Sun) 11 May 1997 (W19),CD Logroñés (37),2-1,1-0,Real Betis (37)
?,(Sun) 11 May 1997 (W19),Sevilla FC (37),5-0,2-0,Hércules CF (37)
?,(Sun) 11 May 1997 (W19),Real Sociedad (37),2-0,0-0,Real Racing Santander (37)
?,(Sun) 11 May 1997 (W19),Sporting Gijón (37),2-1,0-0,RC Celta Vigo (37)
?,(Sun) 11 May 1997 (W19),CD Tenerife (36),2-2,1-1,Real Oviedo (37)
?,(Sun) 11 May 1997 (W19),Real Zaragoza (37),1-0,0-0,RCD Espanyol (37)
?,(Mon) 12 May 1997 (W20),Valencia CF (37),1-1,1-1,RCD La Coruña (37)
?,(Thu) 15 May 1997 (W20),CD Tenerife (37),2-3,2-1,Atlético Madrid (37)
?,(Sat) 17 May 1997 (W20),Real Betis (38),3-3,1-1,Sevilla FC (38)
?,(Sun) 18 May 1997 (W20),RCD Espanyol (38),1-0,0-0,CD Tenerife (38)
?,(Sun) 18 May 1997 (W20),CF Extremadura (38),1-2,0-1,Athletic Club Bilbao (38)
?,(Sun) 18 May 1997 (W20),Hércules CF (38),0-2,0-0,Valencia CF (38)
?,(Sun) 18 May 1997 (W20),RCD La Coruña (38),0-0,0-0,Sporting Gijón (38)
?,(Sun) 18 May 1997 (W20),Real Oviedo (38),2-2,2-0,SD Compostela (38)
?,(Sun) 18 May 1997 (W20),Real Madrid (38),1-0,0-0,Real Valladolid CF (38)
?,(Sun) 18 May 1997 (W20),Real Racing Santander (38),1-2,0-1,Real Zaragoza (38)
?,(Sun) 18 May 1997 (W20),Real Sociedad (38),1-1,0-0,Atlético Madrid (38)
?,(Sun) 18 May 1997 (W20),Rayo Vallecano (38),1-0,0-0,CD Logroñés (38)
?,(Mon) 19 May 1997 (W21),RC Celta Vigo (38),1-3,0-2,FC Barcelona (38)
?,(Sat) 24 May 1997 (W21),FC Barcelona (39),1-0,0-0,RCD La Coruña (39)
?,(Sun) 25 May 1997 (W21),Athletic Club Bilbao (39),1-0,0-0,Real Madrid (39)
?,(Sun) 25 May 1997 (W21),Atlético Madrid (39),1-1,0-1,CF Extremadura (39)
?,(Sun) 25 May 1997 (W21),SD Compostela (39),3-1,2-0,RCD Espanyol (39)
?,(Sun) 25 May 1997 (W21),CD Logroñés (39),1-1,0-0,Real Oviedo (39)
?,(Sun) 25 May 1997 (W21),Sevilla FC (39),2-0,1-0,Rayo Vallecano (39)
?,(Sun) 25 May 1997 (W21),Sporting Gijón (39),2-0,1-0,Hércules CF (39)
?,(Sun) 25 May 1997 (W21),CD Tenerife (39),2-2,1-1,Real Racing Santander (39)
?,(Sun) 25 May 1997 (W21),Real Valladolid CF (39),0-1,0-1,RC Celta Vigo (39)
?,(Sun) 25 May 1997 (W21),Real Zaragoza (39),3-0,0-0,Real Sociedad (39)
?,(Mon) 26 May 1997 (W22),Valencia CF (39),1-1,0-1,Real Betis (39)
?,(Sat) 31 May 1997 (W22),Real Betis (40),0-1,0-0,Sporting Gijón (40)
?,(Sat) 31 May 1997 (W22),Rayo Vallecano (40),3-1,2-0,Valencia CF (40)
?,(Sun) 1 Jun 1997 (W22),RC Celta Vigo (40),0-2,0-0,Athletic Club Bilbao (40)
?,(Sun) 1 Jun 1997 (W22),RCD Espanyol (40),5-1,3-0,CD Logroñés (40)
?,(Sun) 1 Jun 1997 (W22),Hércules CF (40),2-1,1-1,FC Barcelona (40)
?,(Sun) 1 Jun 1997 (W22),RCD La Coruña (40),0-2,0-1,Real Valladolid CF (40)
?,(Sun) 1 Jun 1997 (W22),Real Oviedo (40),1-0,0-0,Sevilla FC (40)
?,(Sun) 1 Jun 1997 (W22),Real Madrid (40),5-0,1-0,CF Extremadura (40)
?,(Sun) 1 Jun 1997 (W22),Real Racing Santander (40),2-2,0-1,SD Compostela (40)
?,(Mon) 2 Jun 1997 (W23),Real Sociedad (40),3-0,1-0,CD Tenerife (40)
?,(Mon) 2 Jun 1997 (W23),Real Zaragoza (40),2-3,0-2,Atlético Madrid (40)
?,(Sat) 14 Jun 1997 (W24),Real Madrid (41),3-1,2-0,Atlético Madrid (41)
?,(Sun) 15 Jun 1997 (W24),FC Barcelona (41),3-0,1-0,Real Betis (41)
?,(Sun) 15 Jun 1997 (W24),SD Compostela (41),1-2,0-0,Real Sociedad (41)
?,(Sun) 15 Jun 1997 (W24),CF Extremadura (41),2-0,0-0,RC Celta Vigo (41)
?,(Sun) 15 Jun 1997 (W24),CD Logroñés (41),1-1,1-0,Real Racing Santander (41)
?,(Sun) 15 Jun 1997 (W24),Sevilla FC (41),3-1,1-0,RCD Espanyol (41)
?,(Sun) 15 Jun 1997 (W24),Sporting Gijón (41),3-0,1-0,Rayo Vallecano (41)
?,(Sun) 15 Jun 1997 (W24),CD Tenerife (41),3-3,1-2,Real Zaragoza (41)
?,(Sun) 15 Jun 1997 (W24),Valencia CF (41),2-1,1-1,Real Oviedo (41)
?,(Sun) 15 Jun 1997 (W24),Real Valladolid CF (41),1-0,1-0,Hércules CF (41)
?,(Mon) 16 Jun 1997 (W25),Athletic Club Bilbao (41),1-0,0-0,RCD La Coruña (41)
?,(Sat) 21 Jun 1997 (W25),Real Betis (42),2-0,1-0,Real Valladolid CF (42)
?,(Sat) 21 Jun 1997 (W25),RCD Espanyol (42),3-2,0-1,Valencia CF (42)
?,(Sun) 22 Jun 1997 (W25),RC Celta Vigo (42),4-0,2-0,Real Madrid (42)
?,(Sun) 22 Jun 1997 (W25),Hércules CF (42),3-2,3-1,Athletic Club Bilbao (42)
?,(Sun) 22 Jun 1997 (W25),RCD La Coruña (42),1-0,0-0,CF Extremadura (42)
?,(Sun) 22 Jun 1997 (W25),Real Oviedo (42),0-0,0-0,Sporting Gijón (42)
?,(Sun) 22 Jun 1997 (W25),Real Racing Santander (42),1-4,0-2,Sevilla FC (42)
?,(Sun) 22 Jun 1997 (W25),Real Sociedad (42),2-1,2-1,CD Logroñés (42)
?,(Sun) 22 Jun 1997 (W25),Rayo Vallecano (42),1-2,1-1,FC Barcelona (42)
?,(Sun) 22 Jun 1997 (W25),Real Zaragoza (42),1-3,1-0,SD Compostela (42)
?,(Mon) 23 Jun 1997 (W26),Atlético Madrid (42),0-3,0-1,CD Tenerife (42)
