Round,Date,Team 1,FT,HT,Team 2
?,(Sat) 31 Aug 1996 (W35),UD Almería (1),0-0,?,UD Las Palmas (1)
?,(Sat) 31 Aug 1996 (W35),CD Leganés (1),5-0,?,CD Ourense (1)
?,(Sat) 31 Aug 1996 (W35),Levante UD (1),2-2,?,UD Salamanca (1)
?,(Sat) 31 Aug 1996 (W35),UE Lleida (1),0-0,?,CA Osasuna (1)
?,(Sun) 1 Sep 1996 (W35),Deportivo Alavés (1),2-1,?,Villarreal CF (1)
?,(Sun) 1 Sep 1996 (W35),SD Eibar (1),1-0,?,FC Barcelona B (1)
?,(Sun) 1 Sep 1996 (W35),RCD Mallorca (1),2-1,?,Atlético Madrid B (1)
?,(Sun) 1 Sep 1996 (W35),CP Mérida (1),4-0,?,Albacete Balompié (1)
?,(Sun) 1 Sep 1996 (W35),Real Madrid B (1),1-3,?,CD Badajoz (1)
?,(Sun) 1 Sep 1996 (W35),CD Toledo (1),4-0,?,Écija Balompié (1)
?,(Sat) 7 Sep 1996 (W36),Atlético Madrid B (2),1-2,?,Deportivo Alavés (2)
?,(Sat) 7 Sep 1996 (W36),FC Barcelona B (2),0-0,?,UE Lleida (2)
?,(Sat) 7 Sep 1996 (W36),UD Salamanca (2),0-1,?,SD Eibar (2)
?,(Sun) 8 Sep 1996 (W36),Albacete Balompié (2),2-2,?,Real Madrid B (2)
?,(Sun) 8 Sep 1996 (W36),CD Badajoz (2),3-1,?,RCD Mallorca (2)
?,(Sun) 8 Sep 1996 (W36),Écija Balompié (2),0-1,?,UD Almería (2)
?,(Sun) 8 Sep 1996 (W36),UD Las Palmas (2),2-0,?,CD Leganés (2)
?,(Sun) 8 Sep 1996 (W36),CD Ourense (2),2-0,?,CP Mérida (2)
?,(Sun) 8 Sep 1996 (W36),CA Osasuna (2),0-1,?,CD Toledo (2)
?,(Sun) 8 Sep 1996 (W36),Villarreal CF (2),2-0,?,Levante UD (2)
?,(Sat) 14 Sep 1996 (W37),Albacete Balompié (3),2-0,?,CD Ourense (3)
?,(Sat) 14 Sep 1996 (W37),UD Almería (3),0-3,?,CA Osasuna (3)
?,(Sat) 14 Sep 1996 (W37),Levante UD (3),3-2,?,Atlético Madrid B (3)
?,(Sat) 14 Sep 1996 (W37),Real Madrid B (3),0-1,?,RCD Mallorca (3)
?,(Sun) 15 Sep 1996 (W37),Deportivo Alavés (3),1-0,?,CD Badajoz (3)
?,(Sun) 15 Sep 1996 (W37),SD Eibar (3),2-0,?,Villarreal CF (3)
?,(Sun) 15 Sep 1996 (W37),CD Leganés (3),4-1,?,Écija Balompié (3)
?,(Sun) 15 Sep 1996 (W37),UE Lleida (3),3-1,?,UD Salamanca (3)
?,(Sun) 15 Sep 1996 (W37),CP Mérida (3),2-0,?,UD Las Palmas (3)
?,(Sun) 15 Sep 1996 (W37),CD Toledo (3),2-2,?,FC Barcelona B (3)
?,(Sat) 21 Sep 1996 (W38),Atlético Madrid B (4),0-1,?,SD Eibar (4)
?,(Sat) 21 Sep 1996 (W38),Écija Balompié (4),0-2,?,CP Mérida (4)
?,(Sat) 21 Sep 1996 (W38),Villarreal CF (4),2-1,?,UE Lleida (4)
?,(Sun) 22 Sep 1996 (W38),CD Badajoz (4),1-1,?,Levante UD (4)
?,(Sun) 22 Sep 1996 (W38),FC Barcelona B (4),3-2,?,UD Almería (4)
?,(Sun) 22 Sep 1996 (W38),UD Las Palmas (4),3-1,?,Albacete Balompié (4)
?,(Sun) 22 Sep 1996 (W38),RCD Mallorca (4),3-1,?,Deportivo Alavés (4)
?,(Sun) 22 Sep 1996 (W38),CD Ourense (4),1-2,?,Real Madrid B (4)
?,(Sun) 22 Sep 1996 (W38),CA Osasuna (4),0-0,?,CD Leganés (4)
?,(Sun) 22 Sep 1996 (W38),UD Salamanca (4),3-1,?,CD Toledo (4)
?,(Sat) 28 Sep 1996 (W39),SD Eibar (5),0-0,?,CD Badajoz (5)
?,(Sat) 28 Sep 1996 (W39),CD Leganés (5),2-2,?,FC Barcelona B (5)
?,(Sun) 29 Sep 1996 (W39),Albacete Balompié (5),2-0,?,Écija Balompié (5)
?,(Sun) 29 Sep 1996 (W39),UD Almería (5),2-2,?,UD Salamanca (5)
?,(Sun) 29 Sep 1996 (W39),Levante UD (5),1-2,?,RCD Mallorca (5)
?,(Sun) 29 Sep 1996 (W39),UE Lleida (5),5-1,?,Atlético Madrid B (5)
?,(Sun) 29 Sep 1996 (W39),CP Mérida (5),2-1,?,CA Osasuna (5)
?,(Sun) 29 Sep 1996 (W39),CD Ourense (5),2-0,?,UD Las Palmas (5)
?,(Sun) 29 Sep 1996 (W39),Real Madrid B (5),1-0,?,Deportivo Alavés (5)
?,(Sun) 29 Sep 1996 (W39),CD Toledo (5),1-2,?,Villarreal CF (5)
?,(Sat) 12 Oct 1996 (W41),Deportivo Alavés (6),0-2,?,Levante UD (6)
?,(Sat) 12 Oct 1996 (W41),FC Barcelona B (6),0-1,?,CP Mérida (6)
?,(Sat) 12 Oct 1996 (W41),UD Las Palmas (6),3-4,?,Real Madrid B (6)
?,(Sat) 12 Oct 1996 (W41),UD Salamanca (6),0-1,?,CD Leganés (6)
?,(Sun) 13 Oct 1996 (W41),Atlético Madrid B (6),3-2,?,CD Toledo (6)
?,(Sun) 13 Oct 1996 (W41),CD Badajoz (6),0-0,?,UE Lleida (6)
?,(Sun) 13 Oct 1996 (W41),Écija Balompié (6),1-1,?,CD Ourense (6)
?,(Sun) 13 Oct 1996 (W41),RCD Mallorca (6),1-1,?,SD Eibar (6)
?,(Sun) 13 Oct 1996 (W41),CA Osasuna (6),1-1,?,Albacete Balompié (6)
?,(Sun) 13 Oct 1996 (W41),Villarreal CF (6),2-0,?,UD Almería (6)
?,(Sat) 19 Oct 1996 (W42),UD Almería (7),1-1,?,Atlético Madrid B (7)
?,(Sat) 19 Oct 1996 (W42),UD Las Palmas (7),2-1,?,Écija Balompié (7)
?,(Sat) 19 Oct 1996 (W42),UE Lleida (7),1-1,?,RCD Mallorca (7)
?,(Sat) 19 Oct 1996 (W42),CD Ourense (7),1-0,?,CA Osasuna (7)
?,(Sun) 20 Oct 1996 (W42),Albacete Balompié (7),0-1,?,FC Barcelona B (7)
?,(Sun) 20 Oct 1996 (W42),SD Eibar (7),1-0,?,Deportivo Alavés (7)
?,(Sun) 20 Oct 1996 (W42),CD Leganés (7),1-1,?,Villarreal CF (7)
?,(Sun) 20 Oct 1996 (W42),CP Mérida (7),1-0,?,UD Salamanca (7)
?,(Sun) 20 Oct 1996 (W42),Real Madrid B (7),0-1,?,Levante UD (7)
?,(Sun) 20 Oct 1996 (W42),CD Toledo (7),0-1,?,CD Badajoz (7)
?,(Sat) 26 Oct 1996 (W43),Deportivo Alavés (8),3-1,?,UE Lleida (8)
?,(Sat) 26 Oct 1996 (W43),FC Barcelona B (8),1-1,?,CD Ourense (8)
?,(Sat) 26 Oct 1996 (W43),Écija Balompié (8),0-2,?,Real Madrid B (8)
?,(Sun) 27 Oct 1996 (W43),Atlético Madrid B (8),1-2,?,CD Leganés (8)
?,(Sun) 27 Oct 1996 (W43),CD Badajoz (8),0-0,?,UD Almería (8)
?,(Sun) 27 Oct 1996 (W43),Levante UD (8),0-1,?,SD Eibar (8)
?,(Sun) 27 Oct 1996 (W43),RCD Mallorca (8),4-0,?,CD Toledo (8)
?,(Sun) 27 Oct 1996 (W43),CA Osasuna (8),1-1,?,UD Las Palmas (8)
?,(Sun) 27 Oct 1996 (W43),UD Salamanca (8),1-2,?,Albacete Balompié (8)
?,(Sun) 27 Oct 1996 (W43),Villarreal CF (8),0-1,?,CP Mérida (8)
?,(Sat) 2 Nov 1996 (W44),UD Almería (9),2-1,?,RCD Mallorca (9)
?,(Sat) 2 Nov 1996 (W44),UD Las Palmas (9),2-1,?,FC Barcelona B (9)
?,(Sat) 2 Nov 1996 (W44),Real Madrid B (9),3-3,?,SD Eibar (9)
?,(Sun) 3 Nov 1996 (W44),Albacete Balompié (9),2-0,?,Villarreal CF (9)
?,(Sun) 3 Nov 1996 (W44),Écija Balompié (9),2-0,?,CA Osasuna (9)
?,(Sun) 3 Nov 1996 (W44),CD Leganés (9),0-0,?,CD Badajoz (9)
?,(Sun) 3 Nov 1996 (W44),UE Lleida (9),2-1,?,Levante UD (9)
?,(Sun) 3 Nov 1996 (W44),CP Mérida (9),3-2,?,Atlético Madrid B (9)
?,(Sun) 3 Nov 1996 (W44),CD Ourense (9),1-3,?,UD Salamanca (9)
?,(Sun) 3 Nov 1996 (W44),CD Toledo (9),1-1,?,Deportivo Alavés (9)
?,(Sat) 9 Nov 1996 (W45),FC Barcelona B (10),2-1,?,Écija Balompié (10)
?,(Sat) 9 Nov 1996 (W45),CA Osasuna (10),2-0,?,Real Madrid B (10)
?,(Sun) 10 Nov 1996 (W45),Deportivo Alavés (10),1-1,?,UD Almería (10)
?,(Sun) 10 Nov 1996 (W45),Atlético Madrid B (10),1-3,?,Albacete Balompié (10)
?,(Sun) 10 Nov 1996 (W45),CD Badajoz (10),0-1,?,CP Mérida (10)
?,(Sun) 10 Nov 1996 (W45),SD Eibar (10),2-0,?,UE Lleida (10)
?,(Sun) 10 Nov 1996 (W45),Levante UD (10),5-1,?,CD Toledo (10)
?,(Sun) 10 Nov 1996 (W45),RCD Mallorca (10),3-0,?,CD Leganés (10)
?,(Sun) 10 Nov 1996 (W45),UD Salamanca (10),4-2,?,UD Las Palmas (10)
?,(Sun) 10 Nov 1996 (W45),Villarreal CF (10),2-1,?,CD Ourense (10)
?,(Sat) 16 Nov 1996 (W46),UD Las Palmas (11),0-0,?,Villarreal CF (11)
?,(Sat) 16 Nov 1996 (W46),CD Leganés (11),0-0,?,Deportivo Alavés (11)
?,(Sat) 16 Nov 1996 (W46),CD Ourense (11),1-1,?,Atlético Madrid B (11)
?,(Sat) 16 Nov 1996 (W46),CA Osasuna (11),1-0,?,FC Barcelona B (11)
?,(Sun) 17 Nov 1996 (W46),Albacete Balompié (11),0-0,?,CD Badajoz (11)
?,(Sun) 17 Nov 1996 (W46),UD Almería (11),0-2,?,Levante UD (11)
?,(Sun) 17 Nov 1996 (W46),Écija Balompié (11),0-0,?,UD Salamanca (11)
?,(Sun) 17 Nov 1996 (W46),CP Mérida (11),2-1,?,RCD Mallorca (11)
?,(Sun) 17 Nov 1996 (W46),Real Madrid B (11),2-2,?,UE Lleida (11)
?,(Sun) 17 Nov 1996 (W46),CD Toledo (11),0-0,?,SD Eibar (11)
?,(Sat) 23 Nov 1996 (W47),Deportivo Alavés (12),0-0,?,CP Mérida (12)
?,(Sat) 23 Nov 1996 (W47),Atlético Madrid B (12),1-2,?,UD Las Palmas (12)
?,(Sat) 23 Nov 1996 (W47),UE Lleida (12),1-1,?,CD Toledo (12)
?,(Sat) 23 Nov 1996 (W47),RCD Mallorca (12),1-1,?,Albacete Balompié (12)
?,(Sun) 24 Nov 1996 (W47),CD Badajoz (12),0-0,?,CD Ourense (12)
?,(Sun) 24 Nov 1996 (W47),FC Barcelona B (12),1-2,?,Real Madrid B (12)
?,(Sun) 24 Nov 1996 (W47),SD Eibar (12),1-1,?,UD Almería (12)
?,(Sun) 24 Nov 1996 (W47),Levante UD (12),3-3,?,CD Leganés (12)
?,(Sun) 24 Nov 1996 (W47),UD Salamanca (12),5-0,?,CA Osasuna (12)
?,(Sun) 24 Nov 1996 (W47),Villarreal CF (12),3-0,?,Écija Balompié (12)
?,(Sat) 30 Nov 1996 (W48),FC Barcelona B (13),1-3,?,UD Salamanca (13)
?,(Sat) 30 Nov 1996 (W48),CA Osasuna (13),4-1,?,Villarreal CF (13)
?,(Sat) 30 Nov 1996 (W48),Real Madrid B (13),0-1,?,CD Toledo (13)
?,(Sun) 1 Dec 1996 (W48),Albacete Balompié (13),1-1,?,Deportivo Alavés (13)
?,(Sun) 1 Dec 1996 (W48),UD Almería (13),2-0,?,UE Lleida (13)
?,(Sun) 1 Dec 1996 (W48),Écija Balompié (13),0-1,?,Atlético Madrid B (13)
?,(Sun) 1 Dec 1996 (W48),UD Las Palmas (13),2-2,?,CD Badajoz (13)
?,(Sun) 1 Dec 1996 (W48),CD Leganés (13),1-2,?,SD Eibar (13)
?,(Sun) 1 Dec 1996 (W48),CP Mérida (13),1-1,?,Levante UD (13)
?,(Sun) 1 Dec 1996 (W48),CD Ourense (13),0-0,?,RCD Mallorca (13)
?,(Sat) 7 Dec 1996 (W49),Atlético Madrid B (14),3-3,?,CA Osasuna (14)
?,(Sat) 7 Dec 1996 (W49),SD Eibar (14),2-2,?,CP Mérida (14)
?,(Sat) 7 Dec 1996 (W49),UE Lleida (14),4-0,?,CD Leganés (14)
?,(Sun) 8 Dec 1996 (W49),Deportivo Alavés (14),0-0,?,CD Ourense (14)
?,(Sun) 8 Dec 1996 (W49),CD Badajoz (14),1-0,?,Écija Balompié (14)
?,(Sun) 8 Dec 1996 (W49),Levante UD (14),0-0,?,Albacete Balompié (14)
?,(Sun) 8 Dec 1996 (W49),RCD Mallorca (14),3-0,?,UD Las Palmas (14)
?,(Sun) 8 Dec 1996 (W49),UD Salamanca (14),3-0,?,Real Madrid B (14)
?,(Sun) 8 Dec 1996 (W49),CD Toledo (14),1-1,?,UD Almería (14)
?,(Sun) 8 Dec 1996 (W49),Villarreal CF (14),0-2,?,FC Barcelona B (14)
?,(Sat) 14 Dec 1996 (W50),CA Osasuna (15),0-1,?,CD Badajoz (15)
?,(Sat) 14 Dec 1996 (W50),Real Madrid B (15),2-1,?,UD Almería (15)
?,(Sun) 15 Dec 1996 (W50),Albacete Balompié (15),1-0,?,SD Eibar (15)
?,(Sun) 15 Dec 1996 (W50),FC Barcelona B (15),2-2,?,Atlético Madrid B (15)
?,(Sun) 15 Dec 1996 (W50),Écija Balompié (15),0-2,?,RCD Mallorca (15)
?,(Sun) 15 Dec 1996 (W50),UD Las Palmas (15),1-1,?,Deportivo Alavés (15)
?,(Sun) 15 Dec 1996 (W50),CD Leganés (15),0-0,?,CD Toledo (15)
?,(Sun) 15 Dec 1996 (W50),CD Ourense (15),1-3,?,Levante UD (15)
?,(Sun) 15 Dec 1996 (W50),UD Salamanca (15),2-1,?,Villarreal CF (15)
?,(Sat) 21 Dec 1996 (W51),CD Badajoz (16),2-0,?,FC Barcelona B (16)
?,(Sat) 21 Dec 1996 (W51),SD Eibar (16),2-0,?,CD Ourense (16)
?,(Sat) 21 Dec 1996 (W51),UE Lleida (15),0-3,?,Albacete Balompié (16)
?,(Sat) 21 Dec 1996 (W51),Villarreal CF (16),1-1,?,Real Madrid B (16)
?,(Sun) 22 Dec 1996 (W51),Deportivo Alavés (16),4-0,?,Écija Balompié (16)
?,(Sun) 22 Dec 1996 (W51),UD Almería (16),3-2,?,CD Leganés (16)
?,(Sun) 22 Dec 1996 (W51),Atlético Madrid B (16),1-1,?,UD Salamanca (16)
?,(Sun) 22 Dec 1996 (W51),Levante UD (16),2-1,?,UD Las Palmas (16)
?,(Sun) 22 Dec 1996 (W51),RCD Mallorca (16),0-0,?,CA Osasuna (16)
?,(Sun) 22 Dec 1996 (W51),CD Toledo (16),1-0,?,CP Mérida (15)
?,(Sat) 4 Jan 1997 (W1),FC Barcelona B (17),1-2,?,RCD Mallorca (17)
?,(Sat) 4 Jan 1997 (W1),Écija Balompié (17),0-0,?,Levante UD (17)
?,(Sat) 4 Jan 1997 (W1),UD Las Palmas (17),2-0,?,SD Eibar (17)
?,(Sat) 4 Jan 1997 (W1),CA Osasuna (17),1-1,?,Deportivo Alavés (17)
?,(Sat) 4 Jan 1997 (W1),Real Madrid B (17),0-3,?,CD Leganés (17)
?,(Sun) 5 Jan 1997 (W1),CP Mérida (16),3-3,?,UD Almería (17)
?,(Sun) 5 Jan 1997 (W1),CD Ourense (17),1-0,?,UE Lleida (16)
?,(Sun) 5 Jan 1997 (W1),UD Salamanca (17),0-1,?,CD Badajoz (17)
?,(Sun) 5 Jan 1997 (W1),Villarreal CF (17),1-3,?,Atlético Madrid B (17)
?,(Sat) 11 Jan 1997 (W2),Deportivo Alavés (18),0-1,?,FC Barcelona B (18)
?,(Sat) 11 Jan 1997 (W2),UD Almería (18),1-1,?,Albacete Balompié (17)
?,(Sat) 11 Jan 1997 (W2),Real Madrid B (18),0-3,?,Atlético Madrid B (18)
?,(Sun) 12 Jan 1997 (W2),CD Badajoz (18),0-0,?,Villarreal CF (18)
?,(Sun) 12 Jan 1997 (W2),SD Eibar (18),3-0,?,Écija Balompié (18)
?,(Sun) 12 Jan 1997 (W2),Levante UD (18),2-1,?,CA Osasuna (18)
?,(Sun) 12 Jan 1997 (W2),UE Lleida (17),2-0,?,UD Las Palmas (18)
?,(Sun) 12 Jan 1997 (W2),RCD Mallorca (18),2-1,?,UD Salamanca (18)
?,(Sun) 12 Jan 1997 (W2),CD Toledo (17),2-0,?,CD Ourense (18)
?,(Sat) 18 Jan 1997 (W3),FC Barcelona B (19),2-1,?,Levante UD (19)
?,(Sat) 18 Jan 1997 (W3),UD Las Palmas (19),1-2,?,CD Toledo (18)
?,(Sat) 18 Jan 1997 (W3),CA Osasuna (19),0-0,?,SD Eibar (19)
?,(Sun) 19 Jan 1997 (W3),Albacete Balompié (18),0-1,?,CD Leganés (18)
?,(Sun) 19 Jan 1997 (W3),Atlético Madrid B (19),1-1,?,CD Badajoz (19)
?,(Sun) 19 Jan 1997 (W3),Écija Balompié (19),3-1,?,UE Lleida (18)
?,(Sun) 19 Jan 1997 (W3),CP Mérida (17),1-0,?,Real Madrid B (19)
?,(Sun) 19 Jan 1997 (W3),CD Ourense (19),1-0,?,UD Almería (19)
?,(Sun) 19 Jan 1997 (W3),UD Salamanca (19),2-1,?,Deportivo Alavés (19)
?,(Sun) 19 Jan 1997 (W3),Villarreal CF (19),0-1,?,RCD Mallorca (19)
?,(Wed) 22 Jan 1997 (W4),Albacete Balompié (19),2-1,?,CD Toledo (19)
?,(Sat) 25 Jan 1997 (W4),Atlético Madrid B (20),4-1,?,RCD Mallorca (20)
?,(Sat) 25 Jan 1997 (W4),FC Barcelona B (20),3-3,?,SD Eibar (20)
?,(Sat) 25 Jan 1997 (W4),UD Las Palmas (20),1-1,?,UD Almería (20)
?,(Sat) 25 Jan 1997 (W4),CD Ourense (20),1-1,?,CD Leganés (19)
?,(Sun) 26 Jan 1997 (W4),Albacete Balompié (20),1-0,?,CP Mérida (18)
?,(Sun) 26 Jan 1997 (W4),CD Badajoz (20),1-1,?,Real Madrid B (20)
?,(Sun) 26 Jan 1997 (W4),Écija Balompié (20),1-1,?,CD Toledo (20)
?,(Sun) 26 Jan 1997 (W4),CA Osasuna (20),3-0,?,UE Lleida (19)
?,(Sun) 26 Jan 1997 (W4),UD Salamanca (20),1-1,?,Levante UD (20)
?,(Sun) 26 Jan 1997 (W4),Villarreal CF (20),2-4,?,Deportivo Alavés (20)
?,(Sat) 1 Feb 1997 (W5),SD Eibar (21),0-0,?,UD Salamanca (21)
?,(Sat) 1 Feb 1997 (W5),UE Lleida (20),0-0,?,FC Barcelona B (21)
?,(Sat) 1 Feb 1997 (W5),Real Madrid B (21),0-3,?,Albacete Balompié (21)
?,(Sun) 2 Feb 1997 (W5),Deportivo Alavés (21),0-1,?,Atlético Madrid B (21)
?,(Sun) 2 Feb 1997 (W5),UD Almería (21),0-1,?,Écija Balompié (21)
?,(Sun) 2 Feb 1997 (W5),CD Leganés (20),1-0,?,UD Las Palmas (21)
?,(Sun) 2 Feb 1997 (W5),Levante UD (21),2-1,?,Villarreal CF (21)
?,(Sun) 2 Feb 1997 (W5),RCD Mallorca (21),0-2,?,CD Badajoz (21)
?,(Sun) 2 Feb 1997 (W5),CP Mérida (19),0-0,?,CD Ourense (21)
?,(Sun) 2 Feb 1997 (W5),CD Toledo (21),1-0,?,CA Osasuna (21)
?,(Sat) 8 Feb 1997 (W6),CD Badajoz (22),1-0,?,Deportivo Alavés (22)
?,(Sat) 8 Feb 1997 (W6),FC Barcelona B (22),1-1,?,CD Toledo (22)
?,(Sat) 8 Feb 1997 (W6),Écija Balompié (22),2-1,?,CD Leganés (21)
?,(Sat) 8 Feb 1997 (W6),Villarreal CF (22),1-0,?,SD Eibar (22)
?,(Sun) 9 Feb 1997 (W6),Atlético Madrid B (22),2-1,?,Levante UD (22)
?,(Sun) 9 Feb 1997 (W6),UD Las Palmas (22),1-2,?,CP Mérida (20)
?,(Sun) 9 Feb 1997 (W6),RCD Mallorca (22),4-0,?,Real Madrid B (22)
?,(Sun) 9 Feb 1997 (W6),CD Ourense (22),2-0,?,Albacete Balompié (22)
?,(Sun) 9 Feb 1997 (W6),CA Osasuna (22),2-1,?,UD Almería (22)
?,(Sun) 9 Feb 1997 (W6),UD Salamanca (22),3-0,?,UE Lleida (21)
?,(Sat) 15 Feb 1997 (W7),UD Almería (23),2-2,?,FC Barcelona B (23)
?,(Sat) 15 Feb 1997 (W7),SD Eibar (23),1-1,?,Atlético Madrid B (23)
?,(Sat) 15 Feb 1997 (W7),CP Mérida (21),1-1,?,Écija Balompié (23)
?,(Sat) 15 Feb 1997 (W7),Real Madrid B (23),0-2,?,CD Ourense (23)
?,(Sun) 16 Feb 1997 (W7),Deportivo Alavés (23),2-3,?,RCD Mallorca (23)
?,(Sun) 16 Feb 1997 (W7),Albacete Balompié (23),1-1,?,UD Las Palmas (23)
?,(Sun) 16 Feb 1997 (W7),CD Leganés (22),2-0,?,CA Osasuna (23)
?,(Sun) 16 Feb 1997 (W7),Levante UD (23),2-2,?,CD Badajoz (23)
?,(Sun) 16 Feb 1997 (W7),UE Lleida (22),1-2,?,Villarreal CF (23)
?,(Sun) 16 Feb 1997 (W7),CD Toledo (23),0-2,?,UD Salamanca (23)
?,(Wed) 19 Feb 1997 (W8),CP Mérida (22),0-2,?,UE Lleida (23)
?,(Sat) 22 Feb 1997 (W8),Deportivo Alavés (24),5-3,?,Real Madrid B (24)
?,(Sat) 22 Feb 1997 (W8),FC Barcelona B (24),0-1,?,CD Leganés (23)
?,(Sat) 22 Feb 1997 (W8),UD Las Palmas (24),2-0,?,CD Ourense (24)
?,(Sun) 23 Feb 1997 (W8),Atlético Madrid B (24),1-0,?,UE Lleida (24)
?,(Sun) 23 Feb 1997 (W8),CD Badajoz (24),0-0,?,SD Eibar (24)
?,(Sun) 23 Feb 1997 (W8),Écija Balompié (24),0-2,?,Albacete Balompié (24)
?,(Sun) 23 Feb 1997 (W8),RCD Mallorca (24),1-0,?,Levante UD (24)
?,(Sun) 23 Feb 1997 (W8),CA Osasuna (24),0-1,?,CP Mérida (23)
?,(Sun) 23 Feb 1997 (W8),UD Salamanca (24),3-0,?,UD Almería (24)
?,(Sun) 23 Feb 1997 (W8),Villarreal CF (24),3-1,?,CD Toledo (24)
?,(Sat) 1 Mar 1997 (W9),Levante UD (25),0-1,?,Deportivo Alavés (25)
?,(Sat) 1 Mar 1997 (W9),CP Mérida (24),5-1,?,FC Barcelona B (25)
?,(Sat) 1 Mar 1997 (W9),CD Toledo (25),2-0,?,Atlético Madrid B (25)
?,(Sun) 2 Mar 1997 (W9),Albacete Balompié (25),2-1,?,CA Osasuna (25)
?,(Sun) 2 Mar 1997 (W9),UD Almería (25),0-0,?,Villarreal CF (25)
?,(Sun) 2 Mar 1997 (W9),SD Eibar (25),1-2,?,RCD Mallorca (25)
?,(Sun) 2 Mar 1997 (W9),CD Leganés (24),1-1,?,UD Salamanca (25)
?,(Sun) 2 Mar 1997 (W9),UE Lleida (25),3-0,?,CD Badajoz (25)
?,(Sun) 2 Mar 1997 (W9),CD Ourense (25),1-3,?,Écija Balompié (25)
?,(Sun) 2 Mar 1997 (W9),Real Madrid B (25),0-2,?,UD Las Palmas (25)
?,(Sat) 8 Mar 1997 (W10),Atlético Madrid B (26),0-0,?,UD Almería (26)
?,(Sat) 8 Mar 1997 (W10),FC Barcelona B (26),1-4,?,Albacete Balompié (26)
?,(Sat) 8 Mar 1997 (W10),RCD Mallorca (26),0-0,?,UE Lleida (26)
?,(Sat) 8 Mar 1997 (W10),CA Osasuna (26),1-1,?,CD Ourense (26)
?,(Sun) 9 Mar 1997 (W10),Deportivo Alavés (26),1-3,?,SD Eibar (26)
?,(Sun) 9 Mar 1997 (W10),CD Badajoz (26),2-1,?,CD Toledo (26)
?,(Sun) 9 Mar 1997 (W10),Écija Balompié (26),0-0,?,UD Las Palmas (26)
?,(Sun) 9 Mar 1997 (W10),Levante UD (26),5-1,?,Real Madrid B (26)
?,(Sun) 9 Mar 1997 (W10),UD Salamanca (26),1-0,?,CP Mérida (25)
?,(Sun) 9 Mar 1997 (W10),Villarreal CF (26),0-0,?,CD Leganés (25)
?,(Sat) 15 Mar 1997 (W11),SD Eibar (27),2-0,?,Levante UD (27)
?,(Sat) 15 Mar 1997 (W11),UD Las Palmas (27),3-1,?,CA Osasuna (27)
?,(Sat) 15 Mar 1997 (W11),UE Lleida (27),0-0,?,Deportivo Alavés (27)
?,(Sat) 15 Mar 1997 (W11),Real Madrid B (27),2-1,?,Écija Balompié (27)
?,(Sun) 16 Mar 1997 (W11),Albacete Balompié (27),1-2,?,UD Salamanca (27)
?,(Sun) 16 Mar 1997 (W11),UD Almería (27),1-0,?,CD Badajoz (27)
?,(Sun) 16 Mar 1997 (W11),CD Leganés (26),0-1,?,Atlético Madrid B (27)
?,(Sun) 16 Mar 1997 (W11),CP Mérida (26),4-0,?,Villarreal CF (27)
?,(Sun) 16 Mar 1997 (W11),CD Ourense (27),2-1,?,FC Barcelona B (27)
?,(Sun) 16 Mar 1997 (W11),CD Toledo (27),0-0,?,RCD Mallorca (27)
?,(Sat) 22 Mar 1997 (W12),FC Barcelona B (28),1-2,?,UD Las Palmas (28)
?,(Sat) 22 Mar 1997 (W12),SD Eibar (28),1-1,?,Real Madrid B (28)
?,(Sat) 22 Mar 1997 (W12),Levante UD (28),0-0,?,UE Lleida (28)
?,(Sun) 23 Mar 1997 (W12),Deportivo Alavés (28),1-0,?,CD Toledo (28)
?,(Sun) 23 Mar 1997 (W12),Atlético Madrid B (28),3-1,?,CP Mérida (27)
?,(Sun) 23 Mar 1997 (W12),CD Badajoz (28),1-0,?,CD Leganés (27)
?,(Sun) 23 Mar 1997 (W12),RCD Mallorca (28),3-2,?,UD Almería (28)
?,(Sun) 23 Mar 1997 (W12),CA Osasuna (28),3-0,?,Écija Balompié (28)
?,(Sun) 23 Mar 1997 (W12),UD Salamanca (28),1-1,?,CD Ourense (28)
?,(Sun) 23 Mar 1997 (W12),Villarreal CF (28),0-0,?,Albacete Balompié (28)
?,(Sat) 29 Mar 1997 (W13),Albacete Balompié (29),1-0,?,Atlético Madrid B (29)
?,(Sat) 29 Mar 1997 (W13),Écija Balompié (29),1-1,?,FC Barcelona B (29)
?,(Sat) 29 Mar 1997 (W13),UD Las Palmas (29),1-1,?,UD Salamanca (29)
?,(Sat) 29 Mar 1997 (W13),UE Lleida (29),2-1,?,SD Eibar (29)
?,(Sat) 29 Mar 1997 (W13),CP Mérida (28),2-0,?,CD Badajoz (29)
?,(Sat) 29 Mar 1997 (W13),CD Ourense (29),4-0,?,Villarreal CF (29)
?,(Sat) 29 Mar 1997 (W13),Real Madrid B (29),2-0,?,CA Osasuna (29)
?,(Sat) 29 Mar 1997 (W13),CD Toledo (29),1-0,?,Levante UD (29)
?,(Sun) 30 Mar 1997 (W13),UD Almería (29),1-0,?,Deportivo Alavés (29)
?,(Sun) 30 Mar 1997 (W13),CD Leganés (28),0-1,?,RCD Mallorca (29)
?,(Sat) 5 Apr 1997 (W14),Atlético Madrid B (30),0-1,?,CD Ourense (30)
?,(Sat) 5 Apr 1997 (W14),FC Barcelona B (30),0-0,?,CA Osasuna (30)
?,(Sat) 5 Apr 1997 (W14),Levante UD (30),2-2,?,UD Almería (30)
?,(Sun) 6 Apr 1997 (W14),Deportivo Alavés (30),2-0,?,CD Leganés (29)
?,(Sun) 6 Apr 1997 (W14),CD Badajoz (30),0-0,?,Albacete Balompié (30)
?,(Sun) 6 Apr 1997 (W14),SD Eibar (30),1-0,?,CD Toledo (30)
?,(Sun) 6 Apr 1997 (W14),UE Lleida (30),4-0,?,Real Madrid B (30)
?,(Sun) 6 Apr 1997 (W14),RCD Mallorca (30),1-1,?,CP Mérida (29)
?,(Sun) 6 Apr 1997 (W14),UD Salamanca (30),4-0,?,Écija Balompié (30)
?,(Sun) 6 Apr 1997 (W14),Villarreal CF (30),0-1,?,UD Las Palmas (30)
?,(Sat) 12 Apr 1997 (W15),UD Las Palmas (31),6-0,?,Atlético Madrid B (31)
?,(Sat) 12 Apr 1997 (W15),CD Leganés (30),1-1,?,Levante UD (31)
?,(Sat) 12 Apr 1997 (W15),CP Mérida (30),3-2,?,Deportivo Alavés (31)
?,(Sat) 12 Apr 1997 (W15),CA Osasuna (31),0-3,?,UD Salamanca (31)
?,(Sat) 12 Apr 1997 (W15),CD Toledo (31),3-2,?,UE Lleida (31)
?,(Sun) 13 Apr 1997 (W15),Albacete Balompié (31),3-2,?,RCD Mallorca (31)
?,(Sun) 13 Apr 1997 (W15),UD Almería (31),0-1,?,SD Eibar (31)
?,(Sun) 13 Apr 1997 (W15),Écija Balompié (31),2-1,?,Villarreal CF (31)
?,(Sun) 13 Apr 1997 (W15),CD Ourense (31),0-1,?,CD Badajoz (31)
?,(Sun) 13 Apr 1997 (W15),Real Madrid B (31),1-0,?,FC Barcelona B (31)
?,(Sat) 19 Apr 1997 (W16),Atlético Madrid B (32),1-1,?,Écija Balompié (32)
?,(Sat) 19 Apr 1997 (W16),SD Eibar (32),0-0,?,CD Leganés (31)
?,(Sat) 19 Apr 1997 (W16),UE Lleida (32),0-1,?,UD Almería (32)
?,(Sat) 19 Apr 1997 (W16),CD Toledo (32),2-1,?,Real Madrid B (32)
?,(Sat) 19 Apr 1997 (W16),Villarreal CF (32),1-0,?,CA Osasuna (32)
?,(Sun) 20 Apr 1997 (W16),Deportivo Alavés (32),0-2,?,Albacete Balompié (32)
?,(Sun) 20 Apr 1997 (W16),CD Badajoz (32),2-0,?,UD Las Palmas (32)
?,(Sun) 20 Apr 1997 (W16),Levante UD (32),1-0,?,CP Mérida (31)
?,(Sun) 20 Apr 1997 (W16),RCD Mallorca (32),1-1,?,CD Ourense (32)
?,(Sun) 20 Apr 1997 (W16),UD Salamanca (32),3-0,?,FC Barcelona B (32)
?,(Sat) 3 May 1997 (W18),FC Barcelona B (33),2-2,?,Villarreal CF (33)
?,(Sat) 3 May 1997 (W18),UD Las Palmas (33),2-2,?,RCD Mallorca (33)
?,(Sat) 3 May 1997 (W18),CD Ourense (33),0-1,?,Deportivo Alavés (33)
?,(Sat) 3 May 1997 (W18),Real Madrid B (33),0-0,?,UD Salamanca (33)
?,(Sun) 4 May 1997 (W18),Albacete Balompié (33),1-0,?,Levante UD (33)
?,(Sun) 4 May 1997 (W18),UD Almería (33),2-0,?,CD Toledo (33)
?,(Sun) 4 May 1997 (W18),Écija Balompié (33),1-2,?,CD Badajoz (33)
?,(Sun) 4 May 1997 (W18),CD Leganés (32),3-2,?,UE Lleida (33)
?,(Sun) 4 May 1997 (W18),CP Mérida (32),2-1,?,SD Eibar (33)
?,(Sun) 4 May 1997 (W18),CA Osasuna (33),0-3,?,Atlético Madrid B (33)
?,(Sat) 10 May 1997 (W19),Atlético Madrid B (34),2-2,?,FC Barcelona B (34)
?,(Sat) 10 May 1997 (W19),CD Badajoz (34),0-1,?,CA Osasuna (34)
?,(Sat) 10 May 1997 (W19),Levante UD (34),2-1,?,CD Ourense (34)
?,(Sun) 11 May 1997 (W19),Deportivo Alavés (34),1-1,?,UD Las Palmas (34)
?,(Sun) 11 May 1997 (W19),UD Almería (34),3-0,?,Real Madrid B (34)
?,(Sun) 11 May 1997 (W19),SD Eibar (34),1-0,?,Albacete Balompié (34)
?,(Sun) 11 May 1997 (W19),UE Lleida (34),0-0,?,CP Mérida (33)
?,(Sun) 11 May 1997 (W19),RCD Mallorca (34),2-1,?,Écija Balompié (34)
?,(Sun) 11 May 1997 (W19),CD Toledo (34),0-1,?,CD Leganés (33)
?,(Sun) 11 May 1997 (W19),Villarreal CF (34),2-2,?,UD Salamanca (34)
?,(Sat) 17 May 1997 (W20),FC Barcelona B (35),1-0,?,CD Badajoz (35)
?,(Sat) 17 May 1997 (W20),UD Las Palmas (35),4-2,?,Levante UD (35)
?,(Sat) 17 May 1997 (W20),CP Mérida (34),3-1,?,CD Toledo (35)
?,(Sat) 17 May 1997 (W20),CD Ourense (35),1-2,?,SD Eibar (35)
?,(Sat) 17 May 1997 (W20),Real Madrid B (35),1-1,?,Villarreal CF (35)
?,(Sun) 18 May 1997 (W20),Albacete Balompié (35),0-1,?,UE Lleida (35)
?,(Sun) 18 May 1997 (W20),Écija Balompié (35),1-1,?,Deportivo Alavés (35)
?,(Sun) 18 May 1997 (W20),CD Leganés (34),3-0,?,UD Almería (35)
?,(Sun) 18 May 1997 (W20),CA Osasuna (35),1-0,?,RCD Mallorca (35)
?,(Sun) 18 May 1997 (W20),UD Salamanca (35),4-2,?,Atlético Madrid B (35)
?,(Wed) 21 May 1997 (W21),CD Leganés (35),1-1,?,CP Mérida (35)
?,(Sat) 24 May 1997 (W21),Atlético Madrid B (36),0-1,?,Villarreal CF (36)
?,(Sat) 24 May 1997 (W21),SD Eibar (36),0-0,?,UD Las Palmas (36)
?,(Sun) 25 May 1997 (W21),Deportivo Alavés (36),0-1,?,CA Osasuna (36)
?,(Sun) 25 May 1997 (W21),UD Almería (36),1-3,?,CP Mérida (36)
?,(Sun) 25 May 1997 (W21),CD Badajoz (36),0-1,?,UD Salamanca (36)
?,(Sun) 25 May 1997 (W21),CD Leganés (36),0-1,?,Real Madrid B (36)
?,(Sun) 25 May 1997 (W21),Levante UD (36),0-2,?,Écija Balompié (36)
?,(Sun) 25 May 1997 (W21),UE Lleida (36),3-0,?,CD Ourense (36)
?,(Sun) 25 May 1997 (W21),RCD Mallorca (36),2-0,?,FC Barcelona B (36)
?,(Sun) 25 May 1997 (W21),CD Toledo (36),0-4,?,Albacete Balompié (36)
?,(Sat) 31 May 1997 (W22),Atlético Madrid B (37),3-0,?,Real Madrid B (37)
?,(Sat) 31 May 1997 (W22),FC Barcelona B (37),2-3,?,Deportivo Alavés (37)
?,(Sat) 31 May 1997 (W22),UD Las Palmas (37),1-1,?,UE Lleida (37)
?,(Sat) 31 May 1997 (W22),CA Osasuna (37),1-0,?,Levante UD (37)
?,(Sun) 1 Jun 1997 (W22),Albacete Balompié (37),1-0,?,UD Almería (37)
?,(Sun) 1 Jun 1997 (W22),Écija Balompié (37),0-2,?,SD Eibar (37)
?,(Sun) 1 Jun 1997 (W22),CP Mérida (37),2-0,?,CD Leganés (37)
?,(Sun) 1 Jun 1997 (W22),CD Ourense (37),0-1,?,CD Toledo (37)
?,(Sun) 1 Jun 1997 (W22),UD Salamanca (37),3-1,?,RCD Mallorca (37)
?,(Sun) 1 Jun 1997 (W22),Villarreal CF (37),0-3,?,CD Badajoz (37)
?,(Sat) 14 Jun 1997 (W24),Real Madrid B (38),4-0,?,CP Mérida (38)
?,(Sun) 15 Jun 1997 (W24),Deportivo Alavés (38),0-4,?,UD Salamanca (38)
?,(Sun) 15 Jun 1997 (W24),UD Almería (38),2-3,?,CD Ourense (38)
?,(Sun) 15 Jun 1997 (W24),CD Badajoz (38),4-4,?,Atlético Madrid B (38)
?,(Sun) 15 Jun 1997 (W24),SD Eibar (38),1-1,?,CA Osasuna (38)
?,(Sun) 15 Jun 1997 (W24),CD Leganés (38),2-1,?,Albacete Balompié (38)
?,(Sun) 15 Jun 1997 (W24),Levante UD (38),4-0,?,FC Barcelona B (38)
?,(Sun) 15 Jun 1997 (W24),UE Lleida (38),4-0,?,Écija Balompié (38)
?,(Sun) 15 Jun 1997 (W24),RCD Mallorca (38),2-0,?,Villarreal CF (38)
?,(Sun) 15 Jun 1997 (W24),CD Toledo (38),0-3,?,UD Las Palmas (38)
