Round,Date,Team 1,FT,HT,Team 2
?,(Sat) 3 Sep 1994 (W35),Sevilla FC (1),1-4,?,Real Madrid (1)
?,(Sun) 4 Sep 1994 (W35),Albacete Balompié (1),1-1,?,RC Celta Vigo (1)
?,(Sun) 4 Sep 1994 (W35),Athletic Club Bilbao (1),0-2,?,RCD La Coruña (1)
?,(Sun) 4 Sep 1994 (W35),Atlético Madrid (1),2-4,?,Valencia CF (1)
?,(Sun) 4 Sep 1994 (W35),SD Compostela (1),0-2,?,Real Sociedad (1)
?,(Sun) 4 Sep 1994 (W35),RCD Espanyol (1),4-2,?,Real Oviedo (1)
?,(Sun) 4 Sep 1994 (W35),CD Logroñés (1),0-0,?,Real Betis (1)
?,(Sun) 4 Sep 1994 (W35),Real Racing Santander (1),0-0,?,Real Valladolid CF (1)
?,(Sun) 4 Sep 1994 (W35),Sporting Gijón (1),2-1,?,FC Barcelona (1)
?,(Sun) 4 Sep 1994 (W35),Real Zaragoza (1),2-2,?,CD Tenerife (1)
?,(Sat) 10 Sep 1994 (W36),FC Barcelona (2),2-1,?,Real Racing Santander (2)
?,(Sat) 10 Sep 1994 (W36),RC Celta Vigo (2),1-1,?,Athletic Club Bilbao (2)
?,(Sat) 10 Sep 1994 (W36),RCD La Coruña (2),2-1,?,Sporting Gijón (2)
?,(Sat) 10 Sep 1994 (W36),Real Madrid (2),2-0,?,CD Logroñés (2)
?,(Sat) 10 Sep 1994 (W36),CD Tenerife (2),1-0,?,Atlético Madrid (2)
?,(Sun) 11 Sep 1994 (W36),Real Betis (2),4-1,?,Albacete Balompié (2)
?,(Sun) 11 Sep 1994 (W36),Real Oviedo (2),2-2,?,SD Compostela (2)
?,(Sun) 11 Sep 1994 (W36),Real Sociedad (2),1-2,?,Real Zaragoza (2)
?,(Sun) 11 Sep 1994 (W36),Valencia CF (2),0-1,?,Sevilla FC (2)
?,(Sun) 11 Sep 1994 (W36),Real Valladolid CF (2),0-4,?,RCD Espanyol (2)
?,(Sun) 18 Sep 1994 (W37),Albacete Balompié (3),1-1,?,Real Madrid (3)
?,(Sun) 18 Sep 1994 (W37),Athletic Club Bilbao (3),1-0,?,Real Betis (3)
?,(Sun) 18 Sep 1994 (W37),Atlético Madrid (3),2-1,?,Real Sociedad (3)
?,(Sun) 18 Sep 1994 (W37),SD Compostela (3),1-0,?,Real Valladolid CF (3)
?,(Sun) 18 Sep 1994 (W37),RCD Espanyol (3),0-0,?,FC Barcelona (3)
?,(Sun) 18 Sep 1994 (W37),Real Racing Santander (3),1-2,?,RCD La Coruña (3)
?,(Sun) 18 Sep 1994 (W37),Sevilla FC (3),1-0,?,CD Logroñés (3)
?,(Sun) 18 Sep 1994 (W37),Sporting Gijón (3),0-0,?,RC Celta Vigo (3)
?,(Sun) 18 Sep 1994 (W37),Valencia CF (3),2-1,?,CD Tenerife (3)
?,(Sun) 18 Sep 1994 (W37),Real Zaragoza (3),2-1,?,Real Oviedo (3)
?,(Sat) 24 Sep 1994 (W38),FC Barcelona (4),4-0,?,SD Compostela (4)
?,(Sat) 24 Sep 1994 (W38),RCD La Coruña (4),1-1,?,RCD Espanyol (4)
?,(Sat) 24 Sep 1994 (W38),Real Madrid (4),4-0,?,Athletic Club Bilbao (4)
?,(Sat) 24 Sep 1994 (W38),Real Valladolid CF (4),2-0,?,Real Zaragoza (4)
?,(Sun) 25 Sep 1994 (W38),Real Betis (4),5-0,?,Sporting Gijón (4)
?,(Sun) 25 Sep 1994 (W38),RC Celta Vigo (4),2-1,?,Real Racing Santander (4)
?,(Sun) 25 Sep 1994 (W38),CD Logroñés (4),1-1,?,Albacete Balompié (4)
?,(Sun) 25 Sep 1994 (W38),Real Oviedo (4),1-0,?,Atlético Madrid (4)
?,(Sun) 25 Sep 1994 (W38),Real Sociedad (4),0-2,?,Valencia CF (4)
?,(Sun) 25 Sep 1994 (W38),CD Tenerife (4),0-0,?,Sevilla FC (4)
?,(Sat) 1 Oct 1994 (W39),SD Compostela (5),0-1,?,RCD La Coruña (5)
?,(Sat) 1 Oct 1994 (W39),Valencia CF (5),1-0,?,Real Oviedo (5)
?,(Sun) 2 Oct 1994 (W39),Athletic Club Bilbao (5),1-0,?,CD Logroñés (5)
?,(Sun) 2 Oct 1994 (W39),Atlético Madrid (5),6-0,?,Real Valladolid CF (5)
?,(Sun) 2 Oct 1994 (W39),RCD Espanyol (5),0-0,?,RC Celta Vigo (5)
?,(Sun) 2 Oct 1994 (W39),Real Racing Santander (5),0-0,?,Real Betis (5)
?,(Sun) 2 Oct 1994 (W39),Sevilla FC (5),0-2,?,Albacete Balompié (5)
?,(Sun) 2 Oct 1994 (W39),Sporting Gijón (5),1-0,?,Real Madrid (5)
?,(Sun) 2 Oct 1994 (W39),CD Tenerife (5),3-0,?,Real Sociedad (5)
?,(Sun) 2 Oct 1994 (W39),Real Zaragoza (5),2-1,?,FC Barcelona (5)
?,(Sat) 8 Oct 1994 (W40),FC Barcelona (6),4-3,?,Atlético Madrid (6)
?,(Sun) 9 Oct 1994 (W40),Albacete Balompié (6),1-2,?,Athletic Club Bilbao (6)
?,(Sun) 9 Oct 1994 (W40),Real Betis (6),3-1,?,RCD Espanyol (6)
?,(Sun) 9 Oct 1994 (W40),RC Celta Vigo (6),1-2,?,SD Compostela (6)
?,(Sun) 9 Oct 1994 (W40),RCD La Coruña (6),3-3,?,Real Zaragoza (6)
?,(Sun) 9 Oct 1994 (W40),CD Logroñés (6),1-3,?,Sporting Gijón (6)
?,(Sun) 9 Oct 1994 (W40),Real Oviedo (6),1-2,?,CD Tenerife (6)
?,(Sun) 9 Oct 1994 (W40),Real Madrid (6),3-1,?,Real Racing Santander (6)
?,(Sun) 9 Oct 1994 (W40),Real Sociedad (6),0-0,?,Sevilla FC (6)
?,(Sun) 9 Oct 1994 (W40),Real Valladolid CF (6),2-0,?,Valencia CF (6)
?,(Sat) 15 Oct 1994 (W41),Atlético Madrid (7),1-1,?,RCD La Coruña (7)
?,(Sat) 15 Oct 1994 (W41),RCD Espanyol (7),1-2,?,Real Madrid (7)
?,(Sat) 15 Oct 1994 (W41),Sevilla FC (7),0-0,?,Athletic Club Bilbao (7)
?,(Sat) 15 Oct 1994 (W41),Valencia CF (7),1-2,?,FC Barcelona (7)
?,(Sun) 16 Oct 1994 (W41),SD Compostela (7),1-1,?,Real Betis (7)
?,(Sun) 16 Oct 1994 (W41),Real Racing Santander (7),3-0,?,CD Logroñés (7)
?,(Sun) 16 Oct 1994 (W41),Real Sociedad (7),3-1,?,Real Oviedo (7)
?,(Sun) 16 Oct 1994 (W41),Sporting Gijón (7),3-2,?,Albacete Balompié (7)
?,(Sun) 16 Oct 1994 (W41),CD Tenerife (7),0-0,?,Real Valladolid CF (7)
?,(Sun) 16 Oct 1994 (W41),Real Zaragoza (7),4-0,?,RC Celta Vigo (7)
?,(Sat) 22 Oct 1994 (W42),RC Celta Vigo (8),1-0,?,Atlético Madrid (8)
?,(Sun) 23 Oct 1994 (W42),Albacete Balompié (8),2-0,?,Real Racing Santander (8)
?,(Sun) 23 Oct 1994 (W42),Athletic Club Bilbao (8),2-0,?,Sporting Gijón (8)
?,(Sun) 23 Oct 1994 (W42),FC Barcelona (8),1-0,?,CD Tenerife (8)
?,(Sun) 23 Oct 1994 (W42),Real Betis (8),0-1,?,Real Zaragoza (8)
?,(Sun) 23 Oct 1994 (W42),RCD La Coruña (8),3-1,?,Valencia CF (8)
?,(Sun) 23 Oct 1994 (W42),CD Logroñés (8),1-1,?,RCD Espanyol (8)
?,(Sun) 23 Oct 1994 (W42),Real Oviedo (8),1-0,?,Sevilla FC (8)
?,(Sun) 23 Oct 1994 (W42),Real Madrid (8),1-1,?,SD Compostela (8)
?,(Sun) 23 Oct 1994 (W42),Real Valladolid CF (8),1-1,?,Real Sociedad (8)
?,(Sat) 29 Oct 1994 (W43),Real Sociedad (9),1-1,?,FC Barcelona (9)
?,(Sat) 29 Oct 1994 (W43),CD Tenerife (9),1-1,?,RCD La Coruña (9)
?,(Sat) 29 Oct 1994 (W43),Valencia CF (9),1-0,?,RC Celta Vigo (9)
?,(Sat) 29 Oct 1994 (W43),Real Zaragoza (9),3-2,?,Real Madrid (9)
?,(Sun) 30 Oct 1994 (W43),Atlético Madrid (9),0-2,?,Real Betis (9)
?,(Sun) 30 Oct 1994 (W43),SD Compostela (9),2-0,?,CD Logroñés (9)
?,(Sun) 30 Oct 1994 (W43),RCD Espanyol (9),5-1,?,Albacete Balompié (9)
?,(Sun) 30 Oct 1994 (W43),Real Oviedo (9),1-0,?,Real Valladolid CF (9)
?,(Sun) 30 Oct 1994 (W43),Sevilla FC (9),5-1,?,Sporting Gijón (9)
?,(Mon) 31 Oct 1994 (W44),Real Racing Santander (9),0-2,?,Athletic Club Bilbao (9)
?,(Sat) 5 Nov 1994 (W44),Real Madrid (10),4-2,?,Atlético Madrid (10)
?,(Sun) 6 Nov 1994 (W44),Albacete Balompié (10),1-3,?,SD Compostela (10)
?,(Sun) 6 Nov 1994 (W44),Athletic Club Bilbao (10),1-3,?,RCD Espanyol (10)
?,(Sun) 6 Nov 1994 (W44),FC Barcelona (10),1-0,?,Real Oviedo (10)
?,(Sun) 6 Nov 1994 (W44),Real Betis (10),1-1,?,Valencia CF (10)
?,(Sun) 6 Nov 1994 (W44),RC Celta Vigo (10),3-2,?,CD Tenerife (10)
?,(Sun) 6 Nov 1994 (W44),RCD La Coruña (10),3-1,?,Real Sociedad (10)
?,(Sun) 6 Nov 1994 (W44),CD Logroñés (10),0-0,?,Real Zaragoza (10)
?,(Sun) 6 Nov 1994 (W44),Sporting Gijón (10),2-3,?,Real Racing Santander (10)
?,(Sun) 6 Nov 1994 (W44),Real Valladolid CF (10),0-4,?,Sevilla FC (10)
?,(Sat) 19 Nov 1994 (W46),SD Compostela (11),0-1,?,Athletic Club Bilbao (11)
?,(Sat) 19 Nov 1994 (W46),Real Oviedo (11),2-0,?,RCD La Coruña (11)
?,(Sat) 19 Nov 1994 (W46),Valencia CF (11),1-2,?,Real Madrid (11)
?,(Sat) 19 Nov 1994 (W46),Real Valladolid CF (11),1-3,?,FC Barcelona (11)
?,(Sun) 20 Nov 1994 (W46),Atlético Madrid (11),3-0,?,CD Logroñés (11)
?,(Sun) 20 Nov 1994 (W46),RCD Espanyol (11),1-1,?,Sporting Gijón (11)
?,(Sun) 20 Nov 1994 (W46),Sevilla FC (11),1-3,?,Real Racing Santander (11)
?,(Sun) 20 Nov 1994 (W46),Real Sociedad (11),2-3,?,RC Celta Vigo (11)
?,(Sun) 20 Nov 1994 (W46),CD Tenerife (11),1-4,?,Real Betis (11)
?,(Sun) 20 Nov 1994 (W46),Real Zaragoza (11),1-0,?,Albacete Balompié (11)
?,(Sun) 27 Nov 1994 (W47),Albacete Balompié (12),2-2,?,Atlético Madrid (12)
?,(Sun) 27 Nov 1994 (W47),Athletic Club Bilbao (12),1-0,?,Real Zaragoza (12)
?,(Sun) 27 Nov 1994 (W47),FC Barcelona (12),0-1,?,Sevilla FC (12)
?,(Sun) 27 Nov 1994 (W47),Real Betis (12),0-0,?,Real Sociedad (12)
?,(Sun) 27 Nov 1994 (W47),RC Celta Vigo (12),0-0,?,Real Oviedo (12)
?,(Sun) 27 Nov 1994 (W47),RCD La Coruña (12),4-0,?,Real Valladolid CF (12)
?,(Sun) 27 Nov 1994 (W47),CD Logroñés (12),2-2,?,Valencia CF (12)
?,(Sun) 27 Nov 1994 (W47),Real Madrid (12),4-2,?,CD Tenerife (12)
?,(Sun) 27 Nov 1994 (W47),Real Racing Santander (12),0-0,?,RCD Espanyol (12)
?,(Sun) 27 Nov 1994 (W47),Sporting Gijón (12),1-1,?,SD Compostela (12)
?,(Sat) 3 Dec 1994 (W48),Atlético Madrid (13),2-1,?,Athletic Club Bilbao (13)
?,(Sat) 3 Dec 1994 (W48),FC Barcelona (13),1-1,?,RCD La Coruña (13)
?,(Sat) 3 Dec 1994 (W48),Real Sociedad (13),1-1,?,Real Madrid (13)
?,(Sat) 3 Dec 1994 (W48),Valencia CF (13),3-3,?,Albacete Balompié (13)
?,(Sun) 4 Dec 1994 (W48),SD Compostela (13),2-1,?,Real Racing Santander (13)
?,(Sun) 4 Dec 1994 (W48),Real Oviedo (13),0-0,?,Real Betis (13)
?,(Sun) 4 Dec 1994 (W48),Sevilla FC (13),3-0,?,RCD Espanyol (13)
?,(Sun) 4 Dec 1994 (W48),CD Tenerife (13),4-0,?,CD Logroñés (13)
?,(Sun) 4 Dec 1994 (W48),Real Valladolid CF (13),1-1,?,RC Celta Vigo (13)
?,(Sun) 4 Dec 1994 (W48),Real Zaragoza (13),3-2,?,Sporting Gijón (13)
?,(Sat) 10 Dec 1994 (W49),Athletic Club Bilbao (14),2-1,?,Valencia CF (14)
?,(Sun) 11 Dec 1994 (W49),Albacete Balompié (14),2-1,?,CD Tenerife (14)
?,(Sun) 11 Dec 1994 (W49),Real Betis (14),1-2,?,Real Valladolid CF (14)
?,(Sun) 11 Dec 1994 (W49),RC Celta Vigo (14),2-4,?,FC Barcelona (14)
?,(Sun) 11 Dec 1994 (W49),RCD Espanyol (14),2-0,?,SD Compostela (14)
?,(Sun) 11 Dec 1994 (W49),RCD La Coruña (14),5-1,?,Sevilla FC (14)
?,(Sun) 11 Dec 1994 (W49),CD Logroñés (14),0-4,?,Real Sociedad (14)
?,(Sun) 11 Dec 1994 (W49),Real Madrid (14),2-0,?,Real Oviedo (14)
?,(Sun) 11 Dec 1994 (W49),Real Racing Santander (14),0-1,?,Real Zaragoza (14)
?,(Sun) 11 Dec 1994 (W49),Sporting Gijón (14),0-2,?,Atlético Madrid (14)
?,(Wed) 21 Dec 1994 (W51),Atlético Madrid (15),0-1,?,Real Racing Santander (15)
?,(Wed) 21 Dec 1994 (W51),FC Barcelona (15),1-1,?,Real Betis (15)
?,(Wed) 21 Dec 1994 (W51),RCD La Coruña (15),1-2,?,RC Celta Vigo (15)
?,(Wed) 21 Dec 1994 (W51),Real Oviedo (15),1-0,?,CD Logroñés (15)
?,(Wed) 21 Dec 1994 (W51),Sevilla FC (15),3-0,?,SD Compostela (15)
?,(Wed) 21 Dec 1994 (W51),Real Sociedad (15),2-0,?,Albacete Balompié (15)
?,(Wed) 21 Dec 1994 (W51),CD Tenerife (15),1-0,?,Athletic Club Bilbao (15)
?,(Wed) 21 Dec 1994 (W51),Valencia CF (15),0-0,?,Sporting Gijón (15)
?,(Wed) 21 Dec 1994 (W51),Real Zaragoza (15),1-0,?,RCD Espanyol (15)
?,(Thu) 22 Dec 1994 (W51),Real Valladolid CF (15),0-5,?,Real Madrid (15)
?,(Sat) 7 Jan 1995 (W1),Real Madrid (16),5-0,?,FC Barcelona (16)
?,(Sun) 8 Jan 1995 (W1),Albacete Balompié (16),1-0,?,Real Oviedo (16)
?,(Sun) 8 Jan 1995 (W1),Athletic Club Bilbao (16),0-0,?,Real Sociedad (16)
?,(Sun) 8 Jan 1995 (W1),Real Betis (16),0-0,?,RCD La Coruña (16)
?,(Sun) 8 Jan 1995 (W1),RC Celta Vigo (16),0-0,?,Sevilla FC (16)
?,(Sun) 8 Jan 1995 (W1),SD Compostela (16),3-2,?,Real Zaragoza (16)
?,(Sun) 8 Jan 1995 (W1),RCD Espanyol (16),2-0,?,Atlético Madrid (16)
?,(Sun) 8 Jan 1995 (W1),CD Logroñés (16),0-0,?,Real Valladolid CF (16)
?,(Sun) 8 Jan 1995 (W1),Real Racing Santander (16),3-2,?,Valencia CF (16)
?,(Sun) 8 Jan 1995 (W1),Sporting Gijón (16),1-1,?,CD Tenerife (16)
?,(Sat) 14 Jan 1995 (W2),RCD La Coruña (17),0-0,?,Real Madrid (17)
?,(Sun) 15 Jan 1995 (W2),Atlético Madrid (17),1-1,?,SD Compostela (17)
?,(Sun) 15 Jan 1995 (W2),FC Barcelona (17),3-0,?,CD Logroñés (17)
?,(Sun) 15 Jan 1995 (W2),RC Celta Vigo (17),0-2,?,Real Betis (17)
?,(Sun) 15 Jan 1995 (W2),Real Oviedo (17),1-1,?,Athletic Club Bilbao (17)
?,(Sun) 15 Jan 1995 (W2),Sevilla FC (17),2-1,?,Real Zaragoza (17)
?,(Sun) 15 Jan 1995 (W2),Real Sociedad (17),2-2,?,Sporting Gijón (17)
?,(Sun) 15 Jan 1995 (W2),CD Tenerife (17),3-0,?,Real Racing Santander (17)
?,(Sun) 15 Jan 1995 (W2),Valencia CF (17),0-0,?,RCD Espanyol (17)
?,(Sun) 15 Jan 1995 (W2),Real Valladolid CF (17),1-1,?,Albacete Balompié (17)
?,(Sat) 21 Jan 1995 (W3),CD Logroñés (18),0-1,?,RCD La Coruña (18)
?,(Sun) 22 Jan 1995 (W3),Albacete Balompié (18),2-2,?,FC Barcelona (18)
?,(Sun) 22 Jan 1995 (W3),Athletic Club Bilbao (18),1-1,?,Real Valladolid CF (18)
?,(Sun) 22 Jan 1995 (W3),SD Compostela (18),1-1,?,Valencia CF (18)
?,(Sun) 22 Jan 1995 (W3),RCD Espanyol (18),0-0,?,CD Tenerife (18)
?,(Sun) 22 Jan 1995 (W3),Real Madrid (18),4-0,?,RC Celta Vigo (18)
?,(Sun) 22 Jan 1995 (W3),Real Racing Santander (18),0-0,?,Real Sociedad (18)
?,(Sun) 22 Jan 1995 (W3),Sevilla FC (18),0-1,?,Real Betis (18)
?,(Sun) 22 Jan 1995 (W3),Sporting Gijón (18),1-1,?,Real Oviedo (18)
?,(Sun) 22 Jan 1995 (W3),Real Zaragoza (18),3-1,?,Atlético Madrid (18)
?,(Sat) 28 Jan 1995 (W4),FC Barcelona (19),1-0,?,Athletic Club Bilbao (19)
?,(Sun) 29 Jan 1995 (W4),Atlético Madrid (19),2-2,?,Sevilla FC (19)
?,(Sun) 29 Jan 1995 (W4),Real Betis (19),0-0,?,Real Madrid (19)
?,(Sun) 29 Jan 1995 (W4),RC Celta Vigo (19),0-1,?,CD Logroñés (19)
?,(Sun) 29 Jan 1995 (W4),RCD La Coruña (19),2-1,?,Albacete Balompié (19)
?,(Sun) 29 Jan 1995 (W4),Real Oviedo (19),3-1,?,Real Racing Santander (19)
?,(Sun) 29 Jan 1995 (W4),Real Sociedad (19),2-0,?,RCD Espanyol (19)
?,(Sun) 29 Jan 1995 (W4),CD Tenerife (19),2-0,?,SD Compostela (19)
?,(Sun) 29 Jan 1995 (W4),Valencia CF (19),3-0,?,Real Zaragoza (19)
?,(Sun) 29 Jan 1995 (W4),Real Valladolid CF (19),2-0,?,Sporting Gijón (19)
?,(Sat) 4 Feb 1995 (W5),RCD La Coruña (20),0-0,?,Athletic Club Bilbao (20)
?,(Sun) 5 Feb 1995 (W5),FC Barcelona (20),3-1,?,Sporting Gijón (20)
?,(Sun) 5 Feb 1995 (W5),Real Betis (20),1-0,?,CD Logroñés (20)
?,(Sun) 5 Feb 1995 (W5),RC Celta Vigo (20),0-0,?,Albacete Balompié (20)
?,(Sun) 5 Feb 1995 (W5),Real Oviedo (20),3-0,?,RCD Espanyol (20)
?,(Sun) 5 Feb 1995 (W5),Real Madrid (20),2-0,?,Sevilla FC (20)
?,(Sun) 5 Feb 1995 (W5),Real Sociedad (20),1-1,?,SD Compostela (20)
?,(Sun) 5 Feb 1995 (W5),CD Tenerife (20),2-0,?,Real Zaragoza (20)
?,(Sun) 5 Feb 1995 (W5),Valencia CF (20),0-0,?,Atlético Madrid (20)
?,(Sun) 5 Feb 1995 (W5),Real Valladolid CF (20),1-1,?,Real Racing Santander (20)
?,(Sat) 11 Feb 1995 (W6),Atlético Madrid (21),3-1,?,CD Tenerife (21)
?,(Sat) 11 Feb 1995 (W6),Real Racing Santander (21),5-0,?,FC Barcelona (21)
?,(Sun) 12 Feb 1995 (W6),Albacete Balompié (21),3-1,?,Real Betis (21)
?,(Sun) 12 Feb 1995 (W6),Athletic Club Bilbao (21),1-1,?,RC Celta Vigo (21)
?,(Sun) 12 Feb 1995 (W6),SD Compostela (21),1-1,?,Real Oviedo (21)
?,(Sun) 12 Feb 1995 (W6),RCD Espanyol (21),3-0,?,Real Valladolid CF (21)
?,(Sun) 12 Feb 1995 (W6),CD Logroñés (21),1-4,?,Real Madrid (21)
?,(Sun) 12 Feb 1995 (W6),Sevilla FC (21),1-1,?,Valencia CF (21)
?,(Sun) 12 Feb 1995 (W6),Sporting Gijón (21),3-1,?,RCD La Coruña (21)
?,(Sun) 12 Feb 1995 (W6),Real Zaragoza (21),1-1,?,Real Sociedad (21)
?,(Sat) 18 Feb 1995 (W7),FC Barcelona (22),3-0,?,RCD Espanyol (22)
?,(Sun) 19 Feb 1995 (W7),Real Betis (22),0-0,?,Athletic Club Bilbao (22)
?,(Sun) 19 Feb 1995 (W7),RC Celta Vigo (22),2-0,?,Sporting Gijón (22)
?,(Sun) 19 Feb 1995 (W7),RCD La Coruña (22),3-0,?,Real Racing Santander (22)
?,(Sun) 19 Feb 1995 (W7),CD Logroñés (22),0-2,?,Sevilla FC (22)
?,(Sun) 19 Feb 1995 (W7),Real Oviedo (22),2-1,?,Real Zaragoza (22)
?,(Sun) 19 Feb 1995 (W7),Real Madrid (22),0-0,?,Albacete Balompié (22)
?,(Sun) 19 Feb 1995 (W7),Real Sociedad (22),3-1,?,Atlético Madrid (22)
?,(Sun) 19 Feb 1995 (W7),CD Tenerife (22),1-2,?,Valencia CF (22)
?,(Sun) 19 Feb 1995 (W7),Real Valladolid CF (22),2-0,?,SD Compostela (22)
?,(Sat) 25 Feb 1995 (W8),SD Compostela (23),1-2,?,FC Barcelona (23)
?,(Sat) 25 Feb 1995 (W8),Sporting Gijón (23),1-1,?,Real Betis (23)
?,(Sat) 25 Feb 1995 (W8),Real Zaragoza (23),1-0,?,Real Valladolid CF (23)
?,(Sun) 26 Feb 1995 (W8),Albacete Balompié (23),0-0,?,CD Logroñés (23)
?,(Sun) 26 Feb 1995 (W8),Athletic Club Bilbao (23),1-1,?,Real Madrid (23)
?,(Sun) 26 Feb 1995 (W8),Atlético Madrid (23),3-3,?,Real Oviedo (23)
?,(Sun) 26 Feb 1995 (W8),RCD Espanyol (23),1-0,?,RCD La Coruña (23)
?,(Sun) 26 Feb 1995 (W8),Real Racing Santander (23),2-0,?,RC Celta Vigo (23)
?,(Sun) 26 Feb 1995 (W8),Sevilla FC (23),1-2,?,CD Tenerife (23)
?,(Sun) 26 Feb 1995 (W8),Valencia CF (23),4-2,?,Real Sociedad (23)
?,(Sat) 4 Mar 1995 (W9),Real Oviedo (24),1-0,?,Valencia CF (24)
?,(Sun) 5 Mar 1995 (W9),Albacete Balompié (24),1-1,?,Sevilla FC (24)
?,(Sun) 5 Mar 1995 (W9),FC Barcelona (24),3-0,?,Real Zaragoza (24)
?,(Sun) 5 Mar 1995 (W9),Real Betis (24),2-0,?,Real Racing Santander (24)
?,(Sun) 5 Mar 1995 (W9),RC Celta Vigo (24),1-2,?,RCD Espanyol (24)
?,(Sun) 5 Mar 1995 (W9),RCD La Coruña (24),1-0,?,SD Compostela (24)
?,(Sun) 5 Mar 1995 (W9),CD Logroñés (24),0-1,?,Athletic Club Bilbao (24)
?,(Sun) 5 Mar 1995 (W9),Real Madrid (24),4-0,?,Sporting Gijón (24)
?,(Sun) 5 Mar 1995 (W9),Real Sociedad (24),5-2,?,CD Tenerife (24)
?,(Sun) 5 Mar 1995 (W9),Real Valladolid CF (24),0-1,?,Atlético Madrid (24)
?,(Sat) 11 Mar 1995 (W10),Atlético Madrid (25),2-0,?,FC Barcelona (25)
?,(Sun) 12 Mar 1995 (W10),Athletic Club Bilbao (25),1-2,?,Albacete Balompié (25)
?,(Sun) 12 Mar 1995 (W10),SD Compostela (25),2-0,?,RC Celta Vigo (25)
?,(Sun) 12 Mar 1995 (W10),RCD Espanyol (25),0-0,?,Real Betis (25)
?,(Sun) 12 Mar 1995 (W10),Real Racing Santander (25),3-1,?,Real Madrid (25)
?,(Sun) 12 Mar 1995 (W10),Sevilla FC (25),2-0,?,Real Sociedad (25)
?,(Sun) 12 Mar 1995 (W10),Sporting Gijón (25),2-2,?,CD Logroñés (25)
?,(Sun) 12 Mar 1995 (W10),CD Tenerife (25),1-1,?,Real Oviedo (25)
?,(Sun) 12 Mar 1995 (W10),Valencia CF (25),3-0,?,Real Valladolid CF (25)
?,(Sun) 12 Mar 1995 (W10),Real Zaragoza (25),1-0,?,RCD La Coruña (25)
?,(Sat) 18 Mar 1995 (W11),Athletic Club Bilbao (26),0-2,?,Sevilla FC (26)
?,(Sat) 18 Mar 1995 (W11),RCD La Coruña (26),0-1,?,Atlético Madrid (26)
?,(Sun) 19 Mar 1995 (W11),Albacete Balompié (26),1-2,?,Sporting Gijón (26)
?,(Sun) 19 Mar 1995 (W11),FC Barcelona (26),0-0,?,Valencia CF (26)
?,(Sun) 19 Mar 1995 (W11),Real Betis (26),1-0,?,SD Compostela (26)
?,(Sun) 19 Mar 1995 (W11),RC Celta Vigo (26),0-0,?,Real Zaragoza (26)
?,(Sun) 19 Mar 1995 (W11),CD Logroñés (26),0-1,?,Real Racing Santander (26)
?,(Sun) 19 Mar 1995 (W11),Real Oviedo (26),3-0,?,Real Sociedad (26)
?,(Sun) 19 Mar 1995 (W11),Real Madrid (26),1-0,?,RCD Espanyol (26)
?,(Sun) 19 Mar 1995 (W11),Real Valladolid CF (26),1-4,?,CD Tenerife (26)
?,(Sat) 1 Apr 1995 (W13),Valencia CF (27),1-2,?,RCD La Coruña (27)
?,(Sat) 1 Apr 1995 (W13),Real Zaragoza (27),3-0,?,Real Betis (27)
?,(Sun) 2 Apr 1995 (W13),Atlético Madrid (27),0-2,?,RC Celta Vigo (27)
?,(Sun) 2 Apr 1995 (W13),SD Compostela (27),1-1,?,Real Madrid (27)
?,(Sun) 2 Apr 1995 (W13),RCD Espanyol (27),2-0,?,CD Logroñés (27)
?,(Sun) 2 Apr 1995 (W13),Real Racing Santander (27),2-1,?,Albacete Balompié (27)
?,(Sun) 2 Apr 1995 (W13),Sevilla FC (27),1-1,?,Real Oviedo (27)
?,(Sun) 2 Apr 1995 (W13),Real Sociedad (27),3-0,?,Real Valladolid CF (27)
?,(Sun) 2 Apr 1995 (W13),Sporting Gijón (27),1-1,?,Athletic Club Bilbao (27)
?,(Sun) 2 Apr 1995 (W13),CD Tenerife (27),2-1,?,FC Barcelona (27)
?,(Sat) 8 Apr 1995 (W14),Real Betis (28),2-0,?,Atlético Madrid (28)
?,(Sun) 9 Apr 1995 (W14),Albacete Balompié (28),1-1,?,RCD Espanyol (28)
?,(Sun) 9 Apr 1995 (W14),Athletic Club Bilbao (28),2-0,?,Real Racing Santander (28)
?,(Sun) 9 Apr 1995 (W14),FC Barcelona (28),1-1,?,Real Sociedad (28)
?,(Sun) 9 Apr 1995 (W14),RC Celta Vigo (28),0-0,?,Valencia CF (28)
?,(Sun) 9 Apr 1995 (W14),RCD La Coruña (28),4-1,?,CD Tenerife (28)
?,(Sun) 9 Apr 1995 (W14),CD Logroñés (28),0-4,?,SD Compostela (28)
?,(Sun) 9 Apr 1995 (W14),Real Madrid (28),3-0,?,Real Zaragoza (28)
?,(Sun) 9 Apr 1995 (W14),Sporting Gijón (28),3-0,?,Sevilla FC (28)
?,(Sun) 9 Apr 1995 (W14),Real Valladolid CF (28),2-1,?,Real Oviedo (28)
?,(Sat) 15 Apr 1995 (W15),Atlético Madrid (29),0-2,?,Real Madrid (29)
?,(Sat) 15 Apr 1995 (W15),Real Zaragoza (29),3-0,?,CD Logroñés (29)
?,(Sun) 16 Apr 1995 (W15),SD Compostela (29),0-0,?,Albacete Balompié (29)
?,(Sun) 16 Apr 1995 (W15),RCD Espanyol (29),3-1,?,Athletic Club Bilbao (29)
?,(Sun) 16 Apr 1995 (W15),Real Oviedo (29),0-0,?,FC Barcelona (29)
?,(Sun) 16 Apr 1995 (W15),Real Racing Santander (29),0-0,?,Sporting Gijón (29)
?,(Sun) 16 Apr 1995 (W15),Sevilla FC (29),1-0,?,Real Valladolid CF (29)
?,(Sun) 16 Apr 1995 (W15),Real Sociedad (29),1-3,?,RCD La Coruña (29)
?,(Sun) 16 Apr 1995 (W15),CD Tenerife (29),3-0,?,RC Celta Vigo (29)
?,(Sun) 16 Apr 1995 (W15),Valencia CF (29),2-1,?,Real Betis (29)
?,(Sat) 22 Apr 1995 (W16),Real Madrid (30),3-1,?,Valencia CF (30)
?,(Sun) 23 Apr 1995 (W16),Albacete Balompié (30),0-3,?,Real Zaragoza (30)
?,(Sun) 23 Apr 1995 (W16),Athletic Club Bilbao (30),1-0,?,SD Compostela (30)
?,(Sun) 23 Apr 1995 (W16),FC Barcelona (30),4-1,?,Real Valladolid CF (30)
?,(Sun) 23 Apr 1995 (W16),Real Betis (30),3-0,?,CD Tenerife (30)
?,(Sun) 23 Apr 1995 (W16),RC Celta Vigo (30),2-1,?,Real Sociedad (30)
?,(Sun) 23 Apr 1995 (W16),RCD La Coruña (30),2-2,?,Real Oviedo (30)
?,(Sun) 23 Apr 1995 (W16),CD Logroñés (30),0-0,?,Atlético Madrid (30)
?,(Sun) 23 Apr 1995 (W16),Real Racing Santander (30),0-3,?,Sevilla FC (30)
?,(Sun) 23 Apr 1995 (W16),Sporting Gijón (30),0-0,?,RCD Espanyol (30)
?,(Sun) 30 Apr 1995 (W17),Atlético Madrid (31),4-0,?,Albacete Balompié (31)
?,(Sun) 30 Apr 1995 (W17),SD Compostela (31),3-2,?,Sporting Gijón (31)
?,(Sun) 30 Apr 1995 (W17),RCD Espanyol (31),2-0,?,Real Racing Santander (31)
?,(Sun) 30 Apr 1995 (W17),Real Oviedo (31),2-2,?,RC Celta Vigo (31)
?,(Sun) 30 Apr 1995 (W17),Sevilla FC (31),4-2,?,FC Barcelona (31)
?,(Sun) 30 Apr 1995 (W17),Real Sociedad (31),1-1,?,Real Betis (31)
?,(Sun) 30 Apr 1995 (W17),CD Tenerife (31),0-1,?,Real Madrid (31)
?,(Sun) 30 Apr 1995 (W17),Valencia CF (31),3-0,?,CD Logroñés (31)
?,(Sun) 30 Apr 1995 (W17),Real Valladolid CF (31),0-0,?,RCD La Coruña (31)
?,(Sun) 30 Apr 1995 (W17),Real Zaragoza (31),1-4,?,Athletic Club Bilbao (31)
?,(Sat) 6 May 1995 (W18),RCD La Coruña (32),1-0,?,FC Barcelona (32)
?,(Sat) 6 May 1995 (W18),Sporting Gijón (32),1-3,?,Real Zaragoza (32)
?,(Sun) 7 May 1995 (W18),Albacete Balompié (32),1-0,?,Valencia CF (32)
?,(Sun) 7 May 1995 (W18),Athletic Club Bilbao (32),3-1,?,Atlético Madrid (32)
?,(Sun) 7 May 1995 (W18),Real Betis (32),0-0,?,Real Oviedo (32)
?,(Sun) 7 May 1995 (W18),RC Celta Vigo (32),1-0,?,Real Valladolid CF (32)
?,(Sun) 7 May 1995 (W18),RCD Espanyol (32),2-2,?,Sevilla FC (32)
?,(Sun) 7 May 1995 (W18),CD Logroñés (32),4-2,?,CD Tenerife (32)
?,(Sun) 7 May 1995 (W18),Real Madrid (32),0-0,?,Real Sociedad (32)
?,(Sun) 7 May 1995 (W18),Real Racing Santander (32),2-2,?,SD Compostela (32)
?,(Sat) 13 May 1995 (W19),Sevilla FC (33),0-0,?,RCD La Coruña (33)
?,(Sat) 13 May 1995 (W19),Valencia CF (33),3-1,?,Athletic Club Bilbao (33)
?,(Sun) 14 May 1995 (W19),Atlético Madrid (33),3-2,?,Sporting Gijón (33)
?,(Sun) 14 May 1995 (W19),FC Barcelona (33),1-1,?,RC Celta Vigo (33)
?,(Sun) 14 May 1995 (W19),SD Compostela (33),1-1,?,RCD Espanyol (33)
?,(Sun) 14 May 1995 (W19),Real Oviedo (33),3-2,?,Real Madrid (33)
?,(Sun) 14 May 1995 (W19),Real Sociedad (33),6-0,?,CD Logroñés (33)
?,(Sun) 14 May 1995 (W19),CD Tenerife (33),2-2,?,Albacete Balompié (33)
?,(Sun) 14 May 1995 (W19),Real Valladolid CF (33),0-2,?,Real Betis (33)
?,(Sun) 14 May 1995 (W19),Real Zaragoza (33),1-1,?,Real Racing Santander (33)
?,(Sat) 20 May 1995 (W20),RCD Espanyol (34),2-0,?,Real Zaragoza (34)
?,(Sun) 21 May 1995 (W20),Albacete Balompié (34),0-1,?,Real Sociedad (34)
?,(Sun) 21 May 1995 (W20),Athletic Club Bilbao (34),3-2,?,CD Tenerife (34)
?,(Sun) 21 May 1995 (W20),Real Betis (34),1-1,?,FC Barcelona (34)
?,(Sun) 21 May 1995 (W20),RC Celta Vigo (34),0-2,?,RCD La Coruña (34)
?,(Sun) 21 May 1995 (W20),SD Compostela (34),0-4,?,Sevilla FC (34)
?,(Sun) 21 May 1995 (W20),CD Logroñés (34),0-2,?,Real Oviedo (34)
?,(Sun) 21 May 1995 (W20),Real Madrid (34),1-0,?,Real Valladolid CF (34)
?,(Sun) 21 May 1995 (W20),Real Racing Santander (34),0-0,?,Atlético Madrid (34)
?,(Sun) 21 May 1995 (W20),Sporting Gijón (34),1-0,?,Valencia CF (34)
?,(Sat) 27 May 1995 (W21),FC Barcelona (35),1-0,?,Real Madrid (35)
?,(Sat) 27 May 1995 (W21),RCD La Coruña (35),2-0,?,Real Betis (35)
?,(Sat) 27 May 1995 (W21),Real Oviedo (35),1-3,?,Albacete Balompié (35)
?,(Sat) 27 May 1995 (W21),CD Tenerife (35),3-0,?,Sporting Gijón (35)
?,(Sat) 27 May 1995 (W21),Valencia CF (35),1-1,?,Real Racing Santander (35)
?,(Sun) 28 May 1995 (W21),Atlético Madrid (35),3-1,?,RCD Espanyol (35)
?,(Sun) 28 May 1995 (W21),Sevilla FC (35),2-3,?,RC Celta Vigo (35)
?,(Sun) 28 May 1995 (W21),Real Sociedad (35),5-0,?,Athletic Club Bilbao (35)
?,(Sun) 28 May 1995 (W21),Real Valladolid CF (35),2-1,?,CD Logroñés (35)
?,(Sun) 28 May 1995 (W21),Real Zaragoza (35),5-3,?,SD Compostela (35)
?,(Sat) 3 Jun 1995 (W22),RCD Espanyol (36),5-0,?,Valencia CF (36)
?,(Sat) 3 Jun 1995 (W22),Real Madrid (36),2-1,?,RCD La Coruña (36)
?,(Sun) 4 Jun 1995 (W22),Albacete Balompié (36),1-0,?,Real Valladolid CF (36)
?,(Sun) 4 Jun 1995 (W22),Athletic Club Bilbao (36),1-0,?,Real Oviedo (36)
?,(Sun) 4 Jun 1995 (W22),Real Betis (36),1-1,?,RC Celta Vigo (36)
?,(Sun) 4 Jun 1995 (W22),SD Compostela (36),2-1,?,Atlético Madrid (36)
?,(Sun) 4 Jun 1995 (W22),CD Logroñés (36),1-4,?,FC Barcelona (36)
?,(Sun) 4 Jun 1995 (W22),Real Racing Santander (36),2-1,?,CD Tenerife (36)
?,(Sun) 4 Jun 1995 (W22),Sporting Gijón (36),1-2,?,Real Sociedad (36)
?,(Sun) 4 Jun 1995 (W22),Real Zaragoza (36),0-1,?,Sevilla FC (36)
?,(Sat) 10 Jun 1995 (W23),FC Barcelona (37),0-1,?,Albacete Balompié (37)
?,(Sat) 10 Jun 1995 (W23),RC Celta Vigo (37),0-2,?,Real Madrid (37)
?,(Sat) 10 Jun 1995 (W23),RCD La Coruña (37),5-0,?,CD Logroñés (37)
?,(Sat) 10 Jun 1995 (W23),Valencia CF (37),4-1,?,SD Compostela (37)
?,(Sun) 11 Jun 1995 (W23),Atlético Madrid (37),2-0,?,Real Zaragoza (37)
?,(Sun) 11 Jun 1995 (W23),Real Betis (37),2-1,?,Sevilla FC (37)
?,(Sun) 11 Jun 1995 (W23),Real Oviedo (37),1-0,?,Sporting Gijón (37)
?,(Sun) 11 Jun 1995 (W23),Real Sociedad (37),0-1,?,Real Racing Santander (37)
?,(Sun) 11 Jun 1995 (W23),CD Tenerife (37),1-1,?,RCD Espanyol (37)
?,(Sun) 11 Jun 1995 (W23),Real Valladolid CF (37),0-1,?,Athletic Club Bilbao (37)
?,(Sat) 17 Jun 1995 (W24),Sporting Gijón (38),1-3,?,Real Valladolid CF (38)
?,(Sun) 18 Jun 1995 (W24),Albacete Balompié (38),2-8,?,RCD La Coruña (38)
?,(Sun) 18 Jun 1995 (W24),Athletic Club Bilbao (38),0-2,?,FC Barcelona (38)
?,(Sun) 18 Jun 1995 (W24),SD Compostela (38),2-0,?,CD Tenerife (38)
?,(Sun) 18 Jun 1995 (W24),RCD Espanyol (38),0-0,?,Real Sociedad (38)
?,(Sun) 18 Jun 1995 (W24),CD Logroñés (38),0-3,?,RC Celta Vigo (38)
?,(Sun) 18 Jun 1995 (W24),Real Madrid (38),0-2,?,Real Betis (38)
?,(Sun) 18 Jun 1995 (W24),Real Racing Santander (38),2-0,?,Real Oviedo (38)
?,(Sun) 18 Jun 1995 (W24),Sevilla FC (38),2-2,?,Atlético Madrid (38)
?,(Sun) 18 Jun 1995 (W24),Real Zaragoza (38),2-2,?,Valencia CF (38)
