Round,Date,Team 1,FT,HT,Team 2
?,(Sat) 31 Aug 1991 (34),Athletic Club Bilbao (1),0-2,?,Sevilla FC (1)
?,(Sat) 31 Aug 1991 (34),Cádiz CF (1),0-1,?,Real Madrid CF (1)
?,(Sat) 31 Aug 1991 (34),Valencia CF (1),2-1,?,RCD La Coruña (1)
?,(Sun) 1 Sep 1991 (34),Atlético Madrid (1),2-0,?,Real Burgos CF (1)
?,(Sun) 1 Sep 1991 (34),FC Barcelona (1),2-0,?,Real Sociedad (1)
?,(Sun) 1 Sep 1991 (34),CA Osasuna (1),2-0,?,Albacete Balompié (1)
?,(Sun) 1 Sep 1991 (34),Real Oviedo (1),0-0,?,RCD Mallorca (1)
?,(Sun) 1 Sep 1991 (34),CD Tenerife (1),3-0,?,CD Logroñés (1)
?,(Sun) 1 Sep 1991 (34),Real Valladolid CF (1),0-1,?,Real Sporting (1)
?,(Sun) 1 Sep 1991 (34),Real Zaragoza (1),1-1,?,RCD Español (1)
?,(Sat) 7 Sep 1991 (35),Sevilla FC (2),4-2,?,FC Barcelona (2)
?,(Sun) 8 Sep 1991 (35),Albacete Balompié (2),1-0,?,Valencia CF (2)
?,(Sun) 8 Sep 1991 (35),RCD La Coruña (2),1-1,?,CD Tenerife (2)
?,(Sun) 8 Sep 1991 (35),RCD Español (2),0-1,?,Real Oviedo (2)
?,(Sun) 8 Sep 1991 (35),Real Sporting (2),3-2,?,Athletic Club Bilbao (2)
?,(Sun) 8 Sep 1991 (35),CD Logroñés (2),2-1,?,Cádiz CF (2)
?,(Sun) 8 Sep 1991 (35),RCD Mallorca (2),0-2,?,Atlético Madrid (2)
?,(Sun) 8 Sep 1991 (35),Real Sociedad (2),0-0,?,Real Zaragoza (2)
?,(Sun) 8 Sep 1991 (35),Real Burgos CF (2),4-0,?,CA Osasuna (2)
?,(Sun) 8 Sep 1991 (35),Real Madrid CF (2),1-0,?,Real Valladolid CF (2)
?,(Sat) 14 Sep 1991 (36),Athletic Club Bilbao (3),1-4,?,Real Madrid CF (3)
?,(Sat) 14 Sep 1991 (36),FC Barcelona (3),3-1,?,Real Zaragoza (3)
?,(Sat) 14 Sep 1991 (36),CA Osasuna (3),1-0,?,RCD Mallorca (3)
?,(Sat) 14 Sep 1991 (36),Real Oviedo (3),2-0,?,Real Sociedad (3)
?,(Sat) 14 Sep 1991 (36),Valencia CF (3),1-1,?,Real Burgos CF (3)
?,(Sun) 15 Sep 1991 (36),Atlético Madrid (3),3-0,?,RCD Español (3)
?,(Sun) 15 Sep 1991 (36),Cádiz CF (3),1-0,?,RCD La Coruña (3)
?,(Sun) 15 Sep 1991 (36),Sevilla FC (3),2-1,?,Real Sporting (3)
?,(Sun) 15 Sep 1991 (36),CD Tenerife (3),2-3,?,Albacete Balompié (3)
?,(Sun) 15 Sep 1991 (36),Real Valladolid CF (3),1-2,?,CD Logroñés (3)
?,(Sat) 28 Sep 1991 (38),Real Sporting (4),2-1,?,FC Barcelona (4)
?,(Sat) 28 Sep 1991 (38),Real Sociedad (4),0-2,?,Atlético Madrid (4)
?,(Sat) 28 Sep 1991 (38),Real Madrid CF (4),3-1,?,Sevilla FC (4)
?,(Sat) 28 Sep 1991 (38),Real Zaragoza (4),3-2,?,Real Oviedo (4)
?,(Sun) 29 Sep 1991 (38),Albacete Balompié (4),0-1,?,Cádiz CF (4)
?,(Sun) 29 Sep 1991 (38),RCD La Coruña (4),1-0,?,Real Valladolid CF (4)
?,(Sun) 29 Sep 1991 (38),RCD Español (4),3-2,?,CA Osasuna (4)
?,(Sun) 29 Sep 1991 (38),CD Logroñés (4),0-1,?,Athletic Club Bilbao (4)
?,(Sun) 29 Sep 1991 (38),RCD Mallorca (4),0-1,?,Valencia CF (4)
?,(Sun) 29 Sep 1991 (38),Real Burgos CF (4),3-1,?,CD Tenerife (4)
?,(Sat) 5 Oct 1991 (39),Valencia CF (5),1-0,?,RCD Español (5)
?,(Sun) 6 Oct 1991 (39),Athletic Club Bilbao (5),0-0,?,RCD La Coruña (5)
?,(Sun) 6 Oct 1991 (39),Atlético Madrid (5),2-1,?,Real Zaragoza (5)
?,(Sun) 6 Oct 1991 (39),FC Barcelona (5),1-2,?,Real Oviedo (5)
?,(Sun) 6 Oct 1991 (39),Cádiz CF (5),0-2,?,Real Burgos CF (5)
?,(Sun) 6 Oct 1991 (39),Real Sporting (5),1-4,?,Real Madrid CF (5)
?,(Sun) 6 Oct 1991 (39),CA Osasuna (5),1-0,?,Real Sociedad (5)
?,(Sun) 6 Oct 1991 (39),Sevilla FC (5),0-1,?,CD Logroñés (5)
?,(Sun) 6 Oct 1991 (39),CD Tenerife (5),0-1,?,RCD Mallorca (5)
?,(Sun) 6 Oct 1991 (39),Real Valladolid CF (5),1-0,?,Albacete Balompié (5)
?,(Sat) 19 Oct 1991 (41),Real Madrid CF (6),1-1,?,FC Barcelona (6)
?,(Sat) 19 Oct 1991 (41),Real Oviedo (6),0-1,?,Atlético Madrid (6)
?,(Sun) 20 Oct 1991 (41),Albacete Balompié (6),4-0,?,Athletic Club Bilbao (6)
?,(Sun) 20 Oct 1991 (41),RCD La Coruña (6),3-1,?,Sevilla FC (6)
?,(Sun) 20 Oct 1991 (41),RCD Español (6),2-2,?,CD Tenerife (6)
?,(Sun) 20 Oct 1991 (41),CD Logroñés (6),0-0,?,Real Sporting (6)
?,(Sun) 20 Oct 1991 (41),RCD Mallorca (6),1-0,?,Cádiz CF (6)
?,(Sun) 20 Oct 1991 (41),Real Sociedad (6),3-1,?,Valencia CF (6)
?,(Sun) 20 Oct 1991 (41),Real Burgos CF (6),1-0,?,Real Valladolid CF (6)
?,(Sun) 20 Oct 1991 (41),Real Zaragoza (6),2-0,?,CA Osasuna (6)
?,(Sat) 26 Oct 1991 (42),FC Barcelona (7),1-0,?,Atlético Madrid (7)
?,(Sun) 27 Oct 1991 (42),Athletic Club Bilbao (7),0-0,?,Real Burgos CF (7)
?,(Sun) 27 Oct 1991 (42),Cádiz CF (7),2-1,?,RCD Español (7)
?,(Sun) 27 Oct 1991 (42),Real Sporting (7),1-0,?,RCD La Coruña (7)
?,(Sun) 27 Oct 1991 (42),CA Osasuna (7),1-0,?,Real Oviedo (7)
?,(Sun) 27 Oct 1991 (42),Real Madrid CF (7),3-0,?,CD Logroñés (7)
?,(Sun) 27 Oct 1991 (42),Sevilla FC (7),3-0,?,Albacete Balompié (7)
?,(Sun) 27 Oct 1991 (42),CD Tenerife (7),0-0,?,Real Sociedad (7)
?,(Sun) 27 Oct 1991 (42),Valencia CF (7),0-1,?,Real Zaragoza (7)
?,(Sun) 27 Oct 1991 (42),Real Valladolid CF (7),2-1,?,RCD Mallorca (7)
?,(Sat) 2 Nov 1991 (43),Atlético Madrid (8),1-0,?,CA Osasuna (8)
?,(Sat) 2 Nov 1991 (43),RCD La Coruña (8),0-3,?,Real Madrid CF (8)
?,(Sun) 3 Nov 1991 (43),Albacete Balompié (8),0-2,?,Real Sporting (8)
?,(Sun) 3 Nov 1991 (43),RCD Español (8),0-2,?,Real Valladolid CF (8)
?,(Sun) 3 Nov 1991 (43),CD Logroñés (8),2-2,?,FC Barcelona (8)
?,(Sun) 3 Nov 1991 (43),RCD Mallorca (8),1-2,?,Athletic Club Bilbao (8)
?,(Sun) 3 Nov 1991 (43),Real Sociedad (8),1-0,?,Cádiz CF (8)
?,(Sun) 3 Nov 1991 (43),Real Burgos CF (8),1-0,?,Sevilla FC (8)
?,(Sun) 3 Nov 1991 (43),Real Oviedo (8),2-2,?,Valencia CF (8)
?,(Sun) 3 Nov 1991 (43),Real Zaragoza (8),3-0,?,CD Tenerife (8)
?,(Sat) 9 Nov 1991 (44),Valencia CF (9),2-0,?,Atlético Madrid (9)
?,(Sun) 10 Nov 1991 (44),Athletic Club Bilbao (9),0-2,?,RCD Español (9)
?,(Sun) 10 Nov 1991 (44),FC Barcelona (9),2-0,?,CA Osasuna (9)
?,(Sun) 10 Nov 1991 (44),Cádiz CF (9),0-0,?,Real Zaragoza (9)
?,(Sun) 10 Nov 1991 (44),Real Sporting (9),0-0,?,Real Burgos CF (9)
?,(Sun) 10 Nov 1991 (44),CD Logroñés (9),2-1,?,RCD La Coruña (9)
?,(Sun) 10 Nov 1991 (44),Real Madrid CF (9),2-1,?,Albacete Balompié (9)
?,(Sun) 10 Nov 1991 (44),Sevilla FC (9),2-0,?,RCD Mallorca (9)
?,(Sun) 10 Nov 1991 (44),CD Tenerife (9),1-0,?,Real Oviedo (9)
?,(Sun) 10 Nov 1991 (44),Real Valladolid CF (9),2-2,?,Real Sociedad (9)
?,(Sat) 16 Nov 1991 (45),Real Sociedad (10),2-0,?,Athletic Club Bilbao (10)
?,(Sun) 17 Nov 1991 (45),Albacete Balompié (10),2-0,?,CD Logroñés (10)
?,(Sun) 17 Nov 1991 (45),Atlético Madrid (10),1-0,?,CD Tenerife (10)
?,(Sun) 17 Nov 1991 (45),RCD La Coruña (10),0-4,?,FC Barcelona (10)
?,(Sun) 17 Nov 1991 (45),RCD Español (10),1-1,?,Sevilla FC (10)
?,(Sun) 17 Nov 1991 (45),RCD Mallorca (10),0-1,?,Real Sporting (10)
?,(Sun) 17 Nov 1991 (45),CA Osasuna (10),0-1,?,Valencia CF (10)
?,(Sun) 17 Nov 1991 (45),Real Burgos CF (10),0-2,?,Real Madrid CF (10)
?,(Sun) 17 Nov 1991 (45),Real Oviedo (10),2-1,?,Cádiz CF (10)
?,(Sun) 17 Nov 1991 (45),Real Zaragoza (10),2-0,?,Real Valladolid CF (10)
?,(Sat) 23 Nov 1991 (46),FC Barcelona (11),3-1,?,Valencia CF (11)
?,(Sun) 24 Nov 1991 (46),Athletic Club Bilbao (11),1-0,?,Real Zaragoza (11)
?,(Sun) 24 Nov 1991 (46),Cádiz CF (11),1-1,?,Atlético Madrid (11)
?,(Sun) 24 Nov 1991 (46),RCD La Coruña (11),2-2,?,Albacete Balompié (11)
?,(Sun) 24 Nov 1991 (46),Real Sporting (11),3-0,?,RCD Español (11)
?,(Sun) 24 Nov 1991 (46),CD Logroñés (11),1-2,?,Real Burgos CF (11)
?,(Sun) 24 Nov 1991 (46),Real Madrid CF (11),2-0,?,RCD Mallorca (11)
?,(Sun) 24 Nov 1991 (46),Sevilla FC (11),2-2,?,Real Sociedad (11)
?,(Sun) 24 Nov 1991 (46),CD Tenerife (11),0-0,?,CA Osasuna (11)
?,(Sun) 24 Nov 1991 (46),Real Valladolid CF (11),1-1,?,Real Oviedo (11)
?,(Sat) 30 Nov 1991 (47),Albacete Balompié (12),1-1,?,FC Barcelona (12)
?,(Sun) 1 Dec 1991 (47),Atlético Madrid (12),5-1,?,Real Valladolid CF (12)
?,(Sun) 1 Dec 1991 (47),RCD Español (12),1-5,?,Real Madrid CF (12)
?,(Sun) 1 Dec 1991 (47),CA Osasuna (12),1-0,?,Cádiz CF (12)
?,(Sun) 1 Dec 1991 (47),Real Sociedad (12),0-0,?,Real Sporting (12)
?,(Sun) 1 Dec 1991 (47),Real Burgos CF (12),0-0,?,RCD La Coruña (12)
?,(Sun) 1 Dec 1991 (47),Real Oviedo (12),1-1,?,Athletic Club Bilbao (12)
?,(Sun) 1 Dec 1991 (47),Valencia CF (12),1-0,?,CD Tenerife (12)
?,(Sun) 1 Dec 1991 (47),Real Zaragoza (12),1-1,?,Sevilla FC (12)
?,(Wed) 12 Feb 1992 (6),RCD Mallorca (12),2-1,?,CD Logroñés (12)
?,(Sat) 7 Dec 1991 (48),FC Barcelona (13),5-3,?,CD Tenerife (13)
?,(Sat) 7 Dec 1991 (48),Real Madrid CF (13),4-1,?,Real Sociedad (13)
?,(Sun) 8 Dec 1991 (48),Albacete Balompié (13),1-0,?,Real Burgos CF (13)
?,(Sun) 8 Dec 1991 (48),Athletic Club Bilbao (13),3-2,?,Atlético Madrid (13)
?,(Sun) 8 Dec 1991 (48),Cádiz CF (13),2-0,?,Valencia CF (13)
?,(Sun) 8 Dec 1991 (48),RCD La Coruña (13),1-0,?,RCD Mallorca (13)
?,(Sun) 8 Dec 1991 (48),Real Sporting (13),1-2,?,Real Zaragoza (13)
?,(Sun) 8 Dec 1991 (48),CD Logroñés (13),2-1,?,RCD Español (13)
?,(Sun) 8 Dec 1991 (48),Sevilla FC (13),1-1,?,Real Oviedo (13)
?,(Sun) 8 Dec 1991 (48),Real Valladolid CF (13),1-1,?,CA Osasuna (13)
?,(Sat) 14 Dec 1991 (49),Atlético Madrid (14),0-3,?,Sevilla FC (14)
?,(Sun) 15 Dec 1991 (49),RCD Español (14),0-3,?,RCD La Coruña (14)
?,(Sun) 15 Dec 1991 (49),RCD Mallorca (14),0-1,?,Albacete Balompié (14)
?,(Sun) 15 Dec 1991 (49),CA Osasuna (14),1-1,?,Athletic Club Bilbao (14)
?,(Sun) 15 Dec 1991 (49),Real Sociedad (14),4-0,?,CD Logroñés (14)
?,(Sun) 15 Dec 1991 (49),Real Burgos CF (14),2-2,?,FC Barcelona (14)
?,(Sun) 15 Dec 1991 (49),Real Oviedo (14),1-0,?,Real Sporting (14)
?,(Sun) 15 Dec 1991 (49),CD Tenerife (14),3-1,?,Cádiz CF (14)
?,(Sun) 15 Dec 1991 (49),Valencia CF (14),3-1,?,Real Valladolid CF (14)
?,(Sun) 15 Dec 1991 (49),Real Zaragoza (14),1-1,?,Real Madrid CF (14)
?,(Sat) 21 Dec 1991 (50),Athletic Club Bilbao (15),2-3,?,Valencia CF (15)
?,(Sat) 21 Dec 1991 (50),FC Barcelona (15),4-1,?,Cádiz CF (15)
?,(Sun) 22 Dec 1991 (50),Albacete Balompié (15),3-2,?,RCD Español (15)
?,(Sun) 22 Dec 1991 (50),RCD La Coruña (15),0-0,?,Real Sociedad (15)
?,(Sun) 22 Dec 1991 (50),Real Sporting (15),0-1,?,Atlético Madrid (15)
?,(Sun) 22 Dec 1991 (50),CD Logroñés (15),0-2,?,Real Zaragoza (15)
?,(Sun) 22 Dec 1991 (50),Real Burgos CF (15),0-0,?,RCD Mallorca (15)
?,(Sun) 22 Dec 1991 (50),Real Madrid CF (15),0-0,?,Real Oviedo (15)
?,(Sun) 22 Dec 1991 (50),Sevilla FC (15),1-0,?,CA Osasuna (15)
?,(Sun) 22 Dec 1991 (50),Real Valladolid CF (15),2-2,?,CD Tenerife (15)
?,(Sat) 4 Jan 1992 (0),Atlético Madrid (16),2-0,?,Real Madrid CF (16)
?,(Sat) 4 Jan 1992 (0),CD Tenerife (16),4-1,?,Athletic Club Bilbao (16)
?,(Sun) 5 Jan 1992 (0),Cádiz CF (16),0-0,?,Real Valladolid CF (16)
?,(Sun) 5 Jan 1992 (0),RCD Español (16),0-0,?,Real Burgos CF (16)
?,(Sun) 5 Jan 1992 (0),RCD Mallorca (16),1-2,?,FC Barcelona (16)
?,(Sun) 5 Jan 1992 (0),CA Osasuna (16),0-2,?,Real Sporting (16)
?,(Sun) 5 Jan 1992 (0),Real Sociedad (16),0-1,?,Albacete Balompié (16)
?,(Sun) 5 Jan 1992 (0),Real Oviedo (16),2-3,?,CD Logroñés (16)
?,(Sun) 5 Jan 1992 (0),Valencia CF (16),3-2,?,Sevilla FC (16)
?,(Sun) 5 Jan 1992 (0),Real Zaragoza (16),1-0,?,RCD La Coruña (16)
?,(Sat) 11 Jan 1992 (1),CD Logroñés (17),1-0,?,Atlético Madrid (17)
?,(Sun) 12 Jan 1992 (1),Albacete Balompié (17),1-1,?,Real Zaragoza (17)
?,(Sun) 12 Jan 1992 (1),Athletic Club Bilbao (17),3-1,?,Cádiz CF (17)
?,(Sun) 12 Jan 1992 (1),FC Barcelona (17),2-1,?,Real Valladolid CF (17)
?,(Sun) 12 Jan 1992 (1),RCD La Coruña (17),0-0,?,Real Oviedo (17)
?,(Sun) 12 Jan 1992 (1),Real Sporting (17),0-3,?,Valencia CF (17)
?,(Sun) 12 Jan 1992 (1),RCD Mallorca (17),1-0,?,RCD Español (17)
?,(Sun) 12 Jan 1992 (1),Real Burgos CF (17),0-1,?,Real Sociedad (17)
?,(Sun) 12 Jan 1992 (1),Real Madrid CF (17),5-2,?,CA Osasuna (17)
?,(Sun) 12 Jan 1992 (1),Sevilla FC (17),4-1,?,CD Tenerife (17)
?,(Sat) 18 Jan 1992 (2),Valencia CF (18),2-1,?,Real Madrid CF (18)
?,(Sun) 19 Jan 1992 (2),Atlético Madrid (18),1-2,?,RCD La Coruña (18)
?,(Sun) 19 Jan 1992 (2),FC Barcelona (18),4-3,?,RCD Español (18)
?,(Sun) 19 Jan 1992 (2),Cádiz CF (18),1-1,?,Sevilla FC (18)
?,(Sun) 19 Jan 1992 (2),CA Osasuna (18),3-0,?,CD Logroñés (18)
?,(Sun) 19 Jan 1992 (2),Real Sociedad (18),1-0,?,RCD Mallorca (18)
?,(Sun) 19 Jan 1992 (2),Real Oviedo (18),0-1,?,Albacete Balompié (18)
?,(Sun) 19 Jan 1992 (2),CD Tenerife (18),0-0,?,Real Sporting (18)
?,(Sun) 19 Jan 1992 (2),Real Valladolid CF (18),1-1,?,Athletic Club Bilbao (18)
?,(Sun) 19 Jan 1992 (2),Real Zaragoza (18),1-0,?,Real Burgos CF (18)
?,(Sat) 25 Jan 1992 (3),Athletic Club Bilbao (19),0-2,?,FC Barcelona (19)
?,(Sun) 26 Jan 1992 (3),Albacete Balompié (19),3-1,?,Atlético Madrid (19)
?,(Sun) 26 Jan 1992 (3),RCD La Coruña (19),0-0,?,CA Osasuna (19)
?,(Sun) 26 Jan 1992 (3),RCD Español (19),2-0,?,Real Sociedad (19)
?,(Sun) 26 Jan 1992 (3),Real Sporting (19),2-1,?,Cádiz CF (19)
?,(Sun) 26 Jan 1992 (3),CD Logroñés (19),0-0,?,Valencia CF (19)
?,(Sun) 26 Jan 1992 (3),RCD Mallorca (19),0-1,?,Real Zaragoza (19)
?,(Sun) 26 Jan 1992 (3),Real Burgos CF (19),1-0,?,Real Oviedo (19)
?,(Sun) 26 Jan 1992 (3),Real Madrid CF (19),2-1,?,CD Tenerife (19)
?,(Sun) 26 Jan 1992 (3),Sevilla FC (19),2-1,?,Real Valladolid CF (19)
?,(Sat) 1 Feb 1992 (4),Real Burgos CF (20),1-1,?,Atlético Madrid (20)
?,(Sun) 2 Feb 1992 (4),Albacete Balompié (20),1-0,?,CA Osasuna (20)
?,(Sun) 2 Feb 1992 (4),RCD La Coruña (20),0-1,?,Valencia CF (20)
?,(Sun) 2 Feb 1992 (4),RCD Español (20),1-0,?,Real Zaragoza (20)
?,(Sun) 2 Feb 1992 (4),Real Sporting (20),1-0,?,Real Valladolid CF (20)
?,(Sun) 2 Feb 1992 (4),CD Logroñés (20),2-0,?,CD Tenerife (20)
?,(Sun) 2 Feb 1992 (4),RCD Mallorca (20),2-1,?,Real Oviedo (20)
?,(Sun) 2 Feb 1992 (4),Real Sociedad (20),2-1,?,FC Barcelona (20)
?,(Sun) 2 Feb 1992 (4),Real Madrid CF (20),1-1,?,Cádiz CF (20)
?,(Sun) 2 Feb 1992 (4),Sevilla FC (20),1-2,?,Athletic Club Bilbao (20)
?,(Sat) 8 Feb 1992 (5),FC Barcelona (21),1-0,?,Sevilla FC (21)
?,(Sun) 9 Feb 1992 (5),Athletic Club Bilbao (21),2-0,?,Real Sporting (21)
?,(Sun) 9 Feb 1992 (5),Atlético Madrid (21),3-0,?,RCD Mallorca (21)
?,(Sun) 9 Feb 1992 (5),Cádiz CF (21),2-0,?,CD Logroñés (21)
?,(Sun) 9 Feb 1992 (5),CA Osasuna (21),1-1,?,Real Burgos CF (21)
?,(Sun) 9 Feb 1992 (5),Real Oviedo (21),1-0,?,RCD Español (21)
?,(Sun) 9 Feb 1992 (5),CD Tenerife (21),1-0,?,RCD La Coruña (21)
?,(Sun) 9 Feb 1992 (5),Valencia CF (21),1-1,?,Albacete Balompié (21)
?,(Sun) 9 Feb 1992 (5),Real Valladolid CF (21),2-1,?,Real Madrid CF (21)
?,(Sun) 9 Feb 1992 (5),Real Zaragoza (21),1-3,?,Real Sociedad (21)
?,(Sat) 15 Feb 1992 (6),Real Zaragoza (22),0-4,?,FC Barcelona (22)
?,(Sun) 16 Feb 1992 (6),Albacete Balompié (22),1-1,?,CD Tenerife (22)
?,(Sun) 16 Feb 1992 (6),RCD La Coruña (22),1-1,?,Cádiz CF (22)
?,(Sun) 16 Feb 1992 (6),RCD Español (22),1-2,?,Atlético Madrid (22)
?,(Sun) 16 Feb 1992 (6),Real Sporting (22),2-1,?,Sevilla FC (22)
?,(Sun) 16 Feb 1992 (6),CD Logroñés (22),0-0,?,Real Valladolid CF (22)
?,(Sun) 16 Feb 1992 (6),RCD Mallorca (22),1-1,?,CA Osasuna (22)
?,(Sun) 16 Feb 1992 (6),Real Sociedad (22),2-1,?,Real Oviedo (22)
?,(Sun) 16 Feb 1992 (6),Real Burgos CF (22),2-1,?,Valencia CF (22)
?,(Sun) 16 Feb 1992 (6),Real Madrid CF (22),5-0,?,Athletic Club Bilbao (22)
?,(Sat) 22 Feb 1992 (7),Sevilla FC (23),1-0,?,Real Madrid CF (23)
?,(Sat) 22 Feb 1992 (7),Valencia CF (23),1-1,?,RCD Mallorca (23)
?,(Sun) 23 Feb 1992 (7),Athletic Club Bilbao (23),1-2,?,CD Logroñés (23)
?,(Sun) 23 Feb 1992 (7),Atlético Madrid (23),5-1,?,Real Sociedad (23)
?,(Sun) 23 Feb 1992 (7),FC Barcelona (23),1-1,?,Real Sporting (23)
?,(Sun) 23 Feb 1992 (7),Cádiz CF (23),1-1,?,Albacete Balompié (23)
?,(Sun) 23 Feb 1992 (7),CA Osasuna (23),0-1,?,RCD Español (23)
?,(Sun) 23 Feb 1992 (7),Real Oviedo (23),2-1,?,Real Zaragoza (23)
?,(Sun) 23 Feb 1992 (7),CD Tenerife (23),4-1,?,Real Burgos CF (23)
?,(Sun) 23 Feb 1992 (7),Real Valladolid CF (23),2-0,?,RCD La Coruña (23)
?,(Sat) 29 Feb 1992 (8),RCD Español (24),0-0,?,Valencia CF (24)
?,(Sat) 29 Feb 1992 (8),Real Madrid CF (24),1-0,?,Real Sporting (24)
?,(Sat) 29 Feb 1992 (8),Real Oviedo (24),0-2,?,FC Barcelona (24)
?,(Sat) 29 Feb 1992 (8),Real Zaragoza (24),1-0,?,Atlético Madrid (24)
?,(Sun) 1 Mar 1992 (8),Albacete Balompié (24),3-1,?,Real Valladolid CF (24)
?,(Sun) 1 Mar 1992 (8),RCD La Coruña (24),0-0,?,Athletic Club Bilbao (24)
?,(Sun) 1 Mar 1992 (8),CD Logroñés (24),1-0,?,Sevilla FC (24)
?,(Sun) 1 Mar 1992 (8),RCD Mallorca (24),0-2,?,CD Tenerife (24)
?,(Sun) 1 Mar 1992 (8),Real Sociedad (24),0-0,?,CA Osasuna (24)
?,(Sun) 1 Mar 1992 (8),Real Burgos CF (24),1-1,?,Cádiz CF (24)
?,(Sat) 7 Mar 1992 (9),FC Barcelona (25),1-1,?,Real Madrid CF (25)
?,(Sun) 8 Mar 1992 (9),Athletic Club Bilbao (25),1-0,?,Albacete Balompié (25)
?,(Sun) 8 Mar 1992 (9),Atlético Madrid (25),3-1,?,Real Oviedo (25)
?,(Sun) 8 Mar 1992 (9),Cádiz CF (25),1-3,?,RCD Mallorca (25)
?,(Sun) 8 Mar 1992 (9),Real Sporting (25),1-1,?,CD Logroñés (25)
?,(Sun) 8 Mar 1992 (9),CA Osasuna (25),1-0,?,Real Zaragoza (25)
?,(Sun) 8 Mar 1992 (9),Sevilla FC (25),0-0,?,RCD La Coruña (25)
?,(Sun) 8 Mar 1992 (9),CD Tenerife (25),0-1,?,RCD Español (25)
?,(Sun) 8 Mar 1992 (9),Valencia CF (25),1-2,?,Real Sociedad (25)
?,(Sun) 8 Mar 1992 (9),Real Valladolid CF (25),2-0,?,Real Burgos CF (25)
?,(Sat) 14 Mar 1992 (10),Atlético Madrid (26),2-2,?,FC Barcelona (26)
?,(Sat) 14 Mar 1992 (10),CD Logroñés (26),1-0,?,Real Madrid CF (26)
?,(Sun) 15 Mar 1992 (10),Albacete Balompié (26),0-0,?,Sevilla FC (26)
?,(Sun) 15 Mar 1992 (10),RCD La Coruña (26),5-2,?,Real Sporting (26)
?,(Sun) 15 Mar 1992 (10),RCD Español (26),3-1,?,Cádiz CF (26)
?,(Sun) 15 Mar 1992 (10),RCD Mallorca (26),1-1,?,Real Valladolid CF (26)
?,(Sun) 15 Mar 1992 (10),Real Sociedad (26),1-0,?,CD Tenerife (26)
?,(Sun) 15 Mar 1992 (10),Real Burgos CF (26),2-0,?,Athletic Club Bilbao (26)
?,(Sun) 15 Mar 1992 (10),Real Oviedo (26),3-1,?,CA Osasuna (26)
?,(Sun) 15 Mar 1992 (10),Real Zaragoza (26),0-3,?,Valencia CF (26)
?,(Sat) 21 Mar 1992 (11),Real Valladolid CF (27),0-0,?,RCD Español (27)
?,(Sun) 22 Mar 1992 (11),Athletic Club Bilbao (27),2-0,?,RCD Mallorca (27)
?,(Sun) 22 Mar 1992 (11),FC Barcelona (27),1-0,?,CD Logroñés (27)
?,(Sun) 22 Mar 1992 (11),Cádiz CF (27),0-0,?,Real Sociedad (27)
?,(Sun) 22 Mar 1992 (11),Real Sporting (27),0-2,?,Albacete Balompié (27)
?,(Sun) 22 Mar 1992 (11),CA Osasuna (27),1-1,?,Atlético Madrid (27)
?,(Sun) 22 Mar 1992 (11),Real Madrid CF (27),1-0,?,RCD La Coruña (27)
?,(Sun) 22 Mar 1992 (11),Sevilla FC (27),3-2,?,Real Burgos CF (27)
?,(Sun) 22 Mar 1992 (11),CD Tenerife (27),1-0,?,Real Zaragoza (27)
?,(Sun) 22 Mar 1992 (11),Valencia CF (27),6-3,?,Real Oviedo (27)
?,(Sat) 28 Mar 1992 (12),Albacete Balompié (28),1-3,?,Real Madrid CF (28)
?,(Sat) 28 Mar 1992 (12),RCD Mallorca (28),1-0,?,Sevilla FC (28)
?,(Sat) 28 Mar 1992 (12),CA Osasuna (28),0-0,?,FC Barcelona (28)
?,(Sun) 29 Mar 1992 (12),Atlético Madrid (28),1-0,?,Valencia CF (28)
?,(Sun) 29 Mar 1992 (12),RCD La Coruña (28),2-2,?,CD Logroñés (28)
?,(Sun) 29 Mar 1992 (12),RCD Español (28),2-0,?,Athletic Club Bilbao (28)
?,(Sun) 29 Mar 1992 (12),Real Sociedad (28),1-0,?,Real Valladolid CF (28)
?,(Sun) 29 Mar 1992 (12),Real Burgos CF (28),0-1,?,Real Sporting (28)
?,(Sun) 29 Mar 1992 (12),Real Oviedo (28),2-0,?,CD Tenerife (28)
?,(Sun) 29 Mar 1992 (12),Real Zaragoza (28),3-0,?,Cádiz CF (28)
?,(Sat) 4 Apr 1992 (13),Athletic Club Bilbao (29),2-1,?,Real Sociedad (29)
?,(Sat) 4 Apr 1992 (13),Valencia CF (29),1-2,?,CA Osasuna (29)
?,(Sun) 5 Apr 1992 (13),FC Barcelona (29),4-1,?,RCD La Coruña (29)
?,(Sun) 5 Apr 1992 (13),Cádiz CF (29),3-1,?,Real Oviedo (29)
?,(Sun) 5 Apr 1992 (13),Real Sporting (29),2-0,?,RCD Mallorca (29)
?,(Sun) 5 Apr 1992 (13),CD Logroñés (29),1-1,?,Albacete Balompié (29)
?,(Sun) 5 Apr 1992 (13),Real Madrid CF (29),2-0,?,Real Burgos CF (29)
?,(Sun) 5 Apr 1992 (13),Sevilla FC (29),2-1,?,RCD Español (29)
?,(Sun) 5 Apr 1992 (13),CD Tenerife (29),0-1,?,Atlético Madrid (29)
?,(Sun) 5 Apr 1992 (13),Real Valladolid CF (29),0-0,?,Real Zaragoza (29)
?,(Sat) 11 Apr 1992 (14),RCD Mallorca (30),0-0,?,Real Madrid CF (30)
?,(Sat) 11 Apr 1992 (14),Real Sociedad (30),2-1,?,Sevilla FC (30)
?,(Sat) 11 Apr 1992 (14),Valencia CF (30),1-0,?,FC Barcelona (30)
?,(Sun) 12 Apr 1992 (14),Albacete Balompié (30),3-0,?,RCD La Coruña (30)
?,(Sun) 12 Apr 1992 (14),Atlético Madrid (30),5-1,?,Cádiz CF (30)
?,(Sun) 12 Apr 1992 (14),RCD Español (30),2-0,?,Real Sporting (30)
?,(Sun) 12 Apr 1992 (14),CA Osasuna (30),2-0,?,CD Tenerife (30)
?,(Sun) 12 Apr 1992 (14),Real Burgos CF (30),2-0,?,CD Logroñés (30)
?,(Sun) 12 Apr 1992 (14),Real Oviedo (30),2-1,?,Real Valladolid CF (30)
?,(Sun) 12 Apr 1992 (14),Real Zaragoza (30),1-0,?,Athletic Club Bilbao (30)
?,(Sat) 18 Apr 1992 (15),FC Barcelona (31),7-1,?,Albacete Balompié (31)
?,(Sun) 19 Apr 1992 (15),Athletic Club Bilbao (31),0-0,?,Real Oviedo (31)
?,(Sun) 19 Apr 1992 (15),Cádiz CF (31),2-2,?,CA Osasuna (31)
?,(Sun) 19 Apr 1992 (15),RCD La Coruña (31),2-2,?,Real Burgos CF (31)
?,(Sun) 19 Apr 1992 (15),Real Sporting (31),0-1,?,Real Sociedad (31)
?,(Sun) 19 Apr 1992 (15),CD Logroñés (31),2-1,?,RCD Mallorca (31)
?,(Sun) 19 Apr 1992 (15),Real Madrid CF (31),7-0,?,RCD Español (31)
?,(Sun) 19 Apr 1992 (15),Sevilla FC (31),3-0,?,Real Zaragoza (31)
?,(Sun) 19 Apr 1992 (15),CD Tenerife (31),2-1,?,Valencia CF (31)
?,(Sun) 19 Apr 1992 (15),Real Valladolid CF (31),0-1,?,Atlético Madrid (31)
?,(Sat) 25 Apr 1992 (16),CD Tenerife (32),2-1,?,FC Barcelona (32)
?,(Sat) 25 Apr 1992 (16),Valencia CF (32),4-0,?,Cádiz CF (32)
?,(Sun) 26 Apr 1992 (16),Atlético Madrid (32),3-1,?,Athletic Club Bilbao (32)
?,(Sun) 26 Apr 1992 (16),RCD Español (32),3-0,?,CD Logroñés (32)
?,(Sun) 26 Apr 1992 (16),RCD Mallorca (32),4-2,?,RCD La Coruña (32)
?,(Sun) 26 Apr 1992 (16),CA Osasuna (32),1-1,?,Real Valladolid CF (32)
?,(Sun) 26 Apr 1992 (16),Real Sociedad (32),2-2,?,Real Madrid CF (32)
?,(Sun) 26 Apr 1992 (16),Real Burgos CF (32),3-1,?,Albacete Balompié (32)
?,(Sun) 26 Apr 1992 (16),Real Oviedo (32),1-0,?,Sevilla FC (32)
?,(Sun) 26 Apr 1992 (16),Real Zaragoza (32),3-1,?,Real Sporting (32)
?,(Sat) 2 May 1992 (17),Sevilla FC (33),0-1,?,Atlético Madrid (33)
?,(Sun) 3 May 1992 (17),Albacete Balompié (33),1-0,?,RCD Mallorca (33)
?,(Sun) 3 May 1992 (17),Athletic Club Bilbao (33),2-1,?,CA Osasuna (33)
?,(Sun) 3 May 1992 (17),FC Barcelona (33),1-1,?,Real Burgos CF (33)
?,(Sun) 3 May 1992 (17),Cádiz CF (33),0-0,?,CD Tenerife (33)
?,(Sun) 3 May 1992 (17),RCD La Coruña (33),2-2,?,RCD Español (33)
?,(Sun) 3 May 1992 (17),Real Sporting (33),1-0,?,Real Oviedo (33)
?,(Sun) 3 May 1992 (17),CD Logroñés (33),1-1,?,Real Sociedad (33)
?,(Sun) 3 May 1992 (17),Real Madrid CF (33),2-0,?,Real Zaragoza (33)
?,(Sun) 3 May 1992 (17),Real Valladolid CF (33),1-4,?,Valencia CF (33)
?,(Sat) 9 May 1992 (18),Real Oviedo (34),1-0,?,Real Madrid CF (34)
?,(Sat) 9 May 1992 (18),Valencia CF (34),3-1,?,Athletic Club Bilbao (34)
?,(Sun) 10 May 1992 (18),Atlético Madrid (34),2-1,?,Real Sporting (34)
?,(Sun) 10 May 1992 (18),Cádiz CF (34),0-2,?,FC Barcelona (34)
?,(Sun) 10 May 1992 (18),RCD Español (34),2-0,?,Albacete Balompié (34)
?,(Sun) 10 May 1992 (18),RCD Mallorca (34),2-2,?,Real Burgos CF (34)
?,(Sun) 10 May 1992 (18),CA Osasuna (34),1-0,?,Sevilla FC (34)
?,(Sun) 10 May 1992 (18),Real Sociedad (34),1-1,?,RCD La Coruña (34)
?,(Sun) 10 May 1992 (18),CD Tenerife (34),0-0,?,Real Valladolid CF (34)
?,(Sun) 10 May 1992 (18),Real Zaragoza (34),3-2,?,CD Logroñés (34)
?,(Sat) 16 May 1992 (19),FC Barcelona (35),3-0,?,RCD Mallorca (35)
?,(Sat) 16 May 1992 (19),Real Madrid CF (35),3-2,?,Atlético Madrid (35)
?,(Sun) 17 May 1992 (19),Albacete Balompié (35),0-1,?,Real Sociedad (35)
?,(Sun) 17 May 1992 (19),Athletic Club Bilbao (35),3-1,?,CD Tenerife (35)
?,(Sun) 17 May 1992 (19),RCD La Coruña (35),3-0,?,Real Zaragoza (35)
?,(Sun) 17 May 1992 (19),Real Sporting (35),1-0,?,CA Osasuna (35)
?,(Sun) 17 May 1992 (19),CD Logroñés (35),2-0,?,Real Oviedo (35)
?,(Sun) 17 May 1992 (19),Real Burgos CF (35),2-1,?,RCD Español (35)
?,(Sun) 17 May 1992 (19),Sevilla FC (35),2-3,?,Valencia CF (35)
?,(Sun) 17 May 1992 (19),Real Valladolid CF (35),2-2,?,Cádiz CF (35)
?,(Sat) 23 May 1992 (20),CA Osasuna (36),1-1,?,Real Madrid CF (36)
?,(Sat) 23 May 1992 (20),Valencia CF (36),3-1,?,Real Sporting (36)
?,(Sun) 24 May 1992 (20),Atlético Madrid (36),2-1,?,CD Logroñés (36)
?,(Sun) 24 May 1992 (20),Cádiz CF (36),1-0,?,Athletic Club Bilbao (36)
?,(Sun) 24 May 1992 (20),RCD Español (36),3-2,?,RCD Mallorca (36)
?,(Sun) 24 May 1992 (20),Real Sociedad (36),4-0,?,Real Burgos CF (36)
?,(Sun) 24 May 1992 (20),Real Oviedo (36),2-1,?,RCD La Coruña (36)
?,(Sun) 24 May 1992 (20),CD Tenerife (36),4-1,?,Sevilla FC (36)
?,(Sun) 24 May 1992 (20),Real Valladolid CF (36),0-6,?,FC Barcelona (36)
?,(Sun) 24 May 1992 (20),Real Zaragoza (36),1-0,?,Albacete Balompié (36)
?,(Sat) 30 May 1992 (21),CD Logroñés (37),0-0,?,CA Osasuna (37)
?,(Sun) 31 May 1992 (21),Albacete Balompié (37),2-0,?,Real Oviedo (37)
?,(Sun) 31 May 1992 (21),Athletic Club Bilbao (37),2-0,?,Real Valladolid CF (37)
?,(Sun) 31 May 1992 (21),RCD La Coruña (37),1-1,?,Atlético Madrid (37)
?,(Sun) 31 May 1992 (21),RCD Español (37),0-4,?,FC Barcelona (37)
?,(Sun) 31 May 1992 (21),Real Sporting (37),1-1,?,CD Tenerife (37)
?,(Sun) 31 May 1992 (21),RCD Mallorca (37),2-1,?,Real Sociedad (37)
?,(Sun) 31 May 1992 (21),Real Burgos CF (37),0-1,?,Real Zaragoza (37)
?,(Sun) 31 May 1992 (21),Real Madrid CF (37),2-1,?,Valencia CF (37)
?,(Sun) 31 May 1992 (21),Sevilla FC (37),0-0,?,Cádiz CF (37)
?,(Sat) 6 Jun 1992 (22),Valencia CF (38),1-1,?,CD Logroñés (38)
?,(Sun) 7 Jun 1992 (22),Atlético Madrid (38),4-1,?,Albacete Balompié (38)
?,(Sun) 7 Jun 1992 (22),FC Barcelona (38),2-0,?,Athletic Club Bilbao (38)
?,(Sun) 7 Jun 1992 (22),Cádiz CF (38),1-1,?,Real Sporting (38)
?,(Sun) 7 Jun 1992 (22),CA Osasuna (38),0-1,?,RCD La Coruña (38)
?,(Sun) 7 Jun 1992 (22),Real Sociedad (38),1-1,?,RCD Español (38)
?,(Sun) 7 Jun 1992 (22),Real Oviedo (38),3-1,?,Real Burgos CF (38)
?,(Sun) 7 Jun 1992 (22),CD Tenerife (38),3-2,?,Real Madrid CF (38)
?,(Sun) 7 Jun 1992 (22),Real Valladolid CF (38),1-0,?,Sevilla FC (38)
?,(Sun) 7 Jun 1992 (22),Real Zaragoza (38),1-2,?,RCD Mallorca (38)
