Round,Date,Team 1,FT,HT,Team 2
?,(Sat) 27 Aug 2011 (W34),Granada CF (1),0-1,0-0,Real Betis (1)
?,(Sat) 27 Aug 2011 (W34),Sporting Gijón (1),1-2,0-1,Real Sociedad (1)
?,(Sat) 27 Aug 2011 (W34),Valencia CF (1),4-3,1-2,Real Racing Santander (1)
?,(Sun) 28 Aug 2011 (W34),Athletic Club Bilbao (1),1-1,0-0,Rayo Vallecano (1)
?,(Sun) 28 Aug 2011 (W34),Atlético Madrid (1),0-0,0-0,CA Osasuna (1)
?,(Sun) 28 Aug 2011 (W34),Getafe CF (1),1-1,0-0,Levante UD (1)
?,(Sun) 28 Aug 2011 (W34),RCD Mallorca (1),1-0,0-0,RCD Espanyol (1)
?,(Sun) 28 Aug 2011 (W34),Sevilla FC (1),2-1,2-0,Málaga CF (1)
?,(Sun) 28 Aug 2011 (W34),Real Zaragoza (1),0-6,0-2,Real Madrid (1)
?,(Mon) 29 Aug 2011 (W35),FC Barcelona (1),5-0,2-0,Villarreal CF (1)
?,(Sat) 10 Sep 2011 (W36),Real Madrid (2),4-2,1-1,Getafe CF (2)
?,(Sat) 10 Sep 2011 (W36),Real Sociedad (2),2-2,0-2,FC Barcelona (2)
?,(Sat) 10 Sep 2011 (W36),Valencia CF (2),1-0,0-0,Atlético Madrid (2)
?,(Sat) 10 Sep 2011 (W36),Villarreal CF (2),2-2,1-1,Sevilla FC (2)
?,(Sun) 11 Sep 2011 (W36),Real Betis (2),1-0,0-0,RCD Mallorca (2)
?,(Sun) 11 Sep 2011 (W36),RCD Espanyol (2),2-1,1-0,Athletic Club Bilbao (2)
?,(Sun) 11 Sep 2011 (W36),CA Osasuna (2),2-1,2-0,Sporting Gijón (2)
?,(Sun) 11 Sep 2011 (W36),Real Racing Santander (2),0-0,0-0,Levante UD (2)
?,(Sun) 11 Sep 2011 (W36),Rayo Vallecano (2),0-0,0-0,Real Zaragoza (2)
?,(Mon) 12 Sep 2011 (W37),Málaga CF (2),4-0,2-0,Granada CF (2)
?,(Sat) 17 Sep 2011 (W37),FC Barcelona (3),8-0,5-0,CA Osasuna (3)
?,(Sat) 17 Sep 2011 (W37),Granada CF (3),1-0,0-0,Villarreal CF (3)
?,(Sat) 17 Sep 2011 (W37),RCD Mallorca (3),0-1,0-1,Málaga CF (3)
?,(Sat) 17 Sep 2011 (W37),Sevilla FC (3),1-0,0-0,Real Sociedad (3)
?,(Sat) 17 Sep 2011 (W37),Sporting Gijón (3),0-1,0-1,Valencia CF (3)
?,(Sun) 18 Sep 2011 (W37),Athletic Club Bilbao (3),2-3,1-3,Real Betis (3)
?,(Sun) 18 Sep 2011 (W37),Atlético Madrid (3),4-0,2-0,Real Racing Santander (3)
?,(Sun) 18 Sep 2011 (W37),Getafe CF (3),0-1,0-1,Rayo Vallecano (3)
?,(Sun) 18 Sep 2011 (W37),Levante UD (3),1-0,0-0,Real Madrid (3)
?,(Sun) 18 Sep 2011 (W37),Real Zaragoza (3),2-1,1-0,RCD Espanyol (3)
?,(Tue) 20 Sep 2011 (W38),CA Osasuna (4),0-0,0-0,Sevilla FC (4)
?,(Tue) 20 Sep 2011 (W38),Real Sociedad (4),1-0,0-0,Granada CF (4)
?,(Tue) 20 Sep 2011 (W38),Villarreal CF (4),2-0,1-0,RCD Mallorca (4)
?,(Wed) 21 Sep 2011 (W38),Atlético Madrid (4),4-0,1-0,Sporting Gijón (4)
?,(Wed) 21 Sep 2011 (W38),Málaga CF (4),1-0,0-0,Athletic Club Bilbao (4)
?,(Wed) 21 Sep 2011 (W38),Real Racing Santander (4),0-0,0-0,Real Madrid (4)
?,(Wed) 21 Sep 2011 (W38),Valencia CF (4),2-2,2-1,FC Barcelona (4)
?,(Wed) 21 Sep 2011 (W38),Rayo Vallecano (4),1-2,0-2,Levante UD (4)
?,(Thu) 22 Sep 2011 (W38),Real Betis (4),4-3,2-1,Real Zaragoza (4)
?,(Thu) 22 Sep 2011 (W38),RCD Espanyol (4),1-0,0-0,Getafe CF (4)
?,(Sat) 24 Sep 2011 (W38),Athletic Club Bilbao (5),1-1,1-0,Villarreal CF (5)
?,(Sat) 24 Sep 2011 (W38),FC Barcelona (5),5-0,3-0,Atlético Madrid (5)
?,(Sat) 24 Sep 2011 (W38),Real Madrid (5),6-2,2-1,Rayo Vallecano (5)
?,(Sat) 24 Sep 2011 (W38),Sevilla FC (5),1-0,1-0,Valencia CF (5)
?,(Sun) 25 Sep 2011 (W38),Granada CF (5),1-1,0-1,CA Osasuna (5)
?,(Sun) 25 Sep 2011 (W38),Levante UD (5),3-1,1-0,RCD Espanyol (5)
?,(Sun) 25 Sep 2011 (W38),RCD Mallorca (5),2-1,1-1,Real Sociedad (5)
?,(Sun) 25 Sep 2011 (W38),Sporting Gijón (5),0-0,0-0,Real Racing Santander (5)
?,(Sun) 25 Sep 2011 (W38),Real Zaragoza (5),0-0,0-0,Málaga CF (5)
?,(Mon) 26 Sep 2011 (W39),Getafe CF (5),1-0,1-0,Real Betis (5)
?,(Sat) 1 Oct 2011 (W39),Málaga CF (6),3-2,0-0,Getafe CF (6)
?,(Sat) 1 Oct 2011 (W39),CA Osasuna (6),2-2,1-1,RCD Mallorca (6)
?,(Sat) 1 Oct 2011 (W39),Real Racing Santander (6),1-1,0-1,Rayo Vallecano (6)
?,(Sat) 1 Oct 2011 (W39),Valencia CF (6),1-0,1-0,Granada CF (6)
?,(Sat) 1 Oct 2011 (W39),Villarreal CF (6),2-2,1-2,Real Zaragoza (6)
?,(Sun) 2 Oct 2011 (W39),Atlético Madrid (6),0-0,0-0,Sevilla FC (6)
?,(Sun) 2 Oct 2011 (W39),Real Betis (6),0-1,0-1,Levante UD (6)
?,(Sun) 2 Oct 2011 (W39),RCD Espanyol (6),0-4,0-1,Real Madrid (6)
?,(Sun) 2 Oct 2011 (W39),Real Sociedad (6),1-2,0-1,Athletic Club Bilbao (6)
?,(Sun) 2 Oct 2011 (W39),Sporting Gijón (6),0-1,0-1,FC Barcelona (6)
?,(Sat) 15 Oct 2011 (W41),FC Barcelona (7),3-0,2-0,Real Racing Santander (7)
?,(Sat) 15 Oct 2011 (W41),Getafe CF (7),0-0,0-0,Villarreal CF (7)
?,(Sat) 15 Oct 2011 (W41),Granada CF (7),0-0,0-0,Atlético Madrid (7)
?,(Sat) 15 Oct 2011 (W41),RCD Mallorca (7),1-1,0-1,Valencia CF (7)
?,(Sat) 15 Oct 2011 (W41),Real Madrid (7),4-1,0-0,Real Betis (7)
?,(Sun) 16 Oct 2011 (W41),Levante UD (7),3-0,3-0,Málaga CF (7)
?,(Sun) 16 Oct 2011 (W41),Sevilla FC (7),2-1,1-0,Sporting Gijón (7)
?,(Sun) 16 Oct 2011 (W41),Rayo Vallecano (7),0-1,0-0,RCD Espanyol (7)
?,(Sun) 16 Oct 2011 (W41),Real Zaragoza (7),2-0,1-0,Real Sociedad (7)
?,(Mon) 17 Oct 2011 (W42),Athletic Club Bilbao (7),3-1,3-0,CA Osasuna (7)
?,(Sat) 22 Oct 2011 (W42),FC Barcelona (8),0-0,0-0,Sevilla FC (8)
?,(Sat) 22 Oct 2011 (W42),Málaga CF (8),0-4,0-4,Real Madrid (8)
?,(Sat) 22 Oct 2011 (W42),Real Racing Santander (8),0-1,0-0,RCD Espanyol (8)
?,(Sat) 22 Oct 2011 (W42),Sporting Gijón (8),2-0,2-0,Granada CF (8)
?,(Sun) 23 Oct 2011 (W42),Atlético Madrid (8),1-1,1-1,RCD Mallorca (8)
?,(Sun) 23 Oct 2011 (W42),Real Betis (8),0-2,0-0,Rayo Vallecano (8)
?,(Sun) 23 Oct 2011 (W42),CA Osasuna (8),3-0,3-0,Real Zaragoza (8)
?,(Sun) 23 Oct 2011 (W42),Real Sociedad (8),0-0,0-0,Getafe CF (8)
?,(Sun) 23 Oct 2011 (W42),Valencia CF (8),1-1,0-0,Athletic Club Bilbao (8)
?,(Sun) 23 Oct 2011 (W42),Villarreal CF (8),0-3,0-2,Levante UD (8)
?,(Tue) 25 Oct 2011 (W43),Granada CF (9),0-1,0-1,FC Barcelona (9)
?,(Tue) 25 Oct 2011 (W43),Sevilla FC (9),2-2,1-0,Real Racing Santander (9)
?,(Wed) 26 Oct 2011 (W43),Getafe CF (9),2-2,0-1,CA Osasuna (9)
?,(Wed) 26 Oct 2011 (W43),Levante UD (9),3-2,0-1,Real Sociedad (9)
?,(Wed) 26 Oct 2011 (W43),RCD Mallorca (9),1-2,1-0,Sporting Gijón (9)
?,(Wed) 26 Oct 2011 (W43),Real Madrid (9),3-0,3-0,Villarreal CF (9)
?,(Wed) 26 Oct 2011 (W43),Rayo Vallecano (9),2-0,1-0,Málaga CF (9)
?,(Wed) 26 Oct 2011 (W43),Real Zaragoza (9),0-1,0-0,Valencia CF (9)
?,(Thu) 27 Oct 2011 (W43),Athletic Club Bilbao (9),3-0,0-0,Atlético Madrid (9)
?,(Thu) 27 Oct 2011 (W43),RCD Espanyol (9),1-0,0-0,Real Betis (9)
?,(Sat) 29 Oct 2011 (W43),FC Barcelona (10),5-0,3-0,RCD Mallorca (10)
?,(Sat) 29 Oct 2011 (W43),Real Sociedad (10),0-1,0-1,Real Madrid (10)
?,(Sat) 29 Oct 2011 (W43),Valencia CF (10),3-1,2-1,Getafe CF (10)
?,(Sat) 29 Oct 2011 (W43),Villarreal CF (10),2-0,1-0,Rayo Vallecano (10)
?,(Sun) 30 Oct 2011 (W43),Atlético Madrid (10),3-1,2-0,Real Zaragoza (10)
?,(Sun) 30 Oct 2011 (W43),Málaga CF (10),2-1,1-1,RCD Espanyol (10)
?,(Sun) 30 Oct 2011 (W43),CA Osasuna (10),2-0,2-0,Levante UD (10)
?,(Sun) 30 Oct 2011 (W43),Real Racing Santander (10),1-0,0-0,Real Betis (10)
?,(Sun) 30 Oct 2011 (W43),Sporting Gijón (10),1-1,0-0,Athletic Club Bilbao (10)
?,(Mon) 31 Oct 2011 (W44),Sevilla FC (10),1-2,1-0,Granada CF (10)
?,(Sat) 5 Nov 2011 (W44),Real Betis (11),0-0,0-0,Málaga CF (11)
?,(Sat) 5 Nov 2011 (W44),Levante UD (11),0-2,0-1,Valencia CF (11)
?,(Sat) 5 Nov 2011 (W44),RCD Mallorca (11),0-0,0-0,Sevilla FC (11)
?,(Sun) 6 Nov 2011 (W44),Athletic Club Bilbao (11),2-2,1-1,FC Barcelona (11)
?,(Sun) 6 Nov 2011 (W44),RCD Espanyol (11),0-0,0-0,Villarreal CF (11)
?,(Sun) 6 Nov 2011 (W44),Getafe CF (11),3-2,1-1,Atlético Madrid (11)
?,(Sun) 6 Nov 2011 (W44),Granada CF (11),0-0,0-0,Real Racing Santander (11)
?,(Sun) 6 Nov 2011 (W44),Real Madrid (11),7-1,3-1,CA Osasuna (11)
?,(Sun) 6 Nov 2011 (W44),Rayo Vallecano (11),4-0,1-0,Real Sociedad (11)
?,(Sun) 6 Nov 2011 (W44),Real Zaragoza (11),2-2,1-2,Sporting Gijón (11)
?,(Sat) 19 Nov 2011 (W46),FC Barcelona (12),4-0,2-0,Real Zaragoza (12)
?,(Sat) 19 Nov 2011 (W46),Valencia CF (12),2-3,0-1,Real Madrid (12)
?,(Sat) 19 Nov 2011 (W46),Villarreal CF (12),1-0,1-0,Real Betis (12)
?,(Sun) 20 Nov 2011 (W46),Atlético Madrid (12),3-2,0-0,Levante UD (12)
?,(Sun) 20 Nov 2011 (W46),CA Osasuna (12),0-0,0-0,Rayo Vallecano (12)
?,(Sun) 20 Nov 2011 (W46),Sevilla FC (12),1-2,1-1,Athletic Club Bilbao (12)
?,(Sun) 20 Nov 2011 (W46),Real Sociedad (12),0-0,0-0,RCD Espanyol (12)
?,(Sun) 20 Nov 2011 (W46),Sporting Gijón (12),2-1,1-1,Getafe CF (12)
?,(Mon) 21 Nov 2011 (W47),Real Racing Santander (12),1-3,0-0,Málaga CF (12)
?,(Sat) 26 Nov 2011 (W47),Getafe CF (13),1-0,0-0,FC Barcelona (13)
?,(Sat) 26 Nov 2011 (W47),Real Madrid (13),4-1,1-1,Atlético Madrid (13)
?,(Sat) 26 Nov 2011 (W47),Rayo Vallecano (13),1-2,0-1,Valencia CF (13)
?,(Sun) 27 Nov 2011 (W47),Athletic Club Bilbao (13),0-1,0-1,Granada CF (12)
?,(Sun) 27 Nov 2011 (W47),Real Betis (13),2-3,0-0,Real Sociedad (13)
?,(Sun) 27 Nov 2011 (W47),RCD Espanyol (13),1-2,0-1,CA Osasuna (13)
?,(Sun) 27 Nov 2011 (W47),Levante UD (13),4-0,1-0,Sporting Gijón (13)
?,(Sun) 27 Nov 2011 (W47),RCD Mallorca (12),2-1,1-0,Real Racing Santander (13)
?,(Sun) 27 Nov 2011 (W47),Real Zaragoza (13),0-1,0-1,Sevilla FC (13)
?,(Mon) 28 Nov 2011 (W48),Málaga CF (13),2-1,2-1,Villarreal CF (13)
?,(Tue) 29 Nov 2011 (W48),FC Barcelona (14),4-0,3-0,Rayo Vallecano (14)
?,(Sat) 3 Dec 2011 (W48),FC Barcelona (15),5-0,3-0,Levante UD (14)
?,(Sat) 3 Dec 2011 (W48),Real Racing Santander (14),1-0,1-0,Villarreal CF (14)
?,(Sat) 3 Dec 2011 (W48),Sporting Gijón (14),0-3,0-1,Real Madrid (14)
?,(Sat) 3 Dec 2011 (W48),Valencia CF (14),2-1,1-0,RCD Espanyol (14)
?,(Sun) 4 Dec 2011 (W48),Atlético Madrid (14),3-1,1-0,Rayo Vallecano (15)
?,(Sun) 4 Dec 2011 (W48),Granada CF (13),1-0,1-0,Real Zaragoza (14)
?,(Sun) 4 Dec 2011 (W48),RCD Mallorca (13),1-1,1-1,Athletic Club Bilbao (14)
?,(Sun) 4 Dec 2011 (W48),CA Osasuna (14),2-1,1-0,Real Betis (14)
?,(Sun) 4 Dec 2011 (W48),Real Sociedad (14),3-2,1-1,Málaga CF (14)
?,(Mon) 5 Dec 2011 (W49),Sevilla FC (14),3-0,1-0,Getafe CF (14)
?,(Wed) 7 Dec 2011 (W49),Granada CF (14),2-2,0-1,RCD Mallorca (14)
?,(Sat) 10 Dec 2011 (W49),Real Betis (15),2-1,0-0,Valencia CF (15)
?,(Sat) 10 Dec 2011 (W49),Levante UD (15),1-0,0-0,Sevilla FC (15)
?,(Sat) 10 Dec 2011 (W49),Real Madrid (15),1-3,1-1,FC Barcelona (16)
?,(Sun) 11 Dec 2011 (W49),Athletic Club Bilbao (15),1-1,0-0,Real Racing Santander (15)
?,(Sun) 11 Dec 2011 (W49),RCD Espanyol (15),4-2,3-1,Atlético Madrid (15)
?,(Sun) 11 Dec 2011 (W49),Getafe CF (15),1-0,0-0,Granada CF (15)
?,(Sun) 11 Dec 2011 (W49),Málaga CF (15),1-1,0-1,CA Osasuna (15)
?,(Sun) 11 Dec 2011 (W49),Rayo Vallecano (16),1-3,0-2,Sporting Gijón (15)
?,(Sun) 11 Dec 2011 (W49),Villarreal CF (15),1-1,0-0,Real Sociedad (15)
?,(Sun) 11 Dec 2011 (W49),Real Zaragoza (15),0-1,0-1,RCD Mallorca (15)
?,(Sat) 17 Dec 2011 (W50),Athletic Club Bilbao (16),2-1,1-1,Real Zaragoza (16)
?,(Sat) 17 Dec 2011 (W50),RCD Mallorca (16),1-2,1-2,Getafe CF (16)
?,(Sat) 17 Dec 2011 (W50),Sevilla FC (16),2-6,0-3,Real Madrid (16)
?,(Sat) 17 Dec 2011 (W50),Sporting Gijón (16),1-2,0-1,RCD Espanyol (16)
?,(Sun) 18 Dec 2011 (W50),Atlético Madrid (16),0-2,0-0,Real Betis (16)
?,(Sun) 18 Dec 2011 (W50),Granada CF (16),2-1,2-0,Levante UD (16)
?,(Sun) 18 Dec 2011 (W50),CA Osasuna (16),2-1,0-0,Villarreal CF (16)
?,(Sun) 18 Dec 2011 (W50),Real Racing Santander (16),0-0,0-0,Real Sociedad (16)
?,(Sun) 18 Dec 2011 (W50),Valencia CF (16),2-0,1-0,Málaga CF (16)
?,(Sat) 7 Jan 2012 (W1),Levante UD (17),0-0,0-0,RCD Mallorca (17)
?,(Sat) 7 Jan 2012 (W1),Málaga CF (17),0-0,0-0,Atlético Madrid (17)
?,(Sat) 7 Jan 2012 (W1),Real Madrid (17),5-1,2-1,Granada CF (17)
?,(Sat) 7 Jan 2012 (W1),Real Racing Santander (17),1-0,1-0,Real Zaragoza (17)
?,(Sat) 7 Jan 2012 (W1),Real Sociedad (17),0-0,0-0,CA Osasuna (17)
?,(Sun) 8 Jan 2012 (W1),Real Betis (17),2-0,1-0,Sporting Gijón (17)
?,(Sun) 8 Jan 2012 (W1),RCD Espanyol (17),1-1,0-1,FC Barcelona (17)
?,(Sun) 8 Jan 2012 (W1),Getafe CF (17),0-0,0-0,Athletic Club Bilbao (17)
?,(Sun) 8 Jan 2012 (W1),Rayo Vallecano (17),2-1,1-0,Sevilla FC (17)
?,(Sun) 8 Jan 2012 (W1),Villarreal CF (17),2-2,2-1,Valencia CF (17)
?,(Sat) 14 Jan 2012 (W2),Granada CF (18),1-2,0-1,Rayo Vallecano (18)
?,(Sat) 14 Jan 2012 (W2),RCD Mallorca (18),1-2,1-0,Real Madrid (18)
?,(Sat) 14 Jan 2012 (W2),Sevilla FC (18),0-0,0-0,RCD Espanyol (18)
?,(Sat) 14 Jan 2012 (W2),Valencia CF (18),0-1,0-0,Real Sociedad (18)
?,(Sat) 14 Jan 2012 (W2),Real Zaragoza (18),1-1,1-0,Getafe CF (18)
?,(Sun) 15 Jan 2012 (W2),Athletic Club Bilbao (18),3-0,2-0,Levante UD (18)
?,(Sun) 15 Jan 2012 (W2),Atlético Madrid (18),3-0,1-0,Villarreal CF (18)
?,(Sun) 15 Jan 2012 (W2),FC Barcelona (18),4-2,2-1,Real Betis (18)
?,(Sun) 15 Jan 2012 (W2),CA Osasuna (18),0-2,0-1,Real Racing Santander (18)
?,(Sun) 15 Jan 2012 (W2),Sporting Gijón (18),2-1,1-0,Málaga CF (18)
?,(Sat) 21 Jan 2012 (W3),Real Betis (19),1-1,1-1,Sevilla FC (19)
?,(Sat) 21 Jan 2012 (W3),RCD Espanyol (19),3-0,2-0,Granada CF (19)
?,(Sat) 21 Jan 2012 (W3),Real Racing Santander (19),1-2,1-1,Getafe CF (19)
?,(Sat) 21 Jan 2012 (W3),Real Sociedad (19),0-4,0-1,Atlético Madrid (19)
?,(Sun) 22 Jan 2012 (W3),Levante UD (19),0-0,0-0,Real Zaragoza (19)
?,(Sun) 22 Jan 2012 (W3),Málaga CF (19),1-4,0-1,FC Barcelona (19)
?,(Sun) 22 Jan 2012 (W3),CA Osasuna (19),1-1,0-0,Valencia CF (19)
?,(Sun) 22 Jan 2012 (W3),Real Madrid (19),4-1,1-1,Athletic Club Bilbao (19)
?,(Sun) 22 Jan 2012 (W3),Rayo Vallecano (19),0-1,0-0,RCD Mallorca (19)
?,(Mon) 23 Jan 2012 (W4),Villarreal CF (19),3-0,0-0,Sporting Gijón (19)
?,(Sat) 28 Jan 2012 (W4),RCD Espanyol (20),1-0,1-0,RCD Mallorca (20)
?,(Sat) 28 Jan 2012 (W4),Real Madrid (20),3-1,1-1,Real Zaragoza (20)
?,(Sat) 28 Jan 2012 (W4),Rayo Vallecano (20),2-3,2-2,Athletic Club Bilbao (20)
?,(Sat) 28 Jan 2012 (W4),Villarreal CF (20),0-0,0-0,FC Barcelona (20)
?,(Sun) 29 Jan 2012 (W4),Real Betis (20),1-2,0-2,Granada CF (20)
?,(Sun) 29 Jan 2012 (W4),Levante UD (20),1-2,0-1,Getafe CF (20)
?,(Sun) 29 Jan 2012 (W4),Málaga CF (20),2-1,2-1,Sevilla FC (20)
?,(Sun) 29 Jan 2012 (W4),Real Racing Santander (20),2-2,1-0,Valencia CF (20)
?,(Sun) 29 Jan 2012 (W4),Real Sociedad (20),5-1,2-0,Sporting Gijón (20)
?,(Mon) 30 Jan 2012 (W5),CA Osasuna (20),0-1,0-1,Atlético Madrid (20)
?,(Sat) 4 Feb 2012 (W5),Athletic Club Bilbao (21),3-3,1-1,RCD Espanyol (21)
?,(Sat) 4 Feb 2012 (W5),FC Barcelona (21),2-1,1-0,Real Sociedad (21)
?,(Sat) 4 Feb 2012 (W5),Getafe CF (21),0-1,0-1,Real Madrid (21)
?,(Sat) 4 Feb 2012 (W5),Levante UD (21),1-1,1-0,Real Racing Santander (21)
?,(Sat) 4 Feb 2012 (W5),RCD Mallorca (21),1-0,1-0,Real Betis (21)
?,(Sun) 5 Feb 2012 (W5),Atlético Madrid (21),0-0,0-0,Valencia CF (21)
?,(Sun) 5 Feb 2012 (W5),Sevilla FC (21),1-2,1-1,Villarreal CF (21)
?,(Sun) 5 Feb 2012 (W5),Sporting Gijón (21),1-1,1-0,CA Osasuna (21)
?,(Sun) 5 Feb 2012 (W5),Real Zaragoza (21),1-2,1-0,Rayo Vallecano (21)
?,(Mon) 6 Feb 2012 (W6),Granada CF (21),2-1,0-0,Málaga CF (21)
?,(Sat) 11 Feb 2012 (W6),Real Betis (22),2-1,1-1,Athletic Club Bilbao (22)
?,(Sat) 11 Feb 2012 (W6),CA Osasuna (22),3-2,2-0,FC Barcelona (22)
?,(Sat) 11 Feb 2012 (W6),Real Racing Santander (22),0-0,0-0,Atlético Madrid (22)
?,(Sun) 12 Feb 2012 (W6),RCD Espanyol (22),0-2,0-0,Real Zaragoza (22)
?,(Sun) 12 Feb 2012 (W6),Málaga CF (22),3-1,1-1,RCD Mallorca (22)
?,(Sun) 12 Feb 2012 (W6),Real Madrid (22),4-2,1-1,Levante UD (22)
?,(Sun) 12 Feb 2012 (W6),Valencia CF (22),4-0,1-0,Sporting Gijón (22)
?,(Sun) 12 Feb 2012 (W6),Rayo Vallecano (22),2-0,1-0,Getafe CF (22)
?,(Sun) 12 Feb 2012 (W6),Villarreal CF (22),3-1,1-0,Granada CF (22)
?,(Mon) 13 Feb 2012 (W7),Real Sociedad (22),2-0,0-0,Sevilla FC (22)
?,(Sat) 18 Feb 2012 (W7),Getafe CF (23),1-1,0-0,RCD Espanyol (23)
?,(Sat) 18 Feb 2012 (W7),Real Madrid (23),4-0,2-0,Real Racing Santander (23)
?,(Sat) 18 Feb 2012 (W7),Sevilla FC (23),2-0,1-0,CA Osasuna (23)
?,(Sun) 19 Feb 2012 (W7),Athletic Club Bilbao (23),3-0,0-0,Málaga CF (23)
?,(Sun) 19 Feb 2012 (W7),FC Barcelona (23),5-1,2-1,Valencia CF (23)
?,(Sun) 19 Feb 2012 (W7),Granada CF (23),4-1,1-1,Real Sociedad (23)
?,(Sun) 19 Feb 2012 (W7),Levante UD (23),3-5,0-1,Rayo Vallecano (23)
?,(Sun) 19 Feb 2012 (W7),RCD Mallorca (23),4-0,1-0,Villarreal CF (23)
?,(Sun) 19 Feb 2012 (W7),Sporting Gijón (23),1-1,1-1,Atlético Madrid (23)
?,(Mon) 20 Feb 2012 (W8),Real Zaragoza (23),0-2,0-1,Real Betis (23)
?,(Sat) 25 Feb 2012 (W8),Real Betis (24),1-1,0-0,Getafe CF (24)
?,(Sat) 25 Feb 2012 (W8),RCD Espanyol (24),1-2,0-1,Levante UD (24)
?,(Sat) 25 Feb 2012 (W8),Málaga CF (24),5-1,1-1,Real Zaragoza (24)
?,(Sat) 25 Feb 2012 (W8),Real Racing Santander (24),1-1,0-1,Sporting Gijón (24)
?,(Sun) 26 Feb 2012 (W8),Atlético Madrid (24),1-2,0-1,FC Barcelona (24)
?,(Sun) 26 Feb 2012 (W8),CA Osasuna (24),2-1,2-1,Granada CF (24)
?,(Sun) 26 Feb 2012 (W8),Real Sociedad (24),1-0,0-0,RCD Mallorca (24)
?,(Sun) 26 Feb 2012 (W8),Valencia CF (24),1-2,1-1,Sevilla FC (24)
?,(Sun) 26 Feb 2012 (W8),Rayo Vallecano (24),0-1,0-0,Real Madrid (24)
?,(Sun) 26 Feb 2012 (W8),Villarreal CF (24),2-2,1-0,Athletic Club Bilbao (24)
?,(Sat) 3 Mar 2012 (W9),FC Barcelona (25),3-1,1-0,Sporting Gijón (25)
?,(Sat) 3 Mar 2012 (W9),Getafe CF (25),1-3,1-0,Málaga CF (25)
?,(Sat) 3 Mar 2012 (W9),RCD Mallorca (25),1-1,0-1,CA Osasuna (25)
?,(Sat) 3 Mar 2012 (W9),Sevilla FC (25),1-1,0-1,Atlético Madrid (25)
?,(Sat) 3 Mar 2012 (W9),Rayo Vallecano (25),4-2,1-2,Real Racing Santander (25)
?,(Sun) 4 Mar 2012 (W9),Athletic Club Bilbao (25),2-0,1-0,Real Sociedad (25)
?,(Sun) 4 Mar 2012 (W9),Granada CF (25),0-1,0-1,Valencia CF (25)
?,(Sun) 4 Mar 2012 (W9),Real Madrid (25),5-0,2-0,RCD Espanyol (25)
?,(Sun) 4 Mar 2012 (W9),Real Zaragoza (25),2-1,0-1,Villarreal CF (25)
?,(Mon) 5 Mar 2012 (W10),Levante UD (25),3-1,2-1,Real Betis (25)
?,(Sat) 10 Mar 2012 (W10),Real Betis (26),2-3,1-1,Real Madrid (26)
?,(Sat) 10 Mar 2012 (W10),Málaga CF (26),1-0,0-0,Levante UD (26)
?,(Sat) 10 Mar 2012 (W10),Real Sociedad (26),3-0,3-0,Real Zaragoza (26)
?,(Sat) 10 Mar 2012 (W10),Sporting Gijón (26),1-0,1-0,Sevilla FC (26)
?,(Sun) 11 Mar 2012 (W10),Atlético Madrid (26),2-0,1-0,Granada CF (26)
?,(Sun) 11 Mar 2012 (W10),RCD Espanyol (26),5-1,4-0,Rayo Vallecano (26)
?,(Sun) 11 Mar 2012 (W10),CA Osasuna (26),2-1,2-0,Athletic Club Bilbao (26)
?,(Sun) 11 Mar 2012 (W10),Real Racing Santander (26),0-2,0-1,FC Barcelona (26)
?,(Sun) 11 Mar 2012 (W10),Valencia CF (26),2-2,2-0,RCD Mallorca (26)
?,(Mon) 12 Mar 2012 (W11),Villarreal CF (26),1-2,1-1,Getafe CF (26)
?,(Sat) 17 Mar 2012 (W11),Getafe CF (27),1-0,0-0,Real Sociedad (27)
?,(Sat) 17 Mar 2012 (W11),Granada CF (27),2-1,2-0,Sporting Gijón (27)
?,(Sat) 17 Mar 2012 (W11),Sevilla FC (27),0-2,0-2,FC Barcelona (27)
?,(Sat) 17 Mar 2012 (W11),Rayo Vallecano (27),3-0,0-0,Real Betis (27)
?,(Sat) 17 Mar 2012 (W11),Real Zaragoza (27),1-1,0-0,CA Osasuna (27)
?,(Sun) 18 Mar 2012 (W11),Athletic Club Bilbao (27),0-3,0-1,Valencia CF (27)
?,(Sun) 18 Mar 2012 (W11),Levante UD (27),1-0,0-0,Villarreal CF (27)
?,(Sun) 18 Mar 2012 (W11),RCD Mallorca (27),2-1,0-0,Atlético Madrid (27)
?,(Sun) 18 Mar 2012 (W11),Real Madrid (27),1-1,1-0,Málaga CF (27)
?,(Mon) 19 Mar 2012 (W12),RCD Espanyol (27),3-1,2-1,Real Racing Santander (27)
?,(Tue) 20 Mar 2012 (W12),FC Barcelona (28),5-3,2-0,Granada CF (28)
?,(Tue) 20 Mar 2012 (W12),CA Osasuna (28),0-0,0-0,Getafe CF (28)
?,(Wed) 21 Mar 2012 (W12),Atlético Madrid (28),2-1,0-0,Athletic Club Bilbao (28)
?,(Wed) 21 Mar 2012 (W12),Real Sociedad (28),1-3,1-2,Levante UD (28)
?,(Wed) 21 Mar 2012 (W12),Sporting Gijón (28),2-3,1-1,RCD Mallorca (28)
?,(Wed) 21 Mar 2012 (W12),Valencia CF (28),1-2,1-1,Real Zaragoza (28)
?,(Wed) 21 Mar 2012 (W12),Villarreal CF (28),1-1,0-0,Real Madrid (28)
?,(Thu) 22 Mar 2012 (W12),Real Betis (28),1-1,0-0,RCD Espanyol (28)
?,(Thu) 22 Mar 2012 (W12),Málaga CF (28),4-2,1-1,Rayo Vallecano (28)
?,(Thu) 22 Mar 2012 (W12),Real Racing Santander (28),0-3,0-1,Sevilla FC (28)
?,(Sat) 24 Mar 2012 (W12),Getafe CF (29),3-1,3-1,Valencia CF (29)
?,(Sat) 24 Mar 2012 (W12),RCD Mallorca (29),0-2,0-1,FC Barcelona (29)
?,(Sat) 24 Mar 2012 (W12),Real Madrid (29),5-1,3-1,Real Sociedad (29)
?,(Sun) 25 Mar 2012 (W12),Athletic Club Bilbao (29),1-1,0-0,Sporting Gijón (29)
?,(Sun) 25 Mar 2012 (W12),Real Betis (29),1-1,1-0,Real Racing Santander (29)
?,(Sun) 25 Mar 2012 (W12),RCD Espanyol (29),1-2,1-0,Málaga CF (29)
?,(Sun) 25 Mar 2012 (W12),Levante UD (29),0-2,0-1,CA Osasuna (29)
?,(Sun) 25 Mar 2012 (W12),Rayo Vallecano (29),0-2,0-1,Villarreal CF (29)
?,(Sun) 25 Mar 2012 (W12),Real Zaragoza (29),1-0,0-0,Atlético Madrid (29)
?,(Mon) 26 Mar 2012 (W13),Granada CF (29),0-3,0-1,Sevilla FC (29)
?,(Sat) 31 Mar 2012 (W13),FC Barcelona (30),2-0,1-0,Athletic Club Bilbao (30)
?,(Sat) 31 Mar 2012 (W13),Málaga CF (30),0-2,0-2,Real Betis (30)
?,(Sat) 31 Mar 2012 (W13),CA Osasuna (30),1-5,0-3,Real Madrid (30)
?,(Sat) 31 Mar 2012 (W13),Real Racing Santander (30),0-1,0-0,Granada CF (30)
?,(Sat) 31 Mar 2012 (W13),Sporting Gijón (30),1-2,0-1,Real Zaragoza (30)
?,(Sun) 1 Apr 2012 (W13),Atlético Madrid (30),3-0,1-0,Getafe CF (30)
?,(Sun) 1 Apr 2012 (W13),Real Sociedad (30),4-0,2-0,Rayo Vallecano (30)
?,(Sun) 1 Apr 2012 (W13),Valencia CF (30),1-1,1-0,Levante UD (30)
?,(Sun) 1 Apr 2012 (W13),Villarreal CF (30),0-0,0-0,RCD Espanyol (30)
?,(Mon) 2 Apr 2012 (W14),Sevilla FC (30),3-1,0-0,RCD Mallorca (30)
?,(Sat) 7 Apr 2012 (W14),Real Betis (31),3-1,2-0,Villarreal CF (31)
?,(Sat) 7 Apr 2012 (W14),RCD Espanyol (31),2-2,1-2,Real Sociedad (31)
?,(Sat) 7 Apr 2012 (W14),Getafe CF (31),2-0,1-0,Sporting Gijón (31)
?,(Sat) 7 Apr 2012 (W14),Rayo Vallecano (31),6-0,4-0,CA Osasuna (31)
?,(Sat) 7 Apr 2012 (W14),Real Zaragoza (31),1-4,1-2,FC Barcelona (31)
?,(Sun) 8 Apr 2012 (W14),Athletic Club Bilbao (31),1-0,0-0,Sevilla FC (31)
?,(Sun) 8 Apr 2012 (W14),Levante UD (31),2-0,2-0,Atlético Madrid (31)
?,(Sun) 8 Apr 2012 (W14),RCD Mallorca (31),0-0,0-0,Granada CF (31)
?,(Sun) 8 Apr 2012 (W14),Real Madrid (31),0-0,0-0,Valencia CF (31)
?,(Mon) 9 Apr 2012 (W15),Málaga CF (31),3-0,1-0,Real Racing Santander (31)
?,(Tue) 10 Apr 2012 (W15),FC Barcelona (32),4-0,2-0,Getafe CF (32)
?,(Tue) 10 Apr 2012 (W15),CA Osasuna (32),2-0,0-0,RCD Espanyol (32)
?,(Tue) 10 Apr 2012 (W15),Real Sociedad (32),1-1,0-0,Real Betis (32)
?,(Wed) 11 Apr 2012 (W15),Atlético Madrid (32),1-4,0-1,Real Madrid (32)
?,(Wed) 11 Apr 2012 (W15),Granada CF (32),2-2,1-0,Athletic Club Bilbao (32)
?,(Wed) 11 Apr 2012 (W15),Sporting Gijón (32),3-2,1-1,Levante UD (32)
?,(Wed) 11 Apr 2012 (W15),Valencia CF (32),4-1,1-0,Rayo Vallecano (32)
?,(Thu) 12 Apr 2012 (W15),Real Racing Santander (32),0-3,0-1,RCD Mallorca (32)
?,(Thu) 12 Apr 2012 (W15),Sevilla FC (32),3-0,3-0,Real Zaragoza (32)
?,(Thu) 12 Apr 2012 (W15),Villarreal CF (32),2-1,0-0,Málaga CF (32)
?,(Sat) 14 Apr 2012 (W15),Levante UD (33),1-2,1-0,FC Barcelona (33)
?,(Sat) 14 Apr 2012 (W15),Real Madrid (33),3-1,1-1,Sporting Gijón (33)
?,(Sun) 15 Apr 2012 (W15),Athletic Club Bilbao (33),1-0,1-0,RCD Mallorca (33)
?,(Sun) 15 Apr 2012 (W15),Real Betis (33),1-0,1-0,CA Osasuna (33)
?,(Sun) 15 Apr 2012 (W15),RCD Espanyol (33),4-0,2-0,Valencia CF (33)
?,(Sun) 15 Apr 2012 (W15),Málaga CF (33),1-1,1-0,Real Sociedad (33)
?,(Sun) 15 Apr 2012 (W15),Rayo Vallecano (33),0-1,0-0,Atlético Madrid (33)
?,(Sun) 15 Apr 2012 (W15),Villarreal CF (33),1-1,0-0,Real Racing Santander (33)
?,(Sun) 15 Apr 2012 (W15),Real Zaragoza (33),1-0,1-0,Granada CF (33)
?,(Mon) 16 Apr 2012 (W16),Getafe CF (33),5-1,1-1,Sevilla FC (33)
?,(Sat) 21 Apr 2012 (W16),FC Barcelona (34),1-2,0-1,Real Madrid (34)
?,(Sat) 21 Apr 2012 (W16),RCD Mallorca (34),1-0,1-0,Real Zaragoza (34)
?,(Sat) 21 Apr 2012 (W16),Sevilla FC (34),1-1,1-1,Levante UD (34)
?,(Sat) 21 Apr 2012 (W16),Sporting Gijón (34),2-1,1-0,Rayo Vallecano (34)
?,(Sun) 22 Apr 2012 (W16),Atlético Madrid (34),3-1,1-1,RCD Espanyol (34)
?,(Sun) 22 Apr 2012 (W16),Granada CF (34),1-0,1-0,Getafe CF (34)
?,(Sun) 22 Apr 2012 (W16),Real Racing Santander (34),0-1,0-1,Athletic Club Bilbao (34)
?,(Sun) 22 Apr 2012 (W16),Real Sociedad (34),1-1,0-1,Villarreal CF (34)
?,(Sun) 22 Apr 2012 (W16),Valencia CF (34),4-0,1-0,Real Betis (34)
?,(Mon) 23 Apr 2012 (W17),CA Osasuna (34),1-1,0-0,Málaga CF (34)
?,(Sat) 28 Apr 2012 (W17),RCD Espanyol (35),0-3,0-0,Sporting Gijón (35)
?,(Sat) 28 Apr 2012 (W17),Getafe CF (35),1-3,0-1,RCD Mallorca (35)
?,(Sat) 28 Apr 2012 (W17),Levante UD (35),3-1,0-0,Granada CF (35)
?,(Sat) 28 Apr 2012 (W17),Real Sociedad (35),3-0,0-0,Real Racing Santander (35)
?,(Sat) 28 Apr 2012 (W17),Villarreal CF (35),1-1,1-0,CA Osasuna (35)
?,(Sun) 29 Apr 2012 (W17),Real Betis (35),2-2,0-0,Atlético Madrid (35)
?,(Sun) 29 Apr 2012 (W17),Málaga CF (35),1-0,1-0,Valencia CF (35)
?,(Sun) 29 Apr 2012 (W17),Real Madrid (35),3-0,1-0,Sevilla FC (35)
?,(Sun) 29 Apr 2012 (W17),Rayo Vallecano (35),0-7,0-3,FC Barcelona (35)
?,(Sun) 29 Apr 2012 (W17),Real Zaragoza (35),2-0,1-0,Athletic Club Bilbao (35)
?,(Tue) 1 May 2012 (W18),Getafe CF (36),1-1,0-0,Real Racing Santander (36)
?,(Tue) 1 May 2012 (W18),Granada CF (36),2-1,2-0,RCD Espanyol (36)
?,(Tue) 1 May 2012 (W18),Sporting Gijón (36),2-3,1-2,Villarreal CF (36)
?,(Wed) 2 May 2012 (W18),Athletic Club Bilbao (36),0-3,0-2,Real Madrid (36)
?,(Wed) 2 May 2012 (W18),Atlético Madrid (36),1-1,0-0,Real Sociedad (36)
?,(Wed) 2 May 2012 (W18),FC Barcelona (36),4-1,2-1,Málaga CF (36)
?,(Wed) 2 May 2012 (W18),RCD Mallorca (36),1-0,0-0,Rayo Vallecano (36)
?,(Wed) 2 May 2012 (W18),Sevilla FC (36),1-2,1-1,Real Betis (36)
?,(Wed) 2 May 2012 (W18),Valencia CF (36),4-0,0-0,CA Osasuna (36)
?,(Wed) 2 May 2012 (W18),Real Zaragoza (36),1-0,1-0,Levante UD (36)
?,(Sat) 5 May 2012 (W18),Athletic Club Bilbao (37),0-0,0-0,Getafe CF (37)
?,(Sat) 5 May 2012 (W18),Atlético Madrid (37),2-1,0-1,Málaga CF (37)
?,(Sat) 5 May 2012 (W18),FC Barcelona (37),4-0,1-0,RCD Espanyol (37)
?,(Sat) 5 May 2012 (W18),Granada CF (37),1-2,1-0,Real Madrid (37)
?,(Sat) 5 May 2012 (W18),RCD Mallorca (37),1-0,0-0,Levante UD (37)
?,(Sat) 5 May 2012 (W18),CA Osasuna (37),1-0,1-0,Real Sociedad (37)
?,(Sat) 5 May 2012 (W18),Sevilla FC (37),5-2,2-1,Rayo Vallecano (37)
?,(Sat) 5 May 2012 (W18),Sporting Gijón (37),2-1,1-1,Real Betis (37)
?,(Sat) 5 May 2012 (W18),Valencia CF (37),1-0,0-0,Villarreal CF (37)
?,(Sat) 5 May 2012 (W18),Real Zaragoza (37),2-1,1-1,Real Racing Santander (37)
?,(Sat) 12 May 2012 (W19),Real Betis (38),2-2,0-1,FC Barcelona (38)
?,(Sat) 12 May 2012 (W19),Real Sociedad (38),1-0,0-0,Valencia CF (38)
?,(Sun) 13 May 2012 (W19),RCD Espanyol (38),1-1,0-1,Sevilla FC (38)
?,(Sun) 13 May 2012 (W19),Getafe CF (38),0-2,0-0,Real Zaragoza (38)
?,(Sun) 13 May 2012 (W19),Levante UD (38),3-0,1-0,Athletic Club Bilbao (38)
?,(Sun) 13 May 2012 (W19),Málaga CF (38),1-0,0-0,Sporting Gijón (38)
?,(Sun) 13 May 2012 (W19),Real Madrid (38),4-1,2-0,RCD Mallorca (38)
?,(Sun) 13 May 2012 (W19),Real Racing Santander (38),2-4,1-0,CA Osasuna (38)
?,(Sun) 13 May 2012 (W19),Rayo Vallecano (38),1-0,0-0,Granada CF (38)
?,(Sun) 13 May 2012 (W19),Villarreal CF (38),0-1,0-0,Atlético Madrid (38)
