Round,Date,Team 1,FT,HT,Team 2
?,(Fri) 26 Aug 2011 (W34),Girona FC (1),1-4,0-2,Elche CF (1)
?,(Sat) 27 Aug 2011 (W34),AD Alcorcón (1),0-1,0-0,Xerez CD (1)
?,(Sat) 27 Aug 2011 (W34),CD Alcoyano (1),1-1,0-1,CD Numancia (1)
?,(Sat) 27 Aug 2011 (W34),FC Barcelona B (1),0-2,0-1,Villarreal CF B (1)
?,(Sat) 27 Aug 2011 (W34),Córdoba CF (1),1-1,0-1,UD Almería (1)
?,(Sat) 27 Aug 2011 (W34),CD Guadalajara (1),1-1,1-0,UD Las Palmas (1)
?,(Sat) 27 Aug 2011 (W34),Hércules CF (1),2-0,1-0,FC Cartagena (1)
?,(Sat) 27 Aug 2011 (W34),RCD La Coruña (1),1-0,1-0,Recreativo Huelva (1)
?,(Sat) 27 Aug 2011 (W34),CE Sabadell (1),2-1,0-0,SD Huesca (1)
?,(Sun) 28 Aug 2011 (W34),Gimnàstic Tarragona (1),0-3,0-3,Real Valladolid CF (1)
?,(Sun) 28 Aug 2011 (W34),Real Murcia CF (1),1-3,1-2,RC Celta Vigo (1)
?,(Sat) 3 Sep 2011 (W35),UD Almería (2),2-2,2-0,Girona FC (2)
?,(Sat) 3 Sep 2011 (W35),Elche CF (2),1-0,0-0,Real Murcia CF (2)
?,(Sat) 3 Sep 2011 (W35),SD Huesca (2),0-3,0-0,AD Alcorcón (2)
?,(Sat) 3 Sep 2011 (W35),UD Las Palmas (2),1-0,0-0,CD Alcoyano (2)
?,(Sat) 3 Sep 2011 (W35),Real Valladolid CF (2),2-0,0-0,Córdoba CF (2)
?,(Sat) 3 Sep 2011 (W35),Villarreal CF B (2),3-4,1-1,CE Sabadell (2)
?,(Sat) 3 Sep 2011 (W35),Xerez CD (2),0-2,0-1,CD Guadalajara (2)
?,(Sun) 4 Sep 2011 (W35),FC Cartagena (2),0-4,0-2,FC Barcelona B (2)
?,(Sun) 4 Sep 2011 (W35),RCD La Coruña (2),0-1,0-1,Hércules CF (2)
?,(Sun) 4 Sep 2011 (W35),CD Numancia (2),0-0,0-0,Gimnàstic Tarragona (2)
?,(Sun) 4 Sep 2011 (W35),Recreativo Huelva (2),1-2,0-1,RC Celta Vigo (2)
?,(Sat) 10 Sep 2011 (W36),AD Alcorcón (3),1-1,0-0,Villarreal CF B (3)
?,(Sat) 10 Sep 2011 (W36),CD Alcoyano (3),0-1,0-0,Xerez CD (3)
?,(Sat) 10 Sep 2011 (W36),Córdoba CF (3),1-0,0-0,CD Numancia (3)
?,(Sat) 10 Sep 2011 (W36),CD Guadalajara (3),2-1,2-0,SD Huesca (3)
?,(Sat) 10 Sep 2011 (W36),Hércules CF (3),0-1,0-0,Recreativo Huelva (3)
?,(Sat) 10 Sep 2011 (W36),Real Murcia CF (3),0-2,0-1,UD Almería (3)
?,(Sat) 10 Sep 2011 (W36),CE Sabadell (3),3-2,1-1,FC Cartagena (3)
?,(Sun) 11 Sep 2011 (W36),FC Barcelona B (3),2-3,1-3,RCD La Coruña (3)
?,(Sun) 11 Sep 2011 (W36),RC Celta Vigo (3),1-2,1-1,Elche CF (3)
?,(Sun) 11 Sep 2011 (W36),Gimnàstic Tarragona (3),1-3,0-1,UD Las Palmas (3)
?,(Sun) 11 Sep 2011 (W36),Girona FC (3),1-1,1-1,Real Valladolid CF (3)
?,(Fri) 16 Sep 2011 (W37),Hércules CF (4),2-1,0-0,FC Barcelona B (4)
?,(Sat) 17 Sep 2011 (W37),FC Cartagena (4),0-2,0-0,AD Alcorcón (4)
?,(Sat) 17 Sep 2011 (W37),SD Huesca (4),3-3,2-2,CD Alcoyano (4)
?,(Sat) 17 Sep 2011 (W37),RCD La Coruña (4),2-1,2-0,CE Sabadell (4)
?,(Sat) 17 Sep 2011 (W37),UD Las Palmas (4),0-1,0-0,Córdoba CF (4)
?,(Sat) 17 Sep 2011 (W37),CD Numancia (4),1-0,0-0,Girona FC (4)
?,(Sat) 17 Sep 2011 (W37),Recreativo Huelva (4),1-0,0-0,Elche CF (4)
?,(Sat) 17 Sep 2011 (W37),Real Valladolid CF (4),1-3,0-2,Real Murcia CF (4)
?,(Sat) 17 Sep 2011 (W37),Xerez CD (4),0-0,0-0,Gimnàstic Tarragona (4)
?,(Sun) 18 Sep 2011 (W37),UD Almería (4),1-0,0-0,RC Celta Vigo (4)
?,(Sun) 18 Sep 2011 (W37),Villarreal CF B (4),3-3,1-1,CD Guadalajara (4)
?,(Fri) 23 Sep 2011 (W38),Elche CF (5),1-3,0-1,UD Almería (5)
?,(Sat) 24 Sep 2011 (W38),AD Alcorcón (5),4-0,3-0,RCD La Coruña (5)
?,(Sat) 24 Sep 2011 (W38),CD Alcoyano (5),1-1,1-1,Villarreal CF B (5)
?,(Sat) 24 Sep 2011 (W38),FC Barcelona B (5),2-2,2-1,Recreativo Huelva (5)
?,(Sat) 24 Sep 2011 (W38),Gimnàstic Tarragona (5),1-3,0-2,SD Huesca (5)
?,(Sat) 24 Sep 2011 (W38),Girona FC (5),4-2,1-2,UD Las Palmas (5)
?,(Sat) 24 Sep 2011 (W38),CD Guadalajara (5),2-0,1-0,FC Cartagena (5)
?,(Sat) 24 Sep 2011 (W38),CE Sabadell (5),1-1,1-1,Hércules CF (5)
?,(Sun) 25 Sep 2011 (W38),RC Celta Vigo (5),1-1,0-0,Real Valladolid CF (5)
?,(Sun) 25 Sep 2011 (W38),Córdoba CF (5),2-1,1-0,Xerez CD (5)
?,(Sun) 25 Sep 2011 (W38),Real Murcia CF (5),2-1,2-1,CD Numancia (5)
?,(Fri) 30 Sep 2011 (W39),Villarreal CF B (6),3-2,1-1,Gimnàstic Tarragona (6)
?,(Sat) 1 Oct 2011 (W39),FC Barcelona B (6),0-1,0-1,CE Sabadell (6)
?,(Sat) 1 Oct 2011 (W39),FC Cartagena (6),1-2,1-2,CD Alcoyano (6)
?,(Sat) 1 Oct 2011 (W39),Hércules CF (6),1-0,1-0,AD Alcorcón (6)
?,(Sat) 1 Oct 2011 (W39),SD Huesca (6),0-1,0-0,Córdoba CF (6)
?,(Sat) 1 Oct 2011 (W39),RCD La Coruña (6),4-0,3-0,CD Guadalajara (6)
?,(Sat) 1 Oct 2011 (W39),UD Las Palmas (6),1-1,0-1,Real Murcia CF (6)
?,(Sat) 1 Oct 2011 (W39),Recreativo Huelva (6),0-1,0-1,UD Almería (6)
?,(Sun) 2 Oct 2011 (W39),CD Numancia (6),0-2,0-1,RC Celta Vigo (6)
?,(Sun) 2 Oct 2011 (W39),Real Valladolid CF (6),2-1,0-1,Elche CF (6)
?,(Mon) 3 Oct 2011 (W40),Xerez CD (6),2-1,2-0,Girona FC (6)
?,(Sat) 8 Oct 2011 (W40),AD Alcorcón (7),2-2,1-1,FC Barcelona B (7)
?,(Sat) 8 Oct 2011 (W40),CD Alcoyano (7),2-0,1-0,RCD La Coruña (7)
?,(Sat) 8 Oct 2011 (W40),RC Celta Vigo (7),1-2,1-1,UD Las Palmas (7)
?,(Sat) 8 Oct 2011 (W40),Elche CF (7),2-2,1-0,CD Numancia (7)
?,(Sat) 8 Oct 2011 (W40),Girona FC (7),1-1,1-1,SD Huesca (7)
?,(Sat) 8 Oct 2011 (W40),Real Murcia CF (7),0-0,0-0,Xerez CD (7)
?,(Sun) 9 Oct 2011 (W40),UD Almería (7),1-1,1-0,Real Valladolid CF (7)
?,(Sun) 9 Oct 2011 (W40),Córdoba CF (7),1-1,1-1,Villarreal CF B (7)
?,(Sun) 9 Oct 2011 (W40),Gimnàstic Tarragona (7),0-0,0-0,FC Cartagena (7)
?,(Sun) 9 Oct 2011 (W40),CD Guadalajara (7),1-2,0-1,Hércules CF (7)
?,(Mon) 10 Oct 2011 (W41),CE Sabadell (7),1-0,1-0,Recreativo Huelva (7)
?,(Fri) 14 Oct 2011 (W41),Villarreal CF B (8),2-2,1-1,Girona FC (8)
?,(Sat) 15 Oct 2011 (W41),FC Cartagena (8),0-0,0-0,Córdoba CF (8)
?,(Sat) 15 Oct 2011 (W41),Hércules CF (8),1-0,0-0,CD Alcoyano (8)
?,(Sat) 15 Oct 2011 (W41),SD Huesca (8),2-2,2-1,Real Murcia CF (8)
?,(Sat) 15 Oct 2011 (W41),RCD La Coruña (8),2-2,1-0,Gimnàstic Tarragona (8)
?,(Sat) 15 Oct 2011 (W41),UD Las Palmas (8),1-1,0-0,Elche CF (8)
?,(Sat) 15 Oct 2011 (W41),CD Numancia (8),1-0,1-0,UD Almería (8)
?,(Sat) 15 Oct 2011 (W41),Recreativo Huelva (8),1-1,1-0,Real Valladolid CF (8)
?,(Sat) 15 Oct 2011 (W41),CE Sabadell (8),1-0,1-0,AD Alcorcón (8)
?,(Sun) 16 Oct 2011 (W41),FC Barcelona B (8),1-2,0-1,CD Guadalajara (8)
?,(Sun) 16 Oct 2011 (W41),Xerez CD (8),3-3,2-1,RC Celta Vigo (8)
?,(Fri) 21 Oct 2011 (W42),CD Guadalajara (9),1-0,0-0,CE Sabadell (9)
?,(Sat) 22 Oct 2011 (W42),AD Alcorcón (9),2-1,2-1,Recreativo Huelva (9)
?,(Sat) 22 Oct 2011 (W42),CD Alcoyano (9),1-4,1-1,FC Barcelona B (9)
?,(Sat) 22 Oct 2011 (W42),RC Celta Vigo (9),4-0,1-0,SD Huesca (9)
?,(Sat) 22 Oct 2011 (W42),Córdoba CF (9),0-2,0-1,RCD La Coruña (9)
?,(Sat) 22 Oct 2011 (W42),Gimnàstic Tarragona (9),0-1,0-0,Hércules CF (9)
?,(Sat) 22 Oct 2011 (W42),Girona FC (9),0-2,0-0,FC Cartagena (9)
?,(Sat) 22 Oct 2011 (W42),Real Murcia CF (9),3-1,2-1,Villarreal CF B (9)
?,(Sat) 22 Oct 2011 (W42),Real Valladolid CF (9),2-1,0-0,CD Numancia (9)
?,(Sun) 23 Oct 2011 (W42),UD Almería (9),1-1,0-0,UD Las Palmas (9)
?,(Sun) 23 Oct 2011 (W42),Elche CF (9),1-0,1-0,Xerez CD (9)
?,(Tue) 25 Oct 2011 (W43),RC Celta Vigo (10),2-0,0-0,Girona FC (10)
?,(Tue) 25 Oct 2011 (W43),Real Valladolid CF (10),2-0,2-0,CD Alcoyano (10)
?,(Tue) 25 Oct 2011 (W43),Villarreal CF B (10),0-1,0-0,Hércules CF (10)
?,(Wed) 26 Oct 2011 (W43),UD Almería (10),3-1,2-1,Gimnàstic Tarragona (10)
?,(Wed) 26 Oct 2011 (W43),Elche CF (10),0-1,0-0,Córdoba CF (10)
?,(Wed) 26 Oct 2011 (W43),SD Huesca (10),0-1,0-0,FC Barcelona B (10)
?,(Wed) 26 Oct 2011 (W43),UD Las Palmas (10),2-0,2-0,AD Alcorcón (10)
?,(Wed) 26 Oct 2011 (W43),CD Numancia (10),4-0,3-0,CD Guadalajara (10)
?,(Wed) 26 Oct 2011 (W43),Recreativo Huelva (10),0-2,0-1,Real Murcia CF (10)
?,(Wed) 26 Oct 2011 (W43),Xerez CD (10),2-2,2-1,CE Sabadell (10)
?,(Thu) 27 Oct 2011 (W43),FC Cartagena (10),2-1,1-0,RCD La Coruña (10)
?,(Sat) 29 Oct 2011 (W43),AD Alcorcón (11),1-0,1-0,CD Guadalajara (11)
?,(Sat) 29 Oct 2011 (W43),FC Barcelona B (11),1-0,1-0,Gimnàstic Tarragona (11)
?,(Sat) 29 Oct 2011 (W43),Hércules CF (11),1-0,0-0,Córdoba CF (11)
?,(Sat) 29 Oct 2011 (W43),SD Huesca (11),0-1,0-0,Elche CF (11)
?,(Sat) 29 Oct 2011 (W43),UD Las Palmas (11),1-0,0-0,Real Valladolid CF (11)
?,(Sat) 29 Oct 2011 (W43),Recreativo Huelva (11),1-1,0-0,CD Numancia (11)
?,(Sat) 29 Oct 2011 (W43),CE Sabadell (11),2-2,1-2,CD Alcoyano (11)
?,(Sat) 29 Oct 2011 (W43),Xerez CD (11),0-1,0-0,UD Almería (11)
?,(Sun) 30 Oct 2011 (W43),FC Cartagena (11),1-2,1-0,Real Murcia CF (11)
?,(Sun) 30 Oct 2011 (W43),RCD La Coruña (11),3-2,1-1,Girona FC (11)
?,(Sun) 30 Oct 2011 (W43),Villarreal CF B (11),2-3,2-1,RC Celta Vigo (11)
?,(Fri) 4 Nov 2011 (W44),Córdoba CF (12),1-1,0-1,FC Barcelona B (12)
?,(Sat) 5 Nov 2011 (W44),CD Alcoyano (12),0-0,0-0,AD Alcorcón (12)
?,(Sat) 5 Nov 2011 (W44),UD Almería (12),2-1,1-0,SD Huesca (12)
?,(Sat) 5 Nov 2011 (W44),RC Celta Vigo (12),1-0,1-0,FC Cartagena (12)
?,(Sat) 5 Nov 2011 (W44),Elche CF (12),3-0,1-0,Villarreal CF B (12)
?,(Sat) 5 Nov 2011 (W44),Girona FC (12),1-0,0-0,Hércules CF (12)
?,(Sat) 5 Nov 2011 (W44),CD Guadalajara (12),0-2,0-1,Recreativo Huelva (12)
?,(Sat) 5 Nov 2011 (W44),CD Numancia (12),3-2,1-1,UD Las Palmas (12)
?,(Sat) 5 Nov 2011 (W44),Real Valladolid CF (12),2-1,1-0,Xerez CD (12)
?,(Sun) 6 Nov 2011 (W44),Gimnàstic Tarragona (12),5-0,2-0,CE Sabadell (12)
?,(Mon) 7 Nov 2011 (W45),Real Murcia CF (12),0-0,0-0,RCD La Coruña (12)
?,(Sat) 12 Nov 2011 (W45),AD Alcorcón (13),0-1,0-0,Gimnàstic Tarragona (13)
?,(Sat) 12 Nov 2011 (W45),FC Barcelona B (13),2-2,2-0,Girona FC (13)
?,(Sat) 12 Nov 2011 (W45),FC Cartagena (13),1-1,1-0,Elche CF (13)
?,(Sat) 12 Nov 2011 (W45),Hércules CF (13),0-1,0-0,Real Murcia CF (13)
?,(Sat) 12 Nov 2011 (W45),SD Huesca (13),2-2,0-1,Real Valladolid CF (13)
?,(Sat) 12 Nov 2011 (W45),CE Sabadell (13),0-3,0-1,Córdoba CF (13)
?,(Sat) 12 Nov 2011 (W45),Xerez CD (13),1-2,0-0,CD Numancia (13)
?,(Sun) 13 Nov 2011 (W45),CD Guadalajara (13),1-1,1-1,CD Alcoyano (13)
?,(Sun) 13 Nov 2011 (W45),RCD La Coruña (13),2-1,1-0,RC Celta Vigo (13)
?,(Sun) 13 Nov 2011 (W45),Recreativo Huelva (13),4-2,3-1,UD Las Palmas (13)
?,(Sun) 13 Nov 2011 (W45),Villarreal CF B (13),2-1,0-1,UD Almería (13)
?,(Fri) 18 Nov 2011 (W46),Gimnàstic Tarragona (14),0-0,0-0,CD Guadalajara (14)
?,(Sat) 19 Nov 2011 (W46),CD Alcoyano (14),2-1,1-0,Recreativo Huelva (14)
?,(Sat) 19 Nov 2011 (W46),RC Celta Vigo (14),0-1,0-1,Hércules CF (14)
?,(Sat) 19 Nov 2011 (W46),Córdoba CF (14),3-1,1-0,AD Alcorcón (14)
?,(Sat) 19 Nov 2011 (W46),Girona FC (14),1-1,1-1,CE Sabadell (14)
?,(Sat) 19 Nov 2011 (W46),UD Las Palmas (14),0-0,0-0,Xerez CD (14)
?,(Sat) 19 Nov 2011 (W46),Real Murcia CF (14),0-2,0-0,FC Barcelona B (14)
?,(Sat) 19 Nov 2011 (W46),CD Numancia (14),1-1,0-0,SD Huesca (14)
?,(Sat) 19 Nov 2011 (W46),Real Valladolid CF (14),2-1,1-0,Villarreal CF B (14)
?,(Sun) 20 Nov 2011 (W46),UD Almería (14),0-0,0-0,FC Cartagena (14)
?,(Sun) 20 Nov 2011 (W46),Elche CF (14),3-2,2-0,RCD La Coruña (14)
?,(Fri) 25 Nov 2011 (W47),RCD La Coruña (15),3-1,1-0,UD Almería (15)
?,(Sat) 26 Nov 2011 (W47),AD Alcorcón (15),1-0,0-0,Girona FC (15)
?,(Sat) 26 Nov 2011 (W47),CD Alcoyano (15),0-0,0-0,Gimnàstic Tarragona (15)
?,(Sat) 26 Nov 2011 (W47),FC Barcelona B (15),2-1,1-0,RC Celta Vigo (15)
?,(Sat) 26 Nov 2011 (W47),FC Cartagena (15),0-0,0-0,Real Valladolid CF (15)
?,(Sat) 26 Nov 2011 (W47),CD Guadalajara (15),3-1,2-0,Córdoba CF (15)
?,(Sat) 26 Nov 2011 (W47),SD Huesca (15),2-0,1-0,UD Las Palmas (15)
?,(Sat) 26 Nov 2011 (W47),Recreativo Huelva (15),1-2,0-0,Xerez CD (15)
?,(Sat) 26 Nov 2011 (W47),Villarreal CF B (15),0-0,0-0,CD Numancia (15)
?,(Sun) 27 Nov 2011 (W47),Hércules CF (15),1-2,0-2,Elche CF (15)
?,(Sun) 27 Nov 2011 (W47),CE Sabadell (15),2-2,1-1,Real Murcia CF (15)
?,(Fri) 2 Dec 2011 (W48),UD Las Palmas (16),3-1,2-0,Villarreal CF B (16)
?,(Sat) 3 Dec 2011 (W48),UD Almería (16),1-1,1-1,Hércules CF (16)
?,(Sat) 3 Dec 2011 (W48),RC Celta Vigo (16),4-1,2-0,CE Sabadell (16)
?,(Sat) 3 Dec 2011 (W48),Elche CF (16),3-0,3-0,FC Barcelona B (16)
?,(Sat) 3 Dec 2011 (W48),Gimnàstic Tarragona (16),1-2,1-1,Recreativo Huelva (16)
?,(Sat) 3 Dec 2011 (W48),Girona FC (16),0-0,0-0,CD Guadalajara (16)
?,(Sat) 3 Dec 2011 (W48),Real Murcia CF (16),0-2,0-1,AD Alcorcón (16)
?,(Sat) 3 Dec 2011 (W48),CD Numancia (16),0-0,0-0,FC Cartagena (16)
?,(Sat) 3 Dec 2011 (W48),Xerez CD (16),1-3,0-2,SD Huesca (16)
?,(Sun) 4 Dec 2011 (W48),Córdoba CF (16),3-0,3-0,CD Alcoyano (16)
?,(Sun) 4 Dec 2011 (W48),Real Valladolid CF (16),0-0,0-0,RCD La Coruña (16)
?,(Fri) 9 Dec 2011 (W49),FC Barcelona B (17),3-3,1-0,UD Almería (17)
?,(Sat) 10 Dec 2011 (W49),AD Alcorcón (17),0-0,0-0,RC Celta Vigo (17)
?,(Sat) 10 Dec 2011 (W49),CD Alcoyano (17),2-1,0-0,Girona FC (17)
?,(Sat) 10 Dec 2011 (W49),FC Cartagena (17),0-0,0-0,UD Las Palmas (17)
?,(Sat) 10 Dec 2011 (W49),Gimnàstic Tarragona (17),0-0,0-0,Córdoba CF (17)
?,(Sat) 10 Dec 2011 (W49),RCD La Coruña (17),3-1,2-0,CD Numancia (17)
?,(Sat) 10 Dec 2011 (W49),Recreativo Huelva (17),1-1,0-0,SD Huesca (17)
?,(Sat) 10 Dec 2011 (W49),CE Sabadell (17),0-0,0-0,Elche CF (17)
?,(Sat) 10 Dec 2011 (W49),Villarreal CF B (17),3-1,1-0,Xerez CD (17)
?,(Sun) 11 Dec 2011 (W49),CD Guadalajara (17),2-1,2-0,Real Murcia CF (17)
?,(Sun) 11 Dec 2011 (W49),Hércules CF (17),2-2,0-2,Real Valladolid CF (17)
?,(Fri) 16 Dec 2011 (W50),Elche CF (18),6-0,4-0,AD Alcorcón (18)
?,(Sat) 17 Dec 2011 (W50),RC Celta Vigo (18),2-0,2-0,CD Guadalajara (18)
?,(Sat) 17 Dec 2011 (W50),Córdoba CF (18),0-0,0-0,Recreativo Huelva (18)
?,(Sat) 17 Dec 2011 (W50),Girona FC (18),3-2,1-1,Gimnàstic Tarragona (18)
?,(Sat) 17 Dec 2011 (W50),SD Huesca (18),1-0,0-0,Villarreal CF B (18)
?,(Sat) 17 Dec 2011 (W50),Real Murcia CF (18),3-2,0-0,CD Alcoyano (18)
?,(Sat) 17 Dec 2011 (W50),CD Numancia (18),2-1,1-1,Hércules CF (18)
?,(Sat) 17 Dec 2011 (W50),Real Valladolid CF (18),1-0,0-0,FC Barcelona B (18)
?,(Sat) 17 Dec 2011 (W50),Xerez CD (18),3-0,2-0,FC Cartagena (18)
?,(Sun) 18 Dec 2011 (W50),UD Almería (18),3-0,2-0,CE Sabadell (18)
?,(Sun) 18 Dec 2011 (W50),UD Las Palmas (18),0-1,0-0,RCD La Coruña (18)
?,(Fri) 6 Jan 2012 (W1),CD Alcoyano (19),0-3,0-2,RC Celta Vigo (19)
?,(Sat) 7 Jan 2012 (W1),FC Barcelona B (19),1-1,0-0,CD Numancia (19)
?,(Sat) 7 Jan 2012 (W1),FC Cartagena (19),2-0,2-0,SD Huesca (19)
?,(Sat) 7 Jan 2012 (W1),Gimnàstic Tarragona (19),0-2,0-1,Real Murcia CF (19)
?,(Sat) 7 Jan 2012 (W1),CD Guadalajara (19),2-4,2-2,Elche CF (19)
?,(Sat) 7 Jan 2012 (W1),Hércules CF (19),2-1,0-0,UD Las Palmas (19)
?,(Sat) 7 Jan 2012 (W1),RCD La Coruña (19),2-1,2-1,Xerez CD (19)
?,(Sat) 7 Jan 2012 (W1),Recreativo Huelva (19),3-1,2-1,Villarreal CF B (19)
?,(Sat) 7 Jan 2012 (W1),CE Sabadell (19),1-4,0-3,Real Valladolid CF (19)
?,(Sun) 8 Jan 2012 (W1),AD Alcorcón (19),1-1,0-1,UD Almería (19)
?,(Sun) 8 Jan 2012 (W1),Córdoba CF (19),1-0,1-0,Girona FC (19)
?,(Fri) 13 Jan 2012 (W2),RC Celta Vigo (20),1-0,0-0,Gimnàstic Tarragona (20)
?,(Sat) 14 Jan 2012 (W2),UD Almería (20),4-0,2-0,CD Guadalajara (20)
?,(Sat) 14 Jan 2012 (W2),Elche CF (20),1-2,0-0,CD Alcoyano (20)
?,(Sat) 14 Jan 2012 (W2),UD Las Palmas (20),3-1,1-1,FC Barcelona B (20)
?,(Sat) 14 Jan 2012 (W2),Real Murcia CF (20),2-1,2-0,Córdoba CF (20)
?,(Sat) 14 Jan 2012 (W2),Recreativo Huelva (20),3-0,2-0,Girona FC (20)
?,(Sat) 14 Jan 2012 (W2),Real Valladolid CF (20),1-1,1-0,AD Alcorcón (20)
?,(Sat) 14 Jan 2012 (W2),Villarreal CF B (20),0-0,0-0,FC Cartagena (20)
?,(Sun) 15 Jan 2012 (W2),SD Huesca (20),0-2,0-1,RCD La Coruña (20)
?,(Sun) 15 Jan 2012 (W2),CD Numancia (20),2-1,1-1,CE Sabadell (20)
?,(Sun) 15 Jan 2012 (W2),Xerez CD (20),2-1,2-1,Hércules CF (20)
?,(Fri) 20 Jan 2012 (W3),CD Alcoyano (21),2-2,0-1,UD Almería (21)
?,(Sat) 21 Jan 2012 (W3),AD Alcorcón (21),2-2,2-0,CD Numancia (21)
?,(Sat) 21 Jan 2012 (W3),FC Cartagena (21),3-1,1-0,Recreativo Huelva (21)
?,(Sat) 21 Jan 2012 (W3),Gimnàstic Tarragona (21),1-0,1-0,Elche CF (21)
?,(Sat) 21 Jan 2012 (W3),Girona FC (21),1-1,1-1,Real Murcia CF (21)
?,(Sat) 21 Jan 2012 (W3),CD Guadalajara (21),0-3,0-1,Real Valladolid CF (21)
?,(Sat) 21 Jan 2012 (W3),Hércules CF (21),2-0,0-0,SD Huesca (21)
?,(Sat) 21 Jan 2012 (W3),RCD La Coruña (21),1-0,0-0,Villarreal CF B (21)
?,(Sat) 21 Jan 2012 (W3),CE Sabadell (21),1-1,1-0,UD Las Palmas (21)
?,(Sun) 22 Jan 2012 (W3),FC Barcelona B (21),2-0,1-0,Xerez CD (21)
?,(Sun) 22 Jan 2012 (W3),Córdoba CF (21),0-0,0-0,RC Celta Vigo (21)
?,(Sat) 28 Jan 2012 (W4),AD Alcorcón (22),3-1,1-0,UD Las Palmas (22)
?,(Sat) 28 Jan 2012 (W4),CD Alcoyano (22),0-1,0-0,Real Valladolid CF (22)
?,(Sat) 28 Jan 2012 (W4),FC Barcelona B (22),4-2,3-0,SD Huesca (22)
?,(Sat) 28 Jan 2012 (W4),Girona FC (22),0-1,0-1,RC Celta Vigo (22)
?,(Sat) 28 Jan 2012 (W4),CD Guadalajara (22),1-0,0-0,CD Numancia (22)
?,(Sat) 28 Jan 2012 (W4),Hércules CF (22),0-2,0-0,Villarreal CF B (22)
?,(Sat) 28 Jan 2012 (W4),Real Murcia CF (22),0-3,0-2,Recreativo Huelva (22)
?,(Sat) 28 Jan 2012 (W4),CE Sabadell (22),2-0,1-0,Xerez CD (22)
?,(Sun) 29 Jan 2012 (W4),Córdoba CF (22),2-0,1-0,Elche CF (22)
?,(Sun) 29 Jan 2012 (W4),Gimnàstic Tarragona (22),1-2,0-1,UD Almería (22)
?,(Sun) 29 Jan 2012 (W4),RCD La Coruña (22),2-1,1-0,FC Cartagena (22)
?,(Fri) 3 Feb 2012 (W5),Villarreal CF B (23),0-0,0-0,FC Barcelona B (23)
?,(Sat) 4 Feb 2012 (W5),UD Almería (23),2-1,0-1,Córdoba CF (23)
?,(Sat) 4 Feb 2012 (W5),RC Celta Vigo (23),1-0,0-0,Real Murcia CF (23)
?,(Sat) 4 Feb 2012 (W5),Elche CF (23),1-0,0-0,Girona FC (23)
?,(Sat) 4 Feb 2012 (W5),SD Huesca (23),0-0,0-0,CE Sabadell (23)
?,(Sat) 4 Feb 2012 (W5),UD Las Palmas (23),3-2,1-1,CD Guadalajara (23)
?,(Sat) 4 Feb 2012 (W5),CD Numancia (23),2-0,1-0,CD Alcoyano (23)
?,(Sat) 4 Feb 2012 (W5),Recreativo Huelva (23),0-1,0-1,RCD La Coruña (23)
?,(Sat) 4 Feb 2012 (W5),Xerez CD (23),2-2,0-1,AD Alcorcón (23)
?,(Sun) 5 Feb 2012 (W5),FC Cartagena (23),0-3,0-2,Hércules CF (23)
?,(Sun) 5 Feb 2012 (W5),Real Valladolid CF (23),4-0,3-0,Gimnàstic Tarragona (23)
?,(Fri) 10 Feb 2012 (W6),RC Celta Vigo (24),4-1,0-1,Recreativo Huelva (24)
?,(Sat) 11 Feb 2012 (W6),AD Alcorcón (24),2-0,0-0,SD Huesca (24)
?,(Sat) 11 Feb 2012 (W6),CD Alcoyano (24),2-0,0-0,UD Las Palmas (24)
?,(Sat) 11 Feb 2012 (W6),FC Barcelona B (24),4-0,2-0,FC Cartagena (24)
?,(Sat) 11 Feb 2012 (W6),Córdoba CF (24),2-0,1-0,Real Valladolid CF (24)
?,(Sat) 11 Feb 2012 (W6),Gimnàstic Tarragona (24),1-1,1-0,CD Numancia (24)
?,(Sat) 11 Feb 2012 (W6),CD Guadalajara (24),1-2,1-1,Xerez CD (24)
?,(Sat) 11 Feb 2012 (W6),Real Murcia CF (24),0-2,0-1,Elche CF (24)
?,(Sat) 11 Feb 2012 (W6),CE Sabadell (24),3-1,0-0,Villarreal CF B (24)
?,(Sun) 12 Feb 2012 (W6),Girona FC (24),0-1,0-0,UD Almería (24)
?,(Sun) 12 Feb 2012 (W6),Hércules CF (24),1-4,0-2,RCD La Coruña (24)
?,(Fri) 17 Feb 2012 (W7),CD Numancia (25),5-0,1-0,Córdoba CF (25)
?,(Sat) 18 Feb 2012 (W7),UD Almería (25),4-2,2-1,Real Murcia CF (25)
?,(Sat) 18 Feb 2012 (W7),FC Cartagena (25),1-0,0-0,CE Sabadell (25)
?,(Sat) 18 Feb 2012 (W7),SD Huesca (25),2-1,1-0,CD Guadalajara (25)
?,(Sat) 18 Feb 2012 (W7),RCD La Coruña (25),2-1,0-0,FC Barcelona B (25)
?,(Sat) 18 Feb 2012 (W7),Real Valladolid CF (25),1-0,1-0,Girona FC (25)
?,(Sat) 18 Feb 2012 (W7),Villarreal CF B (25),0-3,0-2,AD Alcorcón (25)
?,(Sat) 18 Feb 2012 (W7),Xerez CD (25),1-0,0-0,CD Alcoyano (25)
?,(Sun) 19 Feb 2012 (W7),Elche CF (25),0-2,0-0,RC Celta Vigo (25)
?,(Sun) 19 Feb 2012 (W7),UD Las Palmas (25),1-0,1-0,Gimnàstic Tarragona (25)
?,(Sun) 19 Feb 2012 (W7),Recreativo Huelva (25),1-0,0-0,Hércules CF (25)
?,(Fri) 24 Feb 2012 (W8),FC Barcelona B (26),0-1,0-1,Hércules CF (26)
?,(Sat) 25 Feb 2012 (W8),AD Alcorcón (26),1-0,1-0,FC Cartagena (26)
?,(Sat) 25 Feb 2012 (W8),CD Alcoyano (26),0-3,0-2,SD Huesca (26)
?,(Sat) 25 Feb 2012 (W8),Elche CF (26),0-3,0-2,Recreativo Huelva (26)
?,(Sat) 25 Feb 2012 (W8),Gimnàstic Tarragona (26),0-1,0-1,Xerez CD (26)
?,(Sat) 25 Feb 2012 (W8),Girona FC (26),2-0,1-0,CD Numancia (26)
?,(Sat) 25 Feb 2012 (W8),CD Guadalajara (26),0-2,0-1,Villarreal CF B (26)
?,(Sat) 25 Feb 2012 (W8),Real Murcia CF (26),2-0,1-0,Real Valladolid CF (26)
?,(Sat) 25 Feb 2012 (W8),CE Sabadell (26),1-0,1-0,RCD La Coruña (26)
?,(Sun) 26 Feb 2012 (W8),RC Celta Vigo (26),4-3,1-2,UD Almería (26)
?,(Sun) 26 Feb 2012 (W8),Córdoba CF (26),1-0,0-0,UD Las Palmas (26)
?,(Fri) 2 Mar 2012 (W9),RCD La Coruña (27),2-1,2-0,AD Alcorcón (27)
?,(Sat) 3 Mar 2012 (W9),FC Cartagena (27),0-2,0-0,CD Guadalajara (27)
?,(Sat) 3 Mar 2012 (W9),Hércules CF (27),1-0,0-0,CE Sabadell (27)
?,(Sat) 3 Mar 2012 (W9),SD Huesca (27),0-0,0-0,Gimnàstic Tarragona (27)
?,(Sat) 3 Mar 2012 (W9),UD Las Palmas (27),3-2,0-1,Girona FC (27)
?,(Sat) 3 Mar 2012 (W9),CD Numancia (27),1-0,0-0,Real Murcia CF (27)
?,(Sat) 3 Mar 2012 (W9),Real Valladolid CF (27),1-2,1-1,RC Celta Vigo (27)
?,(Sat) 3 Mar 2012 (W9),Villarreal CF B (27),4-3,1-2,CD Alcoyano (27)
?,(Sat) 3 Mar 2012 (W9),Xerez CD (27),1-2,0-0,Córdoba CF (27)
?,(Sun) 4 Mar 2012 (W9),UD Almería (27),0-2,0-1,Elche CF (27)
?,(Sun) 4 Mar 2012 (W9),Recreativo Huelva (27),0-0,0-0,FC Barcelona B (27)
?,(Fri) 9 Mar 2012 (W10),RC Celta Vigo (28),5-0,3-0,CD Numancia (28)
?,(Sat) 10 Mar 2012 (W10),AD Alcorcón (28),1-0,0-0,Hércules CF (28)
?,(Sat) 10 Mar 2012 (W10),UD Almería (28),2-2,1-1,Recreativo Huelva (28)
?,(Sat) 10 Mar 2012 (W10),Córdoba CF (28),3-1,1-0,SD Huesca (28)
?,(Sat) 10 Mar 2012 (W10),Gimnàstic Tarragona (28),0-1,0-0,Villarreal CF B (28)
?,(Sat) 10 Mar 2012 (W10),Girona FC (28),5-3,2-2,Xerez CD (28)
?,(Sat) 10 Mar 2012 (W10),CD Guadalajara (28),1-2,0-1,RCD La Coruña (28)
?,(Sat) 10 Mar 2012 (W10),Real Murcia CF (28),1-2,1-1,UD Las Palmas (28)
?,(Sat) 10 Mar 2012 (W10),CE Sabadell (28),0-0,0-0,FC Barcelona B (28)
?,(Sun) 11 Mar 2012 (W10),CD Alcoyano (28),2-2,0-0,FC Cartagena (28)
?,(Sun) 11 Mar 2012 (W10),Elche CF (28),1-2,1-0,Real Valladolid CF (28)
?,(Fri) 16 Mar 2012 (W11),Villarreal CF B (29),1-1,1-0,Córdoba CF (29)
?,(Sat) 17 Mar 2012 (W11),FC Cartagena (29),1-3,0-0,Gimnàstic Tarragona (29)
?,(Sat) 17 Mar 2012 (W11),Hércules CF (29),5-0,2-0,CD Guadalajara (29)
?,(Sat) 17 Mar 2012 (W11),SD Huesca (29),2-1,1-1,Girona FC (29)
?,(Sat) 17 Mar 2012 (W11),RCD La Coruña (29),3-0,2-0,CD Alcoyano (29)
?,(Sat) 17 Mar 2012 (W11),UD Las Palmas (29),3-1,2-0,RC Celta Vigo (29)
?,(Sat) 17 Mar 2012 (W11),CD Numancia (29),3-0,2-0,Elche CF (29)
?,(Sat) 17 Mar 2012 (W11),Recreativo Huelva (29),1-1,1-0,CE Sabadell (29)
?,(Sat) 17 Mar 2012 (W11),Xerez CD (29),3-1,1-1,Real Murcia CF (29)
?,(Sun) 18 Mar 2012 (W11),FC Barcelona B (29),3-2,1-0,AD Alcorcón (29)
?,(Sun) 18 Mar 2012 (W11),Real Valladolid CF (29),1-1,1-0,UD Almería (29)
?,(Fri) 23 Mar 2012 (W12),Villarreal CF B (30),2-0,0-0,Real Murcia CF (30)
?,(Sat) 24 Mar 2012 (W12),FC Cartagena (30),1-1,1-1,Girona FC (30)
?,(Sat) 24 Mar 2012 (W12),Hércules CF (30),1-3,0-2,Gimnàstic Tarragona (30)
?,(Sat) 24 Mar 2012 (W12),SD Huesca (30),1-1,1-0,RC Celta Vigo (30)
?,(Sat) 24 Mar 2012 (W12),UD Las Palmas (30),2-2,0-0,UD Almería (30)
?,(Sat) 24 Mar 2012 (W12),Recreativo Huelva (30),1-2,0-1,AD Alcorcón (30)
?,(Sat) 24 Mar 2012 (W12),CE Sabadell (30),2-2,1-1,CD Guadalajara (30)
?,(Sat) 24 Mar 2012 (W12),Xerez CD (30),0-0,0-0,Elche CF (30)
?,(Sun) 25 Mar 2012 (W12),FC Barcelona B (30),2-1,1-1,CD Alcoyano (30)
?,(Sun) 25 Mar 2012 (W12),RCD La Coruña (30),2-0,1-0,Córdoba CF (30)
?,(Sun) 25 Mar 2012 (W12),CD Numancia (30),1-4,0-3,Real Valladolid CF (30)
?,(Fri) 30 Mar 2012 (W13),CD Numancia (31),1-0,0-0,Recreativo Huelva (31)
?,(Sat) 31 Mar 2012 (W13),CD Alcoyano (31),2-1,1-0,CE Sabadell (31)
?,(Sat) 31 Mar 2012 (W13),UD Almería (31),1-1,0-1,Xerez CD (31)
?,(Sat) 31 Mar 2012 (W13),Elche CF (31),1-2,1-0,SD Huesca (31)
?,(Sat) 31 Mar 2012 (W13),Gimnàstic Tarragona (31),1-1,0-1,FC Barcelona B (31)
?,(Sat) 31 Mar 2012 (W13),Girona FC (31),1-0,1-0,RCD La Coruña (31)
?,(Sat) 31 Mar 2012 (W13),CD Guadalajara (31),1-2,0-1,AD Alcorcón (31)
?,(Sat) 31 Mar 2012 (W13),Real Murcia CF (31),2-1,1-1,FC Cartagena (31)
?,(Sat) 31 Mar 2012 (W13),Real Valladolid CF (31),2-1,0-0,UD Las Palmas (31)
?,(Sun) 1 Apr 2012 (W13),RC Celta Vigo (31),2-0,0-0,Villarreal CF B (31)
?,(Sun) 1 Apr 2012 (W13),Córdoba CF (31),3-1,2-0,Hércules CF (31)
?,(Fri) 6 Apr 2012 (W14),Hércules CF (32),4-2,0-1,Girona FC (32)
?,(Sat) 7 Apr 2012 (W14),AD Alcorcón (32),2-1,0-0,CD Alcoyano (32)
?,(Sat) 7 Apr 2012 (W14),SD Huesca (32),1-0,0-0,UD Almería (32)
?,(Sat) 7 Apr 2012 (W14),UD Las Palmas (32),1-1,0-0,CD Numancia (32)
?,(Sat) 7 Apr 2012 (W14),Recreativo Huelva (32),4-2,2-0,CD Guadalajara (32)
?,(Sat) 7 Apr 2012 (W14),CE Sabadell (32),1-0,1-0,Gimnàstic Tarragona (32)
?,(Sat) 7 Apr 2012 (W14),Villarreal CF B (32),2-0,1-0,Elche CF (32)
?,(Sat) 7 Apr 2012 (W14),Xerez CD (32),0-4,0-2,Real Valladolid CF (32)
?,(Sun) 8 Apr 2012 (W14),FC Barcelona B (32),2-0,2-0,Córdoba CF (32)
?,(Sun) 8 Apr 2012 (W14),RCD La Coruña (32),3-1,1-1,Real Murcia CF (32)
?,(Fri) 13 Apr 2012 (W15),UD Almería (33),0-0,0-0,Villarreal CF B (33)
?,(Sat) 14 Apr 2012 (W15),CD Alcoyano (33),0-1,0-0,CD Guadalajara (33)
?,(Sat) 14 Apr 2012 (W15),Córdoba CF (33),0-0,0-0,CE Sabadell (33)
?,(Sat) 14 Apr 2012 (W15),Elche CF (33),2-1,1-0,FC Cartagena (32)
?,(Sat) 14 Apr 2012 (W15),Girona FC (33),1-1,0-0,FC Barcelona B (33)
?,(Sat) 14 Apr 2012 (W15),UD Las Palmas (33),0-0,0-0,Recreativo Huelva (33)
?,(Sat) 14 Apr 2012 (W15),Real Murcia CF (33),2-6,1-2,Hércules CF (33)
?,(Sat) 14 Apr 2012 (W15),CD Numancia (33),2-2,0-1,Xerez CD (33)
?,(Sat) 14 Apr 2012 (W15),Real Valladolid CF (33),3-0,2-0,SD Huesca (33)
?,(Sun) 15 Apr 2012 (W15),RC Celta Vigo (32),2-3,0-1,RCD La Coruña (33)
?,(Sun) 15 Apr 2012 (W15),Gimnàstic Tarragona (33),0-2,0-1,AD Alcorcón (33)
?,(Fri) 20 Apr 2012 (W16),Villarreal CF B (34),0-1,0-1,Real Valladolid CF (34)
?,(Sat) 21 Apr 2012 (W16),AD Alcorcón (34),2-0,0-0,Córdoba CF (34)
?,(Sat) 21 Apr 2012 (W16),FC Cartagena (33),1-1,0-0,UD Almería (34)
?,(Sat) 21 Apr 2012 (W16),CD Guadalajara (34),1-0,0-0,Gimnàstic Tarragona (34)
?,(Sat) 21 Apr 2012 (W16),Hércules CF (34),1-0,0-0,RC Celta Vigo (33)
?,(Sat) 21 Apr 2012 (W16),SD Huesca (34),2-1,2-0,CD Numancia (34)
?,(Sat) 21 Apr 2012 (W16),Recreativo Huelva (34),1-3,1-1,CD Alcoyano (34)
?,(Sat) 21 Apr 2012 (W16),CE Sabadell (34),2-3,0-1,Girona FC (34)
?,(Sat) 21 Apr 2012 (W16),Xerez CD (34),2-0,0-0,UD Las Palmas (34)
?,(Sun) 22 Apr 2012 (W16),FC Barcelona B (34),1-0,0-0,Real Murcia CF (34)
?,(Sun) 22 Apr 2012 (W16),RCD La Coruña (34),4-3,1-1,Elche CF (34)
?,(Fri) 27 Apr 2012 (W17),Córdoba CF (35),3-2,1-0,CD Guadalajara (35)
?,(Sat) 28 Apr 2012 (W17),UD Almería (35),2-0,1-0,RCD La Coruña (35)
?,(Sat) 28 Apr 2012 (W17),RC Celta Vigo (34),4-1,0-1,FC Barcelona B (35)
?,(Sat) 28 Apr 2012 (W17),Gimnàstic Tarragona (35),2-0,1-0,CD Alcoyano (35)
?,(Sat) 28 Apr 2012 (W17),Girona FC (35),0-0,0-0,AD Alcorcón (35)
?,(Sat) 28 Apr 2012 (W17),UD Las Palmas (35),1-3,0-0,SD Huesca (35)
?,(Sat) 28 Apr 2012 (W17),Real Murcia CF (35),1-0,1-0,CE Sabadell (35)
?,(Sat) 28 Apr 2012 (W17),CD Numancia (35),0-1,0-0,Villarreal CF B (35)
?,(Sat) 28 Apr 2012 (W17),Real Valladolid CF (35),2-1,0-1,FC Cartagena (34)
?,(Sun) 29 Apr 2012 (W17),Elche CF (35),0-3,0-0,Hércules CF (35)
?,(Sun) 29 Apr 2012 (W17),Xerez CD (35),3-1,3-0,Recreativo Huelva (35)
?,(Fri) 4 May 2012 (W18),CD Alcoyano (36),3-3,2-1,Córdoba CF (36)
?,(Sat) 5 May 2012 (W18),AD Alcorcón (36),3-0,2-0,Real Murcia CF (36)
?,(Sat) 5 May 2012 (W18),FC Barcelona B (36),0-1,0-0,Elche CF (36)
?,(Sat) 5 May 2012 (W18),FC Cartagena (35),2-1,2-1,CD Numancia (36)
?,(Sat) 5 May 2012 (W18),CD Guadalajara (36),1-4,0-2,Girona FC (36)
?,(Sat) 5 May 2012 (W18),Hércules CF (36),0-0,0-0,UD Almería (36)
?,(Sat) 5 May 2012 (W18),SD Huesca (36),2-1,1-0,Xerez CD (36)
?,(Sat) 5 May 2012 (W18),CE Sabadell (36),1-2,0-1,RC Celta Vigo (35)
?,(Sat) 5 May 2012 (W18),Villarreal CF B (36),1-4,0-1,UD Las Palmas (36)
?,(Sun) 6 May 2012 (W18),RCD La Coruña (36),1-1,1-0,Real Valladolid CF (36)
?,(Sun) 6 May 2012 (W18),Recreativo Huelva (36),2-2,1-1,Gimnàstic Tarragona (36)
?,(Tue) 8 May 2012 (W19),FC Cartagena (36),1-1,0-1,RC Celta Vigo (36)
?,(Fri) 11 May 2012 (W19),Córdoba CF (37),4-2,2-0,Gimnàstic Tarragona (37)
?,(Fri) 11 May 2012 (W19),UD Las Palmas (37),1-2,1-0,FC Cartagena (37)
?,(Sat) 12 May 2012 (W19),UD Almería (37),1-2,0-2,FC Barcelona B (37)
?,(Sat) 12 May 2012 (W19),RC Celta Vigo (37),3-0,2-0,AD Alcorcón (37)
?,(Sat) 12 May 2012 (W19),Girona FC (37),5-1,3-0,CD Alcoyano (37)
?,(Sat) 12 May 2012 (W19),SD Huesca (37),0-2,0-1,Recreativo Huelva (37)
?,(Sat) 12 May 2012 (W19),Real Murcia CF (37),2-2,1-0,CD Guadalajara (37)
?,(Sat) 12 May 2012 (W19),CD Numancia (37),0-3,0-2,RCD La Coruña (37)
?,(Sun) 13 May 2012 (W19),Elche CF (37),1-1,0-0,CE Sabadell (37)
?,(Sun) 13 May 2012 (W19),Real Valladolid CF (37),1-1,1-0,Hércules CF (37)
?,(Sun) 13 May 2012 (W19),Xerez CD (37),0-1,0-0,Villarreal CF B (37)
?,(Wed) 16 May 2012 (W20),AD Alcorcón (38),3-1,2-1,Elche CF (38)
?,(Wed) 16 May 2012 (W20),CD Alcoyano (38),1-3,1-1,Real Murcia CF (38)
?,(Wed) 16 May 2012 (W20),FC Barcelona B (38),1-2,0-0,Real Valladolid CF (38)
?,(Wed) 16 May 2012 (W20),FC Cartagena (38),0-0,0-0,Xerez CD (38)
?,(Wed) 16 May 2012 (W20),Gimnàstic Tarragona (38),1-1,1-0,Girona FC (38)
?,(Wed) 16 May 2012 (W20),CD Guadalajara (38),0-3,0-1,RC Celta Vigo (38)
?,(Wed) 16 May 2012 (W20),Hércules CF (38),1-3,0-0,CD Numancia (38)
?,(Wed) 16 May 2012 (W20),RCD La Coruña (38),3-1,2-1,UD Las Palmas (38)
?,(Wed) 16 May 2012 (W20),Recreativo Huelva (38),0-1,0-0,Córdoba CF (38)
?,(Wed) 16 May 2012 (W20),CE Sabadell (38),2-1,2-0,UD Almería (38)
?,(Wed) 16 May 2012 (W20),Villarreal CF B (38),4-2,1-1,SD Huesca (38)
?,(Sat) 19 May 2012 (W20),UD Almería (39),2-0,0-0,AD Alcorcón (39)
?,(Sat) 19 May 2012 (W20),RC Celta Vigo (39),4-0,2-0,CD Alcoyano (39)
?,(Sat) 19 May 2012 (W20),Elche CF (39),2-3,1-3,CD Guadalajara (39)
?,(Sat) 19 May 2012 (W20),Girona FC (39),3-1,2-0,Córdoba CF (39)
?,(Sat) 19 May 2012 (W20),SD Huesca (39),1-0,1-0,FC Cartagena (39)
?,(Sat) 19 May 2012 (W20),UD Las Palmas (39),2-0,1-0,Hércules CF (39)
?,(Sat) 19 May 2012 (W20),Villarreal CF B (39),2-0,0-0,Recreativo Huelva (39)
?,(Sun) 20 May 2012 (W20),Real Murcia CF (39),2-2,0-0,Gimnàstic Tarragona (39)
?,(Sun) 20 May 2012 (W20),CD Numancia (39),3-0,2-0,FC Barcelona B (39)
?,(Sun) 20 May 2012 (W20),Real Valladolid CF (39),2-0,1-0,CE Sabadell (39)
?,(Sun) 20 May 2012 (W20),Xerez CD (39),3-2,1-1,RCD La Coruña (39)
?,(Tue) 22 May 2012 (W21),Córdoba CF (40),2-0,2-0,FC Cartagena (40)
?,(Tue) 22 May 2012 (W21),Girona FC (40),2-1,1-0,Villarreal CF B (40)
?,(Wed) 23 May 2012 (W21),AD Alcorcón (40),1-0,0-0,CE Sabadell (40)
?,(Wed) 23 May 2012 (W21),CD Alcoyano (40),0-5,0-1,Hércules CF (40)
?,(Wed) 23 May 2012 (W21),RC Celta Vigo (40),4-1,1-1,Xerez CD (40)
?,(Wed) 23 May 2012 (W21),Elche CF (40),1-2,0-1,UD Las Palmas (40)
?,(Wed) 23 May 2012 (W21),Gimnàstic Tarragona (40),1-2,1-1,RCD La Coruña (40)
?,(Wed) 23 May 2012 (W21),CD Guadalajara (40),2-0,2-0,FC Barcelona B (40)
?,(Wed) 23 May 2012 (W21),Real Murcia CF (40),0-1,0-1,SD Huesca (40)
?,(Thu) 24 May 2012 (W21),UD Almería (40),2-0,2-0,CD Numancia (40)
?,(Thu) 24 May 2012 (W21),Real Valladolid CF (40),1-0,0-0,Recreativo Huelva (40)
?,(Sat) 26 May 2012 (W21),FC Barcelona B (41),2-0,0-0,UD Las Palmas (41)
?,(Sun) 27 May 2012 (W21),AD Alcorcón (41),2-2,0-1,Real Valladolid CF (41)
?,(Sun) 27 May 2012 (W21),CD Alcoyano (41),4-0,2-0,Elche CF (41)
?,(Sun) 27 May 2012 (W21),FC Cartagena (41),6-2,3-1,Villarreal CF B (41)
?,(Sun) 27 May 2012 (W21),Córdoba CF (41),2-1,1-0,Real Murcia CF (41)
?,(Sun) 27 May 2012 (W21),Gimnàstic Tarragona (41),1-2,0-2,RC Celta Vigo (41)
?,(Sun) 27 May 2012 (W21),Girona FC (41),0-0,0-0,Recreativo Huelva (41)
?,(Sun) 27 May 2012 (W21),CD Guadalajara (41),0-1,0-0,UD Almería (41)
?,(Sun) 27 May 2012 (W21),Hércules CF (41),2-2,2-1,Xerez CD (41)
?,(Sun) 27 May 2012 (W21),RCD La Coruña (41),2-1,1-1,SD Huesca (41)
?,(Sun) 27 May 2012 (W21),CE Sabadell (41),1-3,0-1,CD Numancia (41)
?,(Sat) 2 Jun 2012 (W22),UD Las Palmas (42),3-2,1-1,CE Sabadell (42)
?,(Sat) 2 Jun 2012 (W22),Real Murcia CF (42),1-2,0-1,Girona FC (42)
?,(Sat) 2 Jun 2012 (W22),Recreativo Huelva (42),1-2,0-2,FC Cartagena (42)
?,(Sun) 3 Jun 2012 (W22),UD Almería (42),1-0,1-0,CD Alcoyano (42)
?,(Sun) 3 Jun 2012 (W22),RC Celta Vigo (42),0-0,0-0,Córdoba CF (42)
?,(Sun) 3 Jun 2012 (W22),Elche CF (42),1-0,1-0,Gimnàstic Tarragona (42)
?,(Sun) 3 Jun 2012 (W22),SD Huesca (42),1-2,1-2,Hércules CF (42)
?,(Sun) 3 Jun 2012 (W22),CD Numancia (42),0-1,0-0,AD Alcorcón (42)
?,(Sun) 3 Jun 2012 (W22),Real Valladolid CF (42),1-3,1-1,CD Guadalajara (42)
?,(Sun) 3 Jun 2012 (W22),Villarreal CF B (42),0-1,0-0,RCD La Coruña (42)
?,(Sun) 3 Jun 2012 (W22),Xerez CD (42),0-6,0-2,FC Barcelona B (42)
