Round,Date,Team 1,FT,HT,Team 2
?,(Sat) 28 Aug 2010 (W34),Hércules CF (1),0-1,0-0,Athletic Club Bilbao (1)
?,(Sat) 28 Aug 2010 (W34),Levante UD (1),1-4,1-2,Sevilla FC (1)
?,(Sat) 28 Aug 2010 (W34),Málaga CF (1),1-3,1-1,Valencia CF (1)
?,(Sun) 29 Aug 2010 (W34),RCD Espanyol (1),3-1,1-0,Getafe CF (1)
?,(Sun) 29 Aug 2010 (W34),RCD La Coruña (1),0-0,0-0,Real Zaragoza (1)
?,(Sun) 29 Aug 2010 (W34),RCD Mallorca (1),0-0,0-0,Real Madrid (1)
?,(Sun) 29 Aug 2010 (W34),CA Osasuna (1),0-0,0-0,UD Almería (1)
?,(Sun) 29 Aug 2010 (W34),Real Racing Santander (1),0-3,0-2,FC Barcelona (1)
?,(Sun) 29 Aug 2010 (W34),Real Sociedad (1),1-0,0-0,Villarreal CF (1)
?,(Mon) 30 Aug 2010 (W35),Atlético Madrid (1),4-0,2-0,Sporting Gijón (1)
?,(Sat) 11 Sep 2010 (W36),Athletic Club Bilbao (2),1-2,0-1,Atlético Madrid (2)
?,(Sat) 11 Sep 2010 (W36),FC Barcelona (2),0-2,0-1,Hércules CF (2)
?,(Sat) 11 Sep 2010 (W36),Real Madrid (2),1-0,0-0,CA Osasuna (2)
?,(Sat) 11 Sep 2010 (W36),Valencia CF (2),1-0,1-0,Real Racing Santander (2)
?,(Sun) 12 Sep 2010 (W36),Getafe CF (2),4-1,2-1,Levante UD (2)
?,(Sun) 12 Sep 2010 (W36),Sevilla FC (2),0-0,0-0,RCD La Coruña (2)
?,(Sun) 12 Sep 2010 (W36),Sporting Gijón (2),2-0,0-0,RCD Mallorca (2)
?,(Sun) 12 Sep 2010 (W36),Villarreal CF (2),4-0,2-0,RCD Espanyol (2)
?,(Sun) 12 Sep 2010 (W36),Real Zaragoza (2),3-5,1-5,Málaga CF (2)
?,(Mon) 13 Sep 2010 (W37),UD Almería (2),2-2,1-2,Real Sociedad (2)
?,(Sat) 18 Sep 2010 (W37),RCD Espanyol (3),1-0,0-0,UD Almería (3)
?,(Sat) 18 Sep 2010 (W37),RCD Mallorca (3),2-0,1-0,CA Osasuna (3)
?,(Sat) 18 Sep 2010 (W37),Real Sociedad (3),1-2,0-0,Real Madrid (3)
?,(Sat) 18 Sep 2010 (W37),Sporting Gijón (3),2-2,2-1,Athletic Club Bilbao (3)
?,(Sun) 19 Sep 2010 (W37),Atlético Madrid (3),1-2,1-2,FC Barcelona (3)
?,(Sun) 19 Sep 2010 (W37),Hércules CF (3),1-2,1-2,Valencia CF (3)
?,(Sun) 19 Sep 2010 (W37),Levante UD (3),1-2,0-2,Villarreal CF (3)
?,(Sun) 19 Sep 2010 (W37),Málaga CF (3),1-2,1-2,Sevilla FC (3)
?,(Sun) 19 Sep 2010 (W37),Real Racing Santander (3),2-0,0-0,Real Zaragoza (3)
?,(Mon) 20 Sep 2010 (W38),RCD La Coruña (3),2-2,0-1,Getafe CF (3)
?,(Tue) 21 Sep 2010 (W38),Athletic Club Bilbao (4),3-0,1-0,RCD Mallorca (4)
?,(Tue) 21 Sep 2010 (W38),CA Osasuna (4),3-1,2-1,Real Sociedad (4)
?,(Tue) 21 Sep 2010 (W38),Real Madrid (4),3-0,1-0,RCD Espanyol (4)
?,(Wed) 22 Sep 2010 (W38),UD Almería (4),0-1,0-1,Levante UD (4)
?,(Wed) 22 Sep 2010 (W38),FC Barcelona (4),1-0,0-0,Sporting Gijón (4)
?,(Wed) 22 Sep 2010 (W38),Valencia CF (4),1-1,0-1,Atlético Madrid (4)
?,(Wed) 22 Sep 2010 (W38),Real Zaragoza (4),0-0,0-0,Hércules CF (4)
?,(Thu) 23 Sep 2010 (W38),Getafe CF (4),0-2,0-0,Málaga CF (4)
?,(Thu) 23 Sep 2010 (W38),Sevilla FC (4),1-1,1-0,Real Racing Santander (4)
?,(Thu) 23 Sep 2010 (W38),Villarreal CF (4),1-0,1-0,RCD La Coruña (4)
?,(Sat) 25 Sep 2010 (W38),Athletic Club Bilbao (5),1-3,0-0,FC Barcelona (5)
?,(Sat) 25 Sep 2010 (W38),Levante UD (5),0-0,0-0,Real Madrid (5)
?,(Sat) 25 Sep 2010 (W38),Sporting Gijón (5),0-2,0-2,Valencia CF (5)
?,(Sun) 26 Sep 2010 (W38),Atlético Madrid (5),1-0,1-0,Real Zaragoza (5)
?,(Sun) 26 Sep 2010 (W38),RCD Espanyol (5),1-0,1-0,CA Osasuna (5)
?,(Sun) 26 Sep 2010 (W38),Hércules CF (5),2-0,2-0,Sevilla FC (5)
?,(Sun) 26 Sep 2010 (W38),RCD La Coruña (5),0-2,0-2,UD Almería (5)
?,(Sun) 26 Sep 2010 (W38),RCD Mallorca (5),2-0,1-0,Real Sociedad (5)
?,(Sun) 26 Sep 2010 (W38),Real Racing Santander (5),0-1,0-1,Getafe CF (5)
?,(Mon) 27 Sep 2010 (W39),Málaga CF (5),2-3,2-3,Villarreal CF (5)
?,(Sat) 2 Oct 2010 (W39),Real Sociedad (6),1-0,0-0,RCD Espanyol (6)
?,(Sat) 2 Oct 2010 (W39),Valencia CF (6),2-1,1-0,Athletic Club Bilbao (6)
?,(Sat) 2 Oct 2010 (W39),Real Zaragoza (6),2-2,0-1,Sporting Gijón (6)
?,(Sun) 3 Oct 2010 (W39),UD Almería (6),1-1,0-0,Málaga CF (6)
?,(Sun) 3 Oct 2010 (W39),FC Barcelona (6),1-1,1-1,RCD Mallorca (6)
?,(Sun) 3 Oct 2010 (W39),Getafe CF (6),3-0,2-0,Hércules CF (6)
?,(Sun) 3 Oct 2010 (W39),CA Osasuna (6),1-1,0-0,Levante UD (6)
?,(Sun) 3 Oct 2010 (W39),Real Madrid (6),6-1,3-0,RCD La Coruña (6)
?,(Sun) 3 Oct 2010 (W39),Sevilla FC (6),3-1,2-0,Atlético Madrid (6)
?,(Sun) 3 Oct 2010 (W39),Villarreal CF (6),2-0,2-0,Real Racing Santander (6)
?,(Sat) 16 Oct 2010 (W41),Atlético Madrid (7),2-0,1-0,Getafe CF (7)
?,(Sat) 16 Oct 2010 (W41),FC Barcelona (7),2-1,0-1,Valencia CF (7)
?,(Sat) 16 Oct 2010 (W41),Málaga CF (7),1-4,0-2,Real Madrid (7)
?,(Sun) 17 Oct 2010 (W41),Athletic Club Bilbao (7),2-1,2-0,Real Zaragoza (7)
?,(Sun) 17 Oct 2010 (W41),RCD La Coruña (7),0-0,0-0,CA Osasuna (7)
?,(Sun) 17 Oct 2010 (W41),Levante UD (7),2-1,0-0,Real Sociedad (7)
?,(Sun) 17 Oct 2010 (W41),RCD Mallorca (7),0-1,0-1,RCD Espanyol (7)
?,(Sun) 17 Oct 2010 (W41),Real Racing Santander (7),1-0,1-0,UD Almería (7)
?,(Sun) 17 Oct 2010 (W41),Sporting Gijón (7),2-0,1-0,Sevilla FC (7)
?,(Mon) 18 Oct 2010 (W42),Hércules CF (7),2-2,2-1,Villarreal CF (7)
?,(Sat) 23 Oct 2010 (W42),Real Madrid (8),6-1,3-0,Real Racing Santander (8)
?,(Sat) 23 Oct 2010 (W42),Valencia CF (8),1-2,1-2,RCD Mallorca (8)
?,(Sat) 23 Oct 2010 (W42),Real Zaragoza (8),0-2,0-1,FC Barcelona (8)
?,(Sun) 24 Oct 2010 (W42),UD Almería (8),1-1,0-1,Hércules CF (8)
?,(Sun) 24 Oct 2010 (W42),RCD Espanyol (8),2-1,1-0,Levante UD (8)
?,(Sun) 24 Oct 2010 (W42),Getafe CF (8),3-0,1-0,Sporting Gijón (8)
?,(Sun) 24 Oct 2010 (W42),CA Osasuna (8),3-0,2-0,Málaga CF (8)
?,(Sun) 24 Oct 2010 (W42),Sevilla FC (8),4-3,2-0,Athletic Club Bilbao (8)
?,(Sun) 24 Oct 2010 (W42),Villarreal CF (8),2-0,1-0,Atlético Madrid (8)
?,(Mon) 25 Oct 2010 (W43),Real Sociedad (8),3-0,1-0,RCD La Coruña (8)
?,(Sat) 30 Oct 2010 (W43),FC Barcelona (9),5-0,2-0,Sevilla FC (9)
?,(Sat) 30 Oct 2010 (W43),Hércules CF (9),1-3,1-0,Real Madrid (9)
?,(Sat) 30 Oct 2010 (W43),Valencia CF (9),1-1,1-1,Real Zaragoza (9)
?,(Sun) 31 Oct 2010 (W43),Athletic Club Bilbao (9),3-0,2-0,Getafe CF (9)
?,(Sun) 31 Oct 2010 (W43),Atlético Madrid (9),1-1,1-1,UD Almería (9)
?,(Sun) 31 Oct 2010 (W43),RCD La Coruña (9),3-0,1-0,RCD Espanyol (9)
?,(Sun) 31 Oct 2010 (W43),Málaga CF (9),1-2,0-1,Real Sociedad (9)
?,(Sun) 31 Oct 2010 (W43),Real Racing Santander (9),4-1,2-0,CA Osasuna (9)
?,(Sun) 31 Oct 2010 (W43),Sporting Gijón (9),1-1,0-0,Villarreal CF (9)
?,(Mon) 1 Nov 2010 (W44),RCD Mallorca (9),2-1,0-1,Levante UD (9)
?,(Sat) 6 Nov 2010 (W44),RCD Espanyol (10),1-0,1-0,Málaga CF (10)
?,(Sat) 6 Nov 2010 (W44),Real Sociedad (10),1-0,1-0,Real Racing Santander (10)
?,(Sun) 7 Nov 2010 (W44),UD Almería (10),1-1,1-0,Sporting Gijón (10)
?,(Sun) 7 Nov 2010 (W44),Getafe CF (10),1-3,0-2,FC Barcelona (10)
?,(Sun) 7 Nov 2010 (W44),Levante UD (10),1-2,0-1,RCD La Coruña (10)
?,(Sun) 7 Nov 2010 (W44),CA Osasuna (10),3-0,1-0,Hércules CF (10)
?,(Sun) 7 Nov 2010 (W44),Real Madrid (10),2-0,2-0,Atlético Madrid (10)
?,(Sun) 7 Nov 2010 (W44),Villarreal CF (10),4-1,2-1,Athletic Club Bilbao (10)
?,(Sun) 7 Nov 2010 (W44),Real Zaragoza (10),3-2,0-1,RCD Mallorca (10)
?,(Mon) 8 Nov 2010 (W45),Sevilla FC (10),2-0,0-0,Valencia CF (10)
?,(Sat) 13 Nov 2010 (W45),Athletic Club Bilbao (11),1-0,1-0,UD Almería (11)
?,(Sat) 13 Nov 2010 (W45),Atlético Madrid (11),3-0,2-0,CA Osasuna (11)
?,(Sat) 13 Nov 2010 (W45),FC Barcelona (11),3-1,1-1,Villarreal CF (11)
?,(Sun) 14 Nov 2010 (W45),Hércules CF (11),2-1,0-1,Real Sociedad (11)
?,(Sun) 14 Nov 2010 (W45),Málaga CF (11),1-0,0-0,Levante UD (11)
?,(Sun) 14 Nov 2010 (W45),RCD Mallorca (11),0-0,0-0,RCD La Coruña (11)
?,(Sun) 14 Nov 2010 (W45),Real Racing Santander (11),0-0,0-0,RCD Espanyol (11)
?,(Sun) 14 Nov 2010 (W45),Sporting Gijón (11),0-1,0-0,Real Madrid (11)
?,(Sun) 14 Nov 2010 (W45),Valencia CF (11),2-0,1-0,Getafe CF (11)
?,(Sun) 14 Nov 2010 (W45),Real Zaragoza (11),1-2,0-1,Sevilla FC (11)
?,(Sat) 20 Nov 2010 (W46),UD Almería (12),0-8,0-5,FC Barcelona (12)
?,(Sat) 20 Nov 2010 (W46),Real Madrid (12),5-1,2-1,Athletic Club Bilbao (12)
?,(Sat) 20 Nov 2010 (W46),Villarreal CF (12),1-1,0-1,Valencia CF (12)
?,(Sun) 21 Nov 2010 (W46),RCD Espanyol (12),3-0,1-0,Hércules CF (12)
?,(Sun) 21 Nov 2010 (W46),RCD La Coruña (12),3-0,2-0,Málaga CF (12)
?,(Sun) 21 Nov 2010 (W46),Levante UD (12),3-1,3-0,Real Racing Santander (12)
?,(Sun) 21 Nov 2010 (W46),CA Osasuna (12),1-0,0-0,Sporting Gijón (12)
?,(Sun) 21 Nov 2010 (W46),Sevilla FC (12),1-2,0-1,RCD Mallorca (12)
?,(Sun) 21 Nov 2010 (W46),Real Sociedad (12),2-4,1-0,Atlético Madrid (12)
?,(Mon) 22 Nov 2010 (W47),Getafe CF (12),1-1,0-1,Real Zaragoza (12)
?,(Sat) 27 Nov 2010 (W47),Atlético Madrid (13),2-3,1-1,RCD Espanyol (13)
?,(Sat) 27 Nov 2010 (W47),Sevilla FC (13),1-3,1-0,Getafe CF (13)
?,(Sat) 27 Nov 2010 (W47),Real Zaragoza (13),0-3,0-2,Villarreal CF (13)
?,(Sun) 28 Nov 2010 (W47),Athletic Club Bilbao (13),1-0,0-0,CA Osasuna (13)
?,(Sun) 28 Nov 2010 (W47),Hércules CF (13),3-1,1-1,Levante UD (13)
?,(Sun) 28 Nov 2010 (W47),RCD Mallorca (13),2-0,0-0,Málaga CF (13)
?,(Sun) 28 Nov 2010 (W47),Real Racing Santander (13),1-0,0-0,RCD La Coruña (13)
?,(Sun) 28 Nov 2010 (W47),Sporting Gijón (13),1-3,1-2,Real Sociedad (13)
?,(Sun) 28 Nov 2010 (W47),Valencia CF (13),2-1,1-0,UD Almería (13)
?,(Mon) 29 Nov 2010 (W48),FC Barcelona (13),5-0,2-0,Real Madrid (13)
?,(Sat) 4 Dec 2010 (W48),Levante UD (14),2-0,1-0,Atlético Madrid (14)
?,(Sat) 4 Dec 2010 (W48),CA Osasuna (14),0-3,0-1,FC Barcelona (14)
?,(Sat) 4 Dec 2010 (W48),Real Madrid (14),2-0,0-0,Valencia CF (14)
?,(Sun) 5 Dec 2010 (W48),UD Almería (14),1-1,0-0,Real Zaragoza (14)
?,(Sun) 5 Dec 2010 (W48),RCD Espanyol (14),1-0,0-0,Sporting Gijón (14)
?,(Sun) 5 Dec 2010 (W48),Getafe CF (14),3-0,2-0,RCD Mallorca (14)
?,(Sun) 5 Dec 2010 (W48),Málaga CF (14),4-1,2-1,Real Racing Santander (14)
?,(Sun) 5 Dec 2010 (W48),Real Sociedad (14),2-0,1-0,Athletic Club Bilbao (14)
?,(Sun) 5 Dec 2010 (W48),Villarreal CF (14),1-0,1-0,Sevilla FC (14)
?,(Mon) 6 Dec 2010 (W49),RCD La Coruña (14),1-0,0-0,Hércules CF (14)
?,(Sat) 11 Dec 2010 (W49),Atlético Madrid (15),2-0,2-0,RCD La Coruña (15)
?,(Sat) 11 Dec 2010 (W49),Getafe CF (15),1-0,0-0,Villarreal CF (15)
?,(Sat) 11 Dec 2010 (W49),Sevilla FC (15),1-3,0-0,UD Almería (15)
?,(Sun) 12 Dec 2010 (W49),Athletic Club Bilbao (15),2-1,0-1,RCD Espanyol (15)
?,(Sun) 12 Dec 2010 (W49),FC Barcelona (15),5-0,2-0,Real Sociedad (15)
?,(Sun) 12 Dec 2010 (W49),Hércules CF (15),4-1,0-1,Málaga CF (15)
?,(Sun) 12 Dec 2010 (W49),RCD Mallorca (15),0-1,0-0,Real Racing Santander (15)
?,(Sun) 12 Dec 2010 (W49),Sporting Gijón (15),1-1,0-0,Levante UD (15)
?,(Sun) 12 Dec 2010 (W49),Real Zaragoza (15),1-3,0-2,Real Madrid (15)
?,(Mon) 13 Dec 2010 (W50),Valencia CF (15),3-3,3-1,CA Osasuna (15)
?,(Sat) 18 Dec 2010 (W50),RCD Espanyol (16),1-5,0-2,FC Barcelona (16)
?,(Sat) 18 Dec 2010 (W50),RCD La Coruña (16),1-1,1-0,Sporting Gijón (16)
?,(Sat) 18 Dec 2010 (W50),Levante UD (16),1-2,1-1,Athletic Club Bilbao (16)
?,(Sat) 18 Dec 2010 (W50),Real Sociedad (16),1-2,1-1,Valencia CF (16)
?,(Sat) 18 Dec 2010 (W50),Villarreal CF (16),3-1,2-1,RCD Mallorca (16)
?,(Sun) 19 Dec 2010 (W50),UD Almería (16),2-3,2-1,Getafe CF (16)
?,(Sun) 19 Dec 2010 (W50),Málaga CF (16),0-3,0-1,Atlético Madrid (16)
?,(Sun) 19 Dec 2010 (W50),CA Osasuna (16),0-0,0-0,Real Zaragoza (16)
?,(Sun) 19 Dec 2010 (W50),Real Madrid (16),1-0,0-0,Sevilla FC (16)
?,(Mon) 20 Dec 2010 (W51),Real Racing Santander (16),0-0,0-0,Hércules CF (16)
?,(Sun) 2 Jan 2011 (W52),Athletic Club Bilbao (17),1-2,0-1,RCD La Coruña (17)
?,(Sun) 2 Jan 2011 (W52),FC Barcelona (17),2-1,0-0,Levante UD (17)
?,(Sun) 2 Jan 2011 (W52),Sevilla FC (17),1-0,1-0,CA Osasuna (17)
?,(Sun) 2 Jan 2011 (W52),Sporting Gijón (17),1-2,1-1,Málaga CF (17)
?,(Sun) 2 Jan 2011 (W52),Valencia CF (17),2-1,1-1,RCD Espanyol (17)
?,(Mon) 3 Jan 2011 (W1),Atlético Madrid (17),0-0,0-0,Real Racing Santander (17)
?,(Mon) 3 Jan 2011 (W1),Getafe CF (17),2-3,1-2,Real Madrid (17)
?,(Mon) 3 Jan 2011 (W1),RCD Mallorca (17),3-0,2-0,Hércules CF (17)
?,(Mon) 3 Jan 2011 (W1),Villarreal CF (17),2-0,1-0,UD Almería (17)
?,(Mon) 3 Jan 2011 (W1),Real Zaragoza (17),2-1,1-1,Real Sociedad (17)
?,(Sat) 8 Jan 2011 (W1),RCD La Coruña (18),0-4,0-1,FC Barcelona (18)
?,(Sat) 8 Jan 2011 (W1),Málaga CF (18),1-1,0-0,Athletic Club Bilbao (18)
?,(Sat) 8 Jan 2011 (W1),Real Sociedad (18),2-3,2-1,Sevilla FC (18)
?,(Sun) 9 Jan 2011 (W1),RCD Espanyol (18),4-0,3-0,Real Zaragoza (18)
?,(Sun) 9 Jan 2011 (W1),Levante UD (18),0-1,0-0,Valencia CF (18)
?,(Sun) 9 Jan 2011 (W1),RCD Mallorca (18),4-1,2-0,UD Almería (18)
?,(Sun) 9 Jan 2011 (W1),CA Osasuna (18),0-0,0-0,Getafe CF (18)
?,(Sun) 9 Jan 2011 (W1),Real Madrid (18),4-2,2-2,Villarreal CF (18)
?,(Sun) 9 Jan 2011 (W1),Real Racing Santander (18),1-1,1-0,Sporting Gijón (18)
?,(Mon) 10 Jan 2011 (W2),Hércules CF (18),4-1,4-0,Atlético Madrid (18)
?,(Sat) 15 Jan 2011 (W2),Athletic Club Bilbao (19),2-1,2-0,Real Racing Santander (19)
?,(Sat) 15 Jan 2011 (W2),Getafe CF (19),0-4,0-2,Real Sociedad (19)
?,(Sat) 15 Jan 2011 (W2),Sevilla FC (19),1-2,0-1,RCD Espanyol (19)
?,(Sat) 15 Jan 2011 (W2),Sporting Gijón (19),2-0,2-0,Hércules CF (19)
?,(Sat) 15 Jan 2011 (W2),Villarreal CF (19),4-2,1-0,CA Osasuna (19)
?,(Sat) 15 Jan 2011 (W2),Real Zaragoza (19),1-0,1-0,Levante UD (19)
?,(Sun) 16 Jan 2011 (W2),UD Almería (19),1-1,0-0,Real Madrid (19)
?,(Sun) 16 Jan 2011 (W2),FC Barcelona (19),4-1,3-0,Málaga CF (19)
?,(Sun) 16 Jan 2011 (W2),Valencia CF (19),2-0,0-0,RCD La Coruña (19)
?,(Mon) 17 Jan 2011 (W3),Atlético Madrid (19),3-0,2-0,RCD Mallorca (19)
?,(Sat) 22 Jan 2011 (W3),FC Barcelona (20),3-0,2-0,Real Racing Santander (20)
?,(Sat) 22 Jan 2011 (W3),Sevilla FC (20),4-1,3-0,Levante UD (20)
?,(Sat) 22 Jan 2011 (W3),Valencia CF (20),4-3,1-2,Málaga CF (20)
?,(Sun) 23 Jan 2011 (W3),UD Almería (20),3-2,2-1,CA Osasuna (20)
?,(Sun) 23 Jan 2011 (W3),Getafe CF (20),1-3,1-0,RCD Espanyol (20)
?,(Sun) 23 Jan 2011 (W3),Real Madrid (20),1-0,0-0,RCD Mallorca (20)
?,(Sun) 23 Jan 2011 (W3),Sporting Gijón (20),1-0,0-0,Atlético Madrid (20)
?,(Sun) 23 Jan 2011 (W3),Villarreal CF (20),2-1,1-1,Real Sociedad (20)
?,(Sun) 23 Jan 2011 (W3),Real Zaragoza (20),1-0,1-0,RCD La Coruña (20)
?,(Mon) 24 Jan 2011 (W4),Athletic Club Bilbao (20),3-0,1-0,Hércules CF (20)
?,(Sat) 29 Jan 2011 (W4),Hércules CF (21),0-3,0-1,FC Barcelona (21)
?,(Sat) 29 Jan 2011 (W4),RCD La Coruña (21),3-3,1-0,Sevilla FC (21)
?,(Sat) 29 Jan 2011 (W4),Levante UD (21),2-0,0-0,Getafe CF (21)
?,(Sat) 29 Jan 2011 (W4),Málaga CF (21),1-2,1-1,Real Zaragoza (21)
?,(Sat) 29 Jan 2011 (W4),RCD Mallorca (21),0-4,0-1,Sporting Gijón (21)
?,(Sat) 29 Jan 2011 (W4),Real Sociedad (21),2-0,1-0,UD Almería (21)
?,(Sun) 30 Jan 2011 (W4),Atlético Madrid (21),0-2,0-1,Athletic Club Bilbao (21)
?,(Sun) 30 Jan 2011 (W4),RCD Espanyol (21),0-1,0-1,Villarreal CF (21)
?,(Sun) 30 Jan 2011 (W4),CA Osasuna (21),1-0,0-0,Real Madrid (21)
?,(Mon) 31 Jan 2011 (W5),Real Racing Santander (21),1-1,1-0,Valencia CF (21)
?,(Sat) 5 Feb 2011 (W5),UD Almería (22),3-2,3-1,RCD Espanyol (22)
?,(Sat) 5 Feb 2011 (W5),Athletic Club Bilbao (22),3-0,2-0,Sporting Gijón (22)
?,(Sat) 5 Feb 2011 (W5),FC Barcelona (22),3-0,2-0,Atlético Madrid (22)
?,(Sat) 5 Feb 2011 (W5),Getafe CF (22),4-1,3-0,RCD La Coruña (22)
?,(Sat) 5 Feb 2011 (W5),CA Osasuna (22),1-1,1-1,RCD Mallorca (22)
?,(Sat) 5 Feb 2011 (W5),Villarreal CF (22),0-1,0-0,Levante UD (22)
?,(Sat) 5 Feb 2011 (W5),Real Zaragoza (22),1-1,1-1,Real Racing Santander (22)
?,(Sun) 6 Feb 2011 (W5),Real Madrid (22),4-1,3-0,Real Sociedad (22)
?,(Sun) 6 Feb 2011 (W5),Sevilla FC (22),0-0,0-0,Málaga CF (22)
?,(Sun) 6 Feb 2011 (W5),Valencia CF (22),2-0,1-0,Hércules CF (22)
?,(Sat) 12 Feb 2011 (W6),Atlético Madrid (23),1-2,1-1,Valencia CF (23)
?,(Sat) 12 Feb 2011 (W6),Real Racing Santander (23),3-2,2-1,Sevilla FC (23)
?,(Sat) 12 Feb 2011 (W6),Sporting Gijón (23),1-1,1-0,FC Barcelona (23)
?,(Sun) 13 Feb 2011 (W6),RCD Espanyol (23),0-1,0-1,Real Madrid (23)
?,(Sun) 13 Feb 2011 (W6),Hércules CF (23),2-1,0-1,Real Zaragoza (23)
?,(Sun) 13 Feb 2011 (W6),RCD La Coruña (23),1-0,0-0,Villarreal CF (23)
?,(Sun) 13 Feb 2011 (W6),Levante UD (23),1-0,0-0,UD Almería (23)
?,(Sun) 13 Feb 2011 (W6),Málaga CF (23),2-2,0-2,Getafe CF (23)
?,(Sun) 13 Feb 2011 (W6),Real Sociedad (23),1-0,0-0,CA Osasuna (23)
?,(Mon) 14 Feb 2011 (W7),RCD Mallorca (23),1-0,1-0,Athletic Club Bilbao (23)
?,(Sat) 19 Feb 2011 (W7),Real Madrid (24),2-0,2-0,Levante UD (24)
?,(Sat) 19 Feb 2011 (W7),Valencia CF (24),0-0,0-0,Sporting Gijón (24)
?,(Sat) 19 Feb 2011 (W7),Real Zaragoza (24),0-1,0-0,Atlético Madrid (24)
?,(Sun) 20 Feb 2011 (W7),UD Almería (24),1-1,0-0,RCD La Coruña (24)
?,(Sun) 20 Feb 2011 (W7),FC Barcelona (24),2-1,1-0,Athletic Club Bilbao (24)
?,(Sun) 20 Feb 2011 (W7),Getafe CF (24),0-1,0-0,Real Racing Santander (24)
?,(Sun) 20 Feb 2011 (W7),CA Osasuna (24),4-0,1-0,RCD Espanyol (24)
?,(Sun) 20 Feb 2011 (W7),Sevilla FC (24),1-0,1-0,Hércules CF (24)
?,(Sun) 20 Feb 2011 (W7),Villarreal CF (24),1-1,1-0,Málaga CF (24)
?,(Mon) 21 Feb 2011 (W8),Real Sociedad (24),1-0,0-0,RCD Mallorca (24)
?,(Sat) 26 Feb 2011 (W8),Atlético Madrid (25),2-2,0-1,Sevilla FC (25)
?,(Sat) 26 Feb 2011 (W8),RCD Espanyol (25),4-1,1-1,Real Sociedad (25)
?,(Sat) 26 Feb 2011 (W8),RCD La Coruña (25),0-0,0-0,Real Madrid (25)
?,(Sat) 26 Feb 2011 (W8),RCD Mallorca (25),0-3,0-1,FC Barcelona (25)
?,(Sat) 26 Feb 2011 (W8),Sporting Gijón (25),0-0,0-0,Real Zaragoza (25)
?,(Sun) 27 Feb 2011 (W8),Athletic Club Bilbao (25),1-2,1-0,Valencia CF (25)
?,(Sun) 27 Feb 2011 (W8),Hércules CF (25),0-0,0-0,Getafe CF (25)
?,(Sun) 27 Feb 2011 (W8),Levante UD (25),2-1,1-1,CA Osasuna (25)
?,(Sun) 27 Feb 2011 (W8),Real Racing Santander (25),2-2,1-0,Villarreal CF (25)
?,(Mon) 28 Feb 2011 (W9),Málaga CF (25),3-1,0-1,UD Almería (25)
?,(Tue) 1 Mar 2011 (W9),RCD Espanyol (26),1-2,1-0,RCD Mallorca (26)
?,(Tue) 1 Mar 2011 (W9),Sevilla FC (26),3-0,2-0,Sporting Gijón (26)
?,(Wed) 2 Mar 2011 (W9),Getafe CF (26),1-1,1-0,Atlético Madrid (26)
?,(Wed) 2 Mar 2011 (W9),CA Osasuna (26),0-0,0-0,RCD La Coruña (26)
?,(Wed) 2 Mar 2011 (W9),Real Sociedad (26),1-1,0-0,Levante UD (26)
?,(Wed) 2 Mar 2011 (W9),Valencia CF (26),0-1,0-0,FC Barcelona (26)
?,(Wed) 2 Mar 2011 (W9),Villarreal CF (26),1-0,1-0,Hércules CF (26)
?,(Wed) 2 Mar 2011 (W9),Real Zaragoza (26),2-1,0-1,Athletic Club Bilbao (26)
?,(Thu) 3 Mar 2011 (W9),UD Almería (26),1-1,0-1,Real Racing Santander (26)
?,(Thu) 3 Mar 2011 (W9),Real Madrid (26),7-0,3-0,Málaga CF (26)
?,(Sat) 5 Mar 2011 (W9),Atlético Madrid (27),3-1,1-1,Villarreal CF (27)
?,(Sat) 5 Mar 2011 (W9),FC Barcelona (27),1-0,1-0,Real Zaragoza (27)
?,(Sat) 5 Mar 2011 (W9),RCD Mallorca (27),1-2,1-1,Valencia CF (27)
?,(Sun) 6 Mar 2011 (W9),Athletic Club Bilbao (27),2-0,0-0,Sevilla FC (27)
?,(Sun) 6 Mar 2011 (W9),Hércules CF (27),1-2,0-0,UD Almería (27)
?,(Sun) 6 Mar 2011 (W9),Levante UD (27),1-0,1-0,RCD Espanyol (27)
?,(Sun) 6 Mar 2011 (W9),Málaga CF (27),0-1,0-0,CA Osasuna (27)
?,(Sun) 6 Mar 2011 (W9),Real Racing Santander (27),1-3,0-2,Real Madrid (27)
?,(Sun) 6 Mar 2011 (W9),Sporting Gijón (27),2-0,2-0,Getafe CF (27)
?,(Mon) 7 Mar 2011 (W10),RCD La Coruña (27),2-1,1-0,Real Sociedad (27)
?,(Sat) 12 Mar 2011 (W10),UD Almería (28),2-2,0-1,Atlético Madrid (28)
?,(Sat) 12 Mar 2011 (W10),Real Madrid (28),2-0,1-0,Hércules CF (28)
?,(Sat) 12 Mar 2011 (W10),Real Zaragoza (28),4-0,2-0,Valencia CF (28)
?,(Sun) 13 Mar 2011 (W10),RCD Espanyol (28),2-0,0-0,RCD La Coruña (28)
?,(Sun) 13 Mar 2011 (W10),Levante UD (28),1-1,1-0,RCD Mallorca (28)
?,(Sun) 13 Mar 2011 (W10),CA Osasuna (28),3-1,2-0,Real Racing Santander (28)
?,(Sun) 13 Mar 2011 (W10),Sevilla FC (28),1-1,0-1,FC Barcelona (28)
?,(Sun) 13 Mar 2011 (W10),Real Sociedad (28),0-2,0-1,Málaga CF (28)
?,(Sun) 13 Mar 2011 (W10),Villarreal CF (28),1-1,1-0,Sporting Gijón (28)
?,(Mon) 14 Mar 2011 (W11),Getafe CF (28),2-2,0-0,Athletic Club Bilbao (28)
?,(Sat) 19 Mar 2011 (W11),Atlético Madrid (29),1-2,0-2,Real Madrid (29)
?,(Sat) 19 Mar 2011 (W11),FC Barcelona (29),2-1,1-0,Getafe CF (29)
?,(Sat) 19 Mar 2011 (W11),RCD Mallorca (29),1-0,0-0,Real Zaragoza (29)
?,(Sun) 20 Mar 2011 (W11),Athletic Club Bilbao (29),0-1,0-0,Villarreal CF (29)
?,(Sun) 20 Mar 2011 (W11),Hércules CF (29),0-4,0-2,CA Osasuna (29)
?,(Sun) 20 Mar 2011 (W11),RCD La Coruña (29),0-1,0-0,Levante UD (29)
?,(Sun) 20 Mar 2011 (W11),Málaga CF (29),2-0,2-0,RCD Espanyol (29)
?,(Sun) 20 Mar 2011 (W11),Real Racing Santander (29),2-1,1-0,Real Sociedad (29)
?,(Sun) 20 Mar 2011 (W11),Sporting Gijón (29),1-0,1-0,UD Almería (29)
?,(Sun) 20 Mar 2011 (W11),Valencia CF (29),0-1,0-0,Sevilla FC (29)
?,(Sat) 2 Apr 2011 (W13),Getafe CF (30),2-4,1-0,Valencia CF (30)
?,(Sat) 2 Apr 2011 (W13),Real Madrid (30),0-1,0-0,Sporting Gijón (30)
?,(Sat) 2 Apr 2011 (W13),Villarreal CF (30),0-1,0-0,FC Barcelona (30)
?,(Sun) 3 Apr 2011 (W13),RCD Espanyol (30),1-2,1-0,Real Racing Santander (30)
?,(Sun) 3 Apr 2011 (W13),RCD La Coruña (30),2-1,0-1,RCD Mallorca (30)
?,(Sun) 3 Apr 2011 (W13),Levante UD (30),3-1,2-0,Málaga CF (30)
?,(Sun) 3 Apr 2011 (W13),CA Osasuna (30),2-3,1-1,Atlético Madrid (30)
?,(Sun) 3 Apr 2011 (W13),Sevilla FC (30),3-1,1-0,Real Zaragoza (30)
?,(Sun) 3 Apr 2011 (W13),Real Sociedad (30),1-3,0-0,Hércules CF (30)
?,(Mon) 4 Apr 2011 (W14),UD Almería (30),1-3,1-1,Athletic Club Bilbao (30)
?,(Sat) 9 Apr 2011 (W14),Athletic Club Bilbao (31),0-3,0-1,Real Madrid (31)
?,(Sat) 9 Apr 2011 (W14),FC Barcelona (31),3-1,0-0,UD Almería (31)
?,(Sat) 9 Apr 2011 (W14),RCD Mallorca (31),2-2,2-1,Sevilla FC (31)
?,(Sun) 10 Apr 2011 (W14),Atlético Madrid (31),3-0,2-0,Real Sociedad (31)
?,(Sun) 10 Apr 2011 (W14),Hércules CF (31),0-0,0-0,RCD Espanyol (31)
?,(Sun) 10 Apr 2011 (W14),Málaga CF (31),0-0,0-0,RCD La Coruña (31)
?,(Sun) 10 Apr 2011 (W14),Real Racing Santander (31),1-1,1-0,Levante UD (31)
?,(Sun) 10 Apr 2011 (W14),Sporting Gijón (31),1-0,0-0,CA Osasuna (31)
?,(Sun) 10 Apr 2011 (W14),Valencia CF (31),5-0,1-0,Villarreal CF (31)
?,(Mon) 11 Apr 2011 (W15),Real Zaragoza (31),2-1,2-1,Getafe CF (31)
?,(Sat) 16 Apr 2011 (W15),UD Almería (32),0-3,0-0,Valencia CF (32)
?,(Sat) 16 Apr 2011 (W15),Getafe CF (32),1-0,0-0,Sevilla FC (32)
?,(Sat) 16 Apr 2011 (W15),Málaga CF (32),3-0,2-0,RCD Mallorca (32)
?,(Sat) 16 Apr 2011 (W15),Real Madrid (32),1-1,0-0,FC Barcelona (32)
?,(Sun) 17 Apr 2011 (W15),RCD Espanyol (32),2-2,1-1,Atlético Madrid (32)
?,(Sun) 17 Apr 2011 (W15),RCD La Coruña (32),2-0,1-0,Real Racing Santander (32)
?,(Sun) 17 Apr 2011 (W15),Levante UD (32),2-1,2-0,Hércules CF (32)
?,(Sun) 17 Apr 2011 (W15),CA Osasuna (32),1-2,0-0,Athletic Club Bilbao (32)
?,(Sun) 17 Apr 2011 (W15),Real Sociedad (32),2-1,1-0,Sporting Gijón (32)
?,(Mon) 18 Apr 2011 (W16),Villarreal CF (32),1-0,0-0,Real Zaragoza (32)
?,(Sat) 23 Apr 2011 (W16),Athletic Club Bilbao (33),2-1,2-1,Real Sociedad (33)
?,(Sat) 23 Apr 2011 (W16),FC Barcelona (33),2-0,1-0,CA Osasuna (33)
?,(Sat) 23 Apr 2011 (W16),Valencia CF (33),3-6,0-4,Real Madrid (33)
?,(Sun) 24 Apr 2011 (W16),Atlético Madrid (33),4-1,1-1,Levante UD (33)
?,(Sun) 24 Apr 2011 (W16),Hércules CF (33),1-0,0-0,RCD La Coruña (33)
?,(Sun) 24 Apr 2011 (W16),RCD Mallorca (33),2-0,1-0,Getafe CF (33)
?,(Sun) 24 Apr 2011 (W16),Real Racing Santander (33),1-2,0-2,Málaga CF (33)
?,(Sun) 24 Apr 2011 (W16),Sevilla FC (33),3-2,2-0,Villarreal CF (33)
?,(Sun) 24 Apr 2011 (W16),Sporting Gijón (33),1-0,0-0,RCD Espanyol (33)
?,(Mon) 25 Apr 2011 (W17),Real Zaragoza (33),1-0,0-0,UD Almería (33)
?,(Sat) 30 Apr 2011 (W17),RCD La Coruña (34),0-1,0-0,Atlético Madrid (34)
?,(Sat) 30 Apr 2011 (W17),Real Madrid (34),2-3,0-1,Real Zaragoza (34)
?,(Sat) 30 Apr 2011 (W17),Real Sociedad (34),2-1,0-1,FC Barcelona (34)
?,(Sun) 1 May 2011 (W17),UD Almería (34),0-1,0-0,Sevilla FC (34)
?,(Sun) 1 May 2011 (W17),Levante UD (34),0-0,0-0,Sporting Gijón (34)
?,(Sun) 1 May 2011 (W17),Málaga CF (34),3-1,1-1,Hércules CF (34)
?,(Sun) 1 May 2011 (W17),CA Osasuna (34),1-0,0-0,Valencia CF (34)
?,(Sun) 1 May 2011 (W17),Real Racing Santander (34),2-0,2-0,RCD Mallorca (34)
?,(Sun) 1 May 2011 (W17),Villarreal CF (34),2-1,0-1,Getafe CF (34)
?,(Mon) 2 May 2011 (W18),RCD Espanyol (34),2-1,1-1,Athletic Club Bilbao (34)
?,(Sat) 7 May 2011 (W18),Athletic Club Bilbao (35),3-2,1-0,Levante UD (35)
?,(Sat) 7 May 2011 (W18),Atlético Madrid (35),0-3,0-2,Málaga CF (35)
?,(Sat) 7 May 2011 (W18),Getafe CF (35),2-0,1-0,UD Almería (35)
?,(Sat) 7 May 2011 (W18),Hércules CF (35),2-3,2-3,Real Racing Santander (35)
?,(Sat) 7 May 2011 (W18),Sevilla FC (35),2-6,0-3,Real Madrid (35)
?,(Sat) 7 May 2011 (W18),Sporting Gijón (35),2-2,1-2,RCD La Coruña (35)
?,(Sat) 7 May 2011 (W18),Valencia CF (35),3-0,3-0,Real Sociedad (35)
?,(Sun) 8 May 2011 (W18),FC Barcelona (35),2-0,1-0,RCD Espanyol (35)
?,(Sun) 8 May 2011 (W18),RCD Mallorca (35),0-0,0-0,Villarreal CF (35)
?,(Sun) 8 May 2011 (W18),Real Zaragoza (35),1-3,1-0,CA Osasuna (35)
?,(Tue) 10 May 2011 (W19),RCD La Coruña (36),2-1,1-1,Athletic Club Bilbao (36)
?,(Tue) 10 May 2011 (W19),Málaga CF (36),2-0,1-0,Sporting Gijón (36)
?,(Tue) 10 May 2011 (W19),Real Madrid (36),4-0,1-0,Getafe CF (36)
?,(Tue) 10 May 2011 (W19),Real Racing Santander (36),2-1,1-1,Atlético Madrid (36)
?,(Wed) 11 May 2011 (W19),UD Almería (36),0-0,0-0,Villarreal CF (36)
?,(Wed) 11 May 2011 (W19),RCD Espanyol (36),2-2,1-2,Valencia CF (36)
?,(Wed) 11 May 2011 (W19),Hércules CF (36),2-2,2-0,RCD Mallorca (36)
?,(Wed) 11 May 2011 (W19),Levante UD (36),1-1,1-1,FC Barcelona (36)
?,(Wed) 11 May 2011 (W19),CA Osasuna (36),3-2,0-2,Sevilla FC (36)
?,(Wed) 11 May 2011 (W19),Real Sociedad (36),2-1,1-0,Real Zaragoza (36)
?,(Sun) 15 May 2011 (W19),UD Almería (37),3-1,3-1,RCD Mallorca (37)
?,(Sun) 15 May 2011 (W19),Athletic Club Bilbao (37),1-1,0-1,Málaga CF (37)
?,(Sun) 15 May 2011 (W19),Atlético Madrid (37),2-1,1-0,Hércules CF (37)
?,(Sun) 15 May 2011 (W19),FC Barcelona (37),0-0,0-0,RCD La Coruña (37)
?,(Sun) 15 May 2011 (W19),Getafe CF (37),2-0,0-0,CA Osasuna (37)
?,(Sun) 15 May 2011 (W19),Sevilla FC (37),3-1,0-0,Real Sociedad (37)
?,(Sun) 15 May 2011 (W19),Sporting Gijón (37),2-1,1-1,Real Racing Santander (37)
?,(Sun) 15 May 2011 (W19),Valencia CF (37),0-0,0-0,Levante UD (37)
?,(Sun) 15 May 2011 (W19),Villarreal CF (37),1-3,0-2,Real Madrid (37)
?,(Sun) 15 May 2011 (W19),Real Zaragoza (37),1-0,0-0,RCD Espanyol (37)
?,(Sat) 21 May 2011 (W20),RCD Espanyol (38),2-3,0-2,Sevilla FC (38)
?,(Sat) 21 May 2011 (W20),Hércules CF (38),0-0,0-0,Sporting Gijón (38)
?,(Sat) 21 May 2011 (W20),RCD La Coruña (38),0-2,0-1,Valencia CF (38)
?,(Sat) 21 May 2011 (W20),Levante UD (38),1-2,0-1,Real Zaragoza (38)
?,(Sat) 21 May 2011 (W20),Málaga CF (38),1-3,1-1,FC Barcelona (38)
?,(Sat) 21 May 2011 (W20),RCD Mallorca (38),3-4,0-2,Atlético Madrid (38)
?,(Sat) 21 May 2011 (W20),CA Osasuna (38),1-0,1-0,Villarreal CF (38)
?,(Sat) 21 May 2011 (W20),Real Madrid (38),8-1,2-1,UD Almería (38)
?,(Sat) 21 May 2011 (W20),Real Racing Santander (38),1-2,0-2,Athletic Club Bilbao (38)
?,(Sat) 21 May 2011 (W20),Real Sociedad (38),1-1,0-1,Getafe CF (38)
