Round,Date,Team 1,FT,HT,Team 2
?,(Fri) 27 Aug 2010 (W34),Real Valladolid CF (1),3-0,1-0,Villarreal CF B (1)
?,(Sat) 28 Aug 2010 (W34),RC Celta Vigo (1),1-2,0-2,FC Barcelona B (1)
?,(Sat) 28 Aug 2010 (W34),Elche CF (1),1-0,1-0,Recreativo Huelva (1)
?,(Sat) 28 Aug 2010 (W34),Girona FC (1),4-2,2-1,CD Tenerife (1)
?,(Sat) 28 Aug 2010 (W34),UD Las Palmas (1),3-2,2-2,Gimnàstic Tarragona (1)
?,(Sat) 28 Aug 2010 (W34),SD Ponferradina (1),0-0,0-0,SD Huesca (1)
?,(Sat) 28 Aug 2010 (W34),Xerez CD (1),1-4,1-1,FC Cartagena (1)
?,(Sun) 29 Aug 2010 (W34),Albacete Balompié (1),1-1,0-1,AD Alcorcón (1)
?,(Sun) 29 Aug 2010 (W34),Real Betis (1),4-1,2-1,Granada CF (1)
?,(Sun) 29 Aug 2010 (W34),UD Salamanca (1),1-1,1-1,Córdoba CF (1)
?,(Sun) 29 Aug 2010 (W34),Rayo Vallecano (1),3-2,2-1,CD Numancia (1)
?,(Sat) 4 Sep 2010 (W35),FC Cartagena (2),0-1,0-0,Elche CF (2)
?,(Sat) 4 Sep 2010 (W35),Córdoba CF (2),2-3,2-0,Rayo Vallecano (2)
?,(Sat) 4 Sep 2010 (W35),Gimnàstic Tarragona (2),2-0,0-0,Girona FC (2)
?,(Sat) 4 Sep 2010 (W35),SD Huesca (2),0-0,0-0,UD Las Palmas (2)
?,(Sat) 4 Sep 2010 (W35),Recreativo Huelva (2),1-3,0-1,Real Betis (2)
?,(Sat) 4 Sep 2010 (W35),Villarreal CF B (2),1-0,0-0,Albacete Balompié (2)
?,(Sun) 5 Sep 2010 (W35),AD Alcorcón (2),2-0,2-0,SD Ponferradina (2)
?,(Sun) 5 Sep 2010 (W35),FC Barcelona B (2),2-1,1-1,Xerez CD (2)
?,(Sun) 5 Sep 2010 (W35),Granada CF (2),0-1,0-1,Real Valladolid CF (2)
?,(Sun) 5 Sep 2010 (W35),CD Numancia (2),1-3,0-3,RC Celta Vigo (2)
?,(Sun) 5 Sep 2010 (W35),CD Tenerife (2),1-2,1-0,UD Salamanca (2)
?,(Fri) 10 Sep 2010 (W36),UD Salamanca (3),1-0,1-0,Gimnàstic Tarragona (3)
?,(Sat) 11 Sep 2010 (W36),Albacete Balompié (3),2-1,2-0,Granada CF (3)
?,(Sat) 11 Sep 2010 (W36),FC Cartagena (3),5-1,2-0,FC Barcelona B (3)
?,(Sat) 11 Sep 2010 (W36),RC Celta Vigo (3),3-2,1-0,Córdoba CF (3)
?,(Sat) 11 Sep 2010 (W36),Elche CF (3),0-2,0-0,Real Betis (3)
?,(Sat) 11 Sep 2010 (W36),UD Las Palmas (3),4-1,1-0,AD Alcorcón (3)
?,(Sat) 11 Sep 2010 (W36),SD Ponferradina (3),1-5,0-2,Villarreal CF B (3)
?,(Sat) 11 Sep 2010 (W36),Rayo Vallecano (3),1-0,0-0,CD Tenerife (3)
?,(Sun) 12 Sep 2010 (W36),Girona FC (3),3-1,2-0,SD Huesca (3)
?,(Sun) 12 Sep 2010 (W36),Real Valladolid CF (3),4-0,2-0,Recreativo Huelva (3)
?,(Sun) 12 Sep 2010 (W36),Xerez CD (3),1-0,1-0,CD Numancia (3)
?,(Fri) 17 Sep 2010 (W37),Villarreal CF B (4),0-3,0-1,UD Las Palmas (4)
?,(Sat) 18 Sep 2010 (W37),AD Alcorcón (4),3-1,1-1,Girona FC (4)
?,(Sat) 18 Sep 2010 (W37),FC Barcelona B (4),2-0,1-0,Elche CF (4)
?,(Sat) 18 Sep 2010 (W37),Córdoba CF (4),0-2,0-1,Xerez CD (4)
?,(Sat) 18 Sep 2010 (W37),SD Huesca (4),0-1,0-0,UD Salamanca (4)
?,(Sat) 18 Sep 2010 (W37),CD Numancia (4),2-0,0-0,FC Cartagena (4)
?,(Sat) 18 Sep 2010 (W37),CD Tenerife (4),0-2,0-2,RC Celta Vigo (4)
?,(Sun) 19 Sep 2010 (W37),Real Betis (4),2-1,0-1,Real Valladolid CF (4)
?,(Sun) 19 Sep 2010 (W37),Gimnàstic Tarragona (4),0-1,0-1,Rayo Vallecano (4)
?,(Sun) 19 Sep 2010 (W37),Granada CF (4),2-0,1-0,SD Ponferradina (4)
?,(Sun) 19 Sep 2010 (W37),Recreativo Huelva (4),0-0,0-0,Albacete Balompié (4)
?,(Fri) 24 Sep 2010 (W38),Xerez CD (5),2-0,2-0,CD Tenerife (5)
?,(Sat) 25 Sep 2010 (W38),Albacete Balompié (5),2-1,1-1,Real Betis (5)
?,(Sat) 25 Sep 2010 (W38),FC Cartagena (5),1-2,1-1,Córdoba CF (5)
?,(Sat) 25 Sep 2010 (W38),Girona FC (5),2-3,2-1,Villarreal CF B (5)
?,(Sat) 25 Sep 2010 (W38),UD Las Palmas (5),1-1,0-0,Granada CF (5)
?,(Sat) 25 Sep 2010 (W38),Rayo Vallecano (5),4-0,1-0,SD Huesca (5)
?,(Sun) 26 Sep 2010 (W38),FC Barcelona B (5),1-0,1-0,CD Numancia (5)
?,(Sun) 26 Sep 2010 (W38),RC Celta Vigo (5),1-0,1-0,Gimnàstic Tarragona (5)
?,(Sun) 26 Sep 2010 (W38),Elche CF (5),2-2,0-1,Real Valladolid CF (5)
?,(Sun) 26 Sep 2010 (W38),SD Ponferradina (5),1-1,1-0,Recreativo Huelva (5)
?,(Sun) 26 Sep 2010 (W38),UD Salamanca (5),1-1,1-0,AD Alcorcón (5)
?,(Fri) 1 Oct 2010 (W39),Villarreal CF B (6),0-1,0-0,UD Salamanca (6)
?,(Sat) 2 Oct 2010 (W39),Real Betis (6),3-0,2-0,SD Ponferradina (6)
?,(Sat) 2 Oct 2010 (W39),Gimnàstic Tarragona (6),0-2,0-1,Xerez CD (6)
?,(Sat) 2 Oct 2010 (W39),SD Huesca (6),1-2,0-0,RC Celta Vigo (6)
?,(Sat) 2 Oct 2010 (W39),Recreativo Huelva (6),1-1,0-1,UD Las Palmas (6)
?,(Sun) 3 Oct 2010 (W39),AD Alcorcón (6),2-0,0-0,Rayo Vallecano (6)
?,(Sun) 3 Oct 2010 (W39),Córdoba CF (6),2-0,1-0,FC Barcelona B (6)
?,(Sun) 3 Oct 2010 (W39),Granada CF (6),2-1,2-1,Girona FC (6)
?,(Sun) 3 Oct 2010 (W39),CD Numancia (6),2-0,1-0,Elche CF (6)
?,(Sun) 3 Oct 2010 (W39),CD Tenerife (6),1-1,0-0,FC Cartagena (6)
?,(Mon) 4 Oct 2010 (W40),Real Valladolid CF (6),1-1,0-0,Albacete Balompié (6)
?,(Sat) 9 Oct 2010 (W40),FC Cartagena (7),2-2,1-0,Gimnàstic Tarragona (7)
?,(Sat) 9 Oct 2010 (W40),RC Celta Vigo (7),3-0,1-0,AD Alcorcón (7)
?,(Sat) 9 Oct 2010 (W40),Elche CF (7),1-0,0-0,Albacete Balompié (7)
?,(Sat) 9 Oct 2010 (W40),UD Las Palmas (7),2-2,1-0,Real Betis (7)
?,(Sat) 9 Oct 2010 (W40),Rayo Vallecano (7),3-0,0-0,Villarreal CF B (7)
?,(Sun) 10 Oct 2010 (W40),FC Barcelona B (7),3-1,2-0,CD Tenerife (7)
?,(Sun) 10 Oct 2010 (W40),Girona FC (7),0-0,0-0,Recreativo Huelva (7)
?,(Sun) 10 Oct 2010 (W40),CD Numancia (7),1-1,1-0,Córdoba CF (7)
?,(Sun) 10 Oct 2010 (W40),SD Ponferradina (7),1-1,0-0,Real Valladolid CF (7)
?,(Sun) 10 Oct 2010 (W40),UD Salamanca (7),1-2,1-1,Granada CF (7)
?,(Sun) 10 Oct 2010 (W40),Xerez CD (7),1-3,0-2,SD Huesca (7)
?,(Fri) 15 Oct 2010 (W41),Recreativo Huelva (8),0-2,0-0,UD Salamanca (8)
?,(Sat) 16 Oct 2010 (W41),Albacete Balompié (8),0-1,0-0,SD Ponferradina (8)
?,(Sat) 16 Oct 2010 (W41),AD Alcorcón (8),3-1,3-0,Xerez CD (8)
?,(Sat) 16 Oct 2010 (W41),Real Betis (8),2-1,0-1,Girona FC (8)
?,(Sat) 16 Oct 2010 (W41),Gimnàstic Tarragona (8),1-1,1-1,FC Barcelona B (8)
?,(Sat) 16 Oct 2010 (W41),SD Huesca (8),0-0,0-0,FC Cartagena (8)
?,(Sat) 16 Oct 2010 (W41),Villarreal CF B (8),2-2,1-0,RC Celta Vigo (8)
?,(Sun) 17 Oct 2010 (W41),Córdoba CF (8),0-0,0-0,Elche CF (8)
?,(Sun) 17 Oct 2010 (W41),Granada CF (8),1-1,1-1,Rayo Vallecano (8)
?,(Sun) 17 Oct 2010 (W41),CD Tenerife (8),1-1,0-1,CD Numancia (8)
?,(Sun) 17 Oct 2010 (W41),Real Valladolid CF (8),3-0,2-0,UD Las Palmas (8)
?,(Fri) 22 Oct 2010 (W42),Xerez CD (9),3-1,1-1,Villarreal CF B (9)
?,(Sat) 23 Oct 2010 (W42),FC Barcelona B (9),0-1,0-0,SD Huesca (9)
?,(Sat) 23 Oct 2010 (W42),FC Cartagena (9),1-0,1-0,AD Alcorcón (9)
?,(Sat) 23 Oct 2010 (W42),RC Celta Vigo (9),1-1,0-0,Granada CF (9)
?,(Sat) 23 Oct 2010 (W42),Córdoba CF (9),2-2,0-0,CD Tenerife (9)
?,(Sat) 23 Oct 2010 (W42),Elche CF (9),2-0,0-0,SD Ponferradina (9)
?,(Sat) 23 Oct 2010 (W42),Girona FC (9),2-0,0-0,Real Valladolid CF (9)
?,(Sat) 23 Oct 2010 (W42),UD Las Palmas (9),2-1,1-0,Albacete Balompié (9)
?,(Sat) 23 Oct 2010 (W42),Rayo Vallecano (9),0-0,0-0,Recreativo Huelva (9)
?,(Sun) 24 Oct 2010 (W42),CD Numancia (9),1-0,0-0,Gimnàstic Tarragona (9)
?,(Sun) 24 Oct 2010 (W42),UD Salamanca (9),0-3,0-2,Real Betis (9)
?,(Fri) 29 Oct 2010 (W43),Recreativo Huelva (10),1-1,1-0,RC Celta Vigo (10)
?,(Sat) 30 Oct 2010 (W43),Albacete Balompié (10),1-1,0-0,Girona FC (10)
?,(Sat) 30 Oct 2010 (W43),Granada CF (10),5-0,3-0,Xerez CD (10)
?,(Sat) 30 Oct 2010 (W43),SD Huesca (10),0-0,0-0,CD Numancia (10)
?,(Sat) 30 Oct 2010 (W43),SD Ponferradina (10),3-2,1-1,UD Las Palmas (10)
?,(Sat) 30 Oct 2010 (W43),Real Valladolid CF (10),1-0,0-0,UD Salamanca (10)
?,(Sat) 30 Oct 2010 (W43),Villarreal CF B (10),2-0,1-0,FC Cartagena (10)
?,(Sun) 31 Oct 2010 (W43),AD Alcorcón (10),1-3,1-1,FC Barcelona B (10)
?,(Sun) 31 Oct 2010 (W43),Real Betis (10),4-0,1-0,Rayo Vallecano (10)
?,(Sun) 31 Oct 2010 (W43),Gimnàstic Tarragona (10),1-1,0-0,Córdoba CF (10)
?,(Sun) 31 Oct 2010 (W43),CD Tenerife (10),1-0,0-0,Elche CF (10)
?,(Fri) 5 Nov 2010 (W44),Elche CF (11),2-2,0-1,UD Las Palmas (11)
?,(Sat) 6 Nov 2010 (W44),FC Barcelona B (11),4-1,2-1,Villarreal CF B (11)
?,(Sat) 6 Nov 2010 (W44),FC Cartagena (11),2-1,2-1,Granada CF (11)
?,(Sat) 6 Nov 2010 (W44),Córdoba CF (11),2-0,2-0,SD Huesca (11)
?,(Sat) 6 Nov 2010 (W44),Girona FC (11),3-0,3-0,SD Ponferradina (11)
?,(Sat) 6 Nov 2010 (W44),CD Numancia (11),2-1,1-0,AD Alcorcón (11)
?,(Sat) 6 Nov 2010 (W44),UD Salamanca (11),1-0,1-0,Albacete Balompié (11)
?,(Sat) 6 Nov 2010 (W44),Rayo Vallecano (11),3-0,1-0,Real Valladolid CF (11)
?,(Sat) 6 Nov 2010 (W44),Xerez CD (11),1-1,1-1,Recreativo Huelva (11)
?,(Sun) 7 Nov 2010 (W44),RC Celta Vigo (11),1-1,1-0,Real Betis (11)
?,(Sun) 7 Nov 2010 (W44),CD Tenerife (11),0-2,0-0,Gimnàstic Tarragona (11)
?,(Fri) 12 Nov 2010 (W45),Villarreal CF B (12),1-0,1-0,CD Numancia (12)
?,(Sat) 13 Nov 2010 (W45),Albacete Balompié (12),1-1,1-0,Rayo Vallecano (12)
?,(Sat) 13 Nov 2010 (W45),Real Betis (12),3-1,1-0,Xerez CD (12)
?,(Sat) 13 Nov 2010 (W45),Gimnàstic Tarragona (12),0-0,0-0,Elche CF (12)
?,(Sat) 13 Nov 2010 (W45),Granada CF (12),4-1,1-1,FC Barcelona B (12)
?,(Sat) 13 Nov 2010 (W45),SD Huesca (12),0-0,0-0,CD Tenerife (12)
?,(Sat) 13 Nov 2010 (W45),UD Las Palmas (12),1-1,1-0,Girona FC (12)
?,(Sun) 14 Nov 2010 (W45),SD Ponferradina (12),3-2,2-0,UD Salamanca (12)
?,(Sun) 14 Nov 2010 (W45),Recreativo Huelva (12),3-0,0-0,FC Cartagena (12)
?,(Sun) 14 Nov 2010 (W45),Real Valladolid CF (12),3-2,1-2,RC Celta Vigo (12)
?,(Mon) 15 Nov 2010 (W46),AD Alcorcón (12),2-1,2-1,Córdoba CF (12)
?,(Fri) 19 Nov 2010 (W46),FC Barcelona B (13),1-1,1-0,Recreativo Huelva (13)
?,(Sat) 20 Nov 2010 (W46),FC Cartagena (13),2-1,0-0,Real Betis (13)
?,(Sat) 20 Nov 2010 (W46),Elche CF (13),0-0,0-0,Girona FC (13)
?,(Sat) 20 Nov 2010 (W46),Gimnàstic Tarragona (13),0-0,0-0,SD Huesca (13)
?,(Sat) 20 Nov 2010 (W46),UD Salamanca (13),4-2,1-1,UD Las Palmas (13)
?,(Sat) 20 Nov 2010 (W46),Rayo Vallecano (13),3-1,2-0,SD Ponferradina (13)
?,(Sun) 21 Nov 2010 (W46),RC Celta Vigo (13),3-1,1-1,Albacete Balompié (13)
?,(Sun) 21 Nov 2010 (W46),Córdoba CF (13),0-0,0-0,Villarreal CF B (13)
?,(Sun) 21 Nov 2010 (W46),CD Numancia (13),3-2,2-0,Granada CF (13)
?,(Sun) 21 Nov 2010 (W46),CD Tenerife (13),1-0,0-0,AD Alcorcón (13)
?,(Sun) 21 Nov 2010 (W46),Xerez CD (13),4-0,0-0,Real Valladolid CF (13)
?,(Fri) 26 Nov 2010 (W47),SD Ponferradina (14),0-0,0-0,RC Celta Vigo (14)
?,(Sat) 27 Nov 2010 (W47),Albacete Balompié (14),1-1,0-0,Xerez CD (14)
?,(Sat) 27 Nov 2010 (W47),SD Huesca (14),2-2,1-2,Elche CF (14)
?,(Sat) 27 Nov 2010 (W47),UD Las Palmas (14),2-1,0-1,Rayo Vallecano (14)
?,(Sun) 28 Nov 2010 (W47),AD Alcorcón (14),1-1,1-0,Gimnàstic Tarragona (14)
?,(Sun) 28 Nov 2010 (W47),Girona FC (14),1-1,0-1,UD Salamanca (14)
?,(Sun) 28 Nov 2010 (W47),Granada CF (14),1-1,0-1,Córdoba CF (14)
?,(Sun) 28 Nov 2010 (W47),Recreativo Huelva (14),1-0,0-0,CD Numancia (14)
?,(Sun) 28 Nov 2010 (W47),Real Valladolid CF (14),0-1,0-0,FC Cartagena (14)
?,(Sun) 28 Nov 2010 (W47),Villarreal CF B (14),0-2,0-1,CD Tenerife (14)
?,(Fri) 3 Dec 2010 (W48),Xerez CD (15),0-0,0-0,SD Ponferradina (15)
?,(Sat) 4 Dec 2010 (W48),FC Barcelona B (14),0-0,0-0,Real Valladolid CF (15)
?,(Sat) 4 Dec 2010 (W48),FC Cartagena (15),1-1,1-1,Albacete Balompié (15)
?,(Sat) 4 Dec 2010 (W48),Córdoba CF (15),3-3,2-1,Recreativo Huelva (15)
?,(Sat) 4 Dec 2010 (W48),Gimnàstic Tarragona (15),1-2,0-0,Villarreal CF B (15)
?,(Sat) 4 Dec 2010 (W48),SD Huesca (15),3-1,3-1,AD Alcorcón (15)
?,(Sat) 4 Dec 2010 (W48),CD Numancia (15),1-2,1-2,Real Betis (14)
?,(Sun) 5 Dec 2010 (W48),RC Celta Vigo (15),2-0,1-0,UD Las Palmas (15)
?,(Sun) 5 Dec 2010 (W48),Elche CF (15),3-1,1-1,UD Salamanca (15)
?,(Sun) 5 Dec 2010 (W48),Rayo Vallecano (15),2-0,0-0,Girona FC (15)
?,(Wed) 8 Dec 2010 (W49),Real Betis (15),2-2,1-0,FC Barcelona B (15)
?,(Fri) 10 Dec 2010 (W49),SD Ponferradina (16),1-2,0-1,FC Cartagena (16)
?,(Sat) 11 Dec 2010 (W49),AD Alcorcón (16),0-1,0-0,Elche CF (16)
?,(Sat) 11 Dec 2010 (W49),Real Betis (16),3-1,2-0,Córdoba CF (16)
?,(Sat) 11 Dec 2010 (W49),Girona FC (16),1-1,0-1,RC Celta Vigo (16)
?,(Sat) 11 Dec 2010 (W49),UD Las Palmas (16),0-3,0-0,Xerez CD (16)
?,(Sat) 11 Dec 2010 (W49),Real Valladolid CF (16),4-5,3-2,CD Numancia (16)
?,(Sat) 11 Dec 2010 (W49),Villarreal CF B (16),1-1,0-0,SD Huesca (16)
?,(Sun) 12 Dec 2010 (W49),Albacete Balompié (16),2-2,1-0,FC Barcelona B (16)
?,(Sun) 12 Dec 2010 (W49),Granada CF (15),6-1,3-0,Gimnàstic Tarragona (16)
?,(Sun) 12 Dec 2010 (W49),Recreativo Huelva (16),3-0,1-0,CD Tenerife (15)
?,(Sun) 12 Dec 2010 (W49),UD Salamanca (16),0-1,0-1,Rayo Vallecano (16)
?,(Fri) 17 Dec 2010 (W50),Xerez CD (17),3-1,0-1,Girona FC (17)
?,(Sat) 18 Dec 2010 (W50),AD Alcorcón (17),1-2,1-1,Villarreal CF B (17)
?,(Sat) 18 Dec 2010 (W50),RC Celta Vigo (17),1-0,1-0,UD Salamanca (17)
?,(Sat) 18 Dec 2010 (W50),Córdoba CF (17),1-0,0-0,Real Valladolid CF (17)
?,(Sat) 18 Dec 2010 (W50),Elche CF (17),1-1,0-1,Rayo Vallecano (17)
?,(Sat) 18 Dec 2010 (W50),Gimnàstic Tarragona (17),0-0,0-0,Recreativo Huelva (17)
?,(Sat) 18 Dec 2010 (W50),SD Huesca (17),0-0,0-0,Granada CF (16)
?,(Sat) 18 Dec 2010 (W50),CD Numancia (17),0-1,0-0,Albacete Balompié (17)
?,(Sat) 18 Dec 2010 (W50),CD Tenerife (16),0-3,0-3,Real Betis (17)
?,(Sun) 19 Dec 2010 (W50),FC Barcelona B (17),1-1,0-0,SD Ponferradina (17)
?,(Sun) 19 Dec 2010 (W50),FC Cartagena (17),5-2,3-1,UD Las Palmas (17)
?,(Sun) 2 Jan 2011 (W52),Albacete Balompié (18),1-0,0-0,Córdoba CF (18)
?,(Sun) 2 Jan 2011 (W52),Real Betis (18),1-0,1-0,Gimnàstic Tarragona (18)
?,(Sun) 2 Jan 2011 (W52),Girona FC (18),1-1,0-0,FC Cartagena (18)
?,(Sun) 2 Jan 2011 (W52),Granada CF (17),1-0,0-0,AD Alcorcón (18)
?,(Sun) 2 Jan 2011 (W52),UD Las Palmas (18),2-2,1-0,FC Barcelona B (18)
?,(Sun) 2 Jan 2011 (W52),SD Ponferradina (18),0-4,0-3,CD Numancia (18)
?,(Sun) 2 Jan 2011 (W52),Recreativo Huelva (18),0-1,0-0,SD Huesca (18)
?,(Sun) 2 Jan 2011 (W52),Real Valladolid CF (18),2-2,2-1,CD Tenerife (17)
?,(Sun) 2 Jan 2011 (W52),Rayo Vallecano (18),1-3,1-0,RC Celta Vigo (18)
?,(Sun) 2 Jan 2011 (W52),Villarreal CF B (18),1-1,1-1,Elche CF (18)
?,(Mon) 3 Jan 2011 (W1),UD Salamanca (18),2-3,0-1,Xerez CD (18)
?,(Fri) 7 Jan 2011 (W1),Villarreal CF B (19),2-1,1-0,Granada CF (18)
?,(Sat) 8 Jan 2011 (W1),AD Alcorcón (19),2-1,1-1,Recreativo Huelva (19)
?,(Sat) 8 Jan 2011 (W1),FC Barcelona B (19),1-2,0-0,Girona FC (19)
?,(Sat) 8 Jan 2011 (W1),FC Cartagena (19),1-0,1-0,UD Salamanca (19)
?,(Sat) 8 Jan 2011 (W1),Córdoba CF (19),3-3,2-2,SD Ponferradina (19)
?,(Sat) 8 Jan 2011 (W1),Elche CF (19),1-3,0-1,RC Celta Vigo (19)
?,(Sat) 8 Jan 2011 (W1),Gimnàstic Tarragona (19),1-0,0-0,Real Valladolid CF (19)
?,(Sat) 8 Jan 2011 (W1),CD Numancia (19),4-0,1-0,UD Las Palmas (19)
?,(Sun) 9 Jan 2011 (W1),SD Huesca (19),1-1,0-0,Real Betis (19)
?,(Sun) 9 Jan 2011 (W1),CD Tenerife (18),0-1,0-1,Albacete Balompié (19)
?,(Sun) 9 Jan 2011 (W1),Xerez CD (19),0-1,0-0,Rayo Vallecano (19)
?,(Fri) 14 Jan 2011 (W2),Girona FC (20),2-0,1-0,CD Numancia (20)
?,(Sat) 15 Jan 2011 (W2),Albacete Balompié (20),0-1,0-0,Gimnàstic Tarragona (20)
?,(Sat) 15 Jan 2011 (W2),Real Betis (20),3-0,1-0,AD Alcorcón (20)
?,(Sat) 15 Jan 2011 (W2),RC Celta Vigo (20),1-1,1-0,Xerez CD (20)
?,(Sat) 15 Jan 2011 (W2),UD Las Palmas (20),0-1,0-1,Córdoba CF (20)
?,(Sat) 15 Jan 2011 (W2),Real Valladolid CF (20),2-0,1-0,SD Huesca (20)
?,(Sat) 15 Jan 2011 (W2),Rayo Vallecano (20),3-1,2-1,FC Cartagena (20)
?,(Sun) 16 Jan 2011 (W2),Elche CF (20),0-0,0-0,Granada CF (19)
?,(Sun) 16 Jan 2011 (W2),SD Ponferradina (20),1-1,0-1,CD Tenerife (19)
?,(Sun) 16 Jan 2011 (W2),Recreativo Huelva (20),2-0,1-0,Villarreal CF B (20)
?,(Sun) 16 Jan 2011 (W2),UD Salamanca (20),2-3,1-1,FC Barcelona B (20)
?,(Fri) 21 Jan 2011 (W3),Xerez CD (21),0-0,0-0,Elche CF (21)
?,(Sat) 22 Jan 2011 (W3),AD Alcorcón (21),1-0,0-0,Real Valladolid CF (21)
?,(Sat) 22 Jan 2011 (W3),FC Barcelona B (21),1-2,1-1,Rayo Vallecano (21)
?,(Sat) 22 Jan 2011 (W3),FC Cartagena (21),0-4,0-2,RC Celta Vigo (21)
?,(Sat) 22 Jan 2011 (W3),Granada CF (20),2-1,0-1,Recreativo Huelva (21)
?,(Sat) 22 Jan 2011 (W3),SD Huesca (21),1-0,1-0,Albacete Balompié (21)
?,(Sat) 22 Jan 2011 (W3),Villarreal CF B (21),1-0,1-0,Real Betis (21)
?,(Sun) 23 Jan 2011 (W3),Córdoba CF (21),1-1,0-0,Girona FC (21)
?,(Sun) 23 Jan 2011 (W3),Gimnàstic Tarragona (21),0-0,0-0,SD Ponferradina (21)
?,(Sun) 23 Jan 2011 (W3),CD Numancia (21),3-2,1-0,UD Salamanca (21)
?,(Sun) 23 Jan 2011 (W3),CD Tenerife (20),1-1,0-0,UD Las Palmas (21)
?,(Wed) 26 Jan 2011 (W4),CD Tenerife (21),2-2,2-1,Granada CF (21)
?,(Fri) 28 Jan 2011 (W4),AD Alcorcón (22),2-0,0-0,Albacete Balompié (22)
?,(Sat) 29 Jan 2011 (W4),FC Barcelona B (22),1-1,1-0,RC Celta Vigo (22)
?,(Sat) 29 Jan 2011 (W4),FC Cartagena (22),1-2,1-1,Xerez CD (22)
?,(Sat) 29 Jan 2011 (W4),Córdoba CF (22),2-0,0-0,UD Salamanca (22)
?,(Sat) 29 Jan 2011 (W4),Gimnàstic Tarragona (22),0-0,0-0,UD Las Palmas (22)
?,(Sat) 29 Jan 2011 (W4),SD Huesca (22),1-0,0-0,SD Ponferradina (22)
?,(Sat) 29 Jan 2011 (W4),CD Numancia (22),0-3,0-2,Rayo Vallecano (22)
?,(Sat) 29 Jan 2011 (W4),Recreativo Huelva (22),0-0,0-0,Elche CF (22)
?,(Sat) 29 Jan 2011 (W4),Villarreal CF B (22),2-0,1-0,Real Valladolid CF (22)
?,(Sun) 30 Jan 2011 (W4),Granada CF (22),3-0,0-0,Real Betis (22)
?,(Sun) 30 Jan 2011 (W4),CD Tenerife (22),3-3,1-2,Girona FC (22)
?,(Fri) 4 Feb 2011 (W5),Xerez CD (23),1-0,1-0,FC Barcelona B (23)
?,(Sat) 5 Feb 2011 (W5),Albacete Balompié (23),0-2,0-0,Villarreal CF B (23)
?,(Sat) 5 Feb 2011 (W5),Elche CF (23),1-2,1-1,FC Cartagena (23)
?,(Sat) 5 Feb 2011 (W5),Girona FC (23),2-1,1-1,Gimnàstic Tarragona (23)
?,(Sat) 5 Feb 2011 (W5),UD Las Palmas (23),1-1,1-0,SD Huesca (23)
?,(Sat) 5 Feb 2011 (W5),UD Salamanca (23),1-2,1-1,CD Tenerife (23)
?,(Sat) 5 Feb 2011 (W5),Real Valladolid CF (23),2-3,1-2,Granada CF (23)
?,(Sat) 5 Feb 2011 (W5),Rayo Vallecano (23),4-2,1-2,Córdoba CF (23)
?,(Sun) 6 Feb 2011 (W5),Real Betis (23),0-1,0-0,Recreativo Huelva (23)
?,(Sun) 6 Feb 2011 (W5),SD Ponferradina (23),1-2,0-2,AD Alcorcón (23)
?,(Mon) 7 Feb 2011 (W6),RC Celta Vigo (23),4-0,1-0,CD Numancia (23)
?,(Fri) 11 Feb 2011 (W6),Granada CF (24),3-0,0-0,Albacete Balompié (24)
?,(Sat) 12 Feb 2011 (W6),AD Alcorcón (24),5-0,0-0,UD Las Palmas (24)
?,(Sat) 12 Feb 2011 (W6),FC Barcelona B (24),3-0,1-0,FC Cartagena (24)
?,(Sat) 12 Feb 2011 (W6),Real Betis (24),1-4,0-2,Elche CF (24)
?,(Sat) 12 Feb 2011 (W6),SD Huesca (24),0-1,0-0,Girona FC (24)
?,(Sat) 12 Feb 2011 (W6),CD Numancia (24),3-0,1-0,Xerez CD (24)
?,(Sat) 12 Feb 2011 (W6),Recreativo Huelva (24),0-1,0-0,Real Valladolid CF (24)
?,(Sat) 12 Feb 2011 (W6),Villarreal CF B (24),1-0,0-0,SD Ponferradina (24)
?,(Sun) 13 Feb 2011 (W6),Córdoba CF (24),0-0,0-0,RC Celta Vigo (24)
?,(Sun) 13 Feb 2011 (W6),Gimnàstic Tarragona (24),2-0,1-0,UD Salamanca (24)
?,(Sun) 13 Feb 2011 (W6),CD Tenerife (24),2-1,0-0,Rayo Vallecano (24)
?,(Fri) 18 Feb 2011 (W7),Girona FC (25),3-1,2-0,AD Alcorcón (25)
?,(Sat) 19 Feb 2011 (W7),Albacete Balompié (25),1-1,0-0,Recreativo Huelva (25)
?,(Sat) 19 Feb 2011 (W7),FC Cartagena (25),1-0,0-0,CD Numancia (25)
?,(Sat) 19 Feb 2011 (W7),RC Celta Vigo (25),1-0,0-0,CD Tenerife (25)
?,(Sat) 19 Feb 2011 (W7),Elche CF (25),2-1,1-1,FC Barcelona B (25)
?,(Sat) 19 Feb 2011 (W7),UD Las Palmas (25),2-2,2-1,Villarreal CF B (25)
?,(Sat) 19 Feb 2011 (W7),UD Salamanca (25),1-1,0-1,SD Huesca (25)
?,(Sat) 19 Feb 2011 (W7),Rayo Vallecano (25),1-1,0-1,Gimnàstic Tarragona (25)
?,(Sat) 19 Feb 2011 (W7),Xerez CD (25),1-3,1-2,Córdoba CF (25)
?,(Sun) 20 Feb 2011 (W7),SD Ponferradina (25),0-0,0-0,Granada CF (25)
?,(Sun) 20 Feb 2011 (W7),Real Valladolid CF (25),1-0,1-0,Real Betis (25)
?,(Fri) 25 Feb 2011 (W8),CD Tenerife (26),2-1,1-0,Xerez CD (26)
?,(Sat) 26 Feb 2011 (W8),AD Alcorcón (26),4-0,1-0,UD Salamanca (26)
?,(Sat) 26 Feb 2011 (W8),Córdoba CF (26),2-0,1-0,FC Cartagena (26)
?,(Sat) 26 Feb 2011 (W8),Gimnàstic Tarragona (26),1-2,0-1,RC Celta Vigo (26)
?,(Sat) 26 Feb 2011 (W8),Granada CF (26),5-2,1-1,UD Las Palmas (26)
?,(Sat) 26 Feb 2011 (W8),CD Numancia (26),4-6,1-1,FC Barcelona B (26)
?,(Sat) 26 Feb 2011 (W8),Recreativo Huelva (26),1-1,1-0,SD Ponferradina (26)
?,(Sat) 26 Feb 2011 (W8),Real Valladolid CF (26),2-0,1-0,Elche CF (26)
?,(Sat) 26 Feb 2011 (W8),Villarreal CF B (26),0-1,0-1,Girona FC (26)
?,(Sun) 27 Feb 2011 (W8),Real Betis (26),2-0,0-0,Albacete Balompié (26)
?,(Sun) 27 Feb 2011 (W8),SD Huesca (26),4-1,2-0,Rayo Vallecano (26)
?,(Tue) 1 Mar 2011 (W9),FC Barcelona B (27),4-1,0-0,Córdoba CF (27)
?,(Tue) 1 Mar 2011 (W9),FC Cartagena (27),1-0,0-0,CD Tenerife (27)
?,(Tue) 1 Mar 2011 (W9),Elche CF (27),1-0,1-0,CD Numancia (27)
?,(Tue) 1 Mar 2011 (W9),Girona FC (27),2-0,1-0,Granada CF (27)
?,(Tue) 1 Mar 2011 (W9),UD Salamanca (27),1-0,1-0,Villarreal CF B (27)
?,(Wed) 2 Mar 2011 (W9),Albacete Balompié (27),1-1,1-0,Real Valladolid CF (27)
?,(Wed) 2 Mar 2011 (W9),UD Las Palmas (27),1-1,0-1,Recreativo Huelva (27)
?,(Wed) 2 Mar 2011 (W9),Rayo Vallecano (27),1-0,1-0,AD Alcorcón (27)
?,(Wed) 2 Mar 2011 (W9),Xerez CD (27),1-2,1-1,Gimnàstic Tarragona (27)
?,(Thu) 3 Mar 2011 (W9),RC Celta Vigo (27),1-2,0-1,SD Huesca (27)
?,(Thu) 3 Mar 2011 (W9),SD Ponferradina (27),1-1,1-0,Real Betis (27)
?,(Sat) 5 Mar 2011 (W9),Albacete Balompié (28),0-2,0-0,Elche CF (28)
?,(Sat) 5 Mar 2011 (W9),Gimnàstic Tarragona (28),2-0,1-0,FC Cartagena (28)
?,(Sat) 5 Mar 2011 (W9),Granada CF (28),0-1,0-0,UD Salamanca (28)
?,(Sat) 5 Mar 2011 (W9),Villarreal CF B (28),1-2,0-1,Rayo Vallecano (28)
?,(Sun) 6 Mar 2011 (W9),AD Alcorcón (28),1-0,1-0,RC Celta Vigo (28)
?,(Sun) 6 Mar 2011 (W9),Real Betis (28),4-1,2-0,UD Las Palmas (28)
?,(Sun) 6 Mar 2011 (W9),Córdoba CF (28),1-2,1-1,CD Numancia (28)
?,(Sun) 6 Mar 2011 (W9),SD Huesca (28),1-1,0-0,Xerez CD (28)
?,(Sun) 6 Mar 2011 (W9),Recreativo Huelva (28),4-0,1-0,Girona FC (28)
?,(Sun) 6 Mar 2011 (W9),Real Valladolid CF (28),2-1,0-0,SD Ponferradina (28)
?,(Mon) 7 Mar 2011 (W10),CD Tenerife (28),1-4,0-2,FC Barcelona B (28)
?,(Fri) 11 Mar 2011 (W10),Elche CF (29),2-1,1-0,Córdoba CF (29)
?,(Sat) 12 Mar 2011 (W10),FC Barcelona B (29),4-0,2-0,Gimnàstic Tarragona (29)
?,(Sat) 12 Mar 2011 (W10),FC Cartagena (29),2-0,1-0,SD Huesca (29)
?,(Sat) 12 Mar 2011 (W10),RC Celta Vigo (29),0-1,0-0,Villarreal CF B (29)
?,(Sat) 12 Mar 2011 (W10),Girona FC (29),0-1,0-0,Real Betis (29)
?,(Sat) 12 Mar 2011 (W10),UD Las Palmas (29),2-0,1-0,Real Valladolid CF (29)
?,(Sat) 12 Mar 2011 (W10),CD Numancia (29),2-1,1-1,CD Tenerife (29)
?,(Sat) 12 Mar 2011 (W10),SD Ponferradina (29),2-1,1-1,Albacete Balompié (29)
?,(Sat) 12 Mar 2011 (W10),Xerez CD (29),0-0,0-0,AD Alcorcón (29)
?,(Sun) 13 Mar 2011 (W10),UD Salamanca (29),0-1,0-0,Recreativo Huelva (29)
?,(Sun) 13 Mar 2011 (W10),Rayo Vallecano (29),1-1,0-1,Granada CF (29)
?,(Fri) 18 Mar 2011 (W11),Villarreal CF B (30),1-2,0-1,Xerez CD (30)
?,(Sat) 19 Mar 2011 (W11),Albacete Balompié (30),0-1,0-1,UD Las Palmas (30)
?,(Sat) 19 Mar 2011 (W11),AD Alcorcón (30),0-0,0-0,FC Cartagena (30)
?,(Sat) 19 Mar 2011 (W11),Real Betis (30),1-0,0-0,UD Salamanca (30)
?,(Sat) 19 Mar 2011 (W11),SD Huesca (30),1-1,1-0,FC Barcelona B (30)
?,(Sat) 19 Mar 2011 (W11),SD Ponferradina (30),0-1,0-0,Elche CF (30)
?,(Sat) 19 Mar 2011 (W11),Recreativo Huelva (30),1-1,1-0,Rayo Vallecano (30)
?,(Sat) 19 Mar 2011 (W11),CD Tenerife (30),1-2,1-1,Córdoba CF (30)
?,(Sun) 20 Mar 2011 (W11),Gimnàstic Tarragona (30),1-0,1-0,CD Numancia (30)
?,(Sun) 20 Mar 2011 (W11),Granada CF (30),1-1,1-1,RC Celta Vigo (30)
?,(Mon) 21 Mar 2011 (W12),Real Valladolid CF (30),1-0,0-0,Girona FC (30)
?,(Sat) 26 Mar 2011 (W12),FC Barcelona B (31),2-0,1-0,AD Alcorcón (31)
?,(Sat) 26 Mar 2011 (W12),FC Cartagena (31),2-0,1-0,Villarreal CF B (31)
?,(Sat) 26 Mar 2011 (W12),RC Celta Vigo (31),0-3,0-1,Recreativo Huelva (31)
?,(Sat) 26 Mar 2011 (W12),Córdoba CF (31),1-0,1-0,Gimnàstic Tarragona (31)
?,(Sat) 26 Mar 2011 (W12),Girona FC (31),3-0,1-0,Albacete Balompié (31)
?,(Sat) 26 Mar 2011 (W12),UD Las Palmas (31),1-0,0-0,SD Ponferradina (31)
?,(Sat) 26 Mar 2011 (W12),CD Numancia (31),3-1,2-1,SD Huesca (31)
?,(Sun) 27 Mar 2011 (W12),Elche CF (31),1-0,1-0,CD Tenerife (31)
?,(Sun) 27 Mar 2011 (W12),UD Salamanca (31),0-5,0-0,Real Valladolid CF (31)
?,(Sun) 27 Mar 2011 (W12),Rayo Vallecano (31),1-0,0-0,Real Betis (31)
?,(Sun) 27 Mar 2011 (W12),Xerez CD (31),1-1,0-1,Granada CF (31)
?,(Fri) 1 Apr 2011 (W13),UD Las Palmas (32),2-1,0-0,Elche CF (32)
?,(Sat) 2 Apr 2011 (W13),Albacete Balompié (32),1-0,0-0,UD Salamanca (32)
?,(Sat) 2 Apr 2011 (W13),Gimnàstic Tarragona (32),1-1,1-1,CD Tenerife (32)
?,(Sat) 2 Apr 2011 (W13),Granada CF (32),2-1,2-0,FC Cartagena (32)
?,(Sat) 2 Apr 2011 (W13),SD Huesca (32),2-0,1-0,Córdoba CF (32)
?,(Sat) 2 Apr 2011 (W13),Recreativo Huelva (32),1-1,0-0,Xerez CD (32)
?,(Sat) 2 Apr 2011 (W13),Real Valladolid CF (32),2-2,1-0,Rayo Vallecano (32)
?,(Sat) 2 Apr 2011 (W13),Villarreal CF B (32),2-3,2-1,FC Barcelona B (32)
?,(Sun) 3 Apr 2011 (W13),AD Alcorcón (32),3-1,1-1,CD Numancia (32)
?,(Sun) 3 Apr 2011 (W13),Real Betis (32),1-1,1-1,RC Celta Vigo (32)
?,(Sun) 3 Apr 2011 (W13),SD Ponferradina (32),1-1,0-0,Girona FC (32)
?,(Fri) 8 Apr 2011 (W14),FC Barcelona B (33),4-0,2-0,Granada CF (33)
?,(Sat) 9 Apr 2011 (W14),FC Cartagena (33),1-3,1-2,Recreativo Huelva (33)
?,(Sat) 9 Apr 2011 (W14),RC Celta Vigo (33),1-2,0-1,Real Valladolid CF (33)
?,(Sat) 9 Apr 2011 (W14),Elche CF (33),1-0,0-0,Gimnàstic Tarragona (33)
?,(Sat) 9 Apr 2011 (W14),CD Tenerife (33),0-1,0-0,SD Huesca (33)
?,(Sat) 9 Apr 2011 (W14),Rayo Vallecano (33),3-3,0-0,Albacete Balompié (33)
?,(Sun) 10 Apr 2011 (W14),Córdoba CF (33),1-4,1-2,AD Alcorcón (33)
?,(Sun) 10 Apr 2011 (W14),Girona FC (33),1-1,1-1,UD Las Palmas (33)
?,(Sun) 10 Apr 2011 (W14),CD Numancia (33),2-1,1-0,Villarreal CF B (33)
?,(Sun) 10 Apr 2011 (W14),UD Salamanca (33),2-2,1-0,SD Ponferradina (33)
?,(Sun) 10 Apr 2011 (W14),Xerez CD (33),2-3,0-0,Real Betis (33)
?,(Fri) 15 Apr 2011 (W15),Recreativo Huelva (34),1-1,1-0,FC Barcelona B (34)
?,(Sat) 16 Apr 2011 (W15),Real Betis (34),5-0,1-0,FC Cartagena (34)
?,(Sat) 16 Apr 2011 (W15),Girona FC (34),2-2,0-0,Elche CF (34)
?,(Sat) 16 Apr 2011 (W15),Granada CF (34),2-0,1-0,CD Numancia (34)
?,(Sat) 16 Apr 2011 (W15),SD Huesca (34),1-1,1-0,Gimnàstic Tarragona (34)
?,(Sat) 16 Apr 2011 (W15),UD Las Palmas (34),2-1,1-1,UD Salamanca (34)
?,(Sat) 16 Apr 2011 (W15),SD Ponferradina (34),0-1,0-0,Rayo Vallecano (34)
?,(Sun) 17 Apr 2011 (W15),Albacete Balompié (34),0-1,0-1,RC Celta Vigo (34)
?,(Sun) 17 Apr 2011 (W15),AD Alcorcón (34),3-2,1-1,CD Tenerife (34)
?,(Sun) 17 Apr 2011 (W15),Real Valladolid CF (34),2-1,0-0,Xerez CD (34)
?,(Sun) 17 Apr 2011 (W15),Villarreal CF B (34),0-3,0-1,Córdoba CF (34)
?,(Fri) 22 Apr 2011 (W16),UD Salamanca (35),1-0,1-0,Girona FC (35)
?,(Sat) 23 Apr 2011 (W16),FC Cartagena (35),1-1,0-1,Real Valladolid CF (35)
?,(Sat) 23 Apr 2011 (W16),RC Celta Vigo (35),1-1,1-0,SD Ponferradina (35)
?,(Sat) 23 Apr 2011 (W16),Córdoba CF (35),1-1,1-1,Granada CF (35)
?,(Sat) 23 Apr 2011 (W16),Elche CF (35),3-0,1-0,SD Huesca (35)
?,(Sat) 23 Apr 2011 (W16),CD Numancia (35),1-2,0-1,Recreativo Huelva (35)
?,(Sat) 23 Apr 2011 (W16),CD Tenerife (35),0-1,0-1,Villarreal CF B (35)
?,(Sat) 23 Apr 2011 (W16),Rayo Vallecano (35),2-0,0-0,UD Las Palmas (35)
?,(Sat) 23 Apr 2011 (W16),Xerez CD (35),4-2,0-0,Albacete Balompié (35)
?,(Sun) 24 Apr 2011 (W16),FC Barcelona B (35),0-3,0-2,Real Betis (35)
?,(Sun) 24 Apr 2011 (W16),Gimnàstic Tarragona (35),2-0,2-0,AD Alcorcón (35)
?,(Fri) 29 Apr 2011 (W17),Real Valladolid CF (36),2-1,0-0,FC Barcelona B (36)
?,(Sat) 30 Apr 2011 (W17),Albacete Balompié (36),1-2,1-1,FC Cartagena (36)
?,(Sat) 30 Apr 2011 (W17),AD Alcorcón (36),0-1,0-0,SD Huesca (36)
?,(Sat) 30 Apr 2011 (W17),Real Betis (36),4-1,1-1,CD Numancia (36)
?,(Sat) 30 Apr 2011 (W17),UD Las Palmas (36),1-1,1-1,RC Celta Vigo (36)
?,(Sat) 30 Apr 2011 (W17),SD Ponferradina (36),1-2,1-0,Xerez CD (36)
?,(Sat) 30 Apr 2011 (W17),Recreativo Huelva (36),2-1,0-1,Córdoba CF (36)
?,(Sat) 30 Apr 2011 (W17),UD Salamanca (36),5-4,2-2,Elche CF (36)
?,(Sat) 30 Apr 2011 (W17),Villarreal CF B (36),0-2,0-0,Gimnàstic Tarragona (36)
?,(Sun) 1 May 2011 (W17),Girona FC (36),1-3,1-0,Rayo Vallecano (36)
?,(Sun) 1 May 2011 (W17),Granada CF (36),2-1,0-1,CD Tenerife (36)
?,(Fri) 6 May 2011 (W18),Elche CF (37),1-0,1-0,AD Alcorcón (37)
?,(Sat) 7 May 2011 (W18),FC Barcelona B (37),2-1,0-0,Albacete Balompié (37)
?,(Sat) 7 May 2011 (W18),FC Cartagena (37),1-1,0-1,SD Ponferradina (37)
?,(Sat) 7 May 2011 (W18),RC Celta Vigo (37),0-4,0-3,Girona FC (37)
?,(Sat) 7 May 2011 (W18),SD Huesca (37),3-0,1-0,Villarreal CF B (37)
?,(Sat) 7 May 2011 (W18),CD Numancia (37),3-3,0-0,Real Valladolid CF (37)
?,(Sat) 7 May 2011 (W18),CD Tenerife (37),1-0,0-0,Recreativo Huelva (37)
?,(Sat) 7 May 2011 (W18),Rayo Vallecano (37),1-2,0-1,UD Salamanca (37)
?,(Sat) 7 May 2011 (W18),Xerez CD (37),2-1,2-0,UD Las Palmas (37)
?,(Sun) 8 May 2011 (W18),Córdoba CF (37),1-1,1-1,Real Betis (37)
?,(Sun) 8 May 2011 (W18),Gimnàstic Tarragona (37),0-3,0-1,Granada CF (37)
?,(Wed) 11 May 2011 (W19),Albacete Balompié (38),1-2,0-1,CD Numancia (38)
?,(Wed) 11 May 2011 (W19),Real Betis (38),3-1,3-1,CD Tenerife (38)
?,(Wed) 11 May 2011 (W19),SD Ponferradina (38),2-2,1-0,FC Barcelona B (38)
?,(Wed) 11 May 2011 (W19),Recreativo Huelva (38),1-0,1-0,Gimnàstic Tarragona (38)
?,(Wed) 11 May 2011 (W19),Real Valladolid CF (38),5-1,4-1,Córdoba CF (38)
?,(Thu) 12 May 2011 (W19),Girona FC (38),4-2,1-2,Xerez CD (38)
?,(Thu) 12 May 2011 (W19),Granada CF (38),2-0,0-0,SD Huesca (38)
?,(Thu) 12 May 2011 (W19),UD Las Palmas (38),2-0,1-0,FC Cartagena (38)
?,(Thu) 12 May 2011 (W19),UD Salamanca (38),1-1,1-0,RC Celta Vigo (38)
?,(Thu) 12 May 2011 (W19),Rayo Vallecano (38),1-2,0-2,Elche CF (38)
?,(Thu) 12 May 2011 (W19),Villarreal CF B (38),1-4,1-4,AD Alcorcón (38)
?,(Sat) 14 May 2011 (W19),Córdoba CF (39),5-1,3-0,Albacete Balompié (39)
?,(Sat) 14 May 2011 (W19),CD Numancia (39),3-0,2-0,SD Ponferradina (39)
?,(Sat) 14 May 2011 (W19),CD Tenerife (39),3-2,1-2,Real Valladolid CF (39)
?,(Sun) 15 May 2011 (W19),AD Alcorcón (39),2-0,1-0,Granada CF (39)
?,(Sun) 15 May 2011 (W19),FC Barcelona B (39),3-5,3-3,UD Las Palmas (39)
?,(Sun) 15 May 2011 (W19),FC Cartagena (39),1-0,1-0,Girona FC (39)
?,(Sun) 15 May 2011 (W19),RC Celta Vigo (39),0-0,0-0,Rayo Vallecano (39)
?,(Sun) 15 May 2011 (W19),Gimnàstic Tarragona (39),3-1,1-0,Real Betis (39)
?,(Sun) 15 May 2011 (W19),SD Huesca (39),1-1,1-1,Recreativo Huelva (39)
?,(Sun) 15 May 2011 (W19),Xerez CD (39),2-0,0-0,UD Salamanca (39)
?,(Mon) 16 May 2011 (W20),Elche CF (39),0-0,0-0,Villarreal CF B (39)
?,(Fri) 20 May 2011 (W20),Granada CF (40),3-0,3-0,Villarreal CF B (40)
?,(Sat) 21 May 2011 (W20),Albacete Balompié (40),1-2,1-1,CD Tenerife (40)
?,(Sat) 21 May 2011 (W20),Real Betis (40),3-1,1-0,SD Huesca (40)
?,(Sat) 21 May 2011 (W20),RC Celta Vigo (40),2-2,1-1,Elche CF (40)
?,(Sat) 21 May 2011 (W20),Girona FC (40),0-2,0-1,FC Barcelona B (40)
?,(Sat) 21 May 2011 (W20),UD Las Palmas (40),0-0,0-0,CD Numancia (40)
?,(Sat) 21 May 2011 (W20),SD Ponferradina (40),3-0,1-0,Córdoba CF (40)
?,(Sat) 21 May 2011 (W20),Recreativo Huelva (40),0-0,0-0,AD Alcorcón (40)
?,(Sat) 21 May 2011 (W20),UD Salamanca (40),2-0,1-0,FC Cartagena (40)
?,(Sat) 21 May 2011 (W20),Real Valladolid CF (40),1-0,0-0,Gimnàstic Tarragona (40)
?,(Sun) 22 May 2011 (W20),Rayo Vallecano (40),3-0,0-0,Xerez CD (40)
?,(Sat) 28 May 2011 (W21),CD Tenerife (41),1-1,1-0,SD Ponferradina (41)
?,(Sun) 29 May 2011 (W21),AD Alcorcón (41),3-3,2-0,Real Betis (41)
?,(Sun) 29 May 2011 (W21),FC Barcelona B (41),5-1,1-0,UD Salamanca (41)
?,(Sun) 29 May 2011 (W21),FC Cartagena (41),2-4,1-2,Rayo Vallecano (41)
?,(Sun) 29 May 2011 (W21),Córdoba CF (41),2-0,1-0,UD Las Palmas (41)
?,(Sun) 29 May 2011 (W21),Gimnàstic Tarragona (41),2-1,1-1,Albacete Balompié (41)
?,(Sun) 29 May 2011 (W21),Granada CF (41),3-3,2-0,Elche CF (41)
?,(Sun) 29 May 2011 (W21),SD Huesca (41),1-0,1-0,Real Valladolid CF (41)
?,(Sun) 29 May 2011 (W21),CD Numancia (41),4-0,2-0,Girona FC (41)
?,(Sun) 29 May 2011 (W21),Villarreal CF B (41),2-0,1-0,Recreativo Huelva (41)
?,(Sun) 29 May 2011 (W21),Xerez CD (41),2-1,0-0,RC Celta Vigo (41)
?,(Sat) 4 Jun 2011 (W22),Albacete Balompié (42),3-1,2-0,SD Huesca (42)
?,(Sat) 4 Jun 2011 (W22),Real Betis (42),2-1,0-1,Villarreal CF B (42)
?,(Sat) 4 Jun 2011 (W22),RC Celta Vigo (42),3-0,2-0,FC Cartagena (42)
?,(Sat) 4 Jun 2011 (W22),Elche CF (42),4-1,2-1,Xerez CD (42)
?,(Sat) 4 Jun 2011 (W22),Girona FC (42),2-1,1-1,Córdoba CF (42)
?,(Sat) 4 Jun 2011 (W22),UD Las Palmas (42),1-0,1-0,CD Tenerife (42)
?,(Sat) 4 Jun 2011 (W22),SD Ponferradina (42),1-1,1-1,Gimnàstic Tarragona (42)
?,(Sat) 4 Jun 2011 (W22),Recreativo Huelva (42),0-0,0-0,Granada CF (42)
?,(Sat) 4 Jun 2011 (W22),UD Salamanca (42),2-2,1-0,CD Numancia (42)
?,(Sat) 4 Jun 2011 (W22),Real Valladolid CF (42),2-0,2-0,AD Alcorcón (42)
?,(Sat) 4 Jun 2011 (W22),Rayo Vallecano (42),2-3,1-2,FC Barcelona B (42)
