Round,Date,Team 1,FT,HT,Team 2
?,(Sun) 11 Sep 1955 (36),Athletic Club Bilbao (1),6-1,?,Sevilla FC (1)
?,(Sun) 11 Sep 1955 (36),Atlético Madrid (1),9-0,?,Hércules CF (1)
?,(Sun) 11 Sep 1955 (36),RC Celta Vigo (1),3-1,?,Real Madrid CF (1)
?,(Sun) 11 Sep 1955 (36),RCD Español (1),4-3,?,Real Valladolid CF (1)
?,(Sun) 11 Sep 1955 (36),UD Las Palmas (1),2-0,?,Valencia CF (1)
?,(Sun) 11 Sep 1955 (36),Cultural Leonesa (1),4-1,?,Deportivo Alavés (1)
?,(Sun) 11 Sep 1955 (36),Real Murcia CF (1),5-4,?,RCD La Coruña (1)
?,(Sun) 11 Sep 1955 (36),Real Sociedad (1),1-2,?,FC Barcelona (1)
?,(Sun) 18 Sep 1955 (37),FC Barcelona (2),2-2,?,Atlético Madrid (2)
?,(Sun) 18 Sep 1955 (37),Deportivo Alavés (2),1-1,?,Real Sociedad (2)
?,(Sun) 18 Sep 1955 (37),RCD La Coruña (2),1-2,?,UD Las Palmas (2)
?,(Sun) 18 Sep 1955 (37),Hércules CF (2),2-1,?,Real Murcia CF (2)
?,(Sun) 18 Sep 1955 (37),Real Madrid CF (2),2-1,?,Athletic Club Bilbao (2)
?,(Sun) 18 Sep 1955 (37),Sevilla FC (2),4-0,?,RCD Español (2)
?,(Sun) 18 Sep 1955 (37),Valencia CF (2),6-0,?,RC Celta Vigo (2)
?,(Sun) 18 Sep 1955 (37),Real Valladolid CF (2),3-0,?,Cultural Leonesa (2)
?,(Sun) 25 Sep 1955 (38),Athletic Club Bilbao (3),4-2,?,Valencia CF (3)
?,(Sun) 25 Sep 1955 (38),Atlético Madrid (3),8-1,?,Deportivo Alavés (3)
?,(Sun) 25 Sep 1955 (38),RCD La Coruña (3),3-0,?,Hércules CF (3)
?,(Sun) 25 Sep 1955 (38),RCD Español (3),2-1,?,Real Madrid CF (3)
?,(Sun) 25 Sep 1955 (38),UD Las Palmas (3),2-1,?,RC Celta Vigo (3)
?,(Sun) 25 Sep 1955 (38),Cultural Leonesa (3),0-4,?,Sevilla FC (3)
?,(Sun) 25 Sep 1955 (38),Real Murcia CF (3),0-1,?,FC Barcelona (3)
?,(Sun) 25 Sep 1955 (38),Real Sociedad (3),4-1,?,Real Valladolid CF (3)
?,(Sun) 2 Oct 1955 (39),FC Barcelona (4),4-1,?,RCD La Coruña (4)
?,(Sun) 2 Oct 1955 (39),RC Celta Vigo (4),2-0,?,Athletic Club Bilbao (4)
?,(Sun) 2 Oct 1955 (39),Deportivo Alavés (4),5-2,?,Real Murcia CF (4)
?,(Sun) 2 Oct 1955 (39),UD Las Palmas (4),6-1,?,Hércules CF (4)
?,(Sun) 2 Oct 1955 (39),Real Madrid CF (4),2-1,?,Cultural Leonesa (4)
?,(Sun) 2 Oct 1955 (39),Sevilla FC (4),2-0,?,Real Sociedad (4)
?,(Sun) 2 Oct 1955 (39),Valencia CF (4),2-1,?,RCD Español (4)
?,(Sun) 2 Oct 1955 (39),Real Valladolid CF (4),3-1,?,Atlético Madrid (4)
?,(Sun) 9 Oct 1955 (40),Athletic Club Bilbao (5),5-0,?,UD Las Palmas (5)
?,(Sun) 9 Oct 1955 (40),Atlético Madrid (5),4-1,?,Sevilla FC (5)
?,(Sun) 9 Oct 1955 (40),RCD La Coruña (5),5-3,?,Deportivo Alavés (5)
?,(Sun) 9 Oct 1955 (40),RCD Español (5),6-1,?,RC Celta Vigo (5)
?,(Sun) 9 Oct 1955 (40),Hércules CF (5),2-3,?,FC Barcelona (5)
?,(Sun) 9 Oct 1955 (40),Cultural Leonesa (5),3-0,?,Valencia CF (5)
?,(Sun) 9 Oct 1955 (40),Real Murcia CF (5),0-1,?,Real Valladolid CF (5)
?,(Sun) 9 Oct 1955 (40),Real Sociedad (5),1-0,?,Real Madrid CF (5)
?,(Sun) 16 Oct 1955 (41),Athletic Club Bilbao (6),2-1,?,RCD Español (6)
?,(Sun) 16 Oct 1955 (41),FC Barcelona (6),4-0,?,UD Las Palmas (6)
?,(Sun) 16 Oct 1955 (41),RC Celta Vigo (6),3-2,?,Cultural Leonesa (6)
?,(Sun) 16 Oct 1955 (41),Deportivo Alavés (6),4-0,?,Hércules CF (6)
?,(Sun) 16 Oct 1955 (41),Real Madrid CF (6),3-2,?,Atlético Madrid (6)
?,(Sun) 16 Oct 1955 (41),Sevilla FC (6),4-1,?,Real Murcia CF (6)
?,(Sun) 16 Oct 1955 (41),Valencia CF (6),1-1,?,Real Sociedad (6)
?,(Sun) 16 Oct 1955 (41),Real Valladolid CF (6),4-1,?,RCD La Coruña (6)
?,(Sun) 23 Oct 1955 (42),Atlético Madrid (7),3-1,?,Valencia CF (7)
?,(Sun) 23 Oct 1955 (42),FC Barcelona (7),3-1,?,Deportivo Alavés (7)
?,(Sun) 23 Oct 1955 (42),RCD La Coruña (7),3-2,?,Sevilla FC (7)
?,(Sun) 23 Oct 1955 (42),Hércules CF (7),2-0,?,Real Valladolid CF (7)
?,(Sun) 23 Oct 1955 (42),UD Las Palmas (7),1-2,?,RCD Español (7)
?,(Sun) 23 Oct 1955 (42),Cultural Leonesa (7),1-3,?,Athletic Club Bilbao (7)
?,(Sun) 23 Oct 1955 (42),Real Murcia CF (7),1-1,?,Real Madrid CF (7)
?,(Sun) 23 Oct 1955 (42),Real Sociedad (7),2-1,?,RC Celta Vigo (7)
?,(Sun) 30 Oct 1955 (43),Athletic Club Bilbao (8),3-0,?,Real Sociedad (8)
?,(Sun) 30 Oct 1955 (43),RC Celta Vigo (8),2-2,?,Atlético Madrid (8)
?,(Sun) 30 Oct 1955 (43),RCD Español (8),1-1,?,Cultural Leonesa (8)
?,(Sun) 30 Oct 1955 (43),UD Las Palmas (8),2-1,?,Deportivo Alavés (8)
?,(Sun) 30 Oct 1955 (43),Real Madrid CF (8),1-2,?,RCD La Coruña (8)
?,(Sun) 30 Oct 1955 (43),Sevilla FC (8),3-0,?,Hércules CF (8)
?,(Sun) 30 Oct 1955 (43),Valencia CF (8),4-1,?,Real Murcia CF (8)
?,(Sun) 30 Oct 1955 (43),Real Valladolid CF (8),1-0,?,FC Barcelona (8)
?,(Sun) 6 Nov 1955 (44),Atlético Madrid (9),2-3,?,Athletic Club Bilbao (9)
?,(Sun) 6 Nov 1955 (44),FC Barcelona (9),3-1,?,Sevilla FC (9)
?,(Sun) 6 Nov 1955 (44),Deportivo Alavés (9),3-0,?,Real Valladolid CF (9)
?,(Sun) 6 Nov 1955 (44),RCD La Coruña (9),3-3,?,Valencia CF (9)
?,(Sun) 6 Nov 1955 (44),Hércules CF (9),0-4,?,Real Madrid CF (9)
?,(Sun) 6 Nov 1955 (44),Cultural Leonesa (9),1-2,?,UD Las Palmas (9)
?,(Sun) 6 Nov 1955 (44),Real Murcia CF (9),2-2,?,RC Celta Vigo (9)
?,(Sun) 6 Nov 1955 (44),Real Sociedad (9),5-0,?,RCD Español (9)
?,(Sun) 13 Nov 1955 (45),Athletic Club Bilbao (10),7-1,?,Real Murcia CF (10)
?,(Sun) 13 Nov 1955 (45),RC Celta Vigo (10),4-1,?,RCD La Coruña (10)
?,(Sun) 13 Nov 1955 (45),RCD Español (10),4-1,?,Atlético Madrid (10)
?,(Sun) 13 Nov 1955 (45),UD Las Palmas (10),3-2,?,Real Valladolid CF (10)
?,(Sun) 13 Nov 1955 (45),Cultural Leonesa (10),0-0,?,Real Sociedad (10)
?,(Sun) 13 Nov 1955 (45),Real Madrid CF (10),2-1,?,FC Barcelona (10)
?,(Sun) 13 Nov 1955 (45),Sevilla FC (10),3-0,?,Deportivo Alavés (10)
?,(Sun) 13 Nov 1955 (45),Valencia CF (10),4-1,?,Hércules CF (10)
?,(Sun) 20 Nov 1955 (46),Atlético Madrid (11),6-1,?,Cultural Leonesa (11)
?,(Sun) 20 Nov 1955 (46),FC Barcelona (11),4-2,?,Valencia CF (11)
?,(Sun) 20 Nov 1955 (46),Deportivo Alavés (11),1-3,?,Real Madrid CF (11)
?,(Sun) 20 Nov 1955 (46),RCD La Coruña (11),2-2,?,Athletic Club Bilbao (11)
?,(Sun) 20 Nov 1955 (46),UD Las Palmas (11),2-0,?,Real Sociedad (11)
?,(Sun) 20 Nov 1955 (46),Real Murcia CF (11),2-3,?,RCD Español (11)
?,(Sun) 20 Nov 1955 (46),Real Valladolid CF (11),3-1,?,Sevilla FC (11)
?,(Sun) 20 Nov 1955 (46),Hércules CF (11),0-2,?,RC Celta Vigo (11)
?,(Sun) 4 Dec 1955 (48),Athletic Club Bilbao (12),3-1,?,Hércules CF (12)
?,(Sun) 4 Dec 1955 (48),RC Celta Vigo (12),0-0,?,FC Barcelona (12)
?,(Sun) 4 Dec 1955 (48),RCD Español (12),3-2,?,RCD La Coruña (12)
?,(Sun) 4 Dec 1955 (48),Cultural Leonesa (12),0-1,?,Real Murcia CF (12)
?,(Sun) 4 Dec 1955 (48),Real Sociedad (12),3-1,?,Atlético Madrid (12)
?,(Sun) 4 Dec 1955 (48),Real Madrid CF (12),5-1,?,Real Valladolid CF (12)
?,(Sun) 4 Dec 1955 (48),Sevilla FC (12),3-0,?,UD Las Palmas (12)
?,(Sun) 4 Dec 1955 (48),Valencia CF (12),3-1,?,Deportivo Alavés (12)
?,(Sun) 18 Dec 1955 (50),Atlético Madrid (13),1-1,?,UD Las Palmas (13)
?,(Sun) 18 Dec 1955 (50),FC Barcelona (13),1-2,?,Athletic Club Bilbao (13)
?,(Sun) 18 Dec 1955 (50),Deportivo Alavés (13),5-1,?,RC Celta Vigo (13)
?,(Sun) 18 Dec 1955 (50),RCD La Coruña (13),4-3,?,Cultural Leonesa (13)
?,(Sun) 18 Dec 1955 (50),Hércules CF (13),1-1,?,RCD Español (13)
?,(Sun) 18 Dec 1955 (50),Real Murcia CF (13),6-1,?,Real Sociedad (13)
?,(Sun) 18 Dec 1955 (50),Sevilla FC (13),2-0,?,Real Madrid CF (13)
?,(Sun) 18 Dec 1955 (50),Real Valladolid CF (13),1-1,?,Valencia CF (13)
?,(Sun) 1 Jan 1956 (0),Athletic Club Bilbao (14),3-2,?,Deportivo Alavés (14)
?,(Sun) 1 Jan 1956 (0),Atlético Madrid (14),4-0,?,Real Murcia CF (14)
?,(Sun) 1 Jan 1956 (0),RC Celta Vigo (14),3-0,?,Real Valladolid CF (14)
?,(Sun) 1 Jan 1956 (0),RCD Español (14),0-3,?,FC Barcelona (14)
?,(Sun) 1 Jan 1956 (0),UD Las Palmas (14),1-3,?,Real Madrid CF (14)
?,(Sun) 1 Jan 1956 (0),Cultural Leonesa (14),3-1,?,Hércules CF (14)
?,(Sun) 1 Jan 1956 (0),Real Sociedad (14),3-1,?,RCD La Coruña (14)
?,(Sun) 1 Jan 1956 (0),Valencia CF (14),3-0,?,Sevilla FC (14)
?,(Sun) 8 Jan 1956 (1),FC Barcelona (15),4-0,?,Cultural Leonesa (15)
?,(Sun) 8 Jan 1956 (1),Deportivo Alavés (15),2-0,?,RCD Español (15)
?,(Sun) 8 Jan 1956 (1),RCD La Coruña (15),3-0,?,Atlético Madrid (15)
?,(Sun) 8 Jan 1956 (1),Hércules CF (15),1-1,?,Real Sociedad (15)
?,(Sun) 8 Jan 1956 (1),Real Murcia CF (15),2-1,?,UD Las Palmas (15)
?,(Sun) 8 Jan 1956 (1),Real Madrid CF (15),1-0,?,Valencia CF (15)
?,(Sun) 8 Jan 1956 (1),Sevilla FC (15),7-0,?,RC Celta Vigo (15)
?,(Sun) 8 Jan 1956 (1),Real Valladolid CF (15),2-4,?,Athletic Club Bilbao (15)
?,(Sun) 15 Jan 1956 (2),FC Barcelona (16),2-0,?,Real Sociedad (16)
?,(Sun) 15 Jan 1956 (2),Deportivo Alavés (16),1-0,?,Cultural Leonesa (16)
?,(Sun) 15 Jan 1956 (2),RCD La Coruña (16),2-0,?,Real Murcia CF (16)
?,(Sun) 15 Jan 1956 (2),Hércules CF (16),0-2,?,Atlético Madrid (16)
?,(Sun) 15 Jan 1956 (2),Real Madrid CF (16),8-3,?,RC Celta Vigo (16)
?,(Sun) 15 Jan 1956 (2),Sevilla FC (16),1-2,?,Athletic Club Bilbao (16)
?,(Sun) 15 Jan 1956 (2),Valencia CF (16),4-2,?,UD Las Palmas (16)
?,(Sun) 15 Jan 1956 (2),Real Valladolid CF (16),2-0,?,RCD Español (16)
?,(Sun) 22 Jan 1956 (3),Athletic Club Bilbao (17),3-1,?,Real Madrid CF (17)
?,(Sun) 22 Jan 1956 (3),Atlético Madrid (17),0-2,?,FC Barcelona (17)
?,(Sun) 22 Jan 1956 (3),RC Celta Vigo (17),2-0,?,Valencia CF (17)
?,(Sun) 22 Jan 1956 (3),RCD Español (17),2-1,?,Sevilla FC (17)
?,(Sun) 22 Jan 1956 (3),UD Las Palmas (17),5-0,?,RCD La Coruña (17)
?,(Sun) 22 Jan 1956 (3),Cultural Leonesa (17),0-0,?,Real Valladolid CF (17)
?,(Sun) 22 Jan 1956 (3),Real Murcia CF (17),3-1,?,Hércules CF (17)
?,(Sun) 22 Jan 1956 (3),Real Sociedad (17),1-1,?,Deportivo Alavés (17)
?,(Sun) 29 Jan 1956 (4),FC Barcelona (18),1-0,?,Real Murcia CF (18)
?,(Sun) 29 Jan 1956 (4),RC Celta Vigo (18),3-0,?,UD Las Palmas (18)
?,(Sun) 29 Jan 1956 (4),Deportivo Alavés (18),0-0,?,Atlético Madrid (18)
?,(Sun) 29 Jan 1956 (4),Hércules CF (18),5-1,?,RCD La Coruña (18)
?,(Sun) 29 Jan 1956 (4),Sevilla FC (18),3-1,?,Cultural Leonesa (18)
?,(Sun) 29 Jan 1956 (4),Valencia CF (18),1-0,?,Athletic Club Bilbao (18)
?,(Sun) 29 Jan 1956 (4),Real Valladolid CF (18),1-0,?,Real Sociedad (18)
?,(Sun) 29 Jan 1956 (4),Real Madrid CF (18),7-1,?,RCD Español (18)
?,(Sun) 5 Feb 1956 (5),Athletic Club Bilbao (19),4-0,?,RC Celta Vigo (19)
?,(Sun) 5 Feb 1956 (5),Atlético Madrid (19),3-1,?,Real Valladolid CF (19)
?,(Sun) 5 Feb 1956 (5),RCD La Coruña (19),0-7,?,FC Barcelona (19)
?,(Sun) 5 Feb 1956 (5),RCD Español (19),0-1,?,Valencia CF (19)
?,(Sun) 5 Feb 1956 (5),Hércules CF (19),0-5,?,UD Las Palmas (19)
?,(Sun) 5 Feb 1956 (5),Cultural Leonesa (19),0-4,?,Real Madrid CF (19)
?,(Sun) 5 Feb 1956 (5),Real Murcia CF (19),3-3,?,Deportivo Alavés (19)
?,(Sun) 5 Feb 1956 (5),Real Sociedad (19),2-2,?,Sevilla FC (19)
?,(Sun) 12 Feb 1956 (6),FC Barcelona (20),6-4,?,Hércules CF (20)
?,(Sun) 12 Feb 1956 (6),RC Celta Vigo (20),2-3,?,RCD Español (20)
?,(Sun) 12 Feb 1956 (6),UD Las Palmas (20),1-1,?,Athletic Club Bilbao (20)
?,(Sun) 12 Feb 1956 (6),Real Madrid CF (20),2-0,?,Real Sociedad (20)
?,(Sun) 12 Feb 1956 (6),Sevilla FC (20),4-0,?,Atlético Madrid (20)
?,(Sun) 12 Feb 1956 (6),Valencia CF (20),1-1,?,Cultural Leonesa (20)
?,(Sun) 12 Feb 1956 (6),Real Valladolid CF (20),3-0,?,Real Murcia CF (20)
?,(Sun) 12 Feb 1956 (6),Deportivo Alavés (20),4-2,?,RCD La Coruña (20)
?,(Sun) 19 Feb 1956 (7),Atlético Madrid (21),1-0,?,Real Madrid CF (21)
?,(Sun) 19 Feb 1956 (7),RCD La Coruña (21),1-1,?,Real Valladolid CF (21)
?,(Sun) 19 Feb 1956 (7),RCD Español (21),0-1,?,Athletic Club Bilbao (21)
?,(Sun) 19 Feb 1956 (7),Hércules CF (21),1-1,?,Deportivo Alavés (21)
?,(Sun) 19 Feb 1956 (7),UD Las Palmas (21),0-1,?,FC Barcelona (21)
?,(Sun) 19 Feb 1956 (7),Cultural Leonesa (21),4-1,?,RC Celta Vigo (21)
?,(Sun) 19 Feb 1956 (7),Real Murcia CF (21),2-0,?,Sevilla FC (21)
?,(Sun) 19 Feb 1956 (7),Real Sociedad (21),3-1,?,Valencia CF (21)
?,(Sun) 26 Feb 1956 (8),Athletic Club Bilbao (22),3-0,?,Cultural Leonesa (22)
?,(Sun) 26 Feb 1956 (8),RCD Español (22),2-2,?,UD Las Palmas (22)
?,(Sun) 26 Feb 1956 (8),Real Madrid CF (22),7-1,?,Real Murcia CF (22)
?,(Sun) 26 Feb 1956 (8),Valencia CF (22),0-1,?,Atlético Madrid (22)
?,(Sun) 26 Feb 1956 (8),Real Valladolid CF (22),3-0,?,Hércules CF (22)
?,(Sun) 26 Feb 1956 (8),RC Celta Vigo (22),2-1,?,Real Sociedad (22)
?,(Sun) 26 Feb 1956 (8),Deportivo Alavés (22),1-3,?,FC Barcelona (22)
?,(Sun) 26 Feb 1956 (8),Sevilla FC (22),5-0,?,RCD La Coruña (22)
?,(Sun) 4 Mar 1956 (9),Atlético Madrid (23),3-2,?,RC Celta Vigo (23)
?,(Sun) 4 Mar 1956 (9),FC Barcelona (23),2-0,?,Real Valladolid CF (23)
?,(Sun) 4 Mar 1956 (9),Deportivo Alavés (23),2-0,?,UD Las Palmas (23)
?,(Sun) 4 Mar 1956 (9),RCD La Coruña (23),0-2,?,Real Madrid CF (23)
?,(Sun) 4 Mar 1956 (9),Hércules CF (23),1-4,?,Sevilla FC (23)
?,(Sun) 4 Mar 1956 (9),Cultural Leonesa (23),0-1,?,RCD Español (23)
?,(Sun) 4 Mar 1956 (9),Real Murcia CF (23),0-0,?,Valencia CF (23)
?,(Sun) 4 Mar 1956 (9),Real Sociedad (23),2-2,?,Athletic Club Bilbao (23)
?,(Sun) 11 Mar 1956 (10),Athletic Club Bilbao (24),2-1,?,Atlético Madrid (24)
?,(Sun) 11 Mar 1956 (10),RC Celta Vigo (24),1-3,?,Real Murcia CF (24)
?,(Sun) 11 Mar 1956 (10),RCD Español (24),3-0,?,Real Sociedad (24)
?,(Sun) 11 Mar 1956 (10),UD Las Palmas (24),1-2,?,Cultural Leonesa (24)
?,(Sun) 11 Mar 1956 (10),Real Madrid CF (24),4-1,?,Hércules CF (24)
?,(Sun) 11 Mar 1956 (10),Sevilla FC (24),0-0,?,FC Barcelona (24)
?,(Sun) 11 Mar 1956 (10),Valencia CF (24),4-0,?,RCD La Coruña (24)
?,(Sun) 11 Mar 1956 (10),Real Valladolid CF (24),4-0,?,Deportivo Alavés (24)
?,(Sun) 18 Mar 1956 (11),Atlético Madrid (25),5-0,?,RCD Español (25)
?,(Sun) 18 Mar 1956 (11),FC Barcelona (25),2-0,?,Real Madrid CF (25)
?,(Sun) 18 Mar 1956 (11),Deportivo Alavés (25),2-1,?,Sevilla FC (25)
?,(Sun) 18 Mar 1956 (11),RCD La Coruña (25),5-0,?,RC Celta Vigo (25)
?,(Sun) 18 Mar 1956 (11),Hércules CF (25),4-0,?,Valencia CF (25)
?,(Sun) 18 Mar 1956 (11),Real Murcia CF (25),2-1,?,Athletic Club Bilbao (25)
?,(Sun) 18 Mar 1956 (11),Real Sociedad (25),2-1,?,Cultural Leonesa (25)
?,(Sun) 18 Mar 1956 (11),Real Valladolid CF (25),4-1,?,UD Las Palmas (25)
?,(Sun) 25 Mar 1956 (12),Athletic Club Bilbao (26),2-2,?,RCD La Coruña (26)
?,(Sun) 25 Mar 1956 (12),RC Celta Vigo (26),2-1,?,Hércules CF (26)
?,(Sun) 25 Mar 1956 (12),RCD Español (26),1-0,?,Real Murcia CF (26)
?,(Sun) 25 Mar 1956 (12),Cultural Leonesa (26),2-4,?,Atlético Madrid (26)
?,(Sun) 25 Mar 1956 (12),Real Sociedad (26),4-2,?,UD Las Palmas (26)
?,(Sun) 25 Mar 1956 (12),Real Madrid CF (26),5-0,?,Deportivo Alavés (26)
?,(Sun) 25 Mar 1956 (12),Sevilla FC (26),4-1,?,Real Valladolid CF (26)
?,(Sun) 25 Mar 1956 (12),Valencia CF (26),4-2,?,FC Barcelona (26)
?,(Sun) 1 Apr 1956 (13),Atlético Madrid (27),4-5,?,Real Sociedad (27)
?,(Sun) 1 Apr 1956 (13),FC Barcelona (27),2-1,?,RC Celta Vigo (27)
?,(Sun) 1 Apr 1956 (13),Deportivo Alavés (27),3-3,?,Valencia CF (27)
?,(Sun) 1 Apr 1956 (13),RCD La Coruña (27),3-1,?,RCD Español (27)
?,(Sun) 1 Apr 1956 (13),Hércules CF (27),0-3,?,Athletic Club Bilbao (27)
?,(Sun) 1 Apr 1956 (13),UD Las Palmas (27),2-3,?,Sevilla FC (27)
?,(Sun) 1 Apr 1956 (13),Real Murcia CF (27),3-1,?,Cultural Leonesa (27)
?,(Sun) 1 Apr 1956 (13),Real Valladolid CF (27),2-2,?,Real Madrid CF (27)
?,(Sun) 8 Apr 1956 (14),Athletic Club Bilbao (28),1-0,?,FC Barcelona (28)
?,(Sun) 8 Apr 1956 (14),RC Celta Vigo (28),3-0,?,Deportivo Alavés (28)
?,(Sun) 8 Apr 1956 (14),RCD Español (28),2-0,?,Hércules CF (28)
?,(Sun) 8 Apr 1956 (14),UD Las Palmas (28),1-1,?,Atlético Madrid (28)
?,(Sun) 8 Apr 1956 (14),Cultural Leonesa (28),1-2,?,RCD La Coruña (28)
?,(Sun) 8 Apr 1956 (14),Real Sociedad (28),3-3,?,Real Murcia CF (28)
?,(Sun) 8 Apr 1956 (14),Real Madrid CF (28),3-4,?,Sevilla FC (28)
?,(Sun) 8 Apr 1956 (14),Valencia CF (28),5-1,?,Real Valladolid CF (28)
?,(Sun) 15 Apr 1956 (15),FC Barcelona (29),1-0,?,RCD Español (29)
?,(Sun) 15 Apr 1956 (15),RCD La Coruña (29),5-0,?,Real Sociedad (29)
?,(Sun) 15 Apr 1956 (15),Hércules CF (29),3-1,?,Cultural Leonesa (29)
?,(Sun) 15 Apr 1956 (15),Real Murcia CF (29),1-0,?,Atlético Madrid (29)
?,(Sun) 15 Apr 1956 (15),Real Madrid CF (29),6-0,?,UD Las Palmas (29)
?,(Sun) 15 Apr 1956 (15),Sevilla FC (29),4-0,?,Valencia CF (29)
?,(Sun) 15 Apr 1956 (15),Real Valladolid CF (29),4-2,?,RC Celta Vigo (29)
?,(Sun) 15 Apr 1956 (15),Deportivo Alavés (29),0-3,?,Athletic Club Bilbao (29)
?,(Sun) 22 Apr 1956 (16),Athletic Club Bilbao (30),3-0,?,Real Valladolid CF (30)
?,(Sun) 22 Apr 1956 (16),Atlético Madrid (30),4-1,?,RCD La Coruña (30)
?,(Sun) 22 Apr 1956 (16),RC Celta Vigo (30),3-1,?,Sevilla FC (30)
?,(Sun) 22 Apr 1956 (16),RCD Español (30),6-0,?,Deportivo Alavés (30)
?,(Sun) 22 Apr 1956 (16),UD Las Palmas (30),2-0,?,Real Murcia CF (30)
?,(Sun) 22 Apr 1956 (16),Cultural Leonesa (30),0-1,?,FC Barcelona (30)
?,(Sun) 22 Apr 1956 (16),Real Sociedad (30),2-0,?,Hércules CF (30)
?,(Sun) 22 Apr 1956 (16),Valencia CF (30),2-1,?,Real Madrid CF (30)
