Round,Date,Team 1,FT,HT,Team 2
?,(Sat) 17 Aug 2013 (W33),Real Sociedad (1),2-0,1-0,Getafe CF (1)
?,(Sat) 17 Aug 2013 (W33),Valencia CF (1),1-0,0-0,Málaga CF (1)
?,(Sat) 17 Aug 2013 (W33),Real Valladolid CF (1),1-2,1-1,Athletic Club Bilbao (1)
?,(Sun) 18 Aug 2013 (W33),FC Barcelona (1),7-0,6-0,Levante UD (1)
?,(Sun) 18 Aug 2013 (W33),CA Osasuna (1),1-2,0-2,Granada CF (1)
?,(Sun) 18 Aug 2013 (W33),Real Madrid (1),2-1,1-1,Real Betis (1)
?,(Sun) 18 Aug 2013 (W33),Sevilla FC (1),1-3,1-1,Atlético Madrid (1)
?,(Mon) 19 Aug 2013 (W34),UD Almería (1),2-3,1-0,Villarreal CF (1)
?,(Mon) 19 Aug 2013 (W34),RC Celta Vigo (1),2-2,1-0,RCD Espanyol (1)
?,(Mon) 19 Aug 2013 (W34),Rayo Vallecano (1),3-0,2-0,Elche CF (1)
?,(Fri) 23 Aug 2013 (W34),Athletic Club Bilbao (2),2-0,1-0,CA Osasuna (2)
?,(Fri) 23 Aug 2013 (W34),Getafe CF (2),2-2,1-2,UD Almería (2)
?,(Sat) 24 Aug 2013 (W34),Elche CF (2),1-1,1-0,Real Sociedad (2)
?,(Sat) 24 Aug 2013 (W34),RCD Espanyol (2),3-1,1-1,Valencia CF (2)
?,(Sat) 24 Aug 2013 (W34),Villarreal CF (2),2-1,1-1,Real Valladolid CF (2)
?,(Sun) 25 Aug 2013 (W34),Atlético Madrid (2),5-0,3-0,Rayo Vallecano (2)
?,(Sun) 25 Aug 2013 (W34),Real Betis (2),1-2,0-0,RC Celta Vigo (2)
?,(Sun) 25 Aug 2013 (W34),Levante UD (2),0-0,0-0,Sevilla FC (2)
?,(Sun) 25 Aug 2013 (W34),Málaga CF (2),0-1,0-1,FC Barcelona (2)
?,(Mon) 26 Aug 2013 (W35),Granada CF (2),0-1,0-1,Real Madrid (2)
?,(Fri) 30 Aug 2013 (W35),UD Almería (3),2-2,2-1,Elche CF (3)
?,(Fri) 30 Aug 2013 (W35),Rayo Vallecano (3),1-2,0-1,Levante UD (3)
?,(Sat) 31 Aug 2013 (W35),RC Celta Vigo (3),1-1,1-0,Granada CF (3)
?,(Sat) 31 Aug 2013 (W35),CA Osasuna (3),0-3,0-2,Villarreal CF (3)
?,(Sat) 31 Aug 2013 (W35),Real Valladolid CF (3),1-0,0-0,Getafe CF (3)
?,(Sun) 1 Sep 2013 (W35),RCD Espanyol (3),0-0,0-0,Real Betis (3)
?,(Sun) 1 Sep 2013 (W35),Real Madrid (3),3-1,2-0,Athletic Club Bilbao (3)
?,(Sun) 1 Sep 2013 (W35),Sevilla FC (3),2-2,1-1,Málaga CF (3)
?,(Sun) 1 Sep 2013 (W35),Real Sociedad (3),1-2,0-1,Atlético Madrid (3)
?,(Sun) 1 Sep 2013 (W35),Valencia CF (3),2-3,2-3,FC Barcelona (3)
?,(Sat) 14 Sep 2013 (W37),Atlético Madrid (4),4-2,2-1,UD Almería (4)
?,(Sat) 14 Sep 2013 (W37),FC Barcelona (4),3-2,1-0,Sevilla FC (4)
?,(Sat) 14 Sep 2013 (W37),Levante UD (4),0-0,0-0,Real Sociedad (4)
?,(Sat) 14 Sep 2013 (W37),Villarreal CF (4),2-2,1-1,Real Madrid (4)
?,(Sun) 15 Sep 2013 (W37),Real Betis (4),3-1,3-0,Valencia CF (4)
?,(Sun) 15 Sep 2013 (W37),Getafe CF (4),2-1,1-1,CA Osasuna (4)
?,(Sun) 15 Sep 2013 (W37),Granada CF (4),0-1,0-0,RCD Espanyol (4)
?,(Sun) 15 Sep 2013 (W37),Málaga CF (4),5-0,2-0,Rayo Vallecano (4)
?,(Mon) 16 Sep 2013 (W38),Athletic Club Bilbao (4),3-2,1-1,RC Celta Vigo (4)
?,(Mon) 16 Sep 2013 (W38),Elche CF (4),0-0,0-0,Real Valladolid CF (4)
?,(Fri) 20 Sep 2013 (W38),CA Osasuna (5),2-1,1-0,Elche CF (5)
?,(Sat) 21 Sep 2013 (W38),UD Almería (5),2-2,1-0,Levante UD (5)
?,(Sat) 21 Sep 2013 (W38),Real Sociedad (5),0-0,0-0,Málaga CF (5)
?,(Sat) 21 Sep 2013 (W38),Real Valladolid CF (5),0-2,0-0,Atlético Madrid (5)
?,(Sat) 21 Sep 2013 (W38),Rayo Vallecano (5),0-4,0-1,FC Barcelona (5)
?,(Sun) 22 Sep 2013 (W38),Real Betis (5),0-0,0-0,Granada CF (5)
?,(Sun) 22 Sep 2013 (W38),RC Celta Vigo (5),0-0,0-0,Villarreal CF (5)
?,(Sun) 22 Sep 2013 (W38),Real Madrid (5),4-1,2-1,Getafe CF (5)
?,(Sun) 22 Sep 2013 (W38),Valencia CF (5),3-1,1-0,Sevilla FC (5)
?,(Mon) 23 Sep 2013 (W39),RCD Espanyol (5),3-2,1-1,Athletic Club Bilbao (5)
?,(Tue) 24 Sep 2013 (W39),Atlético Madrid (6),2-1,2-1,CA Osasuna (6)
?,(Tue) 24 Sep 2013 (W39),FC Barcelona (6),4-1,3-0,Real Sociedad (6)
?,(Tue) 24 Sep 2013 (W39),Levante UD (6),1-1,1-1,Real Valladolid CF (6)
?,(Tue) 24 Sep 2013 (W39),Málaga CF (6),2-0,0-0,UD Almería (6)
?,(Wed) 25 Sep 2013 (W39),Elche CF (6),1-2,0-0,Real Madrid (6)
?,(Wed) 25 Sep 2013 (W39),Granada CF (6),0-1,0-0,Valencia CF (6)
?,(Wed) 25 Sep 2013 (W39),Sevilla FC (6),4-1,1-0,Rayo Vallecano (6)
?,(Thu) 26 Sep 2013 (W39),Athletic Club Bilbao (6),2-1,0-0,Real Betis (6)
?,(Thu) 26 Sep 2013 (W39),Getafe CF (6),2-0,1-0,RC Celta Vigo (6)
?,(Thu) 26 Sep 2013 (W39),Villarreal CF (6),2-1,1-0,RCD Espanyol (6)
?,(Fri) 27 Sep 2013 (W39),Real Valladolid CF (7),2-2,0-1,Málaga CF (7)
?,(Sat) 28 Sep 2013 (W39),UD Almería (7),0-2,0-1,FC Barcelona (7)
?,(Sat) 28 Sep 2013 (W39),Real Madrid (7),0-1,0-1,Atlético Madrid (7)
?,(Sat) 28 Sep 2013 (W39),Real Sociedad (7),1-1,0-1,Sevilla FC (7)
?,(Sat) 28 Sep 2013 (W39),Valencia CF (7),1-0,1-0,Rayo Vallecano (7)
?,(Sun) 29 Sep 2013 (W39),Real Betis (7),1-0,1-0,Villarreal CF (7)
?,(Sun) 29 Sep 2013 (W39),RC Celta Vigo (7),0-1,0-0,Elche CF (7)
?,(Sun) 29 Sep 2013 (W39),RCD Espanyol (7),0-2,0-0,Getafe CF (7)
?,(Sun) 29 Sep 2013 (W39),CA Osasuna (7),0-1,0-0,Levante UD (7)
?,(Mon) 30 Sep 2013 (W40),Granada CF (7),2-0,0-0,Athletic Club Bilbao (7)
?,(Fri) 4 Oct 2013 (W40),Málaga CF (8),0-1,0-1,CA Osasuna (8)
?,(Fri) 4 Oct 2013 (W40),Villarreal CF (8),3-0,1-0,Granada CF (8)
?,(Sat) 5 Oct 2013 (W40),FC Barcelona (8),4-1,1-1,Real Valladolid CF (8)
?,(Sat) 5 Oct 2013 (W40),Elche CF (8),2-1,1-0,RCD Espanyol (8)
?,(Sat) 5 Oct 2013 (W40),Levante UD (8),2-3,0-0,Real Madrid (8)
?,(Sat) 5 Oct 2013 (W40),Rayo Vallecano (8),1-0,0-0,Real Sociedad (8)
?,(Sun) 6 Oct 2013 (W40),Athletic Club Bilbao (8),1-1,0-1,Valencia CF (8)
?,(Sun) 6 Oct 2013 (W40),Atlético Madrid (8),2-1,1-0,RC Celta Vigo (8)
?,(Sun) 6 Oct 2013 (W40),Getafe CF (8),3-1,3-0,Real Betis (8)
?,(Sun) 6 Oct 2013 (W40),Sevilla FC (8),2-1,1-1,UD Almería (8)
?,(Sat) 19 Oct 2013 (W42),RCD Espanyol (9),1-0,0-0,Atlético Madrid (9)
?,(Sat) 19 Oct 2013 (W42),CA Osasuna (9),0-0,0-0,FC Barcelona (9)
?,(Sat) 19 Oct 2013 (W42),Real Madrid (9),2-0,0-0,Málaga CF (9)
?,(Sat) 19 Oct 2013 (W42),Valencia CF (9),1-2,0-1,Real Sociedad (9)
?,(Sun) 20 Oct 2013 (W42),UD Almería (9),0-1,0-0,Rayo Vallecano (9)
?,(Sun) 20 Oct 2013 (W42),Real Betis (9),1-2,1-2,Elche CF (9)
?,(Sun) 20 Oct 2013 (W42),Granada CF (9),0-2,0-0,Getafe CF (9)
?,(Sun) 20 Oct 2013 (W42),Real Valladolid CF (9),2-2,0-2,Sevilla FC (9)
?,(Mon) 21 Oct 2013 (W43),Athletic Club Bilbao (9),2-0,2-0,Villarreal CF (9)
?,(Mon) 21 Oct 2013 (W43),RC Celta Vigo (9),0-1,0-0,Levante UD (9)
?,(Fri) 25 Oct 2013 (W43),Rayo Vallecano (10),0-3,0-2,Real Valladolid CF (10)
?,(Sat) 26 Oct 2013 (W43),FC Barcelona (10),2-1,1-0,Real Madrid (10)
?,(Sat) 26 Oct 2013 (W43),Elche CF (10),0-1,0-1,Granada CF (10)
?,(Sat) 26 Oct 2013 (W43),Levante UD (10),3-0,2-0,RCD Espanyol (10)
?,(Sat) 26 Oct 2013 (W43),Málaga CF (10),0-5,0-2,RC Celta Vigo (10)
?,(Sun) 27 Oct 2013 (W43),Atlético Madrid (10),5-0,1-0,Real Betis (10)
?,(Sun) 27 Oct 2013 (W43),Sevilla FC (10),2-1,0-0,CA Osasuna (10)
?,(Sun) 27 Oct 2013 (W43),Real Sociedad (10),3-0,1-0,UD Almería (10)
?,(Sun) 27 Oct 2013 (W43),Villarreal CF (10),4-1,2-0,Valencia CF (10)
?,(Mon) 28 Oct 2013 (W44),Getafe CF (10),0-1,0-1,Athletic Club Bilbao (10)
?,(Tue) 29 Oct 2013 (W44),RC Celta Vigo (11),0-3,0-1,FC Barcelona (11)
?,(Tue) 29 Oct 2013 (W44),RCD Espanyol (11),0-0,0-0,Málaga CF (11)
?,(Wed) 30 Oct 2013 (W44),CA Osasuna (11),3-1,2-0,Rayo Vallecano (11)
?,(Wed) 30 Oct 2013 (W44),Real Madrid (11),7-3,3-2,Sevilla FC (11)
?,(Wed) 30 Oct 2013 (W44),Valencia CF (11),1-2,1-0,UD Almería (11)
?,(Wed) 30 Oct 2013 (W44),Real Valladolid CF (11),2-2,0-1,Real Sociedad (11)
?,(Thu) 31 Oct 2013 (W44),Athletic Club Bilbao (11),2-2,0-1,Elche CF (11)
?,(Thu) 31 Oct 2013 (W44),Real Betis (11),0-0,0-0,Levante UD (11)
?,(Thu) 31 Oct 2013 (W44),Granada CF (11),1-2,0-1,Atlético Madrid (11)
?,(Thu) 31 Oct 2013 (W44),Villarreal CF (11),0-2,0-1,Getafe CF (11)
?,(Fri) 1 Nov 2013 (W44),FC Barcelona (12),1-0,0-0,RCD Espanyol (12)
?,(Sat) 2 Nov 2013 (W44),UD Almería (12),1-0,1-0,Real Valladolid CF (12)
?,(Sat) 2 Nov 2013 (W44),Sevilla FC (12),0-1,0-0,RC Celta Vigo (12)
?,(Sat) 2 Nov 2013 (W44),Real Sociedad (12),5-0,1-0,CA Osasuna (12)
?,(Sat) 2 Nov 2013 (W44),Rayo Vallecano (12),2-3,0-2,Real Madrid (12)
?,(Sun) 3 Nov 2013 (W44),Atlético Madrid (12),2-0,2-0,Athletic Club Bilbao (12)
?,(Sun) 3 Nov 2013 (W44),Getafe CF (12),0-1,0-1,Valencia CF (12)
?,(Sun) 3 Nov 2013 (W44),Levante UD (12),0-1,0-0,Granada CF (12)
?,(Sun) 3 Nov 2013 (W44),Málaga CF (12),3-2,1-1,Real Betis (12)
?,(Mon) 4 Nov 2013 (W45),Elche CF (12),0-1,0-0,Villarreal CF (12)
?,(Fri) 8 Nov 2013 (W45),Granada CF (13),3-1,0-0,Málaga CF (13)
?,(Fri) 8 Nov 2013 (W45),CA Osasuna (13),0-1,0-1,UD Almería (13)
?,(Sat) 9 Nov 2013 (W45),Athletic Club Bilbao (13),2-1,0-1,Levante UD (13)
?,(Sat) 9 Nov 2013 (W45),RC Celta Vigo (13),0-2,0-1,Rayo Vallecano (13)
?,(Sat) 9 Nov 2013 (W45),Getafe CF (13),1-1,1-0,Elche CF (13)
?,(Sat) 9 Nov 2013 (W45),Real Madrid (13),5-1,4-0,Real Sociedad (13)
?,(Sun) 10 Nov 2013 (W45),Real Betis (13),1-4,0-2,FC Barcelona (13)
?,(Sun) 10 Nov 2013 (W45),RCD Espanyol (13),1-3,1-2,Sevilla FC (13)
?,(Sun) 10 Nov 2013 (W45),Valencia CF (13),2-2,1-1,Real Valladolid CF (13)
?,(Sun) 10 Nov 2013 (W45),Villarreal CF (13),1-1,0-1,Atlético Madrid (13)
?,(Fri) 22 Nov 2013 (W47),Real Valladolid CF (14),0-1,0-0,CA Osasuna (14)
?,(Sat) 23 Nov 2013 (W47),UD Almería (14),0-5,0-1,Real Madrid (14)
?,(Sat) 23 Nov 2013 (W47),Atlético Madrid (14),7-0,2-0,Getafe CF (14)
?,(Sat) 23 Nov 2013 (W47),FC Barcelona (14),4-0,2-0,Granada CF (14)
?,(Sat) 23 Nov 2013 (W47),Real Sociedad (14),4-3,1-2,RC Celta Vigo (14)
?,(Sun) 24 Nov 2013 (W47),Elche CF (14),2-1,0-0,Valencia CF (14)
?,(Sun) 24 Nov 2013 (W47),Levante UD (14),0-3,0-1,Villarreal CF (14)
?,(Sun) 24 Nov 2013 (W47),Sevilla FC (14),4-0,2-0,Real Betis (14)
?,(Sun) 24 Nov 2013 (W47),Rayo Vallecano (14),1-4,0-1,RCD Espanyol (14)
?,(Mon) 25 Nov 2013 (W48),Málaga CF (14),1-2,1-0,Athletic Club Bilbao (14)
?,(Fri) 29 Nov 2013 (W48),Getafe CF (15),1-0,0-0,Levante UD (15)
?,(Fri) 29 Nov 2013 (W48),Villarreal CF (15),1-1,1-0,Málaga CF (15)
?,(Sat) 30 Nov 2013 (W48),RC Celta Vigo (15),3-1,1-1,UD Almería (15)
?,(Sat) 30 Nov 2013 (W48),Elche CF (15),0-2,0-0,Atlético Madrid (15)
?,(Sat) 30 Nov 2013 (W48),RCD Espanyol (15),1-2,1-0,Real Sociedad (15)
?,(Sat) 30 Nov 2013 (W48),Real Madrid (15),4-0,2-0,Real Valladolid CF (15)
?,(Sun) 1 Dec 2013 (W48),Athletic Club Bilbao (15),1-0,0-0,FC Barcelona (15)
?,(Sun) 1 Dec 2013 (W48),Real Betis (15),2-2,1-0,Rayo Vallecano (15)
?,(Sun) 1 Dec 2013 (W48),Granada CF (15),1-2,0-1,Sevilla FC (15)
?,(Sun) 1 Dec 2013 (W48),Valencia CF (15),3-0,1-0,CA Osasuna (15)
?,(Fri) 13 Dec 2013 (W50),Levante UD (16),2-1,1-1,Elche CF (16)
?,(Sat) 14 Dec 2013 (W50),FC Barcelona (16),2-1,1-0,Villarreal CF (16)
?,(Sat) 14 Dec 2013 (W50),Málaga CF (16),1-0,0-0,Getafe CF (16)
?,(Sat) 14 Dec 2013 (W50),CA Osasuna (16),2-2,2-1,Real Madrid (16)
?,(Sat) 14 Dec 2013 (W50),Rayo Vallecano (16),0-2,0-1,Granada CF (16)
?,(Sun) 15 Dec 2013 (W50),UD Almería (16),0-0,0-0,RCD Espanyol (16)
?,(Sun) 15 Dec 2013 (W50),Atlético Madrid (16),3-0,0-0,Valencia CF (16)
?,(Sun) 15 Dec 2013 (W50),Sevilla FC (16),1-1,1-1,Athletic Club Bilbao (16)
?,(Sun) 15 Dec 2013 (W50),Real Sociedad (16),5-1,1-1,Real Betis (16)
?,(Mon) 16 Dec 2013 (W51),Real Valladolid CF (16),3-0,0-0,RC Celta Vigo (16)
?,(Fri) 20 Dec 2013 (W51),Elche CF (17),0-1,0-1,Málaga CF (17)
?,(Sat) 21 Dec 2013 (W51),Atlético Madrid (17),3-2,1-1,Levante UD (17)
?,(Sat) 21 Dec 2013 (W51),Real Betis (17),0-1,0-1,UD Almería (17)
?,(Sat) 21 Dec 2013 (W51),Granada CF (17),1-3,1-2,Real Sociedad (17)
?,(Sat) 21 Dec 2013 (W51),Villarreal CF (17),1-2,0-1,Sevilla FC (17)
?,(Sun) 22 Dec 2013 (W51),Athletic Club Bilbao (17),2-1,1-0,Rayo Vallecano (17)
?,(Sun) 22 Dec 2013 (W51),RC Celta Vigo (17),1-1,1-1,CA Osasuna (17)
?,(Sun) 22 Dec 2013 (W51),RCD Espanyol (17),4-2,2-0,Real Valladolid CF (17)
?,(Sun) 22 Dec 2013 (W51),Getafe CF (17),2-5,2-3,FC Barcelona (17)
?,(Sun) 22 Dec 2013 (W51),Valencia CF (17),2-3,1-2,Real Madrid (17)
?,(Sat) 4 Jan 2014 (W1),UD Almería (18),3-0,2-0,Granada CF (18)
?,(Sat) 4 Jan 2014 (W1),Málaga CF (18),0-1,0-0,Atlético Madrid (18)
?,(Sat) 4 Jan 2014 (W1),Valencia CF (18),2-0,1-0,Levante UD (18)
?,(Sat) 4 Jan 2014 (W1),Real Valladolid CF (18),0-0,0-0,Real Betis (18)
?,(Sun) 5 Jan 2014 (W1),FC Barcelona (18),4-0,2-0,Elche CF (18)
?,(Sun) 5 Jan 2014 (W1),CA Osasuna (18),1-0,1-0,RCD Espanyol (18)
?,(Sun) 5 Jan 2014 (W1),Sevilla FC (18),3-0,1-0,Getafe CF (18)
?,(Sun) 5 Jan 2014 (W1),Real Sociedad (18),2-0,1-0,Athletic Club Bilbao (18)
?,(Mon) 6 Jan 2014 (W2),Real Madrid (18),3-0,0-0,RC Celta Vigo (18)
?,(Mon) 6 Jan 2014 (W2),Rayo Vallecano (18),2-5,0-3,Villarreal CF (18)
?,(Fri) 10 Jan 2014 (W2),Granada CF (19),4-0,2-0,Real Valladolid CF (19)
?,(Sat) 11 Jan 2014 (W2),Athletic Club Bilbao (19),6-1,3-1,UD Almería (19)
?,(Sat) 11 Jan 2014 (W2),Atlético Madrid (19),0-0,0-0,FC Barcelona (19)
?,(Sat) 11 Jan 2014 (W2),RC Celta Vigo (19),2-1,0-1,Valencia CF (19)
?,(Sat) 11 Jan 2014 (W2),Elche CF (19),1-1,0-0,Sevilla FC (19)
?,(Sun) 12 Jan 2014 (W2),Real Betis (19),1-2,0-1,CA Osasuna (19)
?,(Sun) 12 Jan 2014 (W2),RCD Espanyol (19),0-1,0-0,Real Madrid (19)
?,(Sun) 12 Jan 2014 (W2),Getafe CF (19),0-1,0-1,Rayo Vallecano (19)
?,(Sun) 12 Jan 2014 (W2),Levante UD (19),1-0,1-0,Málaga CF (19)
?,(Mon) 13 Jan 2014 (W3),Villarreal CF (19),5-1,3-0,Real Sociedad (19)
?,(Fri) 17 Jan 2014 (W3),Málaga CF (20),0-0,0-0,Valencia CF (20)
?,(Sat) 18 Jan 2014 (W3),Real Betis (20),0-5,0-3,Real Madrid (20)
?,(Sat) 18 Jan 2014 (W3),Elche CF (20),2-0,1-0,Rayo Vallecano (20)
?,(Sat) 18 Jan 2014 (W3),RCD Espanyol (20),1-0,0-0,RC Celta Vigo (20)
?,(Sat) 18 Jan 2014 (W3),Granada CF (20),0-0,0-0,CA Osasuna (20)
?,(Sun) 19 Jan 2014 (W3),Atlético Madrid (20),1-1,1-0,Sevilla FC (20)
?,(Sun) 19 Jan 2014 (W3),Getafe CF (20),2-2,1-2,Real Sociedad (20)
?,(Sun) 19 Jan 2014 (W3),Levante UD (20),1-1,1-1,FC Barcelona (20)
?,(Sun) 19 Jan 2014 (W3),Villarreal CF (20),2-0,1-0,UD Almería (20)
?,(Mon) 20 Jan 2014 (W4),Athletic Club Bilbao (20),4-2,0-1,Real Valladolid CF (20)
?,(Fri) 24 Jan 2014 (W4),RC Celta Vigo (21),4-2,3-1,Real Betis (21)
?,(Sat) 25 Jan 2014 (W4),Real Madrid (21),2-0,0-0,Granada CF (21)
?,(Sat) 25 Jan 2014 (W4),Sevilla FC (21),2-3,1-1,Levante UD (21)
?,(Sat) 25 Jan 2014 (W4),Valencia CF (21),2-2,2-2,RCD Espanyol (21)
?,(Sat) 25 Jan 2014 (W4),Real Valladolid CF (21),1-0,1-0,Villarreal CF (21)
?,(Sun) 26 Jan 2014 (W4),UD Almería (21),1-0,0-0,Getafe CF (21)
?,(Sun) 26 Jan 2014 (W4),FC Barcelona (21),3-0,1-0,Málaga CF (21)
?,(Sun) 26 Jan 2014 (W4),CA Osasuna (21),1-5,1-2,Athletic Club Bilbao (21)
?,(Sun) 26 Jan 2014 (W4),Rayo Vallecano (21),2-4,1-3,Atlético Madrid (21)
?,(Mon) 27 Jan 2014 (W5),Real Sociedad (21),4-0,2-0,Elche CF (21)
?,(Fri) 31 Jan 2014 (W5),Granada CF (22),1-2,1-1,RC Celta Vigo (22)
?,(Sat) 1 Feb 2014 (W5),FC Barcelona (22),2-3,1-1,Valencia CF (22)
?,(Sat) 1 Feb 2014 (W5),Getafe CF (22),0-0,0-0,Real Valladolid CF (22)
?,(Sat) 1 Feb 2014 (W5),Levante UD (22),0-0,0-0,Rayo Vallecano (22)
?,(Sat) 1 Feb 2014 (W5),Málaga CF (22),3-2,1-0,Sevilla FC (22)
?,(Sun) 2 Feb 2014 (W5),Athletic Club Bilbao (22),1-1,0-0,Real Madrid (22)
?,(Sun) 2 Feb 2014 (W5),Atlético Madrid (22),4-0,1-0,Real Sociedad (22)
?,(Sun) 2 Feb 2014 (W5),Real Betis (22),2-0,0-0,RCD Espanyol (22)
?,(Sun) 2 Feb 2014 (W5),Elche CF (22),1-0,0-0,UD Almería (22)
?,(Mon) 3 Feb 2014 (W6),Villarreal CF (22),3-1,0-0,CA Osasuna (22)
?,(Fri) 7 Feb 2014 (W6),RCD Espanyol (23),1-0,0-0,Granada CF (23)
?,(Sat) 8 Feb 2014 (W6),UD Almería (23),2-0,0-0,Atlético Madrid (23)
?,(Sat) 8 Feb 2014 (W6),Real Madrid (23),4-2,2-1,Villarreal CF (23)
?,(Sat) 8 Feb 2014 (W6),Valencia CF (23),5-0,2-0,Real Betis (23)
?,(Sat) 8 Feb 2014 (W6),Rayo Vallecano (23),4-1,3-0,Málaga CF (23)
?,(Sun) 9 Feb 2014 (W6),CA Osasuna (23),2-0,1-0,Getafe CF (23)
?,(Sun) 9 Feb 2014 (W6),Sevilla FC (23),1-4,1-2,FC Barcelona (23)
?,(Sun) 9 Feb 2014 (W6),Real Sociedad (23),0-0,0-0,Levante UD (23)
?,(Sun) 9 Feb 2014 (W6),Real Valladolid CF (23),2-2,0-1,Elche CF (23)
?,(Mon) 10 Feb 2014 (W7),RC Celta Vigo (23),0-0,0-0,Athletic Club Bilbao (23)
?,(Fri) 14 Feb 2014 (W7),Elche CF (24),0-0,0-0,CA Osasuna (24)
?,(Sat) 15 Feb 2014 (W7),Atlético Madrid (24),3-0,2-0,Real Valladolid CF (24)
?,(Sat) 15 Feb 2014 (W7),FC Barcelona (24),6-0,2-0,Rayo Vallecano (24)
?,(Sat) 15 Feb 2014 (W7),Levante UD (24),1-0,0-0,UD Almería (24)
?,(Sat) 15 Feb 2014 (W7),Villarreal CF (24),0-2,0-0,RC Celta Vigo (24)
?,(Sun) 16 Feb 2014 (W7),Athletic Club Bilbao (24),1-2,0-1,RCD Espanyol (24)
?,(Sun) 16 Feb 2014 (W7),Getafe CF (24),0-3,0-2,Real Madrid (24)
?,(Sun) 16 Feb 2014 (W7),Granada CF (24),1-0,1-0,Real Betis (24)
?,(Sun) 16 Feb 2014 (W7),Sevilla FC (24),0-0,0-0,Valencia CF (24)
?,(Mon) 17 Feb 2014 (W8),Málaga CF (24),0-1,0-1,Real Sociedad (24)
?,(Fri) 21 Feb 2014 (W8),Real Valladolid CF (25),1-1,0-1,Levante UD (25)
?,(Sat) 22 Feb 2014 (W8),UD Almería (25),0-0,0-0,Málaga CF (25)
?,(Sat) 22 Feb 2014 (W8),RC Celta Vigo (25),1-1,0-1,Getafe CF (25)
?,(Sat) 22 Feb 2014 (W8),Real Madrid (25),3-0,1-0,Elche CF (25)
?,(Sat) 22 Feb 2014 (W8),Real Sociedad (25),3-1,1-1,FC Barcelona (25)
?,(Sun) 23 Feb 2014 (W8),Real Betis (25),0-2,0-1,Athletic Club Bilbao (25)
?,(Sun) 23 Feb 2014 (W8),CA Osasuna (25),3-0,3-0,Atlético Madrid (25)
?,(Sun) 23 Feb 2014 (W8),Valencia CF (25),2-1,0-0,Granada CF (25)
?,(Sun) 23 Feb 2014 (W8),Rayo Vallecano (25),0-1,0-0,Sevilla FC (25)
?,(Mon) 24 Feb 2014 (W9),RCD Espanyol (25),1-2,0-1,Villarreal CF (25)
?,(Fri) 28 Feb 2014 (W9),Athletic Club Bilbao (26),4-0,2-0,Granada CF (26)
?,(Sat) 1 Mar 2014 (W9),Elche CF (26),1-0,0-0,RC Celta Vigo (26)
?,(Sat) 1 Mar 2014 (W9),Getafe CF (26),0-0,0-0,RCD Espanyol (26)
?,(Sat) 1 Mar 2014 (W9),Levante UD (26),2-0,2-0,CA Osasuna (26)
?,(Sat) 1 Mar 2014 (W9),Málaga CF (26),1-1,1-1,Real Valladolid CF (26)
?,(Sun) 2 Mar 2014 (W9),Atlético Madrid (26),2-2,2-1,Real Madrid (26)
?,(Sun) 2 Mar 2014 (W9),FC Barcelona (26),4-1,2-1,UD Almería (26)
?,(Sun) 2 Mar 2014 (W9),Sevilla FC (26),1-0,0-0,Real Sociedad (26)
?,(Sun) 2 Mar 2014 (W9),Rayo Vallecano (26),1-0,0-0,Valencia CF (26)
?,(Sun) 2 Mar 2014 (W9),Villarreal CF (26),1-1,0-0,Real Betis (26)
?,(Sat) 8 Mar 2014 (W10),Real Betis (27),2-0,2-0,Getafe CF (27)
?,(Sat) 8 Mar 2014 (W10),RC Celta Vigo (27),0-2,0-0,Atlético Madrid (27)
?,(Sat) 8 Mar 2014 (W10),Granada CF (27),2-0,2-0,Villarreal CF (27)
?,(Sat) 8 Mar 2014 (W10),Real Valladolid CF (27),1-0,1-0,FC Barcelona (27)
?,(Sun) 9 Mar 2014 (W10),UD Almería (27),1-3,0-1,Sevilla FC (27)
?,(Sun) 9 Mar 2014 (W10),RCD Espanyol (27),3-1,2-0,Elche CF (27)
?,(Sun) 9 Mar 2014 (W10),Real Madrid (27),3-0,1-0,Levante UD (27)
?,(Sun) 9 Mar 2014 (W10),Valencia CF (27),1-1,1-0,Athletic Club Bilbao (27)
?,(Mon) 10 Mar 2014 (W11),CA Osasuna (27),0-2,0-1,Málaga CF (27)
?,(Mon) 10 Mar 2014 (W11),Real Sociedad (27),2-3,2-1,Rayo Vallecano (27)
?,(Fri) 14 Mar 2014 (W11),Getafe CF (28),3-3,2-1,Granada CF (28)
?,(Sat) 15 Mar 2014 (W11),Atlético Madrid (28),1-0,0-0,RCD Espanyol (28)
?,(Sat) 15 Mar 2014 (W11),Levante UD (28),0-1,0-1,RC Celta Vigo (28)
?,(Sat) 15 Mar 2014 (W11),Málaga CF (28),0-1,0-1,Real Madrid (28)
?,(Sat) 15 Mar 2014 (W11),Rayo Vallecano (28),3-1,1-0,UD Almería (28)
?,(Sun) 16 Mar 2014 (W11),FC Barcelona (28),7-0,3-0,CA Osasuna (28)
?,(Sun) 16 Mar 2014 (W11),Elche CF (28),0-0,0-0,Real Betis (28)
?,(Sun) 16 Mar 2014 (W11),Sevilla FC (28),4-1,2-0,Real Valladolid CF (28)
?,(Sun) 16 Mar 2014 (W11),Real Sociedad (28),1-0,0-0,Valencia CF (28)
?,(Mon) 17 Mar 2014 (W12),Villarreal CF (28),1-1,0-0,Athletic Club Bilbao (28)
?,(Fri) 21 Mar 2014 (W12),RC Celta Vigo (29),0-2,0-2,Málaga CF (29)
?,(Sat) 22 Mar 2014 (W12),Athletic Club Bilbao (29),1-0,1-0,Getafe CF (29)
?,(Sat) 22 Mar 2014 (W12),RCD Espanyol (29),0-0,0-0,Levante UD (29)
?,(Sat) 22 Mar 2014 (W12),Granada CF (29),1-0,0-0,Elche CF (29)
?,(Sat) 22 Mar 2014 (W12),Real Valladolid CF (29),1-1,1-1,Rayo Vallecano (29)
?,(Sun) 23 Mar 2014 (W12),Real Betis (29),0-2,0-0,Atlético Madrid (29)
?,(Sun) 23 Mar 2014 (W12),CA Osasuna (29),1-2,0-2,Sevilla FC (29)
?,(Sun) 23 Mar 2014 (W12),Real Madrid (29),3-4,2-2,FC Barcelona (29)
?,(Sun) 23 Mar 2014 (W12),Valencia CF (29),2-1,2-0,Villarreal CF (29)
?,(Mon) 24 Mar 2014 (W13),UD Almería (29),4-3,1-1,Real Sociedad (29)
?,(Tue) 25 Mar 2014 (W13),Elche CF (30),0-0,0-0,Athletic Club Bilbao (30)
?,(Tue) 25 Mar 2014 (W13),Málaga CF (30),1-2,1-1,RCD Espanyol (30)
?,(Wed) 26 Mar 2014 (W13),Atlético Madrid (30),1-0,0-0,Granada CF (30)
?,(Wed) 26 Mar 2014 (W13),FC Barcelona (30),3-0,2-0,RC Celta Vigo (30)
?,(Wed) 26 Mar 2014 (W13),Sevilla FC (30),2-1,1-1,Real Madrid (30)
?,(Wed) 26 Mar 2014 (W13),Rayo Vallecano (30),1-0,0-0,CA Osasuna (30)
?,(Thu) 27 Mar 2014 (W13),UD Almería (30),2-2,0-2,Valencia CF (30)
?,(Thu) 27 Mar 2014 (W13),Getafe CF (30),0-1,0-1,Villarreal CF (30)
?,(Thu) 27 Mar 2014 (W13),Levante UD (30),1-3,1-1,Real Betis (30)
?,(Thu) 27 Mar 2014 (W13),Real Sociedad (30),1-0,1-0,Real Valladolid CF (30)
?,(Sat) 29 Mar 2014 (W13),Athletic Club Bilbao (31),1-2,1-1,Atlético Madrid (31)
?,(Sat) 29 Mar 2014 (W13),RC Celta Vigo (31),1-0,0-0,Sevilla FC (31)
?,(Sat) 29 Mar 2014 (W13),RCD Espanyol (31),0-1,0-0,FC Barcelona (31)
?,(Sat) 29 Mar 2014 (W13),Real Madrid (31),5-0,1-0,Rayo Vallecano (31)
?,(Sun) 30 Mar 2014 (W13),CA Osasuna (31),1-1,0-1,Real Sociedad (31)
?,(Sun) 30 Mar 2014 (W13),Valencia CF (31),1-3,1-2,Getafe CF (31)
?,(Sun) 30 Mar 2014 (W13),Real Valladolid CF (31),1-0,1-0,UD Almería (31)
?,(Sun) 30 Mar 2014 (W13),Villarreal CF (31),1-1,1-1,Elche CF (31)
?,(Mon) 31 Mar 2014 (W14),Real Betis (31),1-2,1-0,Málaga CF (31)
?,(Mon) 31 Mar 2014 (W14),Granada CF (31),0-2,0-0,Levante UD (31)
?,(Fri) 4 Apr 2014 (W14),UD Almería (32),1-2,0-2,CA Osasuna (32)
?,(Sat) 5 Apr 2014 (W14),Atlético Madrid (32),1-0,1-0,Villarreal CF (32)
?,(Sat) 5 Apr 2014 (W14),FC Barcelona (32),3-1,1-0,Real Betis (32)
?,(Sat) 5 Apr 2014 (W14),Real Sociedad (32),0-4,0-1,Real Madrid (32)
?,(Sat) 5 Apr 2014 (W14),Rayo Vallecano (32),3-0,1-0,RC Celta Vigo (32)
?,(Sun) 6 Apr 2014 (W14),Elche CF (32),1-0,0-0,Getafe CF (32)
?,(Sun) 6 Apr 2014 (W14),Málaga CF (32),4-1,2-0,Granada CF (32)
?,(Sun) 6 Apr 2014 (W14),Sevilla FC (32),4-1,2-0,RCD Espanyol (32)
?,(Sun) 6 Apr 2014 (W14),Real Valladolid CF (32),0-0,0-0,Valencia CF (32)
?,(Mon) 7 Apr 2014 (W15),Levante UD (32),1-2,0-2,Athletic Club Bilbao (32)
?,(Fri) 11 Apr 2014 (W15),CA Osasuna (33),0-0,0-0,Real Valladolid CF (33)
?,(Sat) 12 Apr 2014 (W15),RC Celta Vigo (33),2-2,1-2,Real Sociedad (33)
?,(Sat) 12 Apr 2014 (W15),Granada CF (33),1-0,1-0,FC Barcelona (33)
?,(Sat) 12 Apr 2014 (W15),Real Madrid (33),4-0,1-0,UD Almería (33)
?,(Sat) 12 Apr 2014 (W15),Villarreal CF (33),1-0,0-0,Levante UD (33)
?,(Sun) 13 Apr 2014 (W15),Real Betis (33),0-2,0-1,Sevilla FC (33)
?,(Sun) 13 Apr 2014 (W15),RCD Espanyol (33),2-2,1-1,Rayo Vallecano (33)
?,(Sun) 13 Apr 2014 (W15),Getafe CF (33),0-2,0-1,Atlético Madrid (33)
?,(Sun) 13 Apr 2014 (W15),Valencia CF (33),2-1,1-1,Elche CF (33)
?,(Mon) 14 Apr 2014 (W16),Athletic Club Bilbao (33),3-0,1-0,Málaga CF (33)
?,(Fri) 18 Apr 2014 (W16),Atlético Madrid (34),2-0,0-0,Elche CF (34)
?,(Sat) 19 Apr 2014 (W16),Levante UD (34),0-0,0-0,Getafe CF (34)
?,(Sat) 19 Apr 2014 (W16),CA Osasuna (34),1-1,1-0,Valencia CF (34)
?,(Sat) 19 Apr 2014 (W16),Real Sociedad (34),2-1,1-1,RCD Espanyol (34)
?,(Sun) 20 Apr 2014 (W16),UD Almería (34),2-4,1-1,RC Celta Vigo (34)
?,(Sun) 20 Apr 2014 (W16),FC Barcelona (34),2-1,0-0,Athletic Club Bilbao (34)
?,(Sun) 20 Apr 2014 (W16),Sevilla FC (34),4-0,1-0,Granada CF (34)
?,(Sun) 20 Apr 2014 (W16),Rayo Vallecano (34),3-1,2-0,Real Betis (34)
?,(Mon) 21 Apr 2014 (W17),Málaga CF (34),2-0,1-0,Villarreal CF (34)
?,(Fri) 25 Apr 2014 (W17),Elche CF (35),1-1,0-0,Levante UD (35)
?,(Sat) 26 Apr 2014 (W17),Real Betis (35),0-1,0-0,Real Sociedad (35)
?,(Sat) 26 Apr 2014 (W17),Getafe CF (35),1-0,1-0,Málaga CF (35)
?,(Sat) 26 Apr 2014 (W17),Granada CF (35),0-3,0-0,Rayo Vallecano (35)
?,(Sat) 26 Apr 2014 (W17),Real Madrid (34),4-0,1-0,CA Osasuna (35)
?,(Sun) 27 Apr 2014 (W17),Athletic Club Bilbao (35),3-1,1-0,Sevilla FC (35)
?,(Sun) 27 Apr 2014 (W17),RCD Espanyol (35),1-2,1-0,UD Almería (35)
?,(Sun) 27 Apr 2014 (W17),Valencia CF (35),0-1,0-1,Atlético Madrid (35)
?,(Sun) 27 Apr 2014 (W17),Villarreal CF (35),2-3,1-0,FC Barcelona (35)
?,(Mon) 28 Apr 2014 (W18),RC Celta Vigo (35),4-1,2-0,Real Valladolid CF (34)
?,(Fri) 2 May 2014 (W18),Rayo Vallecano (36),0-3,0-2,Athletic Club Bilbao (36)
?,(Sat) 3 May 2014 (W18),FC Barcelona (36),2-2,1-1,Getafe CF (36)
?,(Sat) 3 May 2014 (W18),Málaga CF (36),0-1,0-1,Elche CF (36)
?,(Sat) 3 May 2014 (W18),CA Osasuna (36),0-2,0-2,RC Celta Vigo (36)
?,(Sat) 3 May 2014 (W18),Real Valladolid CF (35),1-0,1-0,RCD Espanyol (36)
?,(Sun) 4 May 2014 (W18),UD Almería (36),3-2,0-0,Real Betis (36)
?,(Sun) 4 May 2014 (W18),Levante UD (36),2-0,1-0,Atlético Madrid (36)
?,(Sun) 4 May 2014 (W18),Real Madrid (35),2-2,0-1,Valencia CF (36)
?,(Sun) 4 May 2014 (W18),Sevilla FC (36),0-0,0-0,Villarreal CF (36)
?,(Mon) 5 May 2014 (W19),Real Sociedad (36),1-1,0-0,Granada CF (36)
?,(Wed) 7 May 2014 (W19),Real Valladolid CF (36),1-1,0-1,Real Madrid (36)
?,(Sat) 10 May 2014 (W19),Levante UD (37),2-0,0-0,Valencia CF (37)
?,(Sat) 10 May 2014 (W19),Villarreal CF (37),4-0,2-0,Rayo Vallecano (37)
?,(Sun) 11 May 2014 (W19),Athletic Club Bilbao (37),1-1,0-0,Real Sociedad (37)
?,(Sun) 11 May 2014 (W19),Atlético Madrid (37),1-1,0-0,Málaga CF (37)
?,(Sun) 11 May 2014 (W19),Real Betis (37),4-3,1-1,Real Valladolid CF (37)
?,(Sun) 11 May 2014 (W19),RC Celta Vigo (37),2-0,1-0,Real Madrid (37)
?,(Sun) 11 May 2014 (W19),Elche CF (37),0-0,0-0,FC Barcelona (37)
?,(Sun) 11 May 2014 (W19),RCD Espanyol (37),1-1,1-1,CA Osasuna (37)
?,(Sun) 11 May 2014 (W19),Getafe CF (37),1-0,0-0,Sevilla FC (37)
?,(Sun) 11 May 2014 (W19),Granada CF (37),0-2,0-1,UD Almería (37)
?,(Fri) 16 May 2014 (W20),Málaga CF (38),1-0,0-0,Levante UD (38)
?,(Sat) 17 May 2014 (W20),FC Barcelona (38),1-1,1-0,Atlético Madrid (38)
?,(Sat) 17 May 2014 (W20),Real Madrid (38),3-1,0-0,RCD Espanyol (38)
?,(Sat) 17 May 2014 (W20),Valencia CF (38),2-1,1-1,RC Celta Vigo (38)
?,(Sun) 18 May 2014 (W20),UD Almería (38),0-0,0-0,Athletic Club Bilbao (38)
?,(Sun) 18 May 2014 (W20),CA Osasuna (38),2-1,2-0,Real Betis (38)
?,(Sun) 18 May 2014 (W20),Sevilla FC (38),3-1,1-0,Elche CF (38)
?,(Sun) 18 May 2014 (W20),Real Sociedad (38),1-2,0-1,Villarreal CF (38)
?,(Sun) 18 May 2014 (W20),Real Valladolid CF (38),0-1,0-1,Granada CF (38)
?,(Sun) 18 May 2014 (W20),Rayo Vallecano (38),1-2,0-1,Getafe CF (38)
