Round,Date,Team 1,FT,HT,Team 2
?,(Fri) 16 Aug 2013 (W33),Girona FC (1),1-0,0-0,Deportivo Alavés (1)
?,(Sat) 17 Aug 2013 (W33),Córdoba CF (1),1-0,0-0,SD Ponferradina (1)
?,(Sat) 17 Aug 2013 (W33),Hércules CF (1),1-1,0-0,Real Zaragoza (1)
?,(Sat) 17 Aug 2013 (W33),UD Las Palmas (1),0-1,0-0,RCD La Coruña (1)
?,(Sat) 17 Aug 2013 (W33),CD Lugo (1),0-0,0-0,CD Numancia (1)
?,(Sat) 17 Aug 2013 (W33),CD Mirandés (1),2-1,1-0,FC Barcelona B (1)
?,(Sun) 18 Aug 2013 (W33),AD Alcorcón (1),1-0,0-0,CD Tenerife (1)
?,(Sun) 18 Aug 2013 (W33),Real Jaén CF (1),1-2,0-1,SD Eibar (1)
?,(Sun) 18 Aug 2013 (W33),Real Murcia CF (1),2-3,0-1,Recreativo Huelva (1)
?,(Sun) 18 Aug 2013 (W33),CE Sabadell (1),4-0,2-0,RCD Mallorca (1)
?,(Sun) 18 Aug 2013 (W33),Sporting Gijón (1),1-0,1-0,Real Madrid B (1)
?,(Sat) 24 Aug 2013 (W34),Deportivo Alavés (2),1-1,0-1,UD Las Palmas (2)
?,(Sat) 24 Aug 2013 (W34),FC Barcelona B (2),2-1,1-1,CD Lugo (2)
?,(Sat) 24 Aug 2013 (W34),SD Eibar (2),0-3,0-0,Girona FC (2)
?,(Sat) 24 Aug 2013 (W34),RCD La Coruña (2),0-1,0-0,Córdoba CF (2)
?,(Sat) 24 Aug 2013 (W34),Real Madrid B (2),0-1,0-1,AD Alcorcón (2)
?,(Sat) 24 Aug 2013 (W34),Real Zaragoza (2),0-0,0-0,CD Mirandés (2)
?,(Sun) 25 Aug 2013 (W34),RCD Mallorca (2),2-4,0-2,Real Murcia CF (2)
?,(Sun) 25 Aug 2013 (W34),CD Numancia (2),4-2,3-1,Real Jaén CF (2)
?,(Sun) 25 Aug 2013 (W34),SD Ponferradina (2),2-0,0-0,CE Sabadell (2)
?,(Sun) 25 Aug 2013 (W34),Recreativo Huelva (2),1-1,0-0,Sporting Gijón (2)
?,(Sun) 25 Aug 2013 (W34),CD Tenerife (2),0-0,0-0,Hércules CF (2)
?,(Sat) 31 Aug 2013 (W35),FC Barcelona B (3),1-0,0-0,Real Zaragoza (3)
?,(Sat) 31 Aug 2013 (W35),Girona FC (3),2-2,0-1,CD Numancia (3)
?,(Sat) 31 Aug 2013 (W35),Hércules CF (3),2-1,1-1,Real Madrid B (3)
?,(Sat) 31 Aug 2013 (W35),UD Las Palmas (3),1-1,0-1,SD Eibar (3)
?,(Sat) 31 Aug 2013 (W35),CE Sabadell (3),0-3,0-0,RCD La Coruña (3)
?,(Sun) 1 Sep 2013 (W35),AD Alcorcón (3),3-0,1-0,Recreativo Huelva (3)
?,(Sun) 1 Sep 2013 (W35),Córdoba CF (3),1-1,0-1,Deportivo Alavés (3)
?,(Sun) 1 Sep 2013 (W35),CD Lugo (3),4-2,4-1,Real Jaén CF (3)
?,(Sun) 1 Sep 2013 (W35),CD Mirandés (3),2-0,0-0,CD Tenerife (3)
?,(Sun) 1 Sep 2013 (W35),Real Murcia CF (3),2-2,1-1,SD Ponferradina (3)
?,(Sun) 1 Sep 2013 (W35),Sporting Gijón (3),3-0,1-0,RCD Mallorca (3)
?,(Sat) 7 Sep 2013 (W36),Deportivo Alavés (4),1-1,1-0,CE Sabadell (4)
?,(Sat) 7 Sep 2013 (W36),RCD Mallorca (4),2-1,1-0,AD Alcorcón (4)
?,(Sat) 7 Sep 2013 (W36),CD Numancia (4),1-1,0-0,UD Las Palmas (4)
?,(Sat) 7 Sep 2013 (W36),Real Zaragoza (4),0-1,0-0,CD Lugo (4)
?,(Sun) 8 Sep 2013 (W36),SD Eibar (4),1-0,0-0,Córdoba CF (4)
?,(Sun) 8 Sep 2013 (W36),Real Jaén CF (4),3-1,1-0,Girona FC (4)
?,(Sun) 8 Sep 2013 (W36),RCD La Coruña (4),0-1,0-1,Real Murcia CF (4)
?,(Sun) 8 Sep 2013 (W36),SD Ponferradina (4),2-2,1-1,Sporting Gijón (4)
?,(Sun) 8 Sep 2013 (W36),Real Madrid B (4),0-1,0-1,CD Mirandés (4)
?,(Sun) 8 Sep 2013 (W36),Recreativo Huelva (4),2-0,1-0,Hércules CF (4)
?,(Sun) 8 Sep 2013 (W36),CD Tenerife (4),2-2,1-0,FC Barcelona B (4)
?,(Sat) 14 Sep 2013 (W37),Córdoba CF (5),3-1,1-1,CD Numancia (5)
?,(Sat) 14 Sep 2013 (W37),CD Lugo (5),1-2,1-0,Girona FC (5)
?,(Sat) 14 Sep 2013 (W37),CD Mirandés (5),0-3,0-1,Recreativo Huelva (5)
?,(Sat) 14 Sep 2013 (W37),CE Sabadell (5),1-0,0-0,SD Eibar (5)
?,(Sat) 14 Sep 2013 (W37),Real Zaragoza (5),3-0,0-0,CD Tenerife (5)
?,(Sun) 15 Sep 2013 (W37),AD Alcorcón (5),0-1,0-1,SD Ponferradina (5)
?,(Sun) 15 Sep 2013 (W37),FC Barcelona B (5),2-0,2-0,Real Madrid B (5)
?,(Sun) 15 Sep 2013 (W37),Hércules CF (5),2-2,0-1,RCD Mallorca (5)
?,(Sun) 15 Sep 2013 (W37),UD Las Palmas (5),1-0,1-0,Real Jaén CF (5)
?,(Sun) 15 Sep 2013 (W37),Real Murcia CF (5),2-1,0-0,Deportivo Alavés (5)
?,(Sun) 15 Sep 2013 (W37),Sporting Gijón (5),2-0,0-0,RCD La Coruña (5)
?,(Fri) 20 Sep 2013 (W38),Recreativo Huelva (6),3-0,0-0,FC Barcelona B (6)
?,(Sat) 21 Sep 2013 (W38),SD Eibar (6),0-0,0-0,Real Murcia CF (6)
?,(Sat) 21 Sep 2013 (W38),CD Numancia (6),3-1,1-1,CE Sabadell (6)
?,(Sat) 21 Sep 2013 (W38),Real Madrid B (6),1-2,0-1,Real Zaragoza (6)
?,(Sat) 21 Sep 2013 (W38),CD Tenerife (6),0-1,0-0,CD Lugo (6)
?,(Sun) 22 Sep 2013 (W38),Deportivo Alavés (6),3-0,2-0,Sporting Gijón (6)
?,(Sun) 22 Sep 2013 (W38),Girona FC (6),0-2,0-0,UD Las Palmas (6)
?,(Sun) 22 Sep 2013 (W38),Real Jaén CF (6),0-0,0-0,Córdoba CF (6)
?,(Sun) 22 Sep 2013 (W38),RCD La Coruña (6),1-0,1-0,AD Alcorcón (6)
?,(Sun) 22 Sep 2013 (W38),RCD Mallorca (6),1-0,1-0,CD Mirandés (6)
?,(Sun) 22 Sep 2013 (W38),SD Ponferradina (6),5-1,3-0,Hércules CF (6)
?,(Sat) 28 Sep 2013 (W39),AD Alcorcón (7),2-0,1-0,Deportivo Alavés (7)
?,(Sat) 28 Sep 2013 (W39),CD Lugo (7),3-0,2-0,UD Las Palmas (7)
?,(Sat) 28 Sep 2013 (W39),CE Sabadell (7),3-0,1-0,Real Jaén CF (7)
?,(Sat) 28 Sep 2013 (W39),Sporting Gijón (7),3-2,1-1,SD Eibar (7)
?,(Sun) 29 Sep 2013 (W39),FC Barcelona B (7),0-1,0-0,RCD Mallorca (7)
?,(Sun) 29 Sep 2013 (W39),Córdoba CF (7),2-0,0-0,Girona FC (7)
?,(Sun) 29 Sep 2013 (W39),Hércules CF (7),0-2,0-2,RCD La Coruña (7)
?,(Sun) 29 Sep 2013 (W39),CD Mirandés (7),1-0,0-0,SD Ponferradina (7)
?,(Sun) 29 Sep 2013 (W39),Real Murcia CF (7),2-1,1-0,CD Numancia (7)
?,(Sun) 29 Sep 2013 (W39),CD Tenerife (7),1-0,0-0,Real Madrid B (7)
?,(Sun) 29 Sep 2013 (W39),Real Zaragoza (7),1-2,0-1,Recreativo Huelva (7)
?,(Sat) 5 Oct 2013 (W40),RCD La Coruña (8),0-0,0-0,CD Mirandés (8)
?,(Sat) 5 Oct 2013 (W40),UD Las Palmas (8),2-0,0-0,Córdoba CF (8)
?,(Sat) 5 Oct 2013 (W40),CD Numancia (8),0-0,0-0,Sporting Gijón (8)
?,(Sun) 6 Oct 2013 (W40),Deportivo Alavés (8),3-1,1-1,Hércules CF (8)
?,(Sun) 6 Oct 2013 (W40),SD Eibar (8),0-0,0-0,AD Alcorcón (8)
?,(Sun) 6 Oct 2013 (W40),Girona FC (8),1-1,0-0,CE Sabadell (8)
?,(Sun) 6 Oct 2013 (W40),Real Jaén CF (8),3-2,2-0,Real Murcia CF (8)
?,(Sun) 6 Oct 2013 (W40),RCD Mallorca (8),2-4,1-3,Real Zaragoza (8)
?,(Sun) 6 Oct 2013 (W40),SD Ponferradina (8),1-0,0-0,FC Barcelona B (8)
?,(Sun) 6 Oct 2013 (W40),Real Madrid B (8),2-0,2-0,CD Lugo (8)
?,(Sun) 6 Oct 2013 (W40),Recreativo Huelva (8),2-1,0-0,CD Tenerife (8)
?,(Sat) 12 Oct 2013 (W41),CD Lugo (9),1-0,0-0,Córdoba CF (9)
?,(Sat) 12 Oct 2013 (W41),CD Mirandés (9),2-3,1-3,Deportivo Alavés (9)
?,(Sat) 12 Oct 2013 (W41),Real Murcia CF (9),1-0,0-0,Girona FC (9)
?,(Sat) 12 Oct 2013 (W41),Real Madrid B (9),1-2,1-2,Recreativo Huelva (9)
?,(Sat) 12 Oct 2013 (W41),CE Sabadell (9),0-0,0-0,UD Las Palmas (9)
?,(Sun) 13 Oct 2013 (W41),AD Alcorcón (9),0-1,0-0,CD Numancia (9)
?,(Sun) 13 Oct 2013 (W41),FC Barcelona B (9),0-1,0-1,RCD La Coruña (9)
?,(Sun) 13 Oct 2013 (W41),Hércules CF (9),0-0,0-0,SD Eibar (9)
?,(Sun) 13 Oct 2013 (W41),Sporting Gijón (9),1-1,1-0,Real Jaén CF (9)
?,(Sun) 13 Oct 2013 (W41),CD Tenerife (9),0-1,0-0,RCD Mallorca (9)
?,(Sun) 13 Oct 2013 (W41),Real Zaragoza (9),2-1,1-1,SD Ponferradina (9)
?,(Sat) 19 Oct 2013 (W42),Deportivo Alavés (10),2-3,1-2,FC Barcelona B (10)
?,(Sat) 19 Oct 2013 (W42),Córdoba CF (10),1-0,1-0,CE Sabadell (10)
?,(Sat) 19 Oct 2013 (W42),SD Ponferradina (10),0-1,0-0,CD Tenerife (10)
?,(Sat) 19 Oct 2013 (W42),Recreativo Huelva (10),3-3,0-3,CD Lugo (10)
?,(Sun) 20 Oct 2013 (W42),SD Eibar (10),1-0,0-0,CD Mirandés (10)
?,(Sun) 20 Oct 2013 (W42),Girona FC (10),2-1,0-1,Sporting Gijón (10)
?,(Sun) 20 Oct 2013 (W42),Real Jaén CF (10),1-0,0-0,AD Alcorcón (10)
?,(Sun) 20 Oct 2013 (W42),RCD La Coruña (10),1-1,0-0,Real Zaragoza (10)
?,(Sun) 20 Oct 2013 (W42),UD Las Palmas (10),0-0,0-0,Real Murcia CF (10)
?,(Sun) 20 Oct 2013 (W42),RCD Mallorca (10),2-0,2-0,Real Madrid B (10)
?,(Sun) 20 Oct 2013 (W42),CD Numancia (10),1-1,0-1,Hércules CF (10)
?,(Sat) 26 Oct 2013 (W43),CD Tenerife (11),2-0,0-0,RCD La Coruña (11)
?,(Sat) 26 Oct 2013 (W43),Real Zaragoza (11),2-2,2-0,Deportivo Alavés (11)
?,(Sun) 27 Oct 2013 (W43),AD Alcorcón (11),0-0,0-0,Girona FC (11)
?,(Sun) 27 Oct 2013 (W43),FC Barcelona B (11),0-2,0-0,SD Eibar (11)
?,(Sun) 27 Oct 2013 (W43),Hércules CF (11),0-1,0-0,Real Jaén CF (11)
?,(Sun) 27 Oct 2013 (W43),CD Lugo (11),1-0,1-0,CE Sabadell (11)
?,(Sun) 27 Oct 2013 (W43),CD Mirandés (11),0-0,0-0,CD Numancia (11)
?,(Sun) 27 Oct 2013 (W43),Real Murcia CF (11),2-2,0-0,Córdoba CF (11)
?,(Sun) 27 Oct 2013 (W43),Real Madrid B (11),1-1,1-0,SD Ponferradina (11)
?,(Sun) 27 Oct 2013 (W43),Recreativo Huelva (11),3-1,1-1,RCD Mallorca (11)
?,(Sun) 27 Oct 2013 (W43),Sporting Gijón (11),2-3,2-2,UD Las Palmas (11)
?,(Sat) 2 Nov 2013 (W44),SD Eibar (12),3-2,2-0,Real Zaragoza (12)
?,(Sat) 2 Nov 2013 (W44),Girona FC (12),2-2,1-1,Hércules CF (12)
?,(Sat) 2 Nov 2013 (W44),UD Las Palmas (12),1-0,0-0,AD Alcorcón (12)
?,(Sat) 2 Nov 2013 (W44),RCD Mallorca (12),0-0,0-0,CD Lugo (12)
?,(Sat) 2 Nov 2013 (W44),CD Numancia (12),1-0,0-0,FC Barcelona B (12)
?,(Sun) 3 Nov 2013 (W44),Deportivo Alavés (12),2-2,2-0,CD Tenerife (12)
?,(Sun) 3 Nov 2013 (W44),Córdoba CF (12),2-2,1-0,Sporting Gijón (12)
?,(Sun) 3 Nov 2013 (W44),Real Jaén CF (12),1-2,0-1,CD Mirandés (12)
?,(Sun) 3 Nov 2013 (W44),RCD La Coruña (12),2-0,1-0,Real Madrid B (12)
?,(Sun) 3 Nov 2013 (W44),SD Ponferradina (12),3-1,1-0,Recreativo Huelva (12)
?,(Sun) 3 Nov 2013 (W44),CE Sabadell (12),2-1,1-1,Real Murcia CF (12)
?,(Sat) 9 Nov 2013 (W45),AD Alcorcón (13),0-0,0-0,Córdoba CF (13)
?,(Sat) 9 Nov 2013 (W45),FC Barcelona B (13),0-3,0-2,Real Jaén CF (13)
?,(Sat) 9 Nov 2013 (W45),Hércules CF (13),2-1,1-1,UD Las Palmas (13)
?,(Sat) 9 Nov 2013 (W45),CD Lugo (13),1-1,0-0,Real Murcia CF (13)
?,(Sat) 9 Nov 2013 (W45),Real Zaragoza (13),1-2,0-0,CD Numancia (13)
?,(Sun) 10 Nov 2013 (W45),RCD Mallorca (13),2-2,2-1,SD Ponferradina (13)
?,(Sun) 10 Nov 2013 (W45),CD Mirandés (13),1-2,0-2,Girona FC (13)
?,(Sun) 10 Nov 2013 (W45),Real Madrid B (13),1-0,1-0,Deportivo Alavés (13)
?,(Sun) 10 Nov 2013 (W45),Recreativo Huelva (13),0-1,0-0,RCD La Coruña (13)
?,(Sun) 10 Nov 2013 (W45),Sporting Gijón (13),3-1,0-0,CE Sabadell (13)
?,(Sun) 10 Nov 2013 (W45),CD Tenerife (13),2-0,1-0,SD Eibar (13)
?,(Sat) 16 Nov 2013 (W46),Deportivo Alavés (14),3-3,2-1,Recreativo Huelva (14)
?,(Sat) 16 Nov 2013 (W46),Girona FC (14),1-2,1-1,FC Barcelona B (14)
?,(Sat) 16 Nov 2013 (W46),Real Jaén CF (14),3-0,2-0,Real Zaragoza (14)
?,(Sat) 16 Nov 2013 (W46),UD Las Palmas (14),3-1,1-0,CD Mirandés (14)
?,(Sat) 16 Nov 2013 (W46),Real Murcia CF (14),1-1,1-1,Sporting Gijón (14)
?,(Sat) 16 Nov 2013 (W46),SD Ponferradina (14),0-2,0-0,CD Lugo (14)
?,(Sat) 16 Nov 2013 (W46),CE Sabadell (14),1-2,0-1,AD Alcorcón (14)
?,(Sun) 17 Nov 2013 (W46),Córdoba CF (14),4-2,2-0,Hércules CF (14)
?,(Sun) 17 Nov 2013 (W46),SD Eibar (14),6-0,1-0,Real Madrid B (14)
?,(Sun) 17 Nov 2013 (W46),RCD La Coruña (14),3-1,2-0,RCD Mallorca (14)
?,(Sun) 17 Nov 2013 (W46),CD Numancia (14),0-0,0-0,CD Tenerife (14)
?,(Sat) 23 Nov 2013 (W47),FC Barcelona B (15),1-2,1-0,UD Las Palmas (15)
?,(Sat) 23 Nov 2013 (W47),RCD Mallorca (15),2-1,0-0,Deportivo Alavés (15)
?,(Sat) 23 Nov 2013 (W47),Real Madrid B (15),0-0,0-0,CD Numancia (15)
?,(Sun) 24 Nov 2013 (W47),AD Alcorcón (15),0-0,0-0,Real Murcia CF (15)
?,(Sun) 24 Nov 2013 (W47),Hércules CF (15),3-0,0-0,CE Sabadell (15)
?,(Sun) 24 Nov 2013 (W47),CD Lugo (15),1-3,1-2,Sporting Gijón (15)
?,(Sun) 24 Nov 2013 (W47),CD Mirandés (15),3-1,2-1,Córdoba CF (15)
?,(Sun) 24 Nov 2013 (W47),SD Ponferradina (15),0-1,0-1,RCD La Coruña (15)
?,(Sun) 24 Nov 2013 (W47),Recreativo Huelva (15),1-2,0-0,SD Eibar (15)
?,(Sun) 24 Nov 2013 (W47),CD Tenerife (15),2-1,1-0,Real Jaén CF (15)
?,(Sun) 24 Nov 2013 (W47),Real Zaragoza (15),1-0,0-0,Girona FC (15)
?,(Sat) 30 Nov 2013 (W48),Córdoba CF (16),1-2,0-1,FC Barcelona B (16)
?,(Sat) 30 Nov 2013 (W48),SD Eibar (16),0-1,0-0,RCD Mallorca (16)
?,(Sat) 30 Nov 2013 (W48),RCD La Coruña (16),0-0,0-0,CD Lugo (16)
?,(Sat) 30 Nov 2013 (W48),UD Las Palmas (16),0-1,0-0,Real Zaragoza (16)
?,(Sun) 1 Dec 2013 (W48),Deportivo Alavés (16),2-2,1-0,SD Ponferradina (16)
?,(Sun) 1 Dec 2013 (W48),Girona FC (16),2-2,0-1,CD Tenerife (16)
?,(Sun) 1 Dec 2013 (W48),Real Jaén CF (16),0-1,0-0,Real Madrid B (16)
?,(Sun) 1 Dec 2013 (W48),Real Murcia CF (16),1-2,0-2,Hércules CF (16)
?,(Sun) 1 Dec 2013 (W48),CD Numancia (16),2-3,2-1,Recreativo Huelva (16)
?,(Sun) 1 Dec 2013 (W48),CE Sabadell (16),3-1,2-0,CD Mirandés (16)
?,(Sun) 1 Dec 2013 (W48),Sporting Gijón (16),2-2,1-2,AD Alcorcón (16)
?,(Wed) 4 Dec 2013 (W49),CD Lugo (17),1-2,0-0,AD Alcorcón (17)
?,(Wed) 4 Dec 2013 (W49),Real Madrid B (17),3-2,1-1,Girona FC (17)
?,(Wed) 4 Dec 2013 (W49),Recreativo Huelva (17),1-1,1-1,Real Jaén CF (17)
?,(Wed) 4 Dec 2013 (W49),CD Tenerife (17),3-0,1-0,UD Las Palmas (17)
?,(Sat) 7 Dec 2013 (W49),FC Barcelona B (17),2-0,0-0,CE Sabadell (17)
?,(Sat) 7 Dec 2013 (W49),Hércules CF (17),0-1,0-1,Sporting Gijón (17)
?,(Sat) 7 Dec 2013 (W49),RCD La Coruña (17),2-1,1-0,Deportivo Alavés (17)
?,(Sun) 8 Dec 2013 (W49),RCD Mallorca (17),0-0,0-0,CD Numancia (17)
?,(Sun) 8 Dec 2013 (W49),CD Mirandés (17),1-1,0-1,Real Murcia CF (17)
?,(Sun) 8 Dec 2013 (W49),SD Ponferradina (17),2-1,1-1,SD Eibar (17)
?,(Sun) 8 Dec 2013 (W49),Real Zaragoza (17),2-1,1-0,Córdoba CF (17)
?,(Sat) 14 Dec 2013 (W50),Deportivo Alavés (18),2-1,1-0,CD Lugo (18)
?,(Sat) 14 Dec 2013 (W50),AD Alcorcón (18),0-2,0-0,Hércules CF (18)
?,(Sat) 14 Dec 2013 (W50),Girona FC (18),1-1,1-0,Recreativo Huelva (18)
?,(Sat) 14 Dec 2013 (W50),UD Las Palmas (18),0-2,0-1,Real Madrid B (18)
?,(Sat) 14 Dec 2013 (W50),CD Numancia (18),2-0,1-0,SD Ponferradina (18)
?,(Sat) 14 Dec 2013 (W50),CE Sabadell (18),1-0,0-0,Real Zaragoza (18)
?,(Sun) 15 Dec 2013 (W50),Córdoba CF (18),1-0,0-0,CD Tenerife (18)
?,(Sun) 15 Dec 2013 (W50),SD Eibar (18),2-1,1-0,RCD La Coruña (18)
?,(Sun) 15 Dec 2013 (W50),Real Jaén CF (18),2-1,2-0,RCD Mallorca (18)
?,(Sun) 15 Dec 2013 (W50),Real Murcia CF (18),3-1,0-1,FC Barcelona B (18)
?,(Sun) 15 Dec 2013 (W50),Sporting Gijón (18),3-2,3-1,CD Mirandés (18)
?,(Sat) 21 Dec 2013 (W51),Deportivo Alavés (19),0-2,0-1,SD Eibar (19)
?,(Sat) 21 Dec 2013 (W51),FC Barcelona B (19),2-2,1-1,Sporting Gijón (19)
?,(Sat) 21 Dec 2013 (W51),RCD La Coruña (19),3-3,2-1,CD Numancia (19)
?,(Sat) 21 Dec 2013 (W51),CD Lugo (19),1-3,0-2,Hércules CF (19)
?,(Sat) 21 Dec 2013 (W51),Real Madrid B (19),3-1,1-0,Córdoba CF (19)
?,(Sat) 21 Dec 2013 (W51),CD Tenerife (19),0-3,0-1,CE Sabadell (19)
?,(Sun) 22 Dec 2013 (W51),RCD Mallorca (19),2-0,1-0,Girona FC (19)
?,(Sun) 22 Dec 2013 (W51),CD Mirandés (19),1-1,0-0,AD Alcorcón (19)
?,(Sun) 22 Dec 2013 (W51),SD Ponferradina (19),1-0,1-0,Real Jaén CF (19)
?,(Sun) 22 Dec 2013 (W51),Recreativo Huelva (19),1-3,1-2,UD Las Palmas (19)
?,(Sun) 22 Dec 2013 (W51),Real Zaragoza (19),0-0,0-0,Real Murcia CF (19)
?,(Sat) 4 Jan 2014 (W1),Córdoba CF (20),2-0,1-0,Recreativo Huelva (20)
?,(Sat) 4 Jan 2014 (W1),Hércules CF (20),1-0,1-0,CD Mirandés (20)
?,(Sat) 4 Jan 2014 (W1),UD Las Palmas (20),2-2,1-0,RCD Mallorca (20)
?,(Sat) 4 Jan 2014 (W1),CD Lugo (20),0-0,0-0,SD Eibar (20)
?,(Sat) 4 Jan 2014 (W1),Real Murcia CF (20),1-2,1-2,CD Tenerife (20)
?,(Sat) 4 Jan 2014 (W1),CD Numancia (20),0-2,0-0,Deportivo Alavés (20)
?,(Sat) 4 Jan 2014 (W1),CE Sabadell (20),3-2,2-1,Real Madrid B (20)
?,(Sun) 5 Jan 2014 (W1),AD Alcorcón (20),2-2,0-1,FC Barcelona B (20)
?,(Sun) 5 Jan 2014 (W1),Girona FC (20),1-1,0-0,SD Ponferradina (20)
?,(Sun) 5 Jan 2014 (W1),Real Jaén CF (20),0-0,0-0,RCD La Coruña (20)
?,(Sun) 5 Jan 2014 (W1),Sporting Gijón (20),2-3,1-1,Real Zaragoza (20)
?,(Sat) 11 Jan 2014 (W2),Deportivo Alavés (21),1-2,0-0,Real Jaén CF (21)
?,(Sat) 11 Jan 2014 (W2),RCD La Coruña (21),0-0,0-0,Girona FC (21)
?,(Sat) 11 Jan 2014 (W2),SD Ponferradina (21),0-0,0-0,UD Las Palmas (21)
?,(Sat) 11 Jan 2014 (W2),Real Madrid B (21),2-2,2-1,Real Murcia CF (21)
?,(Sun) 12 Jan 2014 (W2),FC Barcelona B (21),5-0,2-0,Hércules CF (21)
?,(Sun) 12 Jan 2014 (W2),SD Eibar (21),1-2,0-1,CD Numancia (21)
?,(Sun) 12 Jan 2014 (W2),RCD Mallorca (21),2-2,0-1,Córdoba CF (21)
?,(Sun) 12 Jan 2014 (W2),CD Mirandés (21),2-0,0-0,CD Lugo (21)
?,(Sun) 12 Jan 2014 (W2),Recreativo Huelva (21),1-2,1-0,CE Sabadell (21)
?,(Sun) 12 Jan 2014 (W2),CD Tenerife (21),0-0,0-0,Sporting Gijón (21)
?,(Sun) 12 Jan 2014 (W2),Real Zaragoza (21),3-1,2-0,AD Alcorcón (21)
?,(Sat) 18 Jan 2014 (W3),Deportivo Alavés (22),1-1,1-0,Girona FC (22)
?,(Sat) 18 Jan 2014 (W3),Real Madrid B (22),1-2,0-1,Sporting Gijón (22)
?,(Sat) 18 Jan 2014 (W3),Recreativo Huelva (22),0-0,0-0,Real Murcia CF (22)
?,(Sat) 18 Jan 2014 (W3),CD Tenerife (22),0-4,0-2,AD Alcorcón (22)
?,(Sun) 19 Jan 2014 (W3),FC Barcelona B (22),1-1,1-1,CD Mirandés (22)
?,(Sun) 19 Jan 2014 (W3),SD Eibar (22),2-0,1-0,Real Jaén CF (22)
?,(Sun) 19 Jan 2014 (W3),RCD La Coruña (22),1-2,1-1,UD Las Palmas (22)
?,(Sun) 19 Jan 2014 (W3),RCD Mallorca (22),4-1,2-0,CE Sabadell (22)
?,(Sun) 19 Jan 2014 (W3),CD Numancia (22),0-1,0-0,CD Lugo (22)
?,(Sun) 19 Jan 2014 (W3),SD Ponferradina (22),0-1,0-0,Córdoba CF (22)
?,(Sun) 19 Jan 2014 (W3),Real Zaragoza (22),0-0,0-0,Hércules CF (22)
?,(Sat) 25 Jan 2014 (W4),Córdoba CF (23),0-1,0-0,RCD La Coruña (23)
?,(Sat) 25 Jan 2014 (W4),Girona FC (23),1-1,0-0,SD Eibar (23)
?,(Sat) 25 Jan 2014 (W4),UD Las Palmas (23),0-2,0-1,Deportivo Alavés (23)
?,(Sat) 25 Jan 2014 (W4),CD Lugo (23),1-0,0-0,FC Barcelona B (23)
?,(Sat) 25 Jan 2014 (W4),CD Mirandés (23),0-1,0-0,Real Zaragoza (23)
?,(Sun) 26 Jan 2014 (W4),AD Alcorcón (23),0-2,0-0,Real Madrid B (23)
?,(Sun) 26 Jan 2014 (W4),Hércules CF (23),2-3,1-2,CD Tenerife (23)
?,(Sun) 26 Jan 2014 (W4),Real Jaén CF (23),0-0,0-0,CD Numancia (23)
?,(Sun) 26 Jan 2014 (W4),Real Murcia CF (23),2-2,1-1,RCD Mallorca (23)
?,(Sun) 26 Jan 2014 (W4),CE Sabadell (23),1-1,1-1,SD Ponferradina (23)
?,(Sun) 26 Jan 2014 (W4),Sporting Gijón (23),0-0,0-0,Recreativo Huelva (23)
?,(Sat) 1 Feb 2014 (W5),SD Eibar (24),1-0,1-0,UD Las Palmas (24)
?,(Sat) 1 Feb 2014 (W5),RCD La Coruña (24),2-1,0-0,CE Sabadell (24)
?,(Sat) 1 Feb 2014 (W5),SD Ponferradina (24),2-0,1-0,Real Murcia CF (24)
?,(Sat) 1 Feb 2014 (W5),Real Madrid B (24),4-0,2-0,Hércules CF (24)
?,(Sun) 2 Feb 2014 (W5),Deportivo Alavés (24),1-1,1-1,Córdoba CF (24)
?,(Sun) 2 Feb 2014 (W5),Real Jaén CF (24),0-0,0-0,CD Lugo (24)
?,(Sun) 2 Feb 2014 (W5),RCD Mallorca (24),1-3,0-1,Sporting Gijón (24)
?,(Sun) 2 Feb 2014 (W5),CD Numancia (24),0-0,0-0,Girona FC (24)
?,(Sun) 2 Feb 2014 (W5),Recreativo Huelva (24),2-1,1-0,AD Alcorcón (24)
?,(Sun) 2 Feb 2014 (W5),CD Tenerife (24),3-0,1-0,CD Mirandés (24)
?,(Sun) 2 Feb 2014 (W5),Real Zaragoza (24),0-2,0-1,FC Barcelona B (24)
?,(Sat) 8 Feb 2014 (W6),Girona FC (25),1-1,1-0,Real Jaén CF (25)
?,(Sat) 8 Feb 2014 (W6),UD Las Palmas (25),0-0,0-0,CD Numancia (25)
?,(Sat) 8 Feb 2014 (W6),CD Lugo (25),1-0,0-0,Real Zaragoza (25)
?,(Sat) 8 Feb 2014 (W6),CE Sabadell (25),0-4,0-2,Deportivo Alavés (25)
?,(Sun) 9 Feb 2014 (W6),AD Alcorcón (25),1-1,1-0,RCD Mallorca (25)
?,(Sun) 9 Feb 2014 (W6),FC Barcelona B (25),2-0,1-0,CD Tenerife (25)
?,(Sun) 9 Feb 2014 (W6),Córdoba CF (25),0-2,0-1,SD Eibar (25)
?,(Sun) 9 Feb 2014 (W6),Hércules CF (25),1-2,0-0,Recreativo Huelva (25)
?,(Sun) 9 Feb 2014 (W6),CD Mirandés (25),2-1,0-0,Real Madrid B (25)
?,(Sun) 9 Feb 2014 (W6),Real Murcia CF (25),1-0,1-0,RCD La Coruña (25)
?,(Sun) 9 Feb 2014 (W6),Sporting Gijón (25),1-1,0-1,SD Ponferradina (25)
?,(Sat) 15 Feb 2014 (W7),SD Eibar (26),1-0,0-0,CE Sabadell (26)
?,(Sat) 15 Feb 2014 (W7),Real Jaén CF (26),3-0,2-0,UD Las Palmas (26)
?,(Sat) 15 Feb 2014 (W7),RCD Mallorca (26),0-1,0-1,Hércules CF (26)
?,(Sat) 15 Feb 2014 (W7),Real Madrid B (26),3-1,2-1,FC Barcelona B (26)
?,(Sat) 15 Feb 2014 (W7),CD Tenerife (26),1-1,1-0,Real Zaragoza (26)
?,(Sun) 16 Feb 2014 (W7),Deportivo Alavés (26),0-1,0-1,Real Murcia CF (26)
?,(Sun) 16 Feb 2014 (W7),Girona FC (26),6-0,2-0,CD Lugo (26)
?,(Sun) 16 Feb 2014 (W7),RCD La Coruña (26),1-1,0-1,Sporting Gijón (26)
?,(Sun) 16 Feb 2014 (W7),CD Numancia (26),3-0,0-0,Córdoba CF (26)
?,(Sun) 16 Feb 2014 (W7),SD Ponferradina (26),0-2,0-1,AD Alcorcón (26)
?,(Sun) 16 Feb 2014 (W7),Recreativo Huelva (26),1-0,1-0,CD Mirandés (26)
?,(Sat) 22 Feb 2014 (W8),FC Barcelona B (27),0-1,0-1,Recreativo Huelva (27)
?,(Sat) 22 Feb 2014 (W8),UD Las Palmas (27),2-1,0-0,Girona FC (27)
?,(Sat) 22 Feb 2014 (W8),CD Mirandés (27),0-0,0-0,RCD Mallorca (27)
?,(Sat) 22 Feb 2014 (W8),Sporting Gijón (27),2-0,0-0,Deportivo Alavés (27)
?,(Sun) 23 Feb 2014 (W8),AD Alcorcón (27),1-2,1-1,RCD La Coruña (27)
?,(Sun) 23 Feb 2014 (W8),Córdoba CF (27),0-0,0-0,Real Jaén CF (27)
?,(Sun) 23 Feb 2014 (W8),Hércules CF (27),1-0,0-0,SD Ponferradina (27)
?,(Sun) 23 Feb 2014 (W8),CD Lugo (27),1-3,1-1,CD Tenerife (27)
?,(Sun) 23 Feb 2014 (W8),Real Murcia CF (27),0-0,0-0,SD Eibar (27)
?,(Sun) 23 Feb 2014 (W8),CE Sabadell (27),0-0,0-0,CD Numancia (27)
?,(Sun) 23 Feb 2014 (W8),Real Zaragoza (27),0-2,0-1,Real Madrid B (27)
?,(Sat) 1 Mar 2014 (W9),Deportivo Alavés (28),1-0,0-0,AD Alcorcón (28)
?,(Sat) 1 Mar 2014 (W9),RCD Mallorca (28),1-2,0-2,FC Barcelona B (28)
?,(Sat) 1 Mar 2014 (W9),Real Madrid B (28),2-2,0-1,CD Tenerife (28)
?,(Sat) 1 Mar 2014 (W9),Recreativo Huelva (28),2-2,1-1,Real Zaragoza (28)
?,(Sun) 2 Mar 2014 (W9),SD Eibar (28),3-0,1-0,Sporting Gijón (28)
?,(Sun) 2 Mar 2014 (W9),Girona FC (28),0-1,0-0,Córdoba CF (28)
?,(Sun) 2 Mar 2014 (W9),Real Jaén CF (28),0-1,0-0,CE Sabadell (28)
?,(Sun) 2 Mar 2014 (W9),RCD La Coruña (28),3-2,2-0,Hércules CF (28)
?,(Sun) 2 Mar 2014 (W9),UD Las Palmas (28),0-0,0-0,CD Lugo (28)
?,(Sun) 2 Mar 2014 (W9),CD Numancia (28),1-0,0-0,Real Murcia CF (28)
?,(Sun) 2 Mar 2014 (W9),SD Ponferradina (28),1-1,0-0,CD Mirandés (28)
?,(Sat) 8 Mar 2014 (W10),AD Alcorcón (29),0-0,0-0,SD Eibar (29)
?,(Sat) 8 Mar 2014 (W10),Córdoba CF (29),0-1,0-1,UD Las Palmas (29)
?,(Sat) 8 Mar 2014 (W10),CD Mirandés (29),1-0,0-0,RCD La Coruña (29)
?,(Sat) 8 Mar 2014 (W10),CE Sabadell (29),4-0,1-0,Girona FC (29)
?,(Sun) 9 Mar 2014 (W10),FC Barcelona B (29),1-0,0-0,SD Ponferradina (29)
?,(Sun) 9 Mar 2014 (W10),Hércules CF (29),2-0,2-0,Deportivo Alavés (29)
?,(Sun) 9 Mar 2014 (W10),CD Lugo (29),1-1,1-0,Real Madrid B (29)
?,(Sun) 9 Mar 2014 (W10),Real Murcia CF (29),2-0,0-0,Real Jaén CF (29)
?,(Sun) 9 Mar 2014 (W10),Sporting Gijón (29),2-2,1-1,CD Numancia (29)
?,(Sun) 9 Mar 2014 (W10),CD Tenerife (29),1-0,1-0,Recreativo Huelva (29)
?,(Sun) 9 Mar 2014 (W10),Real Zaragoza (29),1-1,1-1,RCD Mallorca (29)
?,(Sat) 15 Mar 2014 (W11),Deportivo Alavés (30),0-2,0-1,CD Mirandés (30)
?,(Sat) 15 Mar 2014 (W11),Real Jaén CF (30),3-2,1-1,Sporting Gijón (30)
?,(Sat) 15 Mar 2014 (W11),RCD La Coruña (30),0-0,0-0,FC Barcelona B (30)
?,(Sat) 15 Mar 2014 (W11),UD Las Palmas (30),5-0,3-0,CE Sabadell (30)
?,(Sat) 15 Mar 2014 (W11),Recreativo Huelva (30),2-3,1-2,Real Madrid B (30)
?,(Sun) 16 Mar 2014 (W11),Córdoba CF (30),1-1,0-0,CD Lugo (30)
?,(Sun) 16 Mar 2014 (W11),SD Eibar (30),1-1,0-0,Hércules CF (30)
?,(Sun) 16 Mar 2014 (W11),Girona FC (30),0-1,0-0,Real Murcia CF (30)
?,(Sun) 16 Mar 2014 (W11),RCD Mallorca (30),2-0,1-0,CD Tenerife (30)
?,(Sun) 16 Mar 2014 (W11),CD Numancia (30),0-1,0-1,AD Alcorcón (30)
?,(Sun) 16 Mar 2014 (W11),SD Ponferradina (30),4-2,1-1,Real Zaragoza (30)
?,(Sat) 22 Mar 2014 (W12),AD Alcorcón (31),0-0,0-0,Real Jaén CF (31)
?,(Sat) 22 Mar 2014 (W12),FC Barcelona B (31),2-1,0-0,Deportivo Alavés (31)
?,(Sat) 22 Mar 2014 (W12),CD Lugo (31),2-0,0-0,Recreativo Huelva (31)
?,(Sat) 22 Mar 2014 (W12),CD Mirandés (31),1-4,0-1,SD Eibar (31)
?,(Sat) 22 Mar 2014 (W12),Real Murcia CF (31),1-3,0-1,UD Las Palmas (31)
?,(Sat) 22 Mar 2014 (W12),CE Sabadell (31),3-2,1-1,Córdoba CF (31)
?,(Sun) 23 Mar 2014 (W12),Hércules CF (31),0-0,0-0,CD Numancia (31)
?,(Sun) 23 Mar 2014 (W12),Real Madrid B (31),1-2,0-0,RCD Mallorca (31)
?,(Sun) 23 Mar 2014 (W12),Sporting Gijón (31),3-1,3-1,Girona FC (31)
?,(Sun) 23 Mar 2014 (W12),CD Tenerife (31),5-0,3-0,SD Ponferradina (31)
?,(Sun) 23 Mar 2014 (W12),Real Zaragoza (31),0-1,0-1,RCD La Coruña (31)
?,(Sat) 29 Mar 2014 (W13),Córdoba CF (32),1-1,0-0,Real Murcia CF (32)
?,(Sat) 29 Mar 2014 (W13),SD Eibar (32),0-0,0-0,FC Barcelona B (32)
?,(Sat) 29 Mar 2014 (W13),RCD La Coruña (32),1-1,1-0,CD Tenerife (32)
?,(Sat) 29 Mar 2014 (W13),RCD Mallorca (32),0-0,0-0,Recreativo Huelva (32)
?,(Sat) 29 Mar 2014 (W13),CD Numancia (32),0-1,0-0,CD Mirandés (32)
?,(Sat) 29 Mar 2014 (W13),SD Ponferradina (32),0-0,0-0,Real Madrid B (32)
?,(Sun) 30 Mar 2014 (W13),Deportivo Alavés (32),2-2,1-1,Real Zaragoza (32)
?,(Sun) 30 Mar 2014 (W13),Girona FC (32),3-1,1-0,AD Alcorcón (32)
?,(Sun) 30 Mar 2014 (W13),Real Jaén CF (32),1-1,1-1,Hércules CF (32)
?,(Sun) 30 Mar 2014 (W13),UD Las Palmas (32),2-1,0-0,Sporting Gijón (32)
?,(Sun) 30 Mar 2014 (W13),CE Sabadell (32),1-0,1-0,CD Lugo (32)
?,(Sat) 5 Apr 2014 (W14),AD Alcorcón (33),2-0,1-0,UD Las Palmas (33)
?,(Sat) 5 Apr 2014 (W14),Real Murcia CF (33),2-0,1-0,CE Sabadell (33)
?,(Sat) 5 Apr 2014 (W14),Real Madrid B (33),0-2,0-1,RCD La Coruña (33)
?,(Sun) 6 Apr 2014 (W14),FC Barcelona B (33),3-0,0-0,CD Numancia (33)
?,(Sun) 6 Apr 2014 (W14),Hércules CF (33),0-0,0-0,Girona FC (33)
?,(Sun) 6 Apr 2014 (W14),CD Lugo (33),2-1,1-1,RCD Mallorca (33)
?,(Sun) 6 Apr 2014 (W14),CD Mirandés (33),2-1,0-1,Real Jaén CF (33)
?,(Sun) 6 Apr 2014 (W14),Recreativo Huelva (33),1-0,1-0,SD Ponferradina (33)
?,(Sun) 6 Apr 2014 (W14),Sporting Gijón (33),1-2,0-1,Córdoba CF (33)
?,(Sun) 6 Apr 2014 (W14),CD Tenerife (33),2-0,2-0,Deportivo Alavés (33)
?,(Sun) 6 Apr 2014 (W14),Real Zaragoza (33),1-0,0-0,SD Eibar (33)
?,(Sat) 12 Apr 2014 (W15),Girona FC (34),4-0,1-0,CD Mirandés (34)
?,(Sat) 12 Apr 2014 (W15),UD Las Palmas (34),2-1,0-1,Hércules CF (34)
?,(Sat) 12 Apr 2014 (W15),CD Numancia (34),2-2,1-2,Real Zaragoza (34)
?,(Sat) 12 Apr 2014 (W15),CE Sabadell (34),2-0,0-0,Sporting Gijón (34)
?,(Sun) 13 Apr 2014 (W15),Deportivo Alavés (34),2-2,1-2,Real Madrid B (34)
?,(Sun) 13 Apr 2014 (W15),Córdoba CF (34),3-1,1-1,AD Alcorcón (34)
?,(Sun) 13 Apr 2014 (W15),SD Eibar (34),1-2,1-0,CD Tenerife (34)
?,(Sun) 13 Apr 2014 (W15),Real Jaén CF (34),0-3,0-1,FC Barcelona B (34)
?,(Sun) 13 Apr 2014 (W15),RCD La Coruña (34),2-0,1-0,Recreativo Huelva (34)
?,(Sun) 13 Apr 2014 (W15),Real Murcia CF (34),3-1,0-0,CD Lugo (34)
?,(Sun) 13 Apr 2014 (W15),SD Ponferradina (34),2-0,1-0,RCD Mallorca (34)
?,(Sat) 19 Apr 2014 (W16),FC Barcelona B (35),2-1,0-1,Girona FC (35)
?,(Sat) 19 Apr 2014 (W16),Hércules CF (35),0-1,0-1,Córdoba CF (35)
?,(Sat) 19 Apr 2014 (W16),CD Lugo (35),3-0,1-0,SD Ponferradina (35)
?,(Sat) 19 Apr 2014 (W16),CD Mirandés (35),2-1,1-1,UD Las Palmas (35)
?,(Sat) 19 Apr 2014 (W16),Real Madrid B (35),0-1,0-1,SD Eibar (35)
?,(Sun) 20 Apr 2014 (W16),AD Alcorcón (35),3-1,2-1,CE Sabadell (35)
?,(Sun) 20 Apr 2014 (W16),RCD Mallorca (35),0-3,0-1,RCD La Coruña (35)
?,(Sun) 20 Apr 2014 (W16),Recreativo Huelva (35),0-2,0-1,Deportivo Alavés (35)
?,(Sun) 20 Apr 2014 (W16),Sporting Gijón (35),0-0,0-0,Real Murcia CF (35)
?,(Sun) 20 Apr 2014 (W16),CD Tenerife (35),3-2,1-0,CD Numancia (35)
?,(Sun) 20 Apr 2014 (W16),Real Zaragoza (35),1-0,0-0,Real Jaén CF (35)
?,(Sat) 26 Apr 2014 (W17),Deportivo Alavés (36),1-0,0-0,RCD Mallorca (36)
?,(Sat) 26 Apr 2014 (W17),Córdoba CF (36),1-1,1-0,CD Mirandés (36)
?,(Sat) 26 Apr 2014 (W17),RCD La Coruña (36),0-3,0-1,SD Ponferradina (36)
?,(Sat) 26 Apr 2014 (W17),UD Las Palmas (36),0-2,0-0,FC Barcelona B (36)
?,(Sat) 26 Apr 2014 (W17),Sporting Gijón (36),2-0,1-0,CD Lugo (36)
?,(Sun) 27 Apr 2014 (W17),SD Eibar (36),0-0,0-0,Recreativo Huelva (36)
?,(Sun) 27 Apr 2014 (W17),Girona FC (36),2-0,1-0,Real Zaragoza (36)
?,(Sun) 27 Apr 2014 (W17),Real Jaén CF (36),1-0,0-0,CD Tenerife (36)
?,(Sun) 27 Apr 2014 (W17),Real Murcia CF (36),1-1,1-0,AD Alcorcón (36)
?,(Sun) 27 Apr 2014 (W17),CD Numancia (36),0-0,0-0,Real Madrid B (36)
?,(Sun) 27 Apr 2014 (W17),CE Sabadell (36),2-1,1-0,Hércules CF (36)
?,(Sat) 3 May 2014 (W18),AD Alcorcón (37),1-0,1-0,Sporting Gijón (37)
?,(Sat) 3 May 2014 (W18),FC Barcelona B (37),0-1,0-0,Córdoba CF (37)
?,(Sat) 3 May 2014 (W18),Hércules CF (37),2-3,1-1,Real Murcia CF (37)
?,(Sat) 3 May 2014 (W18),CD Lugo (37),2-2,0-2,RCD La Coruña (37)
?,(Sat) 3 May 2014 (W18),SD Ponferradina (37),2-1,0-1,Deportivo Alavés (37)
?,(Sun) 4 May 2014 (W18),RCD Mallorca (37),0-2,0-0,SD Eibar (37)
?,(Sun) 4 May 2014 (W18),CD Mirandés (37),2-2,2-1,CE Sabadell (37)
?,(Sun) 4 May 2014 (W18),Real Madrid B (37),1-1,0-0,Real Jaén CF (37)
?,(Sun) 4 May 2014 (W18),Recreativo Huelva (37),0-0,0-0,CD Numancia (37)
?,(Sun) 4 May 2014 (W18),CD Tenerife (37),0-1,0-0,Girona FC (37)
?,(Sun) 4 May 2014 (W18),Real Zaragoza (37),1-2,1-2,UD Las Palmas (37)
?,(Sat) 10 May 2014 (W19),AD Alcorcón (38),1-0,0-0,CD Lugo (38)
?,(Sat) 10 May 2014 (W19),SD Eibar (38),0-0,0-0,SD Ponferradina (38)
?,(Sat) 10 May 2014 (W19),Girona FC (38),1-1,0-0,Real Madrid B (38)
?,(Sat) 10 May 2014 (W19),UD Las Palmas (38),1-0,0-0,CD Tenerife (38)
?,(Sat) 10 May 2014 (W19),CD Numancia (38),1-1,0-1,RCD Mallorca (38)
?,(Sat) 10 May 2014 (W19),CE Sabadell (38),2-1,1-0,FC Barcelona B (38)
?,(Sat) 10 May 2014 (W19),Sporting Gijón (38),2-1,1-1,Hércules CF (38)
?,(Sun) 11 May 2014 (W19),Deportivo Alavés (38),1-1,0-0,RCD La Coruña (38)
?,(Sun) 11 May 2014 (W19),Córdoba CF (38),1-2,1-0,Real Zaragoza (38)
?,(Sun) 11 May 2014 (W19),Real Jaén CF (38),3-1,2-0,Recreativo Huelva (38)
?,(Sun) 11 May 2014 (W19),Real Murcia CF (38),5-0,3-0,CD Mirandés (38)
?,(Sat) 17 May 2014 (W20),FC Barcelona B (39),4-0,3-0,Real Murcia CF (39)
?,(Sat) 17 May 2014 (W20),Hércules CF (39),1-2,0-0,AD Alcorcón (39)
?,(Sat) 17 May 2014 (W20),RCD Mallorca (39),0-0,0-0,Real Jaén CF (39)
?,(Sat) 17 May 2014 (W20),CD Mirandés (39),1-1,0-1,Sporting Gijón (39)
?,(Sat) 17 May 2014 (W20),CD Tenerife (39),0-1,0-1,Córdoba CF (39)
?,(Sat) 17 May 2014 (W20),Real Zaragoza (39),2-2,2-0,CE Sabadell (39)
?,(Sun) 18 May 2014 (W20),RCD La Coruña (39),1-1,1-0,SD Eibar (39)
?,(Sun) 18 May 2014 (W20),CD Lugo (39),0-1,0-1,Deportivo Alavés (39)
?,(Sun) 18 May 2014 (W20),SD Ponferradina (39),0-1,0-0,CD Numancia (39)
?,(Sun) 18 May 2014 (W20),Real Madrid B (39),3-2,3-1,UD Las Palmas (39)
?,(Sun) 18 May 2014 (W20),Recreativo Huelva (39),1-0,1-0,Girona FC (39)
?,(Sat) 24 May 2014 (W21),Sporting Gijón (40),1-0,1-0,FC Barcelona B (40)
?,(Sun) 25 May 2014 (W21),AD Alcorcón (40),2-0,0-0,CD Mirandés (40)
?,(Sun) 25 May 2014 (W21),Córdoba CF (40),2-0,0-0,Real Madrid B (40)
?,(Sun) 25 May 2014 (W21),SD Eibar (40),1-0,0-0,Deportivo Alavés (40)
?,(Sun) 25 May 2014 (W21),Girona FC (40),1-1,1-0,RCD Mallorca (40)
?,(Sun) 25 May 2014 (W21),Hércules CF (40),1-1,0-0,CD Lugo (40)
?,(Sun) 25 May 2014 (W21),Real Jaén CF (40),0-1,0-1,SD Ponferradina (40)
?,(Sun) 25 May 2014 (W21),UD Las Palmas (40),2-3,1-0,Recreativo Huelva (40)
?,(Sun) 25 May 2014 (W21),Real Murcia CF (40),1-1,1-0,Real Zaragoza (40)
?,(Sun) 25 May 2014 (W21),CD Numancia (40),2-1,1-1,RCD La Coruña (40)
?,(Sun) 25 May 2014 (W21),CE Sabadell (40),1-0,1-0,CD Tenerife (40)
?,(Sat) 31 May 2014 (W22),Deportivo Alavés (41),3-1,1-0,CD Numancia (41)
?,(Sat) 31 May 2014 (W22),FC Barcelona B (41),4-3,0-2,AD Alcorcón (41)
?,(Sat) 31 May 2014 (W22),SD Eibar (41),1-0,1-0,CD Lugo (41)
?,(Sat) 31 May 2014 (W22),RCD La Coruña (41),1-0,1-0,Real Jaén CF (41)
?,(Sat) 31 May 2014 (W22),RCD Mallorca (41),2-0,0-0,UD Las Palmas (41)
?,(Sat) 31 May 2014 (W22),CD Mirandés (41),0-1,0-0,Hércules CF (41)
?,(Sat) 31 May 2014 (W22),SD Ponferradina (41),1-2,0-1,Girona FC (41)
?,(Sat) 31 May 2014 (W22),Real Madrid B (41),2-1,0-0,CE Sabadell (41)
?,(Sat) 31 May 2014 (W22),Recreativo Huelva (41),1-1,0-1,Córdoba CF (41)
?,(Sat) 31 May 2014 (W22),CD Tenerife (41),0-1,0-1,Real Murcia CF (41)
?,(Sat) 31 May 2014 (W22),Real Zaragoza (41),1-1,1-0,Sporting Gijón (41)
?,(Sat) 7 Jun 2014 (W23),Córdoba CF (42),0-0,0-0,RCD Mallorca (42)
?,(Sat) 7 Jun 2014 (W23),Girona FC (42),3-1,1-0,RCD La Coruña (42)
?,(Sat) 7 Jun 2014 (W23),Hércules CF (42),1-2,0-2,FC Barcelona B (42)
?,(Sat) 7 Jun 2014 (W23),Real Jaén CF (42),2-3,0-0,Deportivo Alavés (42)
?,(Sat) 7 Jun 2014 (W23),UD Las Palmas (42),3-2,1-1,SD Ponferradina (42)
?,(Sat) 7 Jun 2014 (W23),CD Lugo (42),1-0,0-0,CD Mirandés (42)
?,(Sat) 7 Jun 2014 (W23),Real Murcia CF (42),1-0,1-0,Real Madrid B (42)
?,(Sat) 7 Jun 2014 (W23),CE Sabadell (42),0-0,0-0,Recreativo Huelva (42)
?,(Sat) 7 Jun 2014 (W23),Sporting Gijón (42),3-0,3-0,CD Tenerife (42)
?,(Sun) 8 Jun 2014 (W23),AD Alcorcón (42),1-0,0-0,Real Zaragoza (42)
?,(Sun) 8 Jun 2014 (W23),CD Numancia (42),1-1,1-0,SD Eibar (42)
