Round,Date,Team 1,FT,HT,Team 2
?,(Sat) 25 Aug 2001 (W34),Atlético Madrid (1),2-0,0-0,Real Jaén CF (1)
?,(Sat) 25 Aug 2001 (W34),Polideportivo Ejido (1),0-1,0-0,Burgos CF (1)
?,(Sat) 25 Aug 2001 (W34),Elche CF (1),0-0,0-0,Racing Ferrol (1)
?,(Sat) 25 Aug 2001 (W34),Gimnàstic Tarragona (1),0-0,0-0,Real Racing Santander (1)
?,(Sun) 26 Aug 2001 (W34),Albacete Balompié (1),3-0,0-0,Levante UD (1)
?,(Sun) 26 Aug 2001 (W34),CD Badajoz (1),1-0,0-0,Recreativo Huelva (1)
?,(Sun) 26 Aug 2001 (W34),Córdoba CF (1),1-1,0-1,CD Leganés (1)
?,(Sun) 26 Aug 2001 (W34),Real Murcia CF (1),0-0,0-0,SD Eibar (1)
?,(Sun) 26 Aug 2001 (W34),CD Numancia (1),2-2,2-0,UD Salamanca (1)
?,(Sun) 26 Aug 2001 (W34),Real Oviedo (1),1-1,0-0,CF Extremadura (1)
?,(Sun) 26 Aug 2001 (W34),Xerez CD (1),1-0,0-0,Sporting Gijón (1)
?,(Sat) 1 Sep 2001 (W35),SD Eibar (2),0-3,0-2,Atlético Madrid (2)
?,(Sat) 1 Sep 2001 (W35),Racing Ferrol (2),2-0,1-0,Real Murcia CF (2)
?,(Sun) 2 Sep 2001 (W35),Burgos CF (2),1-0,1-0,Gimnàstic Tarragona (2)
?,(Sun) 2 Sep 2001 (W35),CF Extremadura (2),0-1,0-1,Xerez CD (2)
?,(Sun) 2 Sep 2001 (W35),Real Jaén CF (2),3-1,1-0,Polideportivo Ejido (2)
?,(Sun) 2 Sep 2001 (W35),CD Leganés (2),0-0,0-0,Elche CF (2)
?,(Sun) 2 Sep 2001 (W35),Levante UD (2),3-1,2-1,Córdoba CF (2)
?,(Sun) 2 Sep 2001 (W35),Real Racing Santander (2),1-1,1-0,Real Oviedo (2)
?,(Sun) 2 Sep 2001 (W35),Recreativo Huelva (2),1-0,0-0,CD Numancia (2)
?,(Sun) 2 Sep 2001 (W35),UD Salamanca (2),2-0,2-0,Albacete Balompié (2)
?,(Sun) 2 Sep 2001 (W35),Sporting Gijón (2),3-0,0-0,CD Badajoz (2)
?,(Sat) 8 Sep 2001 (W36),Albacete Balompié (3),0-0,0-0,Recreativo Huelva (3)
?,(Sat) 8 Sep 2001 (W36),Atlético Madrid (3),1-1,0-1,Racing Ferrol (3)
?,(Sat) 8 Sep 2001 (W36),Elche CF (3),2-2,1-1,Levante UD (3)
?,(Sat) 8 Sep 2001 (W36),Gimnàstic Tarragona (3),0-2,0-0,Real Jaén CF (3)
?,(Sat) 8 Sep 2001 (W36),Xerez CD (3),2-0,0-0,CD Badajoz (3)
?,(Sun) 9 Sep 2001 (W36),Córdoba CF (3),4-2,0-0,UD Salamanca (3)
?,(Sun) 9 Sep 2001 (W36),Polideportivo Ejido (3),0-0,0-0,SD Eibar (3)
?,(Sun) 9 Sep 2001 (W36),CF Extremadura (3),2-0,1-0,Real Racing Santander (3)
?,(Sun) 9 Sep 2001 (W36),Real Murcia CF (3),0-0,0-0,CD Leganés (3)
?,(Sun) 9 Sep 2001 (W36),CD Numancia (3),3-1,1-0,Sporting Gijón (3)
?,(Sun) 9 Sep 2001 (W36),Real Oviedo (3),2-0,1-0,Burgos CF (3)
?,(Sat) 15 Sep 2001 (W37),Racing Ferrol (4),2-1,0-1,Polideportivo Ejido (4)
?,(Sat) 15 Sep 2001 (W37),Recreativo Huelva (4),2-1,0-0,Córdoba CF (4)
?,(Sat) 15 Sep 2001 (W37),UD Salamanca (4),1-0,0-0,Elche CF (4)
?,(Sun) 16 Sep 2001 (W37),CD Badajoz (4),0-0,0-0,CD Numancia (4)
?,(Sun) 16 Sep 2001 (W37),Burgos CF (4),1-0,0-0,CF Extremadura (4)
?,(Sun) 16 Sep 2001 (W37),SD Eibar (4),3-1,2-1,Gimnàstic Tarragona (4)
?,(Sun) 16 Sep 2001 (W37),Real Jaén CF (4),1-3,1-1,Real Oviedo (4)
?,(Sun) 16 Sep 2001 (W37),CD Leganés (4),0-3,0-2,Atlético Madrid (4)
?,(Sun) 16 Sep 2001 (W37),Levante UD (4),0-0,0-0,Real Murcia CF (4)
?,(Sun) 16 Sep 2001 (W37),Real Racing Santander (4),1-0,1-0,Xerez CD (4)
?,(Sun) 16 Sep 2001 (W37),Sporting Gijón (4),0-0,0-0,Albacete Balompié (4)
?,(Sat) 22 Sep 2001 (W38),Atlético Madrid (5),2-1,1-1,Levante UD (5)
?,(Sat) 22 Sep 2001 (W38),CF Extremadura (5),5-0,2-0,Real Jaén CF (5)
?,(Sun) 23 Sep 2001 (W38),Albacete Balompié (5),2-0,1-0,CD Badajoz (5)
?,(Sun) 23 Sep 2001 (W38),Córdoba CF (5),1-2,1-2,Sporting Gijón (5)
?,(Sun) 23 Sep 2001 (W38),Polideportivo Ejido (5),1-1,0-0,CD Leganés (5)
?,(Sun) 23 Sep 2001 (W38),Elche CF (5),1-1,1-0,Recreativo Huelva (5)
?,(Sun) 23 Sep 2001 (W38),Real Murcia CF (5),3-3,2-2,UD Salamanca (5)
?,(Sun) 23 Sep 2001 (W38),Real Oviedo (5),1-0,0-0,SD Eibar (5)
?,(Sun) 23 Sep 2001 (W38),Real Racing Santander (5),0-2,0-0,Burgos CF (5)
?,(Sun) 23 Sep 2001 (W38),Xerez CD (5),2-1,0-1,CD Numancia (5)
?,(Sat) 29 Sep 2001 (W39),CD Badajoz (6),0-1,0-1,Córdoba CF (6)
?,(Sat) 29 Sep 2001 (W39),SD Eibar (6),0-0,0-0,CF Extremadura (6)
?,(Sat) 29 Sep 2001 (W39),Real Jaén CF (6),0-0,0-0,Real Racing Santander (6)
?,(Sat) 29 Sep 2001 (W39),CD Leganés (6),2-1,2-0,Gimnàstic Tarragona (5)
?,(Sat) 29 Sep 2001 (W39),CD Numancia (6),1-0,1-0,Albacete Balompié (6)
?,(Sat) 29 Sep 2001 (W39),Recreativo Huelva (6),0-1,0-1,Real Murcia CF (6)
?,(Sat) 29 Sep 2001 (W39),UD Salamanca (6),0-0,0-0,Atlético Madrid (6)
?,(Sat) 29 Sep 2001 (W39),Sporting Gijón (6),0-1,0-0,Elche CF (6)
?,(Sun) 30 Sep 2001 (W39),Burgos CF (6),3-1,1-1,Xerez CD (6)
?,(Sun) 30 Sep 2001 (W39),Levante UD (6),0-0,0-0,Polideportivo Ejido (6)
?,(Sun) 30 Sep 2001 (W39),Racing Ferrol (5),0-2,0-0,Real Oviedo (6)
?,(Tue) 2 Oct 2001 (W40),Atlético Madrid (7),1-1,0-1,Recreativo Huelva (7)
?,(Wed) 3 Oct 2001 (W40),Burgos CF (7),0-0,0-0,Real Jaén CF (7)
?,(Wed) 3 Oct 2001 (W40),Córdoba CF (7),1-0,1-0,CD Numancia (7)
?,(Wed) 3 Oct 2001 (W40),Polideportivo Ejido (7),2-5,1-1,UD Salamanca (7)
?,(Wed) 3 Oct 2001 (W40),Elche CF (7),1-0,0-0,CD Badajoz (7)
?,(Wed) 3 Oct 2001 (W40),CF Extremadura (7),1-2,1-0,Racing Ferrol (6)
?,(Wed) 3 Oct 2001 (W40),Gimnàstic Tarragona (6),1-0,0-0,Levante UD (7)
?,(Wed) 3 Oct 2001 (W40),Real Murcia CF (7),3-1,1-0,Sporting Gijón (7)
?,(Wed) 3 Oct 2001 (W40),Real Oviedo (7),0-0,0-0,CD Leganés (7)
?,(Wed) 3 Oct 2001 (W40),Real Racing Santander (7),1-1,1-0,SD Eibar (7)
?,(Wed) 3 Oct 2001 (W40),Xerez CD (7),1-2,0-1,Albacete Balompié (7)
?,(Sat) 6 Oct 2001 (W40),Real Jaén CF (8),0-2,0-1,Xerez CD (8)
?,(Sat) 6 Oct 2001 (W40),Levante UD (8),0-0,0-0,Real Oviedo (8)
?,(Sun) 7 Oct 2001 (W40),Albacete Balompié (8),0-0,0-0,Córdoba CF (8)
?,(Sun) 7 Oct 2001 (W40),CD Badajoz (8),1-1,0-1,Real Murcia CF (8)
?,(Sun) 7 Oct 2001 (W40),SD Eibar (8),1-0,0-0,Burgos CF (8)
?,(Sun) 7 Oct 2001 (W40),CD Leganés (8),2-0,1-0,CF Extremadura (8)
?,(Sun) 7 Oct 2001 (W40),CD Numancia (8),1-1,0-0,Elche CF (8)
?,(Sun) 7 Oct 2001 (W40),Racing Ferrol (7),2-0,1-0,Real Racing Santander (8)
?,(Sun) 7 Oct 2001 (W40),Recreativo Huelva (8),1-0,1-0,Polideportivo Ejido (8)
?,(Sun) 7 Oct 2001 (W40),UD Salamanca (8),3-3,1-3,Gimnàstic Tarragona (7)
?,(Sun) 7 Oct 2001 (W40),Sporting Gijón (8),2-1,1-0,Atlético Madrid (8)
?,(Sat) 13 Oct 2001 (W41),Real Racing Santander (9),3-1,1-0,CD Leganés (9)
?,(Sat) 13 Oct 2001 (W41),Xerez CD (9),1-0,0-0,Córdoba CF (9)
?,(Sun) 14 Oct 2001 (W41),Atlético Madrid (9),1-0,0-0,CD Badajoz (9)
?,(Sun) 14 Oct 2001 (W41),Burgos CF (9),2-4,1-2,Racing Ferrol (8)
?,(Sun) 14 Oct 2001 (W41),Polideportivo Ejido (9),2-2,0-1,Sporting Gijón (9)
?,(Sun) 14 Oct 2001 (W41),Elche CF (9),1-0,1-0,Albacete Balompié (9)
?,(Sun) 14 Oct 2001 (W41),CF Extremadura (9),1-0,1-0,Levante UD (9)
?,(Sun) 14 Oct 2001 (W41),Gimnàstic Tarragona (8),1-2,0-2,Recreativo Huelva (9)
?,(Sun) 14 Oct 2001 (W41),Real Jaén CF (9),0-0,0-0,SD Eibar (9)
?,(Sun) 14 Oct 2001 (W41),Real Murcia CF (9),1-2,1-2,CD Numancia (9)
?,(Sun) 14 Oct 2001 (W41),Real Oviedo (9),0-0,0-0,UD Salamanca (9)
?,(Sat) 20 Oct 2001 (W42),Córdoba CF (10),3-0,1-0,Elche CF (10)
?,(Sat) 20 Oct 2001 (W42),CD Leganés (10),0-0,0-0,Burgos CF (10)
?,(Sat) 20 Oct 2001 (W42),Racing Ferrol (9),0-1,0-0,Real Jaén CF (10)
?,(Sun) 21 Oct 2001 (W42),Albacete Balompié (10),1-0,0-0,Real Murcia CF (10)
?,(Sun) 21 Oct 2001 (W42),CD Badajoz (10),0-1,0-0,Polideportivo Ejido (10)
?,(Sun) 21 Oct 2001 (W42),SD Eibar (10),2-0,2-0,Xerez CD (10)
?,(Sun) 21 Oct 2001 (W42),Levante UD (10),1-1,1-1,Real Racing Santander (10)
?,(Sun) 21 Oct 2001 (W42),CD Numancia (10),1-2,0-1,Atlético Madrid (10)
?,(Sun) 21 Oct 2001 (W42),Recreativo Huelva (10),0-2,0-0,Real Oviedo (10)
?,(Sun) 21 Oct 2001 (W42),UD Salamanca (10),0-0,0-0,CF Extremadura (10)
?,(Sun) 21 Oct 2001 (W42),Sporting Gijón (10),1-1,1-0,Gimnàstic Tarragona (9)
?,(Sat) 27 Oct 2001 (W43),Atlético Madrid (11),3-2,1-1,Albacete Balompié (11)
?,(Sat) 27 Oct 2001 (W43),SD Eibar (11),2-0,0-0,Racing Ferrol (10)
?,(Sat) 27 Oct 2001 (W43),Polideportivo Ejido (11),3-4,1-2,CD Numancia (11)
?,(Sat) 27 Oct 2001 (W43),Xerez CD (11),2-0,1-0,Elche CF (11)
?,(Sun) 28 Oct 2001 (W43),Burgos CF (11),0-1,0-1,Levante UD (11)
?,(Sun) 28 Oct 2001 (W43),CF Extremadura (11),0-3,0-3,Recreativo Huelva (11)
?,(Sun) 28 Oct 2001 (W43),Gimnàstic Tarragona (10),1-1,0-0,CD Badajoz (11)
?,(Sun) 28 Oct 2001 (W43),Real Jaén CF (11),1-0,1-0,CD Leganés (11)
?,(Sun) 28 Oct 2001 (W43),Real Murcia CF (11),1-0,0-0,Córdoba CF (11)
?,(Sun) 28 Oct 2001 (W43),Real Oviedo (11),0-2,0-1,Sporting Gijón (11)
?,(Sun) 28 Oct 2001 (W43),Real Racing Santander (11),2-0,1-0,UD Salamanca (11)
?,(Sat) 3 Nov 2001 (W44),Albacete Balompié (12),2-1,2-0,Polideportivo Ejido (12)
?,(Sat) 3 Nov 2001 (W44),Córdoba CF (12),0-2,0-1,Atlético Madrid (12)
?,(Sat) 3 Nov 2001 (W44),CD Leganés (12),1-0,0-0,SD Eibar (12)
?,(Sat) 3 Nov 2001 (W44),CD Numancia (12),0-0,0-0,Gimnàstic Tarragona (11)
?,(Sat) 3 Nov 2001 (W44),Recreativo Huelva (12),1-1,0-0,Real Racing Santander (12)
?,(Sat) 3 Nov 2001 (W44),Sporting Gijón (12),1-1,1-1,CF Extremadura (12)
?,(Sun) 4 Nov 2001 (W44),CD Badajoz (12),1-0,0-0,Real Oviedo (12)
?,(Sun) 4 Nov 2001 (W44),Elche CF (12),1-1,1-0,Real Murcia CF (12)
?,(Sun) 4 Nov 2001 (W44),Levante UD (12),0-1,0-0,Real Jaén CF (12)
?,(Sun) 4 Nov 2001 (W44),Racing Ferrol (11),2-2,0-2,Xerez CD (12)
?,(Sun) 4 Nov 2001 (W44),UD Salamanca (12),0-1,0-0,Burgos CF (12)
?,(Tue) 6 Nov 2001 (W45),Polideportivo Ejido (13),1-1,1-1,Córdoba CF (13)
?,(Wed) 7 Nov 2001 (W45),Atlético Madrid (13),4-0,2-0,Elche CF (13)
?,(Wed) 7 Nov 2001 (W45),Burgos CF (13),1-3,0-1,Recreativo Huelva (13)
?,(Wed) 7 Nov 2001 (W45),SD Eibar (13),7-0,4-0,Levante UD (13)
?,(Wed) 7 Nov 2001 (W45),CF Extremadura (13),0-4,0-1,CD Badajoz (13)
?,(Wed) 7 Nov 2001 (W45),Gimnàstic Tarragona (12),0-1,0-1,Albacete Balompié (13)
?,(Wed) 7 Nov 2001 (W45),Real Jaén CF (13),0-1,0-1,UD Salamanca (13)
?,(Wed) 7 Nov 2001 (W45),Real Oviedo (13),0-0,0-0,CD Numancia (13)
?,(Wed) 7 Nov 2001 (W45),Real Racing Santander (13),2-1,1-0,Sporting Gijón (13)
?,(Wed) 7 Nov 2001 (W45),Xerez CD (13),3-1,0-0,Real Murcia CF (13)
?,(Thu) 8 Nov 2001 (W45),Racing Ferrol (12),3-0,1-0,CD Leganés (13)
?,(Sat) 10 Nov 2001 (W45),Sporting Gijón (14),0-1,0-0,Burgos CF (14)
?,(Sun) 11 Nov 2001 (W45),Albacete Balompié (14),1-1,0-0,Real Oviedo (14)
?,(Sun) 11 Nov 2001 (W45),CD Badajoz (14),3-2,2-0,Real Racing Santander (14)
?,(Sun) 11 Nov 2001 (W45),Córdoba CF (14),1-1,0-0,Gimnàstic Tarragona (13)
?,(Sun) 11 Nov 2001 (W45),Elche CF (14),2-0,1-0,Polideportivo Ejido (14)
?,(Sun) 11 Nov 2001 (W45),CD Leganés (14),0-1,0-1,Xerez CD (14)
?,(Sun) 11 Nov 2001 (W45),Levante UD (14),3-1,2-1,Racing Ferrol (13)
?,(Sun) 11 Nov 2001 (W45),Real Murcia CF (14),3-1,2-1,Atlético Madrid (14)
?,(Sun) 11 Nov 2001 (W45),CD Numancia (14),0-0,0-0,CF Extremadura (14)
?,(Sun) 11 Nov 2001 (W45),Recreativo Huelva (14),0-3,0-1,Real Jaén CF (14)
?,(Sun) 11 Nov 2001 (W45),UD Salamanca (14),1-0,1-0,SD Eibar (14)
?,(Wed) 14 Nov 2001 (W46),Gimnàstic Tarragona (14),2-0,2-0,Racing Ferrol (14)
?,(Sat) 17 Nov 2001 (W46),Real Jaén CF (15),3-3,2-0,Sporting Gijón (15)
?,(Sat) 17 Nov 2001 (W46),Real Racing Santander (15),4-0,2-0,CD Numancia (15)
?,(Sun) 18 Nov 2001 (W46),Burgos CF (15),0-1,0-0,CD Badajoz (15)
?,(Sun) 18 Nov 2001 (W46),SD Eibar (15),1-1,0-1,Recreativo Huelva (15)
?,(Sun) 18 Nov 2001 (W46),Polideportivo Ejido (15),0-0,0-0,Real Murcia CF (15)
?,(Sun) 18 Nov 2001 (W46),CF Extremadura (15),0-0,0-0,Albacete Balompié (15)
?,(Sun) 18 Nov 2001 (W46),Gimnàstic Tarragona (15),1-2,1-1,Elche CF (15)
?,(Sun) 18 Nov 2001 (W46),CD Leganés (15),2-1,1-1,Levante UD (15)
?,(Sun) 18 Nov 2001 (W46),Real Oviedo (15),3-1,1-1,Córdoba CF (15)
?,(Sun) 18 Nov 2001 (W46),Racing Ferrol (15),3-1,2-1,UD Salamanca (15)
?,(Sun) 18 Nov 2001 (W46),Xerez CD (15),0-1,0-1,Atlético Madrid (15)
?,(Sat) 24 Nov 2001 (W47),Atlético Madrid (16),1-0,1-0,Polideportivo Ejido (16)
?,(Sat) 24 Nov 2001 (W47),Córdoba CF (16),2-0,1-0,CF Extremadura (16)
?,(Sat) 24 Nov 2001 (W47),Elche CF (16),2-0,0-0,Real Oviedo (16)
?,(Sat) 24 Nov 2001 (W47),Recreativo Huelva (16),1-0,1-0,Racing Ferrol (16)
?,(Sun) 25 Nov 2001 (W47),Albacete Balompié (16),0-1,0-0,Real Racing Santander (16)
?,(Sun) 25 Nov 2001 (W47),CD Badajoz (16),1-0,1-0,Real Jaén CF (16)
?,(Sun) 25 Nov 2001 (W47),Levante UD (16),0-1,0-0,Xerez CD (16)
?,(Sun) 25 Nov 2001 (W47),Real Murcia CF (16),0-2,0-1,Gimnàstic Tarragona (16)
?,(Sun) 25 Nov 2001 (W47),CD Numancia (16),1-5,1-3,Burgos CF (16)
?,(Sun) 25 Nov 2001 (W47),UD Salamanca (16),1-0,1-0,CD Leganés (16)
?,(Sun) 25 Nov 2001 (W47),Sporting Gijón (16),1-0,1-0,SD Eibar (16)
?,(Sat) 1 Dec 2001 (W48),Real Jaén CF (17),1-2,0-2,CD Numancia (17)
?,(Sat) 1 Dec 2001 (W48),Xerez CD (17),2-1,1-0,Polideportivo Ejido (17)
?,(Sun) 2 Dec 2001 (W48),Burgos CF (17),0-0,0-0,Albacete Balompié (17)
?,(Sun) 2 Dec 2001 (W48),SD Eibar (17),0-1,0-1,CD Badajoz (17)
?,(Sun) 2 Dec 2001 (W48),CF Extremadura (17),1-0,1-0,Elche CF (17)
?,(Sun) 2 Dec 2001 (W48),Gimnàstic Tarragona (17),1-2,0-0,Atlético Madrid (17)
?,(Sun) 2 Dec 2001 (W48),CD Leganés (17),0-0,0-0,Recreativo Huelva (17)
?,(Sun) 2 Dec 2001 (W48),Levante UD (17),2-2,0-0,UD Salamanca (17)
?,(Sun) 2 Dec 2001 (W48),Real Oviedo (17),2-0,1-0,Real Murcia CF (17)
?,(Sun) 2 Dec 2001 (W48),Racing Ferrol (17),1-2,1-2,Sporting Gijón (17)
?,(Sun) 2 Dec 2001 (W48),Real Racing Santander (17),2-0,1-0,Córdoba CF (17)
?,(Sat) 8 Dec 2001 (W49),Córdoba CF (18),1-1,0-0,Burgos CF (18)
?,(Sat) 8 Dec 2001 (W49),Elche CF (18),1-1,0-0,Real Racing Santander (18)
?,(Sun) 9 Dec 2001 (W49),Albacete Balompié (18),4-0,0-0,Real Jaén CF (18)
?,(Sun) 9 Dec 2001 (W49),Atlético Madrid (18),0-0,0-0,Real Oviedo (18)
?,(Sun) 9 Dec 2001 (W49),CD Badajoz (18),2-1,1-0,Racing Ferrol (18)
?,(Sun) 9 Dec 2001 (W49),Polideportivo Ejido (18),1-0,0-0,Gimnàstic Tarragona (18)
?,(Sun) 9 Dec 2001 (W49),Real Murcia CF (18),2-1,2-0,CF Extremadura (18)
?,(Sun) 9 Dec 2001 (W49),CD Numancia (18),1-1,0-0,SD Eibar (18)
?,(Sun) 9 Dec 2001 (W49),Recreativo Huelva (18),0-0,0-0,Levante UD (18)
?,(Sun) 9 Dec 2001 (W49),UD Salamanca (18),1-1,1-1,Xerez CD (18)
?,(Sun) 9 Dec 2001 (W49),Sporting Gijón (18),1-1,1-1,CD Leganés (18)
?,(Sat) 15 Dec 2001 (W50),Levante UD (19),4-3,0-2,Sporting Gijón (19)
?,(Sat) 15 Dec 2001 (W50),Xerez CD (19),2-1,2-0,Gimnàstic Tarragona (19)
?,(Sun) 16 Dec 2001 (W50),Burgos CF (19),0-0,0-0,Elche CF (19)
?,(Sun) 16 Dec 2001 (W50),SD Eibar (19),1-0,0-0,Albacete Balompié (19)
?,(Sun) 16 Dec 2001 (W50),CF Extremadura (19),2-0,1-0,Atlético Madrid (19)
?,(Sun) 16 Dec 2001 (W50),Real Jaén CF (19),1-2,1-0,Córdoba CF (19)
?,(Sun) 16 Dec 2001 (W50),CD Leganés (19),1-0,0-0,CD Badajoz (19)
?,(Sun) 16 Dec 2001 (W50),Real Oviedo (19),1-1,0-0,Polideportivo Ejido (19)
?,(Sun) 16 Dec 2001 (W50),Racing Ferrol (19),2-1,1-1,CD Numancia (19)
?,(Sun) 16 Dec 2001 (W50),Real Racing Santander (19),1-0,1-0,Real Murcia CF (19)
?,(Sun) 16 Dec 2001 (W50),UD Salamanca (19),2-3,1-1,Recreativo Huelva (19)
?,(Sat) 22 Dec 2001 (W51),Albacete Balompié (20),2-1,1-1,Racing Ferrol (20)
?,(Sat) 22 Dec 2001 (W51),Atlético Madrid (20),2-0,0-0,Real Racing Santander (20)
?,(Sun) 23 Dec 2001 (W51),CD Badajoz (20),2-2,0-1,Levante UD (20)
?,(Sun) 23 Dec 2001 (W51),Córdoba CF (20),0-2,0-1,SD Eibar (20)
?,(Sat) 22 Dec 2001 (W51),Polideportivo Ejido (20),0-0,0-0,CF Extremadura (20)
?,(Sat) 22 Dec 2001 (W51),Elche CF (20),1-3,1-1,Real Jaén CF (20)
?,(Sun) 23 Dec 2001 (W51),Gimnàstic Tarragona (20),1-0,0-0,Real Oviedo (20)
?,(Sat) 22 Dec 2001 (W51),Real Murcia CF (20),1-2,0-2,Burgos CF (20)
?,(Sat) 22 Dec 2001 (W51),CD Numancia (20),1-0,0-0,CD Leganés (20)
?,(Sun) 23 Dec 2001 (W51),Sporting Gijón (20),1-1,1-1,UD Salamanca (20)
?,(Sun) 23 Dec 2001 (W51),Xerez CD (20),0-0,0-0,Recreativo Huelva (20)
?,(Sat) 5 Jan 2002 (W1),Real Oviedo (21),1-0,0-0,Xerez CD (21)
?,(Sat) 5 Jan 2002 (W1),Real Racing Santander (21),2-1,1-1,Polideportivo Ejido (21)
?,(Sun) 6 Jan 2002 (W1),Burgos CF (21),0-4,0-1,Atlético Madrid (21)
?,(Sun) 6 Jan 2002 (W1),SD Eibar (21),3-1,0-0,Elche CF (21)
?,(Sun) 6 Jan 2002 (W1),CF Extremadura (21),1-0,0-0,Gimnàstic Tarragona (21)
?,(Sun) 6 Jan 2002 (W1),Real Jaén CF (21),0-0,0-0,Real Murcia CF (21)
?,(Sun) 6 Jan 2002 (W1),CD Leganés (21),1-2,1-1,Albacete Balompié (21)
?,(Sun) 6 Jan 2002 (W1),Levante UD (21),0-1,0-0,CD Numancia (21)
?,(Sun) 6 Jan 2002 (W1),Racing Ferrol (21),1-3,0-0,Córdoba CF (21)
?,(Sun) 6 Jan 2002 (W1),Recreativo Huelva (21),0-0,0-0,Sporting Gijón (21)
?,(Sun) 6 Jan 2002 (W1),UD Salamanca (21),2-2,2-1,CD Badajoz (21)
?,(Sat) 12 Jan 2002 (W2),Racing Ferrol (22),1-0,0-0,Elche CF (22)
?,(Sat) 12 Jan 2002 (W2),Recreativo Huelva (22),2-0,1-0,CD Badajoz (22)
?,(Sun) 13 Jan 2002 (W2),Burgos CF (22),2-0,1-0,Polideportivo Ejido (22)
?,(Sun) 13 Jan 2002 (W2),SD Eibar (22),0-1,0-1,Real Murcia CF (22)
?,(Sun) 13 Jan 2002 (W2),CF Extremadura (22),1-1,1-0,Real Oviedo (22)
?,(Sun) 13 Jan 2002 (W2),Real Jaén CF (22),1-0,1-0,Atlético Madrid (22)
?,(Sun) 13 Jan 2002 (W2),CD Leganés (22),1-1,0-1,Córdoba CF (22)
?,(Sun) 13 Jan 2002 (W2),Levante UD (22),1-1,0-1,Albacete Balompié (22)
?,(Sun) 13 Jan 2002 (W2),Real Racing Santander (22),3-0,1-0,Gimnàstic Tarragona (22)
?,(Sun) 13 Jan 2002 (W2),UD Salamanca (22),2-0,0-0,CD Numancia (22)
?,(Sun) 13 Jan 2002 (W2),Sporting Gijón (22),0-1,0-0,Xerez CD (22)
?,(Sat) 19 Jan 2002 (W3),Atlético Madrid (23),1-0,0-0,SD Eibar (23)
?,(Sat) 19 Jan 2002 (W3),Gimnàstic Tarragona (23),0-0,0-0,Burgos CF (23)
?,(Sat) 19 Jan 2002 (W3),Xerez CD (23),1-2,0-1,CF Extremadura (23)
?,(Sun) 20 Jan 2002 (W3),Albacete Balompié (23),0-1,0-0,UD Salamanca (23)
?,(Sun) 20 Jan 2002 (W3),CD Badajoz (23),1-2,1-1,Sporting Gijón (23)
?,(Sun) 20 Jan 2002 (W3),Córdoba CF (23),3-1,0-1,Levante UD (23)
?,(Sun) 20 Jan 2002 (W3),Polideportivo Ejido (23),1-0,1-0,Real Jaén CF (23)
?,(Sun) 20 Jan 2002 (W3),Elche CF (23),1-0,1-0,CD Leganés (23)
?,(Sun) 20 Jan 2002 (W3),Real Murcia CF (23),1-2,1-0,Racing Ferrol (23)
?,(Sun) 20 Jan 2002 (W3),CD Numancia (23),0-0,0-0,Recreativo Huelva (23)
?,(Sun) 20 Jan 2002 (W3),Real Oviedo (23),0-0,0-0,Real Racing Santander (23)
?,(Sat) 26 Jan 2002 (W4),Levante UD (24),1-1,1-0,Elche CF (24)
?,(Sat) 26 Jan 2002 (W4),Racing Ferrol (24),1-1,1-1,Atlético Madrid (24)
?,(Sun) 27 Jan 2002 (W4),CD Badajoz (24),1-0,0-0,Xerez CD (24)
?,(Sun) 27 Jan 2002 (W4),Burgos CF (24),1-1,0-1,Real Oviedo (24)
?,(Sun) 27 Jan 2002 (W4),SD Eibar (24),4-2,1-0,Polideportivo Ejido (24)
?,(Sun) 27 Jan 2002 (W4),Real Jaén CF (24),0-1,0-1,Gimnàstic Tarragona (24)
?,(Sun) 27 Jan 2002 (W4),CD Leganés (24),0-0,0-0,Real Murcia CF (24)
?,(Sun) 27 Jan 2002 (W4),Real Racing Santander (24),1-1,1-0,CF Extremadura (24)
?,(Sun) 27 Jan 2002 (W4),Recreativo Huelva (24),3-1,1-0,Albacete Balompié (24)
?,(Sun) 27 Jan 2002 (W4),UD Salamanca (24),0-0,0-0,Córdoba CF (24)
?,(Sun) 27 Jan 2002 (W4),Sporting Gijón (24),2-1,2-0,CD Numancia (24)
?,(Sat) 2 Feb 2002 (W5),Atlético Madrid (25),0-2,0-0,CD Leganés (25)
?,(Sat) 2 Feb 2002 (W5),Córdoba CF (25),0-0,0-0,Recreativo Huelva (25)
?,(Sat) 2 Feb 2002 (W5),Elche CF (25),4-1,3-1,UD Salamanca (25)
?,(Sat) 2 Feb 2002 (W5),CF Extremadura (25),2-0,2-0,Burgos CF (25)
?,(Sat) 2 Feb 2002 (W5),Real Murcia CF (25),0-1,0-0,Levante UD (25)
?,(Sat) 2 Feb 2002 (W5),CD Numancia (25),1-2,0-1,CD Badajoz (25)
?,(Sat) 2 Feb 2002 (W5),Real Oviedo (25),0-0,0-0,Real Jaén CF (25)
?,(Sun) 3 Feb 2002 (W5),Albacete Balompié (25),1-2,1-1,Sporting Gijón (25)
?,(Sun) 3 Feb 2002 (W5),Polideportivo Ejido (25),3-0,1-0,Racing Ferrol (25)
?,(Sun) 3 Feb 2002 (W5),Gimnàstic Tarragona (25),1-0,0-0,SD Eibar (25)
?,(Sun) 3 Feb 2002 (W5),Xerez CD (25),2-1,1-0,Real Racing Santander (25)
?,(Wed) 6 Feb 2002 (W6),CD Badajoz (26),2-3,2-0,Albacete Balompié (26)
?,(Wed) 6 Feb 2002 (W6),Burgos CF (26),0-0,0-0,Real Racing Santander (26)
?,(Wed) 6 Feb 2002 (W6),SD Eibar (26),1-1,0-1,Real Oviedo (26)
?,(Wed) 6 Feb 2002 (W6),Real Jaén CF (26),1-0,1-0,CF Extremadura (26)
?,(Wed) 6 Feb 2002 (W6),CD Leganés (26),2-0,0-0,Polideportivo Ejido (26)
?,(Wed) 6 Feb 2002 (W6),CD Numancia (26),1-1,1-0,Xerez CD (26)
?,(Wed) 6 Feb 2002 (W6),Racing Ferrol (26),1-2,0-1,Gimnàstic Tarragona (26)
?,(Wed) 6 Feb 2002 (W6),Recreativo Huelva (26),1-0,0-0,Elche CF (26)
?,(Wed) 6 Feb 2002 (W6),UD Salamanca (26),0-0,0-0,Real Murcia CF (26)
?,(Wed) 6 Feb 2002 (W6),Sporting Gijón (26),3-0,2-0,Córdoba CF (26)
?,(Thu) 7 Feb 2002 (W6),Levante UD (26),2-4,1-1,Atlético Madrid (26)
?,(Sat) 9 Feb 2002 (W6),Real Oviedo (27),2-1,0-1,Racing Ferrol (27)
?,(Sat) 9 Feb 2002 (W6),Real Racing Santander (27),2-0,0-0,Real Jaén CF (27)
?,(Sun) 10 Feb 2002 (W6),Albacete Balompié (27),3-1,1-0,CD Numancia (27)
?,(Sun) 10 Feb 2002 (W6),Atlético Madrid (27),2-1,1-0,UD Salamanca (27)
?,(Sun) 10 Feb 2002 (W6),Córdoba CF (27),1-2,1-1,CD Badajoz (27)
?,(Sun) 10 Feb 2002 (W6),Polideportivo Ejido (27),1-0,1-0,Levante UD (27)
?,(Sun) 10 Feb 2002 (W6),Elche CF (27),1-0,0-0,Sporting Gijón (27)
?,(Sun) 10 Feb 2002 (W6),CF Extremadura (27),0-1,0-1,SD Eibar (27)
?,(Sun) 10 Feb 2002 (W6),Gimnàstic Tarragona (27),0-1,0-1,CD Leganés (27)
?,(Sun) 10 Feb 2002 (W6),Real Murcia CF (27),2-0,0-0,Recreativo Huelva (27)
?,(Sun) 10 Feb 2002 (W6),Xerez CD (27),1-0,1-0,Burgos CF (27)
?,(Sat) 16 Feb 2002 (W7),Real Jaén CF (28),0-0,0-0,Burgos CF (28)
?,(Sat) 16 Feb 2002 (W7),CD Leganés (28),1-3,0-2,Real Oviedo (28)
?,(Sat) 16 Feb 2002 (W7),Levante UD (28),2-2,1-0,Gimnàstic Tarragona (28)
?,(Sat) 16 Feb 2002 (W7),Recreativo Huelva (28),1-3,0-2,Atlético Madrid (28)
?,(Sun) 17 Feb 2002 (W7),Albacete Balompié (28),3-0,2-0,Xerez CD (28)
?,(Sun) 17 Feb 2002 (W7),CD Badajoz (28),1-3,1-0,Elche CF (28)
?,(Sun) 17 Feb 2002 (W7),SD Eibar (28),2-2,1-1,Real Racing Santander (28)
?,(Sun) 17 Feb 2002 (W7),CD Numancia (28),0-2,0-1,Córdoba CF (28)
?,(Sun) 17 Feb 2002 (W7),Racing Ferrol (28),2-0,0-0,CF Extremadura (28)
?,(Sun) 17 Feb 2002 (W7),UD Salamanca (28),0-2,0-1,Polideportivo Ejido (28)
?,(Sun) 17 Feb 2002 (W7),Sporting Gijón (28),0-1,0-1,Real Murcia CF (28)
?,(Sat) 23 Feb 2002 (W8),Burgos CF (29),0-0,0-0,SD Eibar (29)
?,(Sat) 23 Feb 2002 (W8),Polideportivo Ejido (29),0-0,0-0,Recreativo Huelva (29)
?,(Sun) 24 Feb 2002 (W8),Atlético Madrid (29),0-1,0-0,Sporting Gijón (29)
?,(Sun) 24 Feb 2002 (W8),Córdoba CF (29),3-1,1-0,Albacete Balompié (29)
?,(Sun) 24 Feb 2002 (W8),Elche CF (29),1-1,0-0,CD Numancia (29)
?,(Sun) 24 Feb 2002 (W8),CF Extremadura (29),2-1,1-0,CD Leganés (29)
?,(Sun) 24 Feb 2002 (W8),Gimnàstic Tarragona (29),2-2,0-1,UD Salamanca (29)
?,(Sun) 24 Feb 2002 (W8),Real Murcia CF (29),1-1,1-0,CD Badajoz (29)
?,(Sun) 24 Feb 2002 (W8),Real Oviedo (29),1-1,0-1,Levante UD (29)
?,(Sun) 24 Feb 2002 (W8),Real Racing Santander (29),0-1,0-0,Racing Ferrol (29)
?,(Sun) 24 Feb 2002 (W8),Xerez CD (29),1-0,0-0,Real Jaén CF (29)
?,(Sat) 2 Mar 2002 (W9),CD Leganés (30),1-4,0-2,Real Racing Santander (30)
?,(Sat) 2 Mar 2002 (W9),Recreativo Huelva (30),1-0,0-0,Gimnàstic Tarragona (30)
?,(Sun) 3 Mar 2002 (W9),Albacete Balompié (30),0-2,0-0,Elche CF (30)
?,(Sun) 3 Mar 2002 (W9),CD Badajoz (30),0-1,0-1,Atlético Madrid (30)
?,(Sun) 3 Mar 2002 (W9),Córdoba CF (30),0-0,0-0,Xerez CD (30)
?,(Sun) 3 Mar 2002 (W9),SD Eibar (30),1-1,1-0,Real Jaén CF (30)
?,(Sun) 3 Mar 2002 (W9),Levante UD (30),1-0,1-0,CF Extremadura (30)
?,(Sun) 3 Mar 2002 (W9),CD Numancia (30),1-0,1-0,Real Murcia CF (30)
?,(Sun) 3 Mar 2002 (W9),Racing Ferrol (30),3-0,1-0,Burgos CF (30)
?,(Sun) 3 Mar 2002 (W9),UD Salamanca (30),3-0,0-0,Real Oviedo (30)
?,(Sun) 3 Mar 2002 (W9),Sporting Gijón (30),1-1,1-1,Polideportivo Ejido (30)
?,(Sat) 9 Mar 2002 (W10),Atlético Madrid (31),2-2,1-0,CD Numancia (31)
?,(Sun) 10 Mar 2002 (W10),Burgos CF (31),0-0,0-0,CD Leganés (31)
?,(Sun) 10 Mar 2002 (W10),Polideportivo Ejido (31),1-0,0-0,CD Badajoz (31)
?,(Sun) 10 Mar 2002 (W10),Elche CF (31),2-3,1-0,Córdoba CF (31)
?,(Sun) 10 Mar 2002 (W10),CF Extremadura (31),0-1,0-0,UD Salamanca (31)
?,(Sun) 10 Mar 2002 (W10),Gimnàstic Tarragona (31),1-1,1-1,Sporting Gijón (31)
?,(Sun) 10 Mar 2002 (W10),Real Jaén CF (31),1-4,0-1,Racing Ferrol (31)
?,(Sun) 10 Mar 2002 (W10),Real Murcia CF (31),0-0,0-0,Albacete Balompié (31)
?,(Sun) 10 Mar 2002 (W10),Real Oviedo (31),1-1,0-0,Recreativo Huelva (31)
?,(Sun) 10 Mar 2002 (W10),Real Racing Santander (31),4-2,1-1,Levante UD (31)
?,(Sun) 10 Mar 2002 (W10),Xerez CD (31),1-0,0-0,SD Eibar (31)
?,(Sat) 16 Mar 2002 (W11),Albacete Balompié (32),2-1,2-1,Atlético Madrid (32)
?,(Sun) 17 Mar 2002 (W11),CD Badajoz (32),2-1,1-0,Gimnàstic Tarragona (32)
?,(Sun) 17 Mar 2002 (W11),Córdoba CF (32),2-1,0-0,Real Murcia CF (32)
?,(Sun) 17 Mar 2002 (W11),Elche CF (32),4-0,2-0,Xerez CD (32)
?,(Sun) 17 Mar 2002 (W11),CD Leganés (32),2-0,1-0,Real Jaén CF (32)
?,(Sun) 17 Mar 2002 (W11),Levante UD (32),0-0,0-0,Burgos CF (32)
?,(Sun) 17 Mar 2002 (W11),CD Numancia (32),3-0,0-0,Polideportivo Ejido (32)
?,(Sun) 17 Mar 2002 (W11),Racing Ferrol (32),1-1,1-1,SD Eibar (32)
?,(Sun) 17 Mar 2002 (W11),Recreativo Huelva (32),3-2,2-2,CF Extremadura (32)
?,(Sun) 17 Mar 2002 (W11),UD Salamanca (32),1-2,0-1,Real Racing Santander (32)
?,(Sun) 17 Mar 2002 (W11),Sporting Gijón (32),0-0,0-0,Real Oviedo (32)
?,(Sat) 23 Mar 2002 (W12),Atlético Madrid (33),0-0,0-0,Córdoba CF (33)
?,(Sat) 23 Mar 2002 (W12),SD Eibar (33),0-0,0-0,CD Leganés (33)
?,(Sat) 23 Mar 2002 (W12),Gimnàstic Tarragona (33),3-1,3-0,CD Numancia (33)
?,(Sat) 23 Mar 2002 (W12),Xerez CD (33),2-1,1-0,Racing Ferrol (33)
?,(Sun) 24 Mar 2002 (W12),Burgos CF (33),0-0,0-0,UD Salamanca (33)
?,(Sun) 24 Mar 2002 (W12),Polideportivo Ejido (33),2-0,0-0,Albacete Balompié (33)
?,(Sun) 24 Mar 2002 (W12),CF Extremadura (33),1-2,1-2,Sporting Gijón (33)
?,(Sun) 24 Mar 2002 (W12),Real Jaén CF (33),0-1,0-0,Levante UD (33)
?,(Sun) 24 Mar 2002 (W12),Real Murcia CF (33),2-1,1-0,Elche CF (33)
?,(Sun) 24 Mar 2002 (W12),Real Oviedo (33),1-0,1-0,CD Badajoz (33)
?,(Sun) 24 Mar 2002 (W12),Real Racing Santander (33),1-5,0-1,Recreativo Huelva (33)
?,(Sat) 30 Mar 2002 (W13),Albacete Balompié (34),1-0,1-0,Gimnàstic Tarragona (34)
?,(Sat) 30 Mar 2002 (W13),Córdoba CF (34),0-1,0-0,Polideportivo Ejido (34)
?,(Sat) 30 Mar 2002 (W13),Elche CF (34),5-1,2-0,Atlético Madrid (34)
?,(Sat) 30 Mar 2002 (W13),CD Leganés (34),2-2,1-1,Racing Ferrol (34)
?,(Sat) 30 Mar 2002 (W13),CD Numancia (34),1-2,1-0,Real Oviedo (34)
?,(Sun) 31 Mar 2002 (W13),CD Badajoz (34),2-2,1-2,CF Extremadura (34)
?,(Sun) 31 Mar 2002 (W13),Levante UD (34),0-0,0-0,SD Eibar (34)
?,(Sun) 31 Mar 2002 (W13),Real Murcia CF (34),0-0,0-0,Xerez CD (34)
?,(Sun) 31 Mar 2002 (W13),Recreativo Huelva (34),0-1,0-1,Burgos CF (34)
?,(Sun) 31 Mar 2002 (W13),UD Salamanca (34),0-1,0-1,Real Jaén CF (34)
?,(Sun) 31 Mar 2002 (W13),Sporting Gijón (34),1-1,0-1,Real Racing Santander (34)
?,(Sat) 6 Apr 2002 (W14),Atlético Madrid (35),4-2,2-1,Real Murcia CF (35)
?,(Sat) 6 Apr 2002 (W14),Xerez CD (35),3-3,1-2,CD Leganés (35)
?,(Sun) 7 Apr 2002 (W14),Burgos CF (35),0-0,0-0,Sporting Gijón (35)
?,(Sun) 7 Apr 2002 (W14),SD Eibar (35),0-1,0-0,UD Salamanca (35)
?,(Sun) 7 Apr 2002 (W14),Polideportivo Ejido (35),0-0,0-0,Elche CF (35)
?,(Sun) 7 Apr 2002 (W14),CF Extremadura (35),0-2,0-1,CD Numancia (35)
?,(Sun) 7 Apr 2002 (W14),Gimnàstic Tarragona (35),1-0,0-0,Córdoba CF (35)
?,(Sun) 7 Apr 2002 (W14),Real Jaén CF (35),1-1,0-0,Recreativo Huelva (35)
?,(Sun) 7 Apr 2002 (W14),Real Oviedo (35),0-0,0-0,Albacete Balompié (35)
?,(Sun) 7 Apr 2002 (W14),Racing Ferrol (35),1-2,0-1,Levante UD (35)
?,(Sun) 7 Apr 2002 (W14),Real Racing Santander (35),3-0,0-0,CD Badajoz (35)
?,(Sat) 13 Apr 2002 (W15),Levante UD (36),1-2,1-0,CD Leganés (36)
?,(Sat) 13 Apr 2002 (W15),Recreativo Huelva (36),1-0,0-0,SD Eibar (36)
?,(Sun) 14 Apr 2002 (W15),Albacete Balompié (36),1-1,1-1,CF Extremadura (36)
?,(Sun) 14 Apr 2002 (W15),Atlético Madrid (36),0-0,0-0,Xerez CD (36)
?,(Sun) 14 Apr 2002 (W15),CD Badajoz (36),2-3,1-1,Burgos CF (36)
?,(Sun) 14 Apr 2002 (W15),Córdoba CF (36),0-1,0-0,Real Oviedo (36)
?,(Sun) 14 Apr 2002 (W15),Elche CF (36),1-0,0-0,Gimnàstic Tarragona (36)
?,(Sun) 14 Apr 2002 (W15),Real Murcia CF (36),0-1,0-0,Polideportivo Ejido (36)
?,(Sun) 14 Apr 2002 (W15),CD Numancia (36),0-1,0-1,Real Racing Santander (36)
?,(Sun) 14 Apr 2002 (W15),UD Salamanca (36),3-1,1-0,Racing Ferrol (36)
?,(Sun) 14 Apr 2002 (W15),Sporting Gijón (36),3-2,2-1,Real Jaén CF (36)
?,(Sat) 20 Apr 2002 (W16),Burgos CF (37),1-1,0-1,CD Numancia (37)
?,(Sat) 20 Apr 2002 (W16),SD Eibar (37),2-0,1-0,Sporting Gijón (37)
?,(Sat) 20 Apr 2002 (W16),Polideportivo Ejido (37),1-2,0-1,Atlético Madrid (37)
?,(Sat) 20 Apr 2002 (W16),CF Extremadura (37),3-2,2-0,Córdoba CF (37)
?,(Sat) 20 Apr 2002 (W16),Gimnàstic Tarragona (37),1-1,0-0,Real Murcia CF (37)
?,(Sat) 20 Apr 2002 (W16),Real Jaén CF (37),0-1,0-0,CD Badajoz (37)
?,(Sat) 20 Apr 2002 (W16),CD Leganés (37),3-1,1-1,UD Salamanca (37)
?,(Sat) 20 Apr 2002 (W16),Real Oviedo (37),3-6,0-3,Elche CF (37)
?,(Sat) 20 Apr 2002 (W16),Racing Ferrol (37),1-1,0-0,Recreativo Huelva (37)
?,(Sat) 20 Apr 2002 (W16),Real Racing Santander (37),3-1,0-0,Albacete Balompié (37)
?,(Sat) 20 Apr 2002 (W16),Xerez CD (37),0-1,0-0,Levante UD (37)
?,(Sat) 27 Apr 2002 (W17),Atlético Madrid (38),3-3,1-1,Gimnàstic Tarragona (38)
?,(Sat) 27 Apr 2002 (W17),Polideportivo Ejido (38),1-1,0-1,Xerez CD (38)
?,(Sat) 27 Apr 2002 (W17),Elche CF (38),0-0,0-0,CF Extremadura (38)
?,(Sun) 28 Apr 2002 (W17),Albacete Balompié (38),2-1,1-0,Burgos CF (38)
?,(Sun) 28 Apr 2002 (W17),CD Badajoz (38),0-1,0-0,SD Eibar (38)
?,(Sun) 28 Apr 2002 (W17),Córdoba CF (38),0-4,0-1,Real Racing Santander (38)
?,(Sun) 28 Apr 2002 (W17),Real Murcia CF (38),1-1,1-0,Real Oviedo (38)
?,(Sun) 28 Apr 2002 (W17),CD Numancia (38),1-0,0-0,Real Jaén CF (38)
?,(Sun) 28 Apr 2002 (W17),Recreativo Huelva (38),1-2,1-0,CD Leganés (38)
?,(Sun) 28 Apr 2002 (W17),UD Salamanca (38),0-1,0-0,Levante UD (38)
?,(Sun) 28 Apr 2002 (W17),Sporting Gijón (38),5-3,4-1,Racing Ferrol (38)
?,(Sat) 4 May 2002 (W18),SD Eibar (39),2-0,0-0,CD Numancia (39)
?,(Sat) 4 May 2002 (W18),CF Extremadura (39),0-2,0-2,Real Murcia CF (39)
?,(Sat) 4 May 2002 (W18),Gimnàstic Tarragona (39),2-2,2-1,Polideportivo Ejido (39)
?,(Sat) 4 May 2002 (W18),Real Jaén CF (39),1-0,0-0,Albacete Balompié (39)
?,(Sat) 4 May 2002 (W18),CD Leganés (39),0-2,0-1,Sporting Gijón (39)
?,(Sat) 4 May 2002 (W18),Real Racing Santander (39),0-0,0-0,Elche CF (39)
?,(Sat) 4 May 2002 (W18),Xerez CD (39),0-2,0-1,UD Salamanca (39)
?,(Sun) 5 May 2002 (W18),Burgos CF (39),0-1,0-1,Córdoba CF (39)
?,(Sun) 5 May 2002 (W18),Levante UD (39),0-1,0-0,Recreativo Huelva (39)
?,(Sun) 5 May 2002 (W18),Real Oviedo (39),2-3,1-1,Atlético Madrid (39)
?,(Sun) 5 May 2002 (W18),Racing Ferrol (39),1-0,1-0,CD Badajoz (39)
?,(Sat) 11 May 2002 (W19),Atlético Madrid (40),3-2,2-1,CF Extremadura (40)
?,(Sat) 11 May 2002 (W19),Córdoba CF (40),2-1,1-1,Real Jaén CF (40)
?,(Sat) 11 May 2002 (W19),Gimnàstic Tarragona (40),2-1,2-0,Xerez CD (40)
?,(Sat) 11 May 2002 (W19),Recreativo Huelva (40),2-0,2-0,UD Salamanca (40)
?,(Sat) 11 May 2002 (W19),Sporting Gijón (40),0-1,0-1,Levante UD (40)
?,(Sun) 12 May 2002 (W19),Albacete Balompié (40),0-0,0-0,SD Eibar (40)
?,(Sun) 12 May 2002 (W19),CD Badajoz (40),3-2,2-1,CD Leganés (40)
?,(Sun) 12 May 2002 (W19),Polideportivo Ejido (40),3-0,1-0,Real Oviedo (40)
?,(Sun) 12 May 2002 (W19),Elche CF (40),2-0,1-0,Burgos CF (40)
?,(Sun) 12 May 2002 (W19),Real Murcia CF (40),0-0,0-0,Real Racing Santander (40)
?,(Sun) 12 May 2002 (W19),CD Numancia (40),4-0,3-0,Racing Ferrol (40)
?,(Sat) 18 May 2002 (W20),Racing Ferrol (41),2-0,1-0,Albacete Balompié (41)
?,(Sun) 19 May 2002 (W20),Burgos CF (41),0-1,0-0,Real Murcia CF (41)
?,(Sun) 19 May 2002 (W20),SD Eibar (41),2-1,1-0,Córdoba CF (41)
?,(Sun) 19 May 2002 (W20),CF Extremadura (41),1-1,1-0,Polideportivo Ejido (41)
?,(Sun) 19 May 2002 (W20),Real Jaén CF (41),0-1,0-0,Elche CF (41)
?,(Sun) 19 May 2002 (W20),CD Leganés (41),0-1,0-1,CD Numancia (41)
?,(Sun) 19 May 2002 (W20),Levante UD (41),0-1,0-0,CD Badajoz (41)
?,(Sun) 19 May 2002 (W20),Real Oviedo (41),0-2,0-1,Gimnàstic Tarragona (41)
?,(Sun) 19 May 2002 (W20),Real Racing Santander (41),1-0,0-0,Atlético Madrid (41)
?,(Sun) 19 May 2002 (W20),Recreativo Huelva (41),2-1,1-1,Xerez CD (41)
?,(Sun) 19 May 2002 (W20),UD Salamanca (41),1-2,0-2,Sporting Gijón (41)
?,(Sat) 25 May 2002 (W21),Albacete Balompié (42),1-2,1-1,CD Leganés (42)
?,(Sat) 25 May 2002 (W21),Atlético Madrid (42),1-1,1-1,Burgos CF (42)
?,(Sat) 25 May 2002 (W21),CD Badajoz (42),2-2,1-1,UD Salamanca (42)
?,(Sat) 25 May 2002 (W21),Córdoba CF (42),1-1,0-0,Racing Ferrol (42)
?,(Sat) 25 May 2002 (W21),Polideportivo Ejido (42),1-0,0-0,Real Racing Santander (42)
?,(Sat) 25 May 2002 (W21),Elche CF (42),0-0,0-0,SD Eibar (42)
?,(Sat) 25 May 2002 (W21),Gimnàstic Tarragona (42),3-1,0-0,CF Extremadura (42)
?,(Sat) 25 May 2002 (W21),Real Murcia CF (42),3-0,0-0,Real Jaén CF (42)
?,(Sat) 25 May 2002 (W21),CD Numancia (42),1-2,0-1,Levante UD (42)
?,(Sat) 25 May 2002 (W21),Sporting Gijón (42),3-1,0-0,Recreativo Huelva (42)
?,(Sat) 25 May 2002 (W21),Xerez CD (42),2-1,0-1,Real Oviedo (42)
