Round,Date,Team 1,FT,HT,Team 2
?,(Sat) 29 Aug 1998 (W35),Deportivo Alavés (1),0-0,0-0,Real Betis (1)
?,(Sat) 29 Aug 1998 (W35),Valencia CF (1),1-0,0-0,Atlético Madrid (1)
?,(Sun) 30 Aug 1998 (W35),RC Celta Vigo (1),0-0,0-0,RCD La Coruña (1)
?,(Sun) 30 Aug 1998 (W35),RCD Espanyol (1),2-1,1-0,CD Tenerife (1)
?,(Sun) 30 Aug 1998 (W35),CF Extremadura (1),0-0,0-0,Real Valladolid CF (1)
?,(Sun) 30 Aug 1998 (W35),UD Salamanca (1),0-0,0-0,RCD Mallorca (1)
?,(Sun) 30 Aug 1998 (W35),Real Racing Santander (1),0-0,0-0,FC Barcelona (1)
?,(Sun) 30 Aug 1998 (W35),Real Sociedad (1),3-3,1-2,Real Oviedo (1)
?,(Sun) 30 Aug 1998 (W35),Real Zaragoza (1),2-0,0-0,Athletic Club Bilbao (1)
?,(Mon) 31 Aug 1998 (W36),Real Madrid (1),4-1,1-1,Villarreal CF (1)
?,(Sat) 12 Sep 1998 (W37),Athletic Club Bilbao (2),2-0,2-0,Real Racing Santander (2)
?,(Sat) 12 Sep 1998 (W37),Atlético Madrid (2),2-0,0-0,UD Salamanca (2)
?,(Sat) 12 Sep 1998 (W37),FC Barcelona (2),1-0,1-0,CF Extremadura (2)
?,(Sat) 12 Sep 1998 (W37),Real Betis (2),1-3,0-1,Real Zaragoza (2)
?,(Sat) 12 Sep 1998 (W37),RCD La Coruña (2),1-0,1-0,Valencia CF (2)
?,(Sat) 12 Sep 1998 (W37),CD Tenerife (2),2-2,1-0,Real Sociedad (2)
?,(Sat) 12 Sep 1998 (W37),Real Valladolid CF (2),0-1,0-1,Real Madrid (2)
?,(Sat) 12 Sep 1998 (W37),Villarreal CF (2),1-1,1-1,RC Celta Vigo (2)
?,(Sun) 13 Sep 1998 (W37),RCD Mallorca (2),2-0,1-0,RCD Espanyol (2)
?,(Sun) 13 Sep 1998 (W37),Real Oviedo (2),1-0,1-0,Deportivo Alavés (2)
?,(Sat) 19 Sep 1998 (W38),Real Madrid (3),2-2,2-1,FC Barcelona (3)
?,(Sun) 20 Sep 1998 (W38),Deportivo Alavés (3),1-0,0-0,Real Zaragoza (3)
?,(Sun) 20 Sep 1998 (W38),RC Celta Vigo (3),0-0,0-0,Real Valladolid CF (3)
?,(Sun) 20 Sep 1998 (W38),RCD Espanyol (3),1-1,0-0,Atlético Madrid (3)
?,(Sun) 20 Sep 1998 (W38),CF Extremadura (3),0-1,0-0,Athletic Club Bilbao (3)
?,(Sun) 20 Sep 1998 (W38),Real Oviedo (3),0-1,0-1,CD Tenerife (3)
?,(Sun) 20 Sep 1998 (W38),UD Salamanca (3),3-1,1-0,RCD La Coruña (3)
?,(Sun) 20 Sep 1998 (W38),Real Racing Santander (3),1-0,0-0,Real Betis (3)
?,(Sun) 20 Sep 1998 (W38),Real Sociedad (3),0-1,0-1,RCD Mallorca (3)
?,(Sun) 20 Sep 1998 (W38),Valencia CF (3),1-0,1-0,Villarreal CF (3)
?,(Sat) 26 Sep 1998 (W39),Athletic Club Bilbao (4),2-3,1-1,Real Madrid (4)
?,(Sat) 26 Sep 1998 (W39),Atlético Madrid (4),4-1,3-0,Real Sociedad (4)
?,(Sat) 26 Sep 1998 (W39),FC Barcelona (4),2-2,1-1,RC Celta Vigo (4)
?,(Sat) 26 Sep 1998 (W39),Real Betis (4),1-1,0-0,CF Extremadura (4)
?,(Sat) 26 Sep 1998 (W39),Real Valladolid CF (4),3-1,2-1,Valencia CF (4)
?,(Sun) 27 Sep 1998 (W39),RCD La Coruña (4),1-0,0-0,RCD Espanyol (4)
?,(Sun) 27 Sep 1998 (W39),RCD Mallorca (4),0-0,0-0,Real Oviedo (4)
?,(Sun) 27 Sep 1998 (W39),CD Tenerife (4),1-2,0-2,Deportivo Alavés (4)
?,(Sun) 27 Sep 1998 (W39),Villarreal CF (4),5-0,1-0,UD Salamanca (4)
?,(Sun) 27 Sep 1998 (W39),Real Zaragoza (4),3-1,1-0,Real Racing Santander (4)
?,(Sat) 3 Oct 1998 (W40),Valencia CF (5),1-3,1-0,FC Barcelona (5)
?,(Sun) 4 Oct 1998 (W40),Deportivo Alavés (5),0-1,0-1,Real Racing Santander (5)
?,(Sun) 4 Oct 1998 (W40),RC Celta Vigo (5),3-2,2-0,Athletic Club Bilbao (5)
?,(Sun) 4 Oct 1998 (W40),RCD Espanyol (5),1-1,0-0,Villarreal CF (5)
?,(Sun) 4 Oct 1998 (W40),CF Extremadura (5),0-2,0-0,Real Zaragoza (5)
?,(Sun) 4 Oct 1998 (W40),Real Oviedo (5),3-1,1-0,Atlético Madrid (5)
?,(Sun) 4 Oct 1998 (W40),Real Madrid (5),0-1,0-0,Real Betis (5)
?,(Sun) 4 Oct 1998 (W40),UD Salamanca (5),1-0,0-0,Real Valladolid CF (5)
?,(Sun) 4 Oct 1998 (W40),Real Sociedad (5),2-0,1-0,RCD La Coruña (5)
?,(Sun) 4 Oct 1998 (W40),CD Tenerife (5),1-1,1-0,RCD Mallorca (5)
?,(Sat) 17 Oct 1998 (W42),Athletic Club Bilbao (6),2-0,1-0,Valencia CF (6)
?,(Sat) 17 Oct 1998 (W42),Atlético Madrid (6),2-0,0-0,CD Tenerife (6)
?,(Sat) 17 Oct 1998 (W42),FC Barcelona (6),1-1,0-0,UD Salamanca (6)
?,(Sat) 17 Oct 1998 (W42),Real Betis (6),0-3,0-0,RC Celta Vigo (6)
?,(Sat) 17 Oct 1998 (W42),Villarreal CF (6),1-1,0-1,Real Sociedad (6)
?,(Sat) 17 Oct 1998 (W42),Real Zaragoza (6),3-4,1-3,Real Madrid (6)
?,(Sun) 18 Oct 1998 (W42),RCD La Coruña (6),4-0,3-0,Real Oviedo (6)
?,(Sun) 18 Oct 1998 (W42),RCD Mallorca (6),2-1,0-0,Deportivo Alavés (6)
?,(Sun) 18 Oct 1998 (W42),Real Racing Santander (6),3-1,0-0,CF Extremadura (6)
?,(Sun) 18 Oct 1998 (W42),Real Valladolid CF (6),2-1,0-1,RCD Espanyol (6)
?,(Sat) 24 Oct 1998 (W43),RC Celta Vigo (7),2-0,0-0,Real Zaragoza (7)
?,(Sun) 25 Oct 1998 (W43),Deportivo Alavés (7),0-1,0-1,CF Extremadura (7)
?,(Sun) 25 Oct 1998 (W43),RCD Espanyol (7),1-2,0-1,FC Barcelona (7)
?,(Sun) 25 Oct 1998 (W43),RCD Mallorca (7),4-0,1-0,Atlético Madrid (7)
?,(Sun) 25 Oct 1998 (W43),Real Oviedo (7),0-0,0-0,Villarreal CF (7)
?,(Sun) 25 Oct 1998 (W43),Real Madrid (7),2-2,0-0,Real Racing Santander (7)
?,(Sun) 25 Oct 1998 (W43),UD Salamanca (7),2-1,1-1,Athletic Club Bilbao (7)
?,(Sun) 25 Oct 1998 (W43),Real Sociedad (7),1-0,0-0,Real Valladolid CF (7)
?,(Sun) 25 Oct 1998 (W43),CD Tenerife (7),1-1,1-0,RCD La Coruña (7)
?,(Sun) 25 Oct 1998 (W43),Valencia CF (7),5-1,2-1,Real Betis (7)
?,(Sat) 31 Oct 1998 (W44),Athletic Club Bilbao (8),2-2,1-1,RCD Espanyol (8)
?,(Sat) 31 Oct 1998 (W44),Atlético Madrid (8),3-0,2-0,Deportivo Alavés (8)
?,(Sat) 31 Oct 1998 (W44),FC Barcelona (8),4-1,2-1,Real Sociedad (8)
?,(Sat) 31 Oct 1998 (W44),Real Betis (8),1-0,0-0,UD Salamanca (8)
?,(Sat) 31 Oct 1998 (W44),CF Extremadura (8),1-5,0-3,Real Madrid (8)
?,(Sat) 31 Oct 1998 (W44),Real Racing Santander (8),2-2,0-1,RC Celta Vigo (8)
?,(Sat) 31 Oct 1998 (W44),Real Zaragoza (8),1-4,1-1,Valencia CF (8)
?,(Sun) 1 Nov 1998 (W44),RCD La Coruña (8),1-1,1-1,RCD Mallorca (8)
?,(Sun) 1 Nov 1998 (W44),Real Valladolid CF (8),2-1,0-0,Real Oviedo (8)
?,(Sun) 1 Nov 1998 (W44),Villarreal CF (8),2-5,1-2,CD Tenerife (8)
?,(Sat) 7 Nov 1998 (W45),RCD Espanyol (9),1-0,1-0,Real Betis (9)
?,(Sun) 8 Nov 1998 (W45),Deportivo Alavés (9),1-1,1-0,Real Madrid (9)
?,(Sun) 8 Nov 1998 (W45),Atlético Madrid (9),1-1,0-0,RCD La Coruña (9)
?,(Sun) 8 Nov 1998 (W45),RC Celta Vigo (9),5-1,0-0,CF Extremadura (9)
?,(Sun) 8 Nov 1998 (W45),RCD Mallorca (9),1-0,1-0,Villarreal CF (9)
?,(Sun) 8 Nov 1998 (W45),Real Oviedo (9),2-1,0-1,FC Barcelona (9)
?,(Sun) 8 Nov 1998 (W45),UD Salamanca (9),1-2,1-0,Real Zaragoza (9)
?,(Sun) 8 Nov 1998 (W45),Real Sociedad (9),3-1,2-1,Athletic Club Bilbao (9)
?,(Sun) 8 Nov 1998 (W45),CD Tenerife (9),2-2,1-1,Real Valladolid CF (9)
?,(Sun) 8 Nov 1998 (W45),Valencia CF (9),3-0,0-0,Real Racing Santander (9)
?,(Sat) 14 Nov 1998 (W46),Real Madrid (10),1-2,0-1,RC Celta Vigo (10)
?,(Sun) 15 Nov 1998 (W46),Athletic Club Bilbao (10),3-5,2-1,Real Oviedo (10)
?,(Sun) 15 Nov 1998 (W46),FC Barcelona (10),4-1,1-1,CD Tenerife (10)
?,(Sun) 15 Nov 1998 (W46),Real Betis (10),1-0,1-0,Real Sociedad (10)
?,(Sun) 15 Nov 1998 (W46),CF Extremadura (10),1-0,0-0,Valencia CF (10)
?,(Sun) 15 Nov 1998 (W46),RCD La Coruña (10),2-2,1-1,Deportivo Alavés (10)
?,(Sun) 15 Nov 1998 (W46),Real Racing Santander (10),4-1,2-0,UD Salamanca (10)
?,(Sun) 15 Nov 1998 (W46),Real Valladolid CF (10),1-0,1-0,RCD Mallorca (10)
?,(Sun) 15 Nov 1998 (W46),Villarreal CF (10),2-1,1-0,Atlético Madrid (10)
?,(Sun) 15 Nov 1998 (W46),Real Zaragoza (10),0-3,0-0,RCD Espanyol (10)
?,(Fri) 20 Nov 1998 (W47),CD Tenerife (11),0-1,0-0,Athletic Club Bilbao (11)
?,(Sat) 21 Nov 1998 (W47),Deportivo Alavés (11),2-0,1-0,RC Celta Vigo (11)
?,(Sat) 21 Nov 1998 (W47),Atlético Madrid (11),6-1,2-1,Real Valladolid CF (11)
?,(Sat) 21 Nov 1998 (W47),RCD Mallorca (11),1-0,1-0,FC Barcelona (11)
?,(Sat) 21 Nov 1998 (W47),Real Oviedo (11),0-1,0-1,Real Betis (11)
?,(Sat) 21 Nov 1998 (W47),Real Sociedad (11),0-0,0-0,Real Zaragoza (11)
?,(Sat) 21 Nov 1998 (W47),Valencia CF (11),3-1,1-0,Real Madrid (11)
?,(Sun) 22 Nov 1998 (W47),RCD Espanyol (11),1-1,0-0,Real Racing Santander (11)
?,(Sun) 22 Nov 1998 (W47),RCD La Coruña (11),2-1,1-1,Villarreal CF (11)
?,(Sun) 22 Nov 1998 (W47),UD Salamanca (11),2-1,0-0,CF Extremadura (11)
?,(Sat) 28 Nov 1998 (W48),FC Barcelona (12),0-1,0-1,Atlético Madrid (12)
?,(Sun) 29 Nov 1998 (W48),Athletic Club Bilbao (12),1-0,1-0,RCD Mallorca (12)
?,(Sun) 29 Nov 1998 (W48),Real Betis (12),1-0,0-0,CD Tenerife (12)
?,(Sun) 29 Nov 1998 (W48),RC Celta Vigo (12),2-2,1-1,Valencia CF (12)
?,(Sun) 29 Nov 1998 (W48),CF Extremadura (12),1-0,1-0,RCD Espanyol (12)
?,(Sun) 29 Nov 1998 (W48),Real Racing Santander (12),0-1,0-0,Real Sociedad (12)
?,(Sun) 29 Nov 1998 (W48),Real Valladolid CF (12),0-1,0-1,RCD La Coruña (12)
?,(Sun) 29 Nov 1998 (W48),Villarreal CF (12),2-0,1-0,Deportivo Alavés (12)
?,(Sun) 29 Nov 1998 (W48),Real Zaragoza (12),1-0,1-0,Real Oviedo (12)
?,(Sat) 5 Dec 1998 (W49),Atlético Madrid (13),0-0,0-0,Athletic Club Bilbao (13)
?,(Sat) 5 Dec 1998 (W49),RCD Espanyol (13),0-0,0-0,Real Madrid (12)
?,(Sat) 5 Dec 1998 (W49),RCD La Coruña (13),2-1,0-0,FC Barcelona (13)
?,(Sat) 5 Dec 1998 (W49),RCD Mallorca (13),1-0,0-0,Real Betis (13)
?,(Sat) 5 Dec 1998 (W49),UD Salamanca (12),1-1,0-1,RC Celta Vigo (13)
?,(Sat) 5 Dec 1998 (W49),Real Sociedad (13),2-0,1-0,CF Extremadura (13)
?,(Sun) 6 Dec 1998 (W49),Deportivo Alavés (13),0-1,0-0,Valencia CF (13)
?,(Sun) 6 Dec 1998 (W49),Real Oviedo (13),1-0,1-0,Real Racing Santander (13)
?,(Sun) 6 Dec 1998 (W49),CD Tenerife (13),1-1,0-0,Real Zaragoza (13)
?,(Sun) 6 Dec 1998 (W49),Villarreal CF (13),2-1,1-0,Real Valladolid CF (13)
?,(Sat) 12 Dec 1998 (W50),Real Betis (14),0-0,0-0,Atlético Madrid (14)
?,(Sun) 13 Dec 1998 (W50),Athletic Club Bilbao (14),2-1,1-1,RCD La Coruña (14)
?,(Sun) 13 Dec 1998 (W50),FC Barcelona (14),1-3,0-2,Villarreal CF (14)
?,(Sun) 13 Dec 1998 (W50),RC Celta Vigo (14),2-0,2-0,RCD Espanyol (14)
?,(Sun) 13 Dec 1998 (W50),CF Extremadura (14),0-1,0-1,Real Oviedo (14)
?,(Sun) 13 Dec 1998 (W50),Real Madrid (13),3-2,1-0,Real Sociedad (14)
?,(Sun) 13 Dec 1998 (W50),Real Racing Santander (14),0-0,0-0,CD Tenerife (14)
?,(Sun) 13 Dec 1998 (W50),Valencia CF (14),1-0,0-0,UD Salamanca (13)
?,(Sun) 13 Dec 1998 (W50),Real Valladolid CF (14),3-0,0-0,Deportivo Alavés (14)
?,(Sun) 13 Dec 1998 (W50),Real Zaragoza (14),0-1,0-1,RCD Mallorca (14)
?,(Sat) 19 Dec 1998 (W51),RCD La Coruña (15),2-2,1-1,Real Betis (15)
?,(Sun) 20 Dec 1998 (W51),Deportivo Alavés (15),1-0,0-0,UD Salamanca (14)
?,(Sun) 20 Dec 1998 (W51),Atlético Madrid (15),0-0,0-0,Real Zaragoza (15)
?,(Sun) 20 Dec 1998 (W51),RCD Espanyol (15),2-1,1-1,Valencia CF (15)
?,(Sun) 20 Dec 1998 (W51),RCD Mallorca (15),1-1,0-0,Real Racing Santander (15)
?,(Sun) 20 Dec 1998 (W51),Real Oviedo (15),1-0,0-0,Real Madrid (14)
?,(Sun) 20 Dec 1998 (W51),Real Sociedad (15),2-0,1-0,RC Celta Vigo (15)
?,(Sun) 20 Dec 1998 (W51),CD Tenerife (15),1-1,0-0,CF Extremadura (15)
?,(Sun) 20 Dec 1998 (W51),Real Valladolid CF (15),0-1,0-1,FC Barcelona (15)
?,(Sun) 20 Dec 1998 (W51),Villarreal CF (15),0-1,0-0,Athletic Club Bilbao (15)
?,(Sat) 2 Jan 1999 (W53),Valencia CF (16),2-0,1-0,Real Sociedad (16)
?,(Sun) 3 Jan 1999 (W53),Athletic Club Bilbao (16),2-1,0-1,Real Valladolid CF (16)
?,(Sun) 3 Jan 1999 (W53),FC Barcelona (16),7-1,2-0,Deportivo Alavés (16)
?,(Sun) 3 Jan 1999 (W53),Real Betis (16),4-1,1-0,Villarreal CF (16)
?,(Sun) 3 Jan 1999 (W53),RC Celta Vigo (16),6-2,3-0,Real Oviedo (16)
?,(Sun) 3 Jan 1999 (W53),CF Extremadura (16),1-0,1-0,RCD Mallorca (16)
?,(Sun) 3 Jan 1999 (W53),Real Madrid (15),4-0,1-0,CD Tenerife (16)
?,(Sun) 3 Jan 1999 (W53),UD Salamanca (15),2-3,2-1,RCD Espanyol (16)
?,(Sun) 3 Jan 1999 (W53),Real Racing Santander (16),2-3,0-2,Atlético Madrid (16)
?,(Sun) 3 Jan 1999 (W53),Real Zaragoza (16),3-1,0-1,RCD La Coruña (16)
?,(Wed) 6 Jan 1999 (W1),Real Madrid (16),3-1,1-1,UD Salamanca (16)
?,(Sat) 9 Jan 1999 (W1),FC Barcelona (17),4-2,2-0,Athletic Club Bilbao (17)
?,(Sun) 10 Jan 1999 (W1),Deportivo Alavés (17),1-1,0-1,RCD Espanyol (17)
?,(Sun) 10 Jan 1999 (W1),Atlético Madrid (17),5-0,2-0,CF Extremadura (17)
?,(Sun) 10 Jan 1999 (W1),RCD La Coruña (17),1-2,0-1,Real Racing Santander (17)
?,(Sun) 10 Jan 1999 (W1),RCD Mallorca (17),2-1,2-0,Real Madrid (17)
?,(Sun) 10 Jan 1999 (W1),Real Oviedo (17),2-2,2-1,Valencia CF (17)
?,(Sun) 10 Jan 1999 (W1),Real Sociedad (17),4-0,0-0,UD Salamanca (17)
?,(Sun) 10 Jan 1999 (W1),CD Tenerife (17),0-2,0-0,RC Celta Vigo (17)
?,(Sun) 10 Jan 1999 (W1),Real Valladolid CF (17),0-3,?,Real Betis (17)
?,(Sun) 10 Jan 1999 (W1),Villarreal CF (17),1-1,1-0,Real Zaragoza (17)
?,(Sat) 16 Jan 1999 (W2),RC Celta Vigo (18),4-2,1-1,RCD Mallorca (18)
?,(Sun) 17 Jan 1999 (W2),Deportivo Alavés (18),1-2,0-1,Athletic Club Bilbao (18)
?,(Sun) 17 Jan 1999 (W2),Real Betis (18),0-3,0-2,FC Barcelona (18)
?,(Sun) 17 Jan 1999 (W2),RCD Espanyol (18),0-0,0-0,Real Sociedad (18)
?,(Sun) 17 Jan 1999 (W2),CF Extremadura (18),1-2,0-1,RCD La Coruña (18)
?,(Sun) 17 Jan 1999 (W2),Real Madrid (18),4-2,1-0,Atlético Madrid (18)
?,(Sun) 17 Jan 1999 (W2),UD Salamanca (18),1-1,0-0,Real Oviedo (18)
?,(Sun) 17 Jan 1999 (W2),Real Racing Santander (18),1-2,0-1,Villarreal CF (18)
?,(Sun) 17 Jan 1999 (W2),Valencia CF (18),1-1,1-0,CD Tenerife (18)
?,(Sun) 17 Jan 1999 (W2),Real Zaragoza (18),2-0,0-0,Real Valladolid CF (18)
?,(Sat) 23 Jan 1999 (W3),Athletic Club Bilbao (19),0-0,0-0,Real Betis (19)
?,(Sun) 24 Jan 1999 (W3),Atlético Madrid (19),2-1,1-0,RC Celta Vigo (19)
?,(Sun) 24 Jan 1999 (W3),FC Barcelona (19),3-1,1-0,Real Zaragoza (19)
?,(Sun) 24 Jan 1999 (W3),RCD La Coruña (19),4-0,3-0,Real Madrid (19)
?,(Sun) 24 Jan 1999 (W3),RCD Mallorca (19),0-1,0-0,Valencia CF (19)
?,(Sun) 24 Jan 1999 (W3),Real Oviedo (19),1-1,0-1,RCD Espanyol (19)
?,(Sun) 24 Jan 1999 (W3),Real Sociedad (19),2-1,1-1,Deportivo Alavés (19)
?,(Sun) 24 Jan 1999 (W3),CD Tenerife (19),1-0,0-0,UD Salamanca (19)
?,(Sun) 24 Jan 1999 (W3),Real Valladolid CF (19),0-0,0-0,Real Racing Santander (19)
?,(Sun) 24 Jan 1999 (W3),Villarreal CF (19),1-1,1-1,CF Extremadura (19)
?,(Sat) 30 Jan 1999 (W4),Athletic Club Bilbao (20),2-0,1-0,Real Zaragoza (20)
?,(Sat) 30 Jan 1999 (W4),Atlético Madrid (20),1-2,1-2,Valencia CF (20)
?,(Sat) 30 Jan 1999 (W4),Real Betis (20),1-0,0-0,Deportivo Alavés (20)
?,(Sat) 30 Jan 1999 (W4),RCD Mallorca (20),1-0,0-0,UD Salamanca (20)
?,(Sat) 30 Jan 1999 (W4),Real Oviedo (20),2-1,0-0,Real Sociedad (20)
?,(Sat) 30 Jan 1999 (W4),Villarreal CF (20),0-2,0-0,Real Madrid (20)
?,(Sun) 31 Jan 1999 (W4),FC Barcelona (20),3-2,2-1,Real Racing Santander (20)
?,(Sun) 31 Jan 1999 (W4),RCD La Coruña (20),2-1,2-0,RC Celta Vigo (20)
?,(Sun) 31 Jan 1999 (W4),CD Tenerife (20),0-0,0-0,RCD Espanyol (20)
?,(Sun) 31 Jan 1999 (W4),Real Valladolid CF (20),0-0,0-0,CF Extremadura (20)
?,(Sat) 6 Feb 1999 (W5),Valencia CF (21),0-0,0-0,RCD La Coruña (21)
?,(Sun) 7 Feb 1999 (W5),Deportivo Alavés (21),2-2,1-0,Real Oviedo (21)
?,(Sun) 7 Feb 1999 (W5),RC Celta Vigo (21),4-1,1-1,Villarreal CF (21)
?,(Sun) 7 Feb 1999 (W5),RCD Espanyol (21),1-0,1-0,RCD Mallorca (21)
?,(Sun) 7 Feb 1999 (W5),CF Extremadura (21),1-2,1-1,FC Barcelona (21)
?,(Sun) 7 Feb 1999 (W5),Real Madrid (21),3-2,1-0,Real Valladolid CF (21)
?,(Sun) 7 Feb 1999 (W5),UD Salamanca (21),2-1,2-1,Atlético Madrid (21)
?,(Sun) 7 Feb 1999 (W5),Real Racing Santander (21),2-0,1-0,Athletic Club Bilbao (21)
?,(Sun) 7 Feb 1999 (W5),Real Sociedad (21),1-1,0-1,CD Tenerife (21)
?,(Sun) 7 Feb 1999 (W5),Real Zaragoza (21),2-2,2-1,Real Betis (21)
?,(Sat) 13 Feb 1999 (W6),Atlético Madrid (22),1-2,1-1,RCD Espanyol (22)
?,(Sat) 13 Feb 1999 (W6),RCD La Coruña (22),1-0,0-0,UD Salamanca (22)
?,(Sat) 13 Feb 1999 (W6),RCD Mallorca (22),1-0,0-0,Real Sociedad (22)
?,(Sun) 14 Feb 1999 (W6),Athletic Club Bilbao (22),0-0,0-0,CF Extremadura (22)
?,(Sun) 14 Feb 1999 (W6),FC Barcelona (22),3-0,2-0,Real Madrid (22)
?,(Sun) 14 Feb 1999 (W6),Real Betis (22),1-1,0-1,Real Racing Santander (22)
?,(Sun) 14 Feb 1999 (W6),CD Tenerife (22),0-2,0-1,Real Oviedo (22)
?,(Sun) 14 Feb 1999 (W6),Real Valladolid CF (22),2-1,1-0,RC Celta Vigo (22)
?,(Sun) 14 Feb 1999 (W6),Villarreal CF (22),1-0,0-0,Valencia CF (22)
?,(Sun) 14 Feb 1999 (W6),Real Zaragoza (22),1-1,1-1,Deportivo Alavés (22)
?,(Sat) 20 Feb 1999 (W7),CF Extremadura (23),2-1,0-0,Real Betis (23)
?,(Sat) 20 Feb 1999 (W7),Real Madrid (23),0-1,0-0,Athletic Club Bilbao (23)
?,(Sat) 20 Feb 1999 (W7),Real Racing Santander (23),2-4,1-2,Real Zaragoza (23)
?,(Sun) 21 Feb 1999 (W7),Deportivo Alavés (23),3-1,2-1,CD Tenerife (23)
?,(Sun) 21 Feb 1999 (W7),RC Celta Vigo (23),0-0,0-0,FC Barcelona (23)
?,(Sun) 21 Feb 1999 (W7),RCD Espanyol (23),2-2,1-0,RCD La Coruña (23)
?,(Sun) 21 Feb 1999 (W7),Real Oviedo (23),1-3,1-1,RCD Mallorca (23)
?,(Sun) 21 Feb 1999 (W7),UD Salamanca (23),1-0,1-0,Villarreal CF (23)
?,(Sun) 21 Feb 1999 (W7),Real Sociedad (23),3-2,1-2,Atlético Madrid (23)
?,(Sun) 21 Feb 1999 (W7),Valencia CF (23),0-1,0-0,Real Valladolid CF (23)
?,(Sat) 27 Feb 1999 (W8),Athletic Club Bilbao (24),0-0,0-0,RC Celta Vigo (24)
?,(Sat) 27 Feb 1999 (W8),Atlético Madrid (24),0-0,0-0,Real Oviedo (24)
?,(Sat) 27 Feb 1999 (W8),FC Barcelona (24),2-4,1-2,Valencia CF (24)
?,(Sat) 27 Feb 1999 (W8),Real Betis (24),3-2,1-1,Real Madrid (24)
?,(Sun) 28 Feb 1999 (W8),RCD La Coruña (24),0-1,0-0,Real Sociedad (24)
?,(Sun) 28 Feb 1999 (W8),RCD Mallorca (24),1-1,1-1,CD Tenerife (24)
?,(Sun) 28 Feb 1999 (W8),Real Racing Santander (24),2-0,1-0,Deportivo Alavés (24)
?,(Sun) 28 Feb 1999 (W8),Real Valladolid CF (24),4-1,1-0,UD Salamanca (24)
?,(Sun) 28 Feb 1999 (W8),Villarreal CF (24),2-2,1-0,RCD Espanyol (24)
?,(Sun) 28 Feb 1999 (W8),Real Zaragoza (24),3-1,1-0,CF Extremadura (24)
?,(Sat) 6 Mar 1999 (W9),Real Oviedo (25),1-2,0-1,RCD La Coruña (25)
?,(Sun) 7 Mar 1999 (W9),Deportivo Alavés (25),2-0,0-0,RCD Mallorca (25)
?,(Sun) 7 Mar 1999 (W9),RC Celta Vigo (25),4-0,2-0,Real Betis (25)
?,(Sun) 7 Mar 1999 (W9),RCD Espanyol (25),0-2,0-1,Real Valladolid CF (25)
?,(Sun) 7 Mar 1999 (W9),CF Extremadura (25),0-3,0-1,Real Racing Santander (25)
?,(Sun) 7 Mar 1999 (W9),Real Madrid (25),3-2,1-0,Real Zaragoza (25)
?,(Sun) 7 Mar 1999 (W9),UD Salamanca (25),1-4,0-3,FC Barcelona (25)
?,(Sun) 7 Mar 1999 (W9),Real Sociedad (25),1-1,1-0,Villarreal CF (25)
?,(Sun) 7 Mar 1999 (W9),CD Tenerife (25),1-0,1-0,Atlético Madrid (25)
?,(Sun) 7 Mar 1999 (W9),Valencia CF (25),4-1,0-1,Athletic Club Bilbao (25)
?,(Sat) 13 Mar 1999 (W10),Atlético Madrid (26),1-2,1-2,RCD Mallorca (26)
?,(Sat) 13 Mar 1999 (W10),Real Betis (26),0-1,0-1,Valencia CF (26)
?,(Sat) 13 Mar 1999 (W10),Real Racing Santander (26),1-3,1-0,Real Madrid (26)
?,(Sat) 13 Mar 1999 (W10),Real Zaragoza (26),0-1,0-1,RC Celta Vigo (26)
?,(Sun) 14 Mar 1999 (W10),Athletic Club Bilbao (26),1-0,0-0,UD Salamanca (26)
?,(Sun) 14 Mar 1999 (W10),FC Barcelona (26),3-0,2-0,RCD Espanyol (26)
?,(Sun) 14 Mar 1999 (W10),CF Extremadura (26),1-0,0-0,Deportivo Alavés (26)
?,(Sun) 14 Mar 1999 (W10),RCD La Coruña (26),2-0,1-0,CD Tenerife (26)
?,(Sun) 14 Mar 1999 (W10),Real Valladolid CF (26),0-0,0-0,Real Sociedad (26)
?,(Sun) 14 Mar 1999 (W10),Villarreal CF (26),0-0,0-0,Real Oviedo (26)
?,(Sat) 20 Mar 1999 (W11),RCD Espanyol (27),1-1,1-0,Athletic Club Bilbao (27)
?,(Sun) 21 Mar 1999 (W11),Deportivo Alavés (27),2-0,0-0,Atlético Madrid (27)
?,(Sun) 21 Mar 1999 (W11),RC Celta Vigo (27),3-0,1-0,Real Racing Santander (27)
?,(Sun) 21 Mar 1999 (W11),RCD Mallorca (27),1-2,0-1,RCD La Coruña (27)
?,(Sun) 21 Mar 1999 (W11),Real Oviedo (27),0-0,0-0,Real Valladolid CF (27)
?,(Sun) 21 Mar 1999 (W11),Real Madrid (27),2-0,1-0,CF Extremadura (27)
?,(Sun) 21 Mar 1999 (W11),UD Salamanca (27),1-3,0-1,Real Betis (27)
?,(Sun) 21 Mar 1999 (W11),Real Sociedad (27),0-2,0-1,FC Barcelona (27)
?,(Sun) 21 Mar 1999 (W11),CD Tenerife (27),2-2,1-0,Villarreal CF (27)
?,(Sun) 21 Mar 1999 (W11),Valencia CF (27),1-1,0-1,Real Zaragoza (27)
?,(Sat) 3 Apr 1999 (W13),RCD La Coruña (28),1-1,0-1,Atlético Madrid (28)
?,(Sat) 3 Apr 1999 (W13),Real Racing Santander (28),0-1,0-0,Valencia CF (28)
?,(Sun) 4 Apr 1999 (W13),Athletic Club Bilbao (28),0-0,0-0,Real Sociedad (28)
?,(Sun) 4 Apr 1999 (W13),FC Barcelona (28),3-1,2-1,Real Oviedo (28)
?,(Sun) 4 Apr 1999 (W13),Real Betis (28),0-1,0-0,RCD Espanyol (28)
?,(Sun) 4 Apr 1999 (W13),CF Extremadura (28),1-1,0-0,RC Celta Vigo (28)
?,(Sun) 4 Apr 1999 (W13),Real Madrid (28),3-2,1-2,Deportivo Alavés (28)
?,(Sun) 4 Apr 1999 (W13),Real Valladolid CF (28),2-1,1-0,CD Tenerife (28)
?,(Sun) 4 Apr 1999 (W13),Villarreal CF (28),0-2,0-0,RCD Mallorca (28)
?,(Sun) 4 Apr 1999 (W13),Real Zaragoza (28),2-0,2-0,UD Salamanca (28)
?,(Sat) 10 Apr 1999 (W14),CD Tenerife (29),2-3,1-2,FC Barcelona (29)
?,(Sun) 11 Apr 1999 (W14),Deportivo Alavés (29),2-1,1-1,RCD La Coruña (29)
?,(Sun) 11 Apr 1999 (W14),Atlético Madrid (29),2-2,0-2,Villarreal CF (29)
?,(Sun) 11 Apr 1999 (W14),RC Celta Vigo (29),5-1,4-1,Real Madrid (29)
?,(Sun) 11 Apr 1999 (W14),RCD Espanyol (29),2-1,1-0,Real Zaragoza (29)
?,(Sun) 11 Apr 1999 (W14),RCD Mallorca (29),1-0,0-0,Real Valladolid CF (29)
?,(Sun) 11 Apr 1999 (W14),Real Oviedo (29),0-0,0-0,Athletic Club Bilbao (29)
?,(Sun) 11 Apr 1999 (W14),UD Salamanca (29),1-2,0-1,Real Racing Santander (29)
?,(Sun) 11 Apr 1999 (W14),Real Sociedad (29),1-0,0-0,Real Betis (29)
?,(Sun) 11 Apr 1999 (W14),Valencia CF (29),1-1,0-0,CF Extremadura (29)
?,(Sat) 17 Apr 1999 (W15),FC Barcelona (30),2-1,2-0,RCD Mallorca (30)
?,(Sat) 17 Apr 1999 (W15),Real Valladolid CF (30),1-0,0-0,Atlético Madrid (30)
?,(Sun) 18 Apr 1999 (W15),Athletic Club Bilbao (30),2-0,0-0,CD Tenerife (30)
?,(Sun) 18 Apr 1999 (W15),Real Betis (30),5-0,2-0,Real Oviedo (30)
?,(Sun) 18 Apr 1999 (W15),RC Celta Vigo (30),1-1,0-0,Deportivo Alavés (30)
?,(Sun) 18 Apr 1999 (W15),CF Extremadura (30),1-1,1-1,UD Salamanca (30)
?,(Sun) 18 Apr 1999 (W15),Real Madrid (30),3-1,2-0,Valencia CF (30)
?,(Sun) 18 Apr 1999 (W15),Real Racing Santander (30),0-2,0-1,RCD Espanyol (30)
?,(Sun) 18 Apr 1999 (W15),Villarreal CF (30),1-2,0-2,RCD La Coruña (30)
?,(Sun) 18 Apr 1999 (W15),Real Zaragoza (30),1-1,0-1,Real Sociedad (30)
?,(Sat) 24 Apr 1999 (W16),Valencia CF (31),2-2,1-1,RC Celta Vigo (31)
?,(Sun) 25 Apr 1999 (W16),Deportivo Alavés (31),2-1,0-0,Villarreal CF (31)
?,(Sun) 25 Apr 1999 (W16),Atlético Madrid (31),1-1,0-0,FC Barcelona (31)
?,(Sun) 25 Apr 1999 (W16),RCD Espanyol (31),0-0,0-0,CF Extremadura (31)
?,(Sun) 25 Apr 1999 (W16),RCD La Coruña (31),3-0,2-0,Real Valladolid CF (31)
?,(Sun) 25 Apr 1999 (W16),RCD Mallorca (31),6-1,3-0,Athletic Club Bilbao (31)
?,(Sun) 25 Apr 1999 (W16),Real Oviedo (31),1-2,0-0,Real Zaragoza (31)
?,(Sun) 25 Apr 1999 (W16),UD Salamanca (31),1-1,0-0,Real Madrid (31)
?,(Sun) 25 Apr 1999 (W16),Real Sociedad (31),2-0,0-0,Real Racing Santander (31)
?,(Sun) 25 Apr 1999 (W16),CD Tenerife (31),3-2,1-2,Real Betis (31)
?,(Sat) 1 May 1999 (W17),Real Madrid (32),2-0,2-0,RCD Espanyol (32)
?,(Sat) 1 May 1999 (W17),Valencia CF (32),5-0,2-0,Deportivo Alavés (32)
?,(Sun) 2 May 1999 (W17),Athletic Club Bilbao (32),1-2,1-1,Atlético Madrid (32)
?,(Sun) 2 May 1999 (W17),FC Barcelona (32),4-0,3-0,RCD La Coruña (32)
?,(Sun) 2 May 1999 (W17),Real Betis (32),1-3,0-1,RCD Mallorca (32)
?,(Sun) 2 May 1999 (W17),RC Celta Vigo (32),1-0,0-0,UD Salamanca (32)
?,(Sun) 2 May 1999 (W17),CF Extremadura (32),1-0,1-0,Real Sociedad (32)
?,(Sun) 2 May 1999 (W17),Real Racing Santander (32),0-0,0-0,Real Oviedo (32)
?,(Sun) 2 May 1999 (W17),Real Valladolid CF (32),1-0,0-0,Villarreal CF (32)
?,(Sun) 2 May 1999 (W17),Real Zaragoza (32),3-1,1-1,CD Tenerife (32)
?,(Sat) 8 May 1999 (W18),Real Sociedad (33),3-2,1-0,Real Madrid (33)
?,(Sun) 9 May 1999 (W18),Deportivo Alavés (33),2-0,1-0,Real Valladolid CF (33)
?,(Sun) 9 May 1999 (W18),Atlético Madrid (33),2-3,2-0,Real Betis (33)
?,(Sun) 9 May 1999 (W18),RCD Espanyol (33),3-0,0-0,RC Celta Vigo (33)
?,(Sun) 9 May 1999 (W18),RCD La Coruña (33),1-1,0-1,Athletic Club Bilbao (33)
?,(Sun) 9 May 1999 (W18),RCD Mallorca (33),1-0,1-0,Real Zaragoza (33)
?,(Sun) 9 May 1999 (W18),Real Oviedo (33),1-0,0-0,CF Extremadura (33)
?,(Sun) 9 May 1999 (W18),UD Salamanca (33),0-1,0-1,Valencia CF (33)
?,(Sun) 9 May 1999 (W18),CD Tenerife (33),2-2,1-0,Real Racing Santander (33)
?,(Sun) 9 May 1999 (W18),Villarreal CF (33),2-3,1-0,FC Barcelona (33)
?,(Fri) 14 May 1999 (W19),Real Racing Santander (34),1-0,0-0,RCD Mallorca (34)
?,(Sat) 15 May 1999 (W19),FC Barcelona (34),1-1,0-0,Real Valladolid CF (34)
?,(Sun) 16 May 1999 (W19),Athletic Club Bilbao (34),2-0,2-0,Villarreal CF (34)
?,(Sun) 16 May 1999 (W19),Real Betis (34),0-3,0-2,RCD La Coruña (34)
?,(Sun) 16 May 1999 (W19),RC Celta Vigo (34),2-2,1-2,Real Sociedad (34)
?,(Sun) 16 May 1999 (W19),CF Extremadura (34),1-0,0-0,CD Tenerife (34)
?,(Sun) 16 May 1999 (W19),Real Madrid (34),2-1,1-1,Real Oviedo (34)
?,(Sun) 16 May 1999 (W19),UD Salamanca (34),1-0,1-0,Deportivo Alavés (34)
?,(Sun) 16 May 1999 (W19),Valencia CF (34),1-2,0-0,RCD Espanyol (34)
?,(Sun) 16 May 1999 (W19),Real Zaragoza (34),2-0,1-0,Atlético Madrid (34)
?,(Sat) 22 May 1999 (W20),Deportivo Alavés (35),1-4,0-1,FC Barcelona (35)
?,(Sun) 23 May 1999 (W20),Atlético Madrid (35),1-1,0-0,Real Racing Santander (35)
?,(Sun) 23 May 1999 (W20),RCD Espanyol (35),4-0,2-0,UD Salamanca (35)
?,(Sun) 23 May 1999 (W20),RCD La Coruña (35),2-1,1-0,Real Zaragoza (35)
?,(Sun) 23 May 1999 (W20),RCD Mallorca (35),2-0,1-0,CF Extremadura (35)
?,(Sun) 23 May 1999 (W20),Real Oviedo (35),1-3,0-1,RC Celta Vigo (35)
?,(Sun) 23 May 1999 (W20),Real Sociedad (35),1-1,0-0,Valencia CF (35)
?,(Sun) 23 May 1999 (W20),CD Tenerife (35),2-3,0-2,Real Madrid (35)
?,(Sun) 23 May 1999 (W20),Real Valladolid CF (35),0-3,0-0,Athletic Club Bilbao (35)
?,(Sun) 23 May 1999 (W20),Villarreal CF (35),3-4,1-2,Real Betis (35)
?,(Sat) 29 May 1999 (W21),Athletic Club Bilbao (36),1-3,0-1,FC Barcelona (36)
?,(Sat) 29 May 1999 (W21),Valencia CF (36),3-0,1-0,Real Oviedo (36)
?,(Sun) 30 May 1999 (W21),Real Betis (36),2-0,1-0,Real Valladolid CF (36)
?,(Sun) 30 May 1999 (W21),RC Celta Vigo (36),2-0,1-0,CD Tenerife (36)
?,(Sun) 30 May 1999 (W21),RCD Espanyol (36),3-0,2-0,Deportivo Alavés (36)
?,(Sun) 30 May 1999 (W21),CF Extremadura (36),2-1,1-1,Atlético Madrid (36)
?,(Sun) 30 May 1999 (W21),Real Madrid (36),2-1,1-0,RCD Mallorca (36)
?,(Sun) 30 May 1999 (W21),UD Salamanca (36),0-1,0-0,Real Sociedad (36)
?,(Sun) 30 May 1999 (W21),Real Racing Santander (36),1-1,0-0,RCD La Coruña (36)
?,(Sun) 30 May 1999 (W21),Real Zaragoza (36),4-0,1-0,Villarreal CF (36)
?,(Sat) 12 Jun 1999 (W23),Atlético Madrid (37),3-1,2-1,Real Madrid (37)
?,(Sat) 12 Jun 1999 (W23),RCD La Coruña (37),1-1,0-1,CF Extremadura (37)
?,(Sat) 12 Jun 1999 (W23),Real Valladolid CF (37),1-1,0-0,Real Zaragoza (37)
?,(Sun) 13 Jun 1999 (W23),Athletic Club Bilbao (37),5-0,1-0,Deportivo Alavés (37)
?,(Sun) 13 Jun 1999 (W23),FC Barcelona (37),4-1,3-0,Real Betis (37)
?,(Sun) 13 Jun 1999 (W23),RCD Mallorca (37),2-0,1-0,RC Celta Vigo (37)
?,(Sun) 13 Jun 1999 (W23),Real Oviedo (37),3-2,1-2,UD Salamanca (37)
?,(Sun) 13 Jun 1999 (W23),Real Sociedad (37),1-2,1-0,RCD Espanyol (37)
?,(Sun) 13 Jun 1999 (W23),CD Tenerife (37),3-2,1-1,Valencia CF (37)
?,(Sun) 13 Jun 1999 (W23),Villarreal CF (37),3-0,2-0,Real Racing Santander (37)
?,(Sat) 19 Jun 1999 (W24),UD Salamanca (38),1-2,0-1,CD Tenerife (38)
?,(Sat) 19 Jun 1999 (W24),Real Racing Santander (38),0-2,0-2,Real Valladolid CF (38)
?,(Sun) 20 Jun 1999 (W24),Deportivo Alavés (38),2-1,2-0,Real Sociedad (38)
?,(Sun) 20 Jun 1999 (W24),Real Betis (38),1-4,0-2,Athletic Club Bilbao (38)
?,(Sun) 20 Jun 1999 (W24),RC Celta Vigo (38),0-1,0-1,Atlético Madrid (38)
?,(Sun) 20 Jun 1999 (W24),RCD Espanyol (38),2-1,0-1,Real Oviedo (38)
?,(Sun) 20 Jun 1999 (W24),CF Extremadura (38),2-2,0-1,Villarreal CF (38)
?,(Sun) 20 Jun 1999 (W24),Real Madrid (38),3-1,2-0,RCD La Coruña (38)
?,(Sun) 20 Jun 1999 (W24),Valencia CF (38),3-0,1-0,RCD Mallorca (38)
?,(Sun) 20 Jun 1999 (W24),Real Zaragoza (38),2-0,1-0,FC Barcelona (38)
