Round,Date,Team 1,FT,HT,Team 2
?,(Sat) 29 Aug 2009 (W35),Real Madrid (1),3-2,2-1,RCD La Coruña (1)
?,(Sat) 29 Aug 2009 (W35),Real Zaragoza (1),1-0,0-0,CD Tenerife (1)
?,(Sun) 30 Aug 2009 (W35),UD Almería (1),0-0,0-0,Real Valladolid CF (1)
?,(Sun) 30 Aug 2009 (W35),Athletic Club Bilbao (1),1-0,0-0,RCD Espanyol (1)
?,(Sun) 30 Aug 2009 (W35),Málaga CF (1),3-0,1-0,Atlético Madrid (1)
?,(Sun) 30 Aug 2009 (W35),RCD Mallorca (1),2-0,0-0,Xerez CD (1)
?,(Sun) 30 Aug 2009 (W35),CA Osasuna (1),1-1,1-1,Villarreal CF (1)
?,(Sun) 30 Aug 2009 (W35),Real Racing Santander (1),1-4,1-3,Getafe CF (1)
?,(Sun) 30 Aug 2009 (W35),Valencia CF (1),2-0,0-0,Sevilla FC (1)
?,(Mon) 31 Aug 2009 (W36),FC Barcelona (1),3-0,2-0,Sporting Gijón (1)
?,(Sat) 12 Sep 2009 (W37),Atlético Madrid (2),1-1,1-1,Real Racing Santander (2)
?,(Sat) 12 Sep 2009 (W37),RCD Espanyol (2),0-3,0-1,Real Madrid (2)
?,(Sat) 12 Sep 2009 (W37),Getafe CF (2),0-2,0-0,FC Barcelona (2)
?,(Sat) 12 Sep 2009 (W37),Sevilla FC (2),4-1,2-1,Real Zaragoza (2)
?,(Sun) 13 Sep 2009 (W37),RCD La Coruña (2),1-0,0-0,Málaga CF (2)
?,(Sun) 13 Sep 2009 (W37),Sporting Gijón (2),1-0,1-0,UD Almería (2)
?,(Sun) 13 Sep 2009 (W37),CD Tenerife (2),2-1,0-0,CA Osasuna (2)
?,(Sun) 13 Sep 2009 (W37),Real Valladolid CF (2),2-4,1-3,Valencia CF (2)
?,(Sun) 13 Sep 2009 (W37),Villarreal CF (2),1-1,0-0,RCD Mallorca (2)
?,(Sun) 13 Sep 2009 (W37),Xerez CD (2),0-1,0-1,Athletic Club Bilbao (2)
?,(Sat) 19 Sep 2009 (W38),FC Barcelona (3),5-2,4-1,Atlético Madrid (3)
?,(Sat) 19 Sep 2009 (W38),RCD La Coruña (3),2-3,1-2,RCD Espanyol (3)
?,(Sat) 19 Sep 2009 (W38),Málaga CF (3),1-2,0-1,Real Racing Santander (3)
?,(Sat) 19 Sep 2009 (W38),RCD Mallorca (3),4-0,1-0,CD Tenerife (3)
?,(Sat) 19 Sep 2009 (W38),CA Osasuna (3),0-2,0-1,Sevilla FC (3)
?,(Sun) 20 Sep 2009 (W38),UD Almería (3),1-0,0-0,Getafe CF (3)
?,(Sun) 20 Sep 2009 (W38),Athletic Club Bilbao (3),3-2,2-0,Villarreal CF (3)
?,(Sun) 20 Sep 2009 (W38),Real Madrid (3),5-0,1-0,Xerez CD (3)
?,(Sun) 20 Sep 2009 (W38),Valencia CF (3),2-2,1-1,Sporting Gijón (3)
?,(Sun) 20 Sep 2009 (W38),Real Zaragoza (3),1-2,1-1,Real Valladolid CF (3)
?,(Tue) 22 Sep 2009 (W39),Real Racing Santander (4),1-4,0-3,FC Barcelona (4)
?,(Tue) 22 Sep 2009 (W39),Sevilla FC (4),2-0,2-0,RCD Mallorca (4)
?,(Wed) 23 Sep 2009 (W39),Atlético Madrid (4),2-2,1-1,UD Almería (4)
?,(Wed) 23 Sep 2009 (W39),RCD Espanyol (4),2-1,0-1,Málaga CF (4)
?,(Wed) 23 Sep 2009 (W39),Getafe CF (4),3-1,2-1,Valencia CF (4)
?,(Wed) 23 Sep 2009 (W39),CD Tenerife (4),1-0,0-0,Athletic Club Bilbao (4)
?,(Wed) 23 Sep 2009 (W39),Real Valladolid CF (4),1-2,0-1,CA Osasuna (4)
?,(Wed) 23 Sep 2009 (W39),Villarreal CF (4),0-2,0-1,Real Madrid (4)
?,(Wed) 23 Sep 2009 (W39),Xerez CD (4),0-3,0-1,RCD La Coruña (4)
?,(Thu) 24 Sep 2009 (W39),Sporting Gijón (4),1-1,1-0,Real Zaragoza (4)
?,(Sat) 26 Sep 2009 (W39),Athletic Club Bilbao (5),0-4,0-3,Sevilla FC (5)
?,(Sat) 26 Sep 2009 (W39),Málaga CF (5),0-2,0-1,FC Barcelona (5)
?,(Sat) 26 Sep 2009 (W39),Real Madrid (5),3-0,0-0,CD Tenerife (5)
?,(Sat) 26 Sep 2009 (W39),Valencia CF (5),2-2,2-1,Atlético Madrid (5)
?,(Sun) 27 Sep 2009 (W39),UD Almería (5),2-2,1-0,Real Racing Santander (5)
?,(Sun) 27 Sep 2009 (W39),RCD Espanyol (5),0-0,0-0,Xerez CD (5)
?,(Sun) 27 Sep 2009 (W39),RCD La Coruña (5),1-0,1-0,Villarreal CF (5)
?,(Sun) 27 Sep 2009 (W39),RCD Mallorca (5),3-0,1-0,Real Valladolid CF (5)
?,(Sun) 27 Sep 2009 (W39),CA Osasuna (5),1-0,0-0,Sporting Gijón (5)
?,(Sun) 27 Sep 2009 (W39),Real Zaragoza (5),3-0,2-0,Getafe CF (5)
?,(Sat) 3 Oct 2009 (W40),Atlético Madrid (6),2-1,1-0,Real Zaragoza (6)
?,(Sat) 3 Oct 2009 (W40),FC Barcelona (6),1-0,1-0,UD Almería (6)
?,(Sat) 3 Oct 2009 (W40),CD Tenerife (6),0-1,0-0,RCD La Coruña (6)
?,(Sun) 4 Oct 2009 (W40),Getafe CF (6),2-1,0-0,CA Osasuna (6)
?,(Sun) 4 Oct 2009 (W40),Real Racing Santander (6),0-1,0-0,Valencia CF (6)
?,(Sun) 4 Oct 2009 (W40),Sevilla FC (6),2-1,1-0,Real Madrid (6)
?,(Sun) 4 Oct 2009 (W40),Sporting Gijón (6),4-1,0-1,RCD Mallorca (6)
?,(Sun) 4 Oct 2009 (W40),Real Valladolid CF (6),2-2,0-1,Athletic Club Bilbao (6)
?,(Sun) 4 Oct 2009 (W40),Villarreal CF (6),0-0,0-0,RCD Espanyol (6)
?,(Sun) 4 Oct 2009 (W40),Xerez CD (6),1-1,0-0,Málaga CF (6)
?,(Sat) 17 Oct 2009 (W42),RCD La Coruña (7),1-0,1-0,Sevilla FC (7)
?,(Sat) 17 Oct 2009 (W42),Real Madrid (7),4-2,3-1,Real Valladolid CF (7)
?,(Sat) 17 Oct 2009 (W42),Valencia CF (7),0-0,0-0,FC Barcelona (7)
?,(Sun) 18 Oct 2009 (W42),Athletic Club Bilbao (7),1-2,0-0,Sporting Gijón (7)
?,(Sun) 18 Oct 2009 (W42),RCD Espanyol (7),2-1,1-1,CD Tenerife (7)
?,(Sun) 18 Oct 2009 (W42),Málaga CF (7),1-2,0-2,UD Almería (7)
?,(Sun) 18 Oct 2009 (W42),RCD Mallorca (7),3-1,1-0,Getafe CF (7)
?,(Sun) 18 Oct 2009 (W42),CA Osasuna (7),3-0,3-0,Atlético Madrid (7)
?,(Sun) 18 Oct 2009 (W42),Xerez CD (7),2-1,1-1,Villarreal CF (7)
?,(Sun) 18 Oct 2009 (W42),Real Zaragoza (7),2-2,2-0,Real Racing Santander (7)
?,(Sat) 24 Oct 2009 (W43),Atlético Madrid (8),1-1,0-0,RCD Mallorca (8)
?,(Sat) 24 Oct 2009 (W43),Sevilla FC (8),0-0,0-0,RCD Espanyol (8)
?,(Sat) 24 Oct 2009 (W43),Sporting Gijón (8),0-0,0-0,Real Madrid (8)
?,(Sun) 25 Oct 2009 (W43),UD Almería (8),0-3,0-0,Valencia CF (8)
?,(Sun) 25 Oct 2009 (W43),FC Barcelona (8),6-1,3-0,Real Zaragoza (8)
?,(Sun) 25 Oct 2009 (W43),Getafe CF (8),2-0,0-0,Athletic Club Bilbao (8)
?,(Sun) 25 Oct 2009 (W43),Real Racing Santander (8),1-1,0-0,CA Osasuna (8)
?,(Sun) 25 Oct 2009 (W43),CD Tenerife (8),1-0,0-0,Xerez CD (8)
?,(Sun) 25 Oct 2009 (W43),Real Valladolid CF (8),4-0,1-0,RCD La Coruña (8)
?,(Sun) 25 Oct 2009 (W43),Villarreal CF (8),2-1,1-1,Málaga CF (8)
?,(Sat) 31 Oct 2009 (W44),Athletic Club Bilbao (9),1-0,1-0,Atlético Madrid (9)
?,(Sat) 31 Oct 2009 (W44),CA Osasuna (9),1-1,0-0,FC Barcelona (9)
?,(Sat) 31 Oct 2009 (W44),Real Madrid (9),2-0,0-0,Getafe CF (9)
?,(Sat) 31 Oct 2009 (W44),Xerez CD (9),0-2,0-1,Sevilla FC (9)
?,(Sun) 1 Nov 2009 (W44),RCD Espanyol (9),1-1,0-0,Real Valladolid CF (9)
?,(Sun) 1 Nov 2009 (W44),RCD La Coruña (9),1-1,1-0,Sporting Gijón (9)
?,(Sun) 1 Nov 2009 (W44),Málaga CF (9),0-1,0-0,Valencia CF (9)
?,(Sun) 1 Nov 2009 (W44),RCD Mallorca (9),1-0,1-0,Real Racing Santander (9)
?,(Sun) 1 Nov 2009 (W44),Villarreal CF (9),5-0,1-0,CD Tenerife (9)
?,(Sun) 1 Nov 2009 (W44),Real Zaragoza (9),2-1,2-1,UD Almería (9)
?,(Sat) 7 Nov 2009 (W45),Atlético Madrid (10),2-3,0-2,Real Madrid (10)
?,(Sat) 7 Nov 2009 (W45),FC Barcelona (10),4-2,3-1,RCD Mallorca (10)
?,(Sat) 7 Nov 2009 (W45),Getafe CF (10),0-2,0-1,RCD La Coruña (10)
?,(Sat) 7 Nov 2009 (W45),CD Tenerife (10),2-2,2-1,Málaga CF (10)
?,(Sun) 8 Nov 2009 (W45),UD Almería (10),2-0,1-0,CA Osasuna (10)
?,(Sun) 8 Nov 2009 (W45),Real Racing Santander (10),0-2,0-1,Athletic Club Bilbao (10)
?,(Sun) 8 Nov 2009 (W45),Sevilla FC (10),3-2,1-1,Villarreal CF (10)
?,(Sun) 8 Nov 2009 (W45),Sporting Gijón (10),1-0,1-0,RCD Espanyol (10)
?,(Sun) 8 Nov 2009 (W45),Valencia CF (10),3-1,3-0,Real Zaragoza (10)
?,(Sun) 8 Nov 2009 (W45),Real Valladolid CF (10),0-0,0-0,Xerez CD (10)
?,(Sat) 21 Nov 2009 (W47),Athletic Club Bilbao (11),1-1,0-0,FC Barcelona (11)
?,(Sat) 21 Nov 2009 (W47),RCD La Coruña (11),2-1,1-1,Atlético Madrid (11)
?,(Sat) 21 Nov 2009 (W47),Real Madrid (11),1-0,1-0,Real Racing Santander (11)
?,(Sat) 21 Nov 2009 (W47),CD Tenerife (11),1-2,0-1,Sevilla FC (11)
?,(Sun) 22 Nov 2009 (W47),RCD Espanyol (11),0-2,0-0,Getafe CF (11)
?,(Sun) 22 Nov 2009 (W47),Málaga CF (11),1-1,0-0,Real Zaragoza (11)
?,(Sun) 22 Nov 2009 (W47),RCD Mallorca (11),3-1,0-0,UD Almería (11)
?,(Sun) 22 Nov 2009 (W47),CA Osasuna (11),1-3,0-2,Valencia CF (11)
?,(Sun) 22 Nov 2009 (W47),Villarreal CF (11),3-1,1-0,Real Valladolid CF (11)
?,(Sun) 22 Nov 2009 (W47),Xerez CD (11),0-0,0-0,Sporting Gijón (11)
?,(Sat) 28 Nov 2009 (W48),Sevilla FC (12),2-2,0-2,Málaga CF (12)
?,(Sat) 28 Nov 2009 (W48),Sporting Gijón (12),1-0,0-0,Villarreal CF (12)
?,(Sat) 28 Nov 2009 (W48),Valencia CF (12),1-1,0-0,RCD Mallorca (12)
?,(Sun) 29 Nov 2009 (W48),UD Almería (12),1-4,0-2,Athletic Club Bilbao (12)
?,(Sun) 29 Nov 2009 (W48),Atlético Madrid (12),4-0,1-0,RCD Espanyol (12)
?,(Sun) 29 Nov 2009 (W48),FC Barcelona (12),1-0,0-0,Real Madrid (12)
?,(Sun) 29 Nov 2009 (W48),Getafe CF (12),5-1,2-1,Xerez CD (12)
?,(Sun) 29 Nov 2009 (W48),Real Racing Santander (12),0-1,0-0,RCD La Coruña (12)
?,(Sun) 29 Nov 2009 (W48),Real Valladolid CF (12),3-3,2-0,CD Tenerife (12)
?,(Sun) 29 Nov 2009 (W48),Real Zaragoza (12),0-1,0-1,CA Osasuna (12)
?,(Wed) 2 Dec 2009 (W49),Xerez CD (13),0-2,0-0,FC Barcelona (13)
?,(Sat) 5 Dec 2009 (W49),RCD La Coruña (13),1-3,1-1,FC Barcelona (14)
?,(Sat) 5 Dec 2009 (W49),Real Madrid (13),4-2,1-0,UD Almería (13)
?,(Sat) 5 Dec 2009 (W49),Sevilla FC (13),1-1,1-1,Real Valladolid CF (13)
?,(Sat) 5 Dec 2009 (W49),Xerez CD (14),0-2,0-1,Atlético Madrid (13)
?,(Sun) 6 Dec 2009 (W49),Athletic Club Bilbao (13),1-2,0-0,Valencia CF (13)
?,(Sun) 6 Dec 2009 (W49),RCD Espanyol (13),0-4,0-0,Real Racing Santander (13)
?,(Sun) 6 Dec 2009 (W49),Málaga CF (13),1-1,0-0,CA Osasuna (13)
?,(Sun) 6 Dec 2009 (W49),RCD Mallorca (13),4-1,1-0,Real Zaragoza (13)
?,(Sun) 6 Dec 2009 (W49),CD Tenerife (13),2-1,0-1,Sporting Gijón (13)
?,(Sun) 6 Dec 2009 (W49),Villarreal CF (13),3-2,1-1,Getafe CF (13)
?,(Sat) 12 Dec 2009 (W50),FC Barcelona (15),1-0,1-0,RCD Espanyol (14)
?,(Sat) 12 Dec 2009 (W50),Valencia CF (14),2-3,0-0,Real Madrid (14)
?,(Sat) 12 Dec 2009 (W50),Real Zaragoza (14),1-2,0-0,Athletic Club Bilbao (14)
?,(Sun) 13 Dec 2009 (W50),UD Almería (14),1-1,0-0,RCD La Coruña (14)
?,(Sun) 13 Dec 2009 (W50),Atlético Madrid (14),1-2,1-0,Villarreal CF (14)
?,(Sun) 13 Dec 2009 (W50),Getafe CF (14),2-1,1-0,CD Tenerife (14)
?,(Sun) 13 Dec 2009 (W50),CA Osasuna (14),0-1,0-0,RCD Mallorca (14)
?,(Sun) 13 Dec 2009 (W50),Real Racing Santander (14),3-2,1-1,Xerez CD (15)
?,(Sun) 13 Dec 2009 (W50),Sporting Gijón (14),0-1,0-1,Sevilla FC (14)
?,(Sun) 13 Dec 2009 (W50),Real Valladolid CF (14),1-1,0-1,Málaga CF (14)
?,(Sat) 19 Dec 2009 (W51),Athletic Club Bilbao (15),2-0,2-0,CA Osasuna (15)
?,(Sat) 19 Dec 2009 (W51),Real Madrid (15),6-0,4-0,Real Zaragoza (15)
?,(Sat) 19 Dec 2009 (W51),Sevilla FC (15),1-2,0-2,Getafe CF (15)
?,(Sun) 20 Dec 2009 (W51),RCD Espanyol (15),2-0,1-0,UD Almería (15)
?,(Sun) 20 Dec 2009 (W51),RCD La Coruña (15),0-0,0-0,Valencia CF (15)
?,(Sun) 20 Dec 2009 (W51),Málaga CF (15),2-1,1-0,RCD Mallorca (15)
?,(Sun) 20 Dec 2009 (W51),CD Tenerife (15),1-1,1-1,Atlético Madrid (15)
?,(Sun) 20 Dec 2009 (W51),Real Valladolid CF (15),2-1,1-1,Sporting Gijón (15)
?,(Sun) 20 Dec 2009 (W51),Villarreal CF (15),2-0,0-0,Real Racing Santander (15)
?,(Sat) 2 Jan 2010 (W53),Atlético Madrid (16),2-1,0-1,Sevilla FC (16)
?,(Sat) 2 Jan 2010 (W53),FC Barcelona (16),1-1,1-0,Villarreal CF (16)
?,(Sat) 2 Jan 2010 (W53),Valencia CF (16),1-0,0-0,RCD Espanyol (16)
?,(Sun) 3 Jan 2010 (W53),UD Almería (16),1-0,0-0,Xerez CD (16)
?,(Sun) 3 Jan 2010 (W53),Getafe CF (16),1-0,0-0,Real Valladolid CF (16)
?,(Sun) 3 Jan 2010 (W53),RCD Mallorca (16),2-0,0-0,Athletic Club Bilbao (16)
?,(Sun) 3 Jan 2010 (W53),CA Osasuna (16),0-0,0-0,Real Madrid (16)
?,(Sun) 3 Jan 2010 (W53),Real Racing Santander (16),2-0,0-0,CD Tenerife (16)
?,(Sun) 3 Jan 2010 (W53),Sporting Gijón (16),2-2,1-1,Málaga CF (16)
?,(Sun) 3 Jan 2010 (W53),Real Zaragoza (16),0-0,0-0,RCD La Coruña (16)
?,(Sat) 9 Jan 2010 (W1),Sevilla FC (17),1-2,0-2,Real Racing Santander (17)
?,(Sat) 9 Jan 2010 (W1),Real Valladolid CF (17),0-4,0-2,Atlético Madrid (17)
?,(Sat) 9 Jan 2010 (W1),Villarreal CF (17),1-1,1-0,UD Almería (17)
?,(Sun) 10 Jan 2010 (W1),RCD Espanyol (17),2-1,1-1,Real Zaragoza (17)
?,(Sun) 10 Jan 2010 (W1),RCD La Coruña (17),1-0,0-0,CA Osasuna (17)
?,(Sun) 10 Jan 2010 (W1),Málaga CF (17),1-1,0-0,Athletic Club Bilbao (17)
?,(Sun) 10 Jan 2010 (W1),Real Madrid (17),2-0,1-0,RCD Mallorca (17)
?,(Sun) 10 Jan 2010 (W1),Sporting Gijón (17),1-0,1-0,Getafe CF (17)
?,(Sun) 10 Jan 2010 (W1),CD Tenerife (17),0-5,0-3,FC Barcelona (17)
?,(Sun) 10 Jan 2010 (W1),Xerez CD (17),1-3,1-2,Valencia CF (17)
?,(Sat) 16 Jan 2010 (W2),Athletic Club Bilbao (18),1-0,1-0,Real Madrid (18)
?,(Sat) 16 Jan 2010 (W2),FC Barcelona (18),4-0,0-0,Sevilla FC (18)
?,(Sat) 16 Jan 2010 (W2),CA Osasuna (18),2-0,2-0,RCD Espanyol (18)
?,(Sun) 17 Jan 2010 (W2),UD Almería (18),1-1,0-1,CD Tenerife (18)
?,(Sun) 17 Jan 2010 (W2),Atlético Madrid (18),3-2,1-1,Sporting Gijón (18)
?,(Sun) 17 Jan 2010 (W2),Málaga CF (18),1-0,0-0,Getafe CF (18)
?,(Sun) 17 Jan 2010 (W2),RCD Mallorca (18),2-0,0-0,RCD La Coruña (18)
?,(Sun) 17 Jan 2010 (W2),Real Racing Santander (18),1-1,0-1,Real Valladolid CF (18)
?,(Sun) 17 Jan 2010 (W2),Valencia CF (18),4-1,2-0,Villarreal CF (18)
?,(Sun) 17 Jan 2010 (W2),Real Zaragoza (18),0-0,0-0,Xerez CD (18)
?,(Sat) 23 Jan 2010 (W3),RCD La Coruña (19),3-1,0-0,Athletic Club Bilbao (19)
?,(Sat) 23 Jan 2010 (W3),Sevilla FC (19),1-0,1-0,UD Almería (19)
?,(Sat) 23 Jan 2010 (W3),Real Valladolid CF (19),0-3,0-2,FC Barcelona (19)
?,(Sun) 24 Jan 2010 (W3),RCD Espanyol (19),1-1,0-0,RCD Mallorca (19)
?,(Sun) 24 Jan 2010 (W3),Getafe CF (19),1-0,1-0,Atlético Madrid (19)
?,(Sun) 24 Jan 2010 (W3),Real Madrid (19),2-0,2-0,Málaga CF (19)
?,(Sun) 24 Jan 2010 (W3),Sporting Gijón (19),0-1,0-1,Real Racing Santander (19)
?,(Sun) 24 Jan 2010 (W3),CD Tenerife (19),0-0,0-0,Valencia CF (19)
?,(Sun) 24 Jan 2010 (W3),Villarreal CF (19),4-2,3-0,Real Zaragoza (19)
?,(Sun) 24 Jan 2010 (W3),Xerez CD (19),1-2,1-1,CA Osasuna (19)
?,(Sat) 30 Jan 2010 (W4),RCD Espanyol (20),1-0,0-0,Athletic Club Bilbao (20)
?,(Sat) 30 Jan 2010 (W4),RCD La Coruña (20),1-3,0-2,Real Madrid (20)
?,(Sat) 30 Jan 2010 (W4),Sporting Gijón (20),0-1,0-1,FC Barcelona (20)
?,(Sun) 31 Jan 2010 (W4),Atlético Madrid (20),0-2,0-1,Málaga CF (20)
?,(Sun) 31 Jan 2010 (W4),Getafe CF (20),0-0,0-0,Real Racing Santander (20)
?,(Sun) 31 Jan 2010 (W4),Sevilla FC (20),2-1,1-0,Valencia CF (20)
?,(Sun) 31 Jan 2010 (W4),CD Tenerife (20),1-3,0-0,Real Zaragoza (20)
?,(Sun) 31 Jan 2010 (W4),Real Valladolid CF (20),1-1,0-1,UD Almería (20)
?,(Sun) 31 Jan 2010 (W4),Villarreal CF (20),0-2,0-1,CA Osasuna (20)
?,(Sun) 31 Jan 2010 (W4),Xerez CD (20),2-1,0-1,RCD Mallorca (20)
?,(Sat) 6 Feb 2010 (W5),FC Barcelona (21),2-1,1-0,Getafe CF (21)
?,(Sat) 6 Feb 2010 (W5),Real Madrid (21),3-0,2-0,RCD Espanyol (21)
?,(Sat) 6 Feb 2010 (W5),Valencia CF (21),2-0,2-0,Real Valladolid CF (21)
?,(Sun) 7 Feb 2010 (W5),UD Almería (21),3-1,2-1,Sporting Gijón (21)
?,(Sun) 7 Feb 2010 (W5),Athletic Club Bilbao (21),3-2,1-2,Xerez CD (21)
?,(Sun) 7 Feb 2010 (W5),Málaga CF (21),0-0,0-0,RCD La Coruña (21)
?,(Sun) 7 Feb 2010 (W5),RCD Mallorca (21),1-0,0-0,Villarreal CF (21)
?,(Sun) 7 Feb 2010 (W5),CA Osasuna (21),1-0,0-0,CD Tenerife (21)
?,(Sun) 7 Feb 2010 (W5),Real Racing Santander (21),1-1,1-1,Atlético Madrid (21)
?,(Sun) 7 Feb 2010 (W5),Real Zaragoza (21),2-1,2-1,Sevilla FC (21)
?,(Sat) 13 Feb 2010 (W6),Sporting Gijón (22),1-1,1-0,Valencia CF (22)
?,(Sat) 13 Feb 2010 (W6),Villarreal CF (22),2-1,2-1,Athletic Club Bilbao (22)
?,(Sat) 13 Feb 2010 (W6),Xerez CD (22),0-3,0-0,Real Madrid (22)
?,(Sun) 14 Feb 2010 (W6),Atlético Madrid (22),2-1,2-1,FC Barcelona (22)
?,(Sun) 14 Feb 2010 (W6),RCD Espanyol (22),2-0,1-0,RCD La Coruña (22)
?,(Sun) 14 Feb 2010 (W6),Getafe CF (22),2-2,0-0,UD Almería (22)
?,(Sun) 14 Feb 2010 (W6),Real Racing Santander (22),0-3,0-2,Málaga CF (22)
?,(Sun) 14 Feb 2010 (W6),Sevilla FC (22),1-0,1-0,CA Osasuna (22)
?,(Sun) 14 Feb 2010 (W6),Real Valladolid CF (22),1-1,1-1,Real Zaragoza (22)
?,(Mon) 15 Feb 2010 (W7),CD Tenerife (22),1-0,1-0,RCD Mallorca (22)
?,(Sat) 20 Feb 2010 (W7),FC Barcelona (23),4-0,3-0,Real Racing Santander (23)
?,(Sat) 20 Feb 2010 (W7),RCD La Coruña (23),2-1,2-1,Xerez CD (23)
?,(Sat) 20 Feb 2010 (W7),RCD Mallorca (23),1-3,1-1,Sevilla FC (23)
?,(Sun) 21 Feb 2010 (W7),UD Almería (23),1-0,0-0,Atlético Madrid (23)
?,(Sun) 21 Feb 2010 (W7),Athletic Club Bilbao (23),4-1,2-0,CD Tenerife (23)
?,(Sun) 21 Feb 2010 (W7),Málaga CF (23),2-1,1-1,RCD Espanyol (23)
?,(Sun) 21 Feb 2010 (W7),CA Osasuna (23),1-1,0-0,Real Valladolid CF (23)
?,(Sun) 21 Feb 2010 (W7),Real Madrid (23),6-2,2-1,Villarreal CF (23)
?,(Sun) 21 Feb 2010 (W7),Real Zaragoza (23),1-3,0-1,Sporting Gijón (23)
?,(Mon) 22 Feb 2010 (W8),Valencia CF (23),2-1,1-0,Getafe CF (23)
?,(Sat) 27 Feb 2010 (W8),FC Barcelona (24),2-1,0-0,Málaga CF (24)
?,(Sat) 27 Feb 2010 (W8),Getafe CF (24),0-2,0-2,Real Zaragoza (24)
?,(Sat) 27 Feb 2010 (W8),CD Tenerife (24),1-5,0-2,Real Madrid (24)
?,(Sun) 28 Feb 2010 (W8),Atlético Madrid (24),4-1,1-1,Valencia CF (24)
?,(Sun) 28 Feb 2010 (W8),Real Racing Santander (24),0-2,0-1,UD Almería (24)
?,(Sun) 28 Feb 2010 (W8),Sevilla FC (24),0-0,0-0,Athletic Club Bilbao (24)
?,(Sun) 28 Feb 2010 (W8),Sporting Gijón (24),3-2,1-1,CA Osasuna (24)
?,(Sun) 28 Feb 2010 (W8),Real Valladolid CF (24),1-2,0-0,RCD Mallorca (24)
?,(Sun) 28 Feb 2010 (W8),Villarreal CF (24),1-0,1-0,RCD La Coruña (24)
?,(Sun) 28 Feb 2010 (W8),Xerez CD (24),1-1,0-1,RCD Espanyol (24)
?,(Sat) 6 Mar 2010 (W9),UD Almería (25),2-2,1-1,FC Barcelona (25)
?,(Sat) 6 Mar 2010 (W9),RCD La Coruña (25),3-1,1-1,CD Tenerife (25)
?,(Sat) 6 Mar 2010 (W9),Real Madrid (25),3-2,0-1,Sevilla FC (25)
?,(Sun) 7 Mar 2010 (W9),Athletic Club Bilbao (25),2-0,2-0,Real Valladolid CF (25)
?,(Sun) 7 Mar 2010 (W9),RCD Espanyol (25),0-0,0-0,Villarreal CF (25)
?,(Sun) 7 Mar 2010 (W9),Málaga CF (25),2-4,1-1,Xerez CD (25)
?,(Sun) 7 Mar 2010 (W9),RCD Mallorca (25),3-0,1-0,Sporting Gijón (25)
?,(Sun) 7 Mar 2010 (W9),CA Osasuna (25),0-0,0-0,Getafe CF (25)
?,(Sun) 7 Mar 2010 (W9),Real Zaragoza (25),1-1,1-0,Atlético Madrid (25)
?,(Mon) 8 Mar 2010 (W10),Valencia CF (25),0-0,0-0,Real Racing Santander (25)
?,(Sat) 13 Mar 2010 (W10),Getafe CF (26),3-0,1-0,RCD Mallorca (26)
?,(Sat) 13 Mar 2010 (W10),Sevilla FC (26),1-1,1-1,RCD La Coruña (26)
?,(Sat) 13 Mar 2010 (W10),Sporting Gijón (26),0-0,0-0,Athletic Club Bilbao (26)
?,(Sun) 14 Mar 2010 (W10),UD Almería (26),1-0,0-0,Málaga CF (26)
?,(Sun) 14 Mar 2010 (W10),FC Barcelona (26),3-0,0-0,Valencia CF (26)
?,(Sun) 14 Mar 2010 (W10),Real Racing Santander (26),0-0,0-0,Real Zaragoza (26)
?,(Sun) 14 Mar 2010 (W10),CD Tenerife (26),4-1,1-0,RCD Espanyol (26)
?,(Sun) 14 Mar 2010 (W10),Real Valladolid CF (26),1-4,0-2,Real Madrid (26)
?,(Sun) 14 Mar 2010 (W10),Villarreal CF (26),2-0,1-0,Xerez CD (26)
?,(Mon) 15 Mar 2010 (W11),Atlético Madrid (26),1-0,0-0,CA Osasuna (26)
?,(Sat) 20 Mar 2010 (W11),Athletic Club Bilbao (27),2-2,1-1,Getafe CF (27)
?,(Sat) 20 Mar 2010 (W11),RCD Espanyol (27),2-0,1-0,Sevilla FC (27)
?,(Sat) 20 Mar 2010 (W11),RCD La Coruña (27),0-2,0-1,Real Valladolid CF (27)
?,(Sat) 20 Mar 2010 (W11),Real Madrid (27),3-1,0-0,Sporting Gijón (27)
?,(Sat) 20 Mar 2010 (W11),Xerez CD (27),2-1,2-0,CD Tenerife (27)
?,(Sun) 21 Mar 2010 (W11),Málaga CF (27),2-0,0-0,Villarreal CF (27)
?,(Sun) 21 Mar 2010 (W11),RCD Mallorca (27),4-1,2-1,Atlético Madrid (27)
?,(Sun) 21 Mar 2010 (W11),CA Osasuna (27),1-3,1-1,Real Racing Santander (27)
?,(Sun) 21 Mar 2010 (W11),Valencia CF (27),2-0,0-0,UD Almería (27)
?,(Sun) 21 Mar 2010 (W11),Real Zaragoza (27),2-4,0-1,FC Barcelona (27)
?,(Tue) 23 Mar 2010 (W12),Sevilla FC (28),1-1,0-0,Xerez CD (28)
?,(Tue) 23 Mar 2010 (W12),Sporting Gijón (28),2-1,1-0,RCD La Coruña (28)
?,(Wed) 24 Mar 2010 (W12),UD Almería (28),1-0,0-0,Real Zaragoza (28)
?,(Wed) 24 Mar 2010 (W12),FC Barcelona (28),2-0,0-0,CA Osasuna (28)
?,(Wed) 24 Mar 2010 (W12),Real Racing Santander (28),0-0,0-0,RCD Mallorca (28)
?,(Wed) 24 Mar 2010 (W12),CD Tenerife (28),2-2,0-1,Villarreal CF (28)
?,(Wed) 24 Mar 2010 (W12),Valencia CF (28),1-0,1-0,Málaga CF (28)
?,(Wed) 24 Mar 2010 (W12),Real Valladolid CF (28),0-0,0-0,RCD Espanyol (28)
?,(Thu) 25 Mar 2010 (W12),Atlético Madrid (28),2-0,0-0,Athletic Club Bilbao (28)
?,(Thu) 25 Mar 2010 (W12),Getafe CF (28),2-4,1-4,Real Madrid (28)
?,(Sat) 27 Mar 2010 (W12),Málaga CF (29),1-1,0-0,CD Tenerife (29)
?,(Sat) 27 Mar 2010 (W12),RCD Mallorca (29),0-1,0-0,FC Barcelona (29)
?,(Sat) 27 Mar 2010 (W12),Real Zaragoza (29),3-0,1-0,Valencia CF (29)
?,(Sun) 28 Mar 2010 (W12),RCD Espanyol (29),0-0,0-0,Sporting Gijón (29)
?,(Sun) 28 Mar 2010 (W12),RCD La Coruña (29),1-3,0-2,Getafe CF (29)
?,(Sun) 28 Mar 2010 (W12),CA Osasuna (29),1-0,1-0,UD Almería (29)
?,(Sun) 28 Mar 2010 (W12),Real Madrid (29),3-2,0-1,Atlético Madrid (29)
?,(Sun) 28 Mar 2010 (W12),Villarreal CF (29),3-0,2-0,Sevilla FC (29)
?,(Sun) 28 Mar 2010 (W12),Xerez CD (29),3-0,2-0,Real Valladolid CF (29)
?,(Mon) 29 Mar 2010 (W13),Athletic Club Bilbao (29),4-3,2-1,Real Racing Santander (29)
?,(Sat) 3 Apr 2010 (W13),FC Barcelona (30),4-1,2-0,Athletic Club Bilbao (30)
?,(Sat) 3 Apr 2010 (W13),Sevilla FC (30),3-0,2-0,CD Tenerife (30)
?,(Sat) 3 Apr 2010 (W13),Real Zaragoza (30),2-0,1-0,Málaga CF (30)
?,(Sun) 4 Apr 2010 (W13),UD Almería (30),1-1,1-0,RCD Mallorca (30)
?,(Sun) 4 Apr 2010 (W13),Atlético Madrid (30),3-0,1-0,RCD La Coruña (30)
?,(Sun) 4 Apr 2010 (W13),Getafe CF (30),1-1,1-0,RCD Espanyol (30)
?,(Sun) 4 Apr 2010 (W13),Real Racing Santander (30),0-2,0-1,Real Madrid (30)
?,(Sun) 4 Apr 2010 (W13),Sporting Gijón (30),2-2,1-0,Xerez CD (30)
?,(Sun) 4 Apr 2010 (W13),Valencia CF (30),3-0,0-0,CA Osasuna (30)
?,(Sun) 4 Apr 2010 (W13),Real Valladolid CF (30),0-2,0-1,Villarreal CF (30)
?,(Sat) 10 Apr 2010 (W14),Málaga CF (31),1-2,1-0,Sevilla FC (31)
?,(Sat) 10 Apr 2010 (W14),Real Madrid (31),0-2,0-1,FC Barcelona (31)
?,(Sat) 10 Apr 2010 (W14),CD Tenerife (31),0-0,0-0,Real Valladolid CF (31)
?,(Sat) 10 Apr 2010 (W14),Villarreal CF (31),1-0,1-0,Sporting Gijón (31)
?,(Sat) 10 Apr 2010 (W14),Xerez CD (31),0-1,0-0,Getafe CF (31)
?,(Sun) 11 Apr 2010 (W14),Athletic Club Bilbao (31),4-1,2-0,UD Almería (31)
?,(Sun) 11 Apr 2010 (W14),RCD Espanyol (31),3-0,0-0,Atlético Madrid (31)
?,(Sun) 11 Apr 2010 (W14),RCD La Coruña (31),1-1,1-0,Real Racing Santander (31)
?,(Sun) 11 Apr 2010 (W14),RCD Mallorca (31),3-2,2-0,Valencia CF (31)
?,(Sun) 11 Apr 2010 (W14),CA Osasuna (31),2-0,1-0,Real Zaragoza (31)
?,(Tue) 13 Apr 2010 (W15),Getafe CF (32),3-0,0-0,Villarreal CF (32)
?,(Tue) 13 Apr 2010 (W15),Sporting Gijón (32),0-2,0-0,CD Tenerife (32)
?,(Tue) 13 Apr 2010 (W15),Real Valladolid CF (32),2-1,1-0,Sevilla FC (32)
?,(Wed) 14 Apr 2010 (W15),Atlético Madrid (32),1-2,1-1,Xerez CD (32)
?,(Wed) 14 Apr 2010 (W15),FC Barcelona (32),3-0,1-0,RCD La Coruña (32)
?,(Wed) 14 Apr 2010 (W15),CA Osasuna (32),2-2,1-1,Málaga CF (32)
?,(Wed) 14 Apr 2010 (W15),Real Racing Santander (32),3-1,1-1,RCD Espanyol (32)
?,(Wed) 14 Apr 2010 (W15),Real Zaragoza (32),1-1,1-1,RCD Mallorca (32)
?,(Thu) 15 Apr 2010 (W15),UD Almería (32),1-2,1-1,Real Madrid (32)
?,(Thu) 15 Apr 2010 (W15),Valencia CF (32),2-0,1-0,Athletic Club Bilbao (32)
?,(Sat) 17 Apr 2010 (W15),RCD Espanyol (33),0-0,0-0,FC Barcelona (33)
?,(Sat) 17 Apr 2010 (W15),Sevilla FC (33),3-0,1-0,Sporting Gijón (33)
?,(Sat) 17 Apr 2010 (W15),Villarreal CF (33),2-1,2-0,Atlético Madrid (33)
?,(Sun) 18 Apr 2010 (W15),Athletic Club Bilbao (33),0-0,0-0,Real Zaragoza (33)
?,(Sun) 18 Apr 2010 (W15),RCD La Coruña (33),0-0,0-0,UD Almería (33)
?,(Sun) 18 Apr 2010 (W15),Málaga CF (33),0-0,0-0,Real Valladolid CF (33)
?,(Sun) 18 Apr 2010 (W15),Real Madrid (33),2-0,1-0,Valencia CF (33)
?,(Sun) 18 Apr 2010 (W15),CD Tenerife (33),3-2,1-1,Getafe CF (33)
?,(Sun) 18 Apr 2010 (W15),Xerez CD (33),2-2,1-1,Real Racing Santander (33)
?,(Mon) 19 Apr 2010 (W16),RCD Mallorca (33),2-0,1-0,CA Osasuna (33)
?,(Sat) 24 Apr 2010 (W16),FC Barcelona (34),3-1,2-1,Xerez CD (34)
?,(Sat) 24 Apr 2010 (W16),Valencia CF (34),1-0,1-0,RCD La Coruña (34)
?,(Sat) 24 Apr 2010 (W16),Real Zaragoza (34),1-2,0-0,Real Madrid (34)
?,(Sun) 25 Apr 2010 (W16),UD Almería (34),0-1,0-0,RCD Espanyol (34)
?,(Sun) 25 Apr 2010 (W16),Atlético Madrid (34),3-1,2-0,CD Tenerife (34)
?,(Sun) 25 Apr 2010 (W16),Getafe CF (34),4-3,1-2,Sevilla FC (34)
?,(Sun) 25 Apr 2010 (W16),RCD Mallorca (34),1-1,0-0,Málaga CF (34)
?,(Sun) 25 Apr 2010 (W16),Real Racing Santander (34),1-2,1-0,Villarreal CF (34)
?,(Sun) 25 Apr 2010 (W16),Sporting Gijón (34),0-2,0-0,Real Valladolid CF (34)
?,(Mon) 26 Apr 2010 (W17),CA Osasuna (34),0-0,0-0,Athletic Club Bilbao (34)
?,(Sat) 1 May 2010 (W17),RCD Espanyol (35),0-2,0-0,Valencia CF (35)
?,(Sat) 1 May 2010 (W17),RCD La Coruña (35),0-1,0-0,Real Zaragoza (35)
?,(Sat) 1 May 2010 (W17),Málaga CF (35),1-1,0-1,Sporting Gijón (35)
?,(Sat) 1 May 2010 (W17),CD Tenerife (35),2-1,1-0,Real Racing Santander (35)
?,(Sat) 1 May 2010 (W17),Real Valladolid CF (35),0-0,0-0,Getafe CF (35)
?,(Sat) 1 May 2010 (W17),Villarreal CF (35),1-4,0-3,FC Barcelona (35)
?,(Sat) 1 May 2010 (W17),Xerez CD (35),2-1,1-1,UD Almería (35)
?,(Sun) 2 May 2010 (W17),Athletic Club Bilbao (35),1-3,1-1,RCD Mallorca (35)
?,(Sun) 2 May 2010 (W17),Real Madrid (35),3-2,2-2,CA Osasuna (35)
?,(Sun) 2 May 2010 (W17),Sevilla FC (35),3-1,3-1,Atlético Madrid (35)
?,(Tue) 4 May 2010 (W18),UD Almería (36),4-2,3-0,Villarreal CF (36)
?,(Tue) 4 May 2010 (W18),FC Barcelona (36),4-1,1-1,CD Tenerife (36)
?,(Tue) 4 May 2010 (W18),Getafe CF (36),1-1,0-1,Sporting Gijón (36)
?,(Tue) 4 May 2010 (W18),Valencia CF (36),3-1,1-1,Xerez CD (36)
?,(Wed) 5 May 2010 (W18),Athletic Club Bilbao (36),1-1,1-1,Málaga CF (36)
?,(Wed) 5 May 2010 (W18),Atlético Madrid (36),3-1,1-0,Real Valladolid CF (36)
?,(Wed) 5 May 2010 (W18),RCD Mallorca (36),1-4,1-1,Real Madrid (36)
?,(Wed) 5 May 2010 (W18),CA Osasuna (36),3-1,3-1,RCD La Coruña (36)
?,(Wed) 5 May 2010 (W18),Real Racing Santander (36),1-5,0-2,Sevilla FC (36)
?,(Wed) 5 May 2010 (W18),Real Zaragoza (36),1-0,0-0,RCD Espanyol (36)
?,(Sat) 8 May 2010 (W18),RCD Espanyol (37),2-1,0-1,CA Osasuna (37)
?,(Sat) 8 May 2010 (W18),Getafe CF (37),2-1,1-0,Málaga CF (37)
?,(Sat) 8 May 2010 (W18),RCD La Coruña (37),1-0,0-0,RCD Mallorca (37)
?,(Sat) 8 May 2010 (W18),Real Madrid (37),5-1,1-1,Athletic Club Bilbao (37)
?,(Sat) 8 May 2010 (W18),Sevilla FC (37),2-3,0-2,FC Barcelona (37)
?,(Sat) 8 May 2010 (W18),Sporting Gijón (37),1-1,0-0,Atlético Madrid (37)
?,(Sat) 8 May 2010 (W18),CD Tenerife (37),2-2,1-1,UD Almería (37)
?,(Sat) 8 May 2010 (W18),Real Valladolid CF (37),2-1,0-1,Real Racing Santander (37)
?,(Sat) 8 May 2010 (W18),Villarreal CF (37),2-0,2-0,Valencia CF (37)
?,(Sat) 8 May 2010 (W18),Xerez CD (37),3-2,1-0,Real Zaragoza (37)
?,(Sat) 15 May 2010 (W19),UD Almería (38),2-3,1-1,Sevilla FC (38)
?,(Sat) 15 May 2010 (W19),Athletic Club Bilbao (38),2-0,1-0,RCD La Coruña (38)
?,(Sat) 15 May 2010 (W19),Atlético Madrid (38),0-3,0-1,Getafe CF (38)
?,(Sat) 15 May 2010 (W19),RCD Mallorca (38),2-0,1-0,RCD Espanyol (38)
?,(Sat) 15 May 2010 (W19),Real Zaragoza (38),3-3,3-1,Villarreal CF (38)
?,(Sun) 16 May 2010 (W19),FC Barcelona (38),4-0,2-0,Real Valladolid CF (38)
?,(Sun) 16 May 2010 (W19),Málaga CF (38),1-1,1-0,Real Madrid (38)
?,(Sun) 16 May 2010 (W19),CA Osasuna (38),1-1,0-0,Xerez CD (38)
?,(Sun) 16 May 2010 (W19),Real Racing Santander (38),2-0,1-0,Sporting Gijón (38)
?,(Sun) 16 May 2010 (W19),Valencia CF (38),1-0,0-0,CD Tenerife (38)
