Round,Date,Team 1,FT,HT,Team 2
?,(Sat) 18 Aug 2012 (W33),RC Celta Vigo (1),0-1,0-0,Málaga CF (1)
?,(Sat) 18 Aug 2012 (W33),RCD Mallorca (1),2-1,1-1,RCD Espanyol (1)
?,(Sat) 18 Aug 2012 (W33),Sevilla FC (1),2-1,2-0,Getafe CF (1)
?,(Sun) 19 Aug 2012 (W33),Athletic Club Bilbao (1),3-5,0-3,Real Betis (1)
?,(Sun) 19 Aug 2012 (W33),FC Barcelona (1),5-1,4-1,Real Sociedad (1)
?,(Sun) 19 Aug 2012 (W33),Levante UD (1),1-1,1-1,Atlético Madrid (1)
?,(Sun) 19 Aug 2012 (W33),Real Madrid (1),1-1,1-1,Valencia CF (1)
?,(Mon) 20 Aug 2012 (W34),RCD La Coruña (1),2-0,0-0,CA Osasuna (1)
?,(Mon) 20 Aug 2012 (W34),Rayo Vallecano (1),1-0,0-0,Granada CF (1)
?,(Mon) 20 Aug 2012 (W34),Real Zaragoza (1),0-1,0-1,Real Valladolid CF (1)
?,(Sat) 25 Aug 2012 (W34),Real Betis (2),1-2,1-1,Rayo Vallecano (2)
?,(Sat) 25 Aug 2012 (W34),RCD Espanyol (2),1-2,1-0,Real Zaragoza (2)
?,(Sat) 25 Aug 2012 (W34),Málaga CF (2),1-1,0-0,RCD Mallorca (2)
?,(Sat) 25 Aug 2012 (W34),Real Sociedad (2),2-1,0-0,RC Celta Vigo (2)
?,(Sun) 26 Aug 2012 (W34),Getafe CF (2),2-1,0-1,Real Madrid (2)
?,(Sun) 26 Aug 2012 (W34),Granada CF (2),1-1,1-1,Sevilla FC (2)
?,(Sun) 26 Aug 2012 (W34),CA Osasuna (2),1-2,1-0,FC Barcelona (2)
?,(Sun) 26 Aug 2012 (W34),Valencia CF (2),3-3,3-1,RCD La Coruña (2)
?,(Mon) 27 Aug 2012 (W35),Atlético Madrid (2),4-0,2-0,Athletic Club Bilbao (2)
?,(Mon) 27 Aug 2012 (W35),Real Valladolid CF (2),2-0,1-0,Levante UD (2)
?,(Sat) 1 Sep 2012 (W35),RC Celta Vigo (3),2-0,0-0,CA Osasuna (3)
?,(Sat) 1 Sep 2012 (W35),RCD La Coruña (3),1-1,1-1,Getafe CF (3)
?,(Sat) 1 Sep 2012 (W35),RCD Mallorca (3),1-0,0-0,Real Sociedad (3)
?,(Sat) 1 Sep 2012 (W35),Real Zaragoza (3),0-1,0-0,Málaga CF (3)
?,(Sun) 2 Sep 2012 (W35),Athletic Club Bilbao (3),2-0,0-0,Real Valladolid CF (3)
?,(Sun) 2 Sep 2012 (W35),FC Barcelona (3),1-0,1-0,Valencia CF (3)
?,(Sun) 2 Sep 2012 (W35),Levante UD (3),3-2,0-2,RCD Espanyol (3)
?,(Sun) 2 Sep 2012 (W35),Real Madrid (3),3-0,1-0,Granada CF (3)
?,(Sun) 2 Sep 2012 (W35),Rayo Vallecano (3),0-0,0-0,Sevilla FC (3)
?,(Sat) 15 Sep 2012 (W37),Getafe CF (4),1-4,0-1,FC Barcelona (4)
?,(Sat) 15 Sep 2012 (W37),Málaga CF (4),3-1,1-0,Levante UD (4)
?,(Sat) 15 Sep 2012 (W37),Sevilla FC (4),1-0,1-0,Real Madrid (4)
?,(Sat) 15 Sep 2012 (W37),Valencia CF (4),2-1,1-1,RC Celta Vigo (4)
?,(Sun) 16 Sep 2012 (W37),Atlético Madrid (3),4-3,1-0,Rayo Vallecano (4)
?,(Sun) 16 Sep 2012 (W37),RCD Espanyol (4),3-3,2-0,Athletic Club Bilbao (4)
?,(Sun) 16 Sep 2012 (W37),Granada CF (4),1-1,0-1,RCD La Coruña (4)
?,(Sun) 16 Sep 2012 (W37),CA Osasuna (4),1-1,0-0,RCD Mallorca (4)
?,(Sun) 16 Sep 2012 (W37),Real Sociedad (4),2-0,0-0,Real Zaragoza (4)
?,(Mon) 17 Sep 2012 (W38),Real Valladolid CF (4),0-1,0-0,Real Betis (3)
?,(Sat) 22 Sep 2012 (W38),FC Barcelona (5),2-0,0-0,Granada CF (5)
?,(Sat) 22 Sep 2012 (W38),Real Betis (4),1-0,1-0,RCD Espanyol (5)
?,(Sat) 22 Sep 2012 (W38),RC Celta Vigo (5),2-1,0-0,Getafe CF (5)
?,(Sat) 22 Sep 2012 (W38),Real Zaragoza (5),3-1,2-1,CA Osasuna (5)
?,(Sun) 23 Sep 2012 (W38),Athletic Club Bilbao (5),0-0,0-0,Málaga CF (5)
?,(Sun) 23 Sep 2012 (W38),Atlético Madrid (4),2-1,2-0,Real Valladolid CF (5)
?,(Sun) 23 Sep 2012 (W38),Levante UD (5),2-1,0-1,Real Sociedad (5)
?,(Sun) 23 Sep 2012 (W38),RCD Mallorca (5),2-0,1-0,Valencia CF (5)
?,(Mon) 24 Sep 2012 (W39),RCD La Coruña (5),0-2,0-0,Sevilla FC (5)
?,(Mon) 24 Sep 2012 (W39),Rayo Vallecano (5),0-2,0-1,Real Madrid (5)
?,(Wed) 26 Sep 2012 (W39),Real Betis (5),2-4,2-1,Atlético Madrid (5)
?,(Sat) 29 Sep 2012 (W39),Málaga CF (6),4-0,2-0,Real Betis (6)
?,(Sat) 29 Sep 2012 (W39),Sevilla FC (6),2-3,1-0,FC Barcelona (6)
?,(Sat) 29 Sep 2012 (W39),Real Sociedad (6),2-0,0-0,Athletic Club Bilbao (6)
?,(Sat) 29 Sep 2012 (W39),Valencia CF (6),2-0,1-0,Real Zaragoza (6)
?,(Sun) 30 Sep 2012 (W39),RCD Espanyol (6),0-1,0-1,Atlético Madrid (6)
?,(Sun) 30 Sep 2012 (W39),Granada CF (6),2-1,2-1,RC Celta Vigo (6)
?,(Sun) 30 Sep 2012 (W39),CA Osasuna (6),4-0,0-0,Levante UD (6)
?,(Sun) 30 Sep 2012 (W39),Real Madrid (6),5-1,3-1,RCD La Coruña (6)
?,(Sun) 30 Sep 2012 (W39),Real Valladolid CF (6),6-1,4-1,Rayo Vallecano (6)
?,(Mon) 1 Oct 2012 (W40),Getafe CF (6),1-0,0-0,RCD Mallorca (6)
?,(Fri) 5 Oct 2012 (W40),RC Celta Vigo (7),2-0,0-0,Sevilla FC (7)
?,(Sat) 6 Oct 2012 (W40),Real Betis (7),2-0,1-0,Real Sociedad (7)
?,(Sat) 6 Oct 2012 (W40),Real Valladolid CF (7),1-1,0-0,RCD Espanyol (7)
?,(Sat) 6 Oct 2012 (W40),Rayo Vallecano (7),2-1,2-1,RCD La Coruña (7)
?,(Sat) 6 Oct 2012 (W40),Real Zaragoza (7),0-1,0-0,Getafe CF (7)
?,(Sun) 7 Oct 2012 (W40),Athletic Club Bilbao (7),1-0,1-0,CA Osasuna (7)
?,(Sun) 7 Oct 2012 (W40),Atlético Madrid (7),2-1,1-1,Málaga CF (7)
?,(Sun) 7 Oct 2012 (W40),FC Barcelona (7),2-2,1-1,Real Madrid (7)
?,(Sun) 7 Oct 2012 (W40),Levante UD (7),1-0,1-0,Valencia CF (7)
?,(Sun) 7 Oct 2012 (W40),RCD Mallorca (7),1-2,0-0,Granada CF (7)
?,(Sat) 20 Oct 2012 (W42),RCD La Coruña (8),4-5,2-4,FC Barcelona (8)
?,(Sat) 20 Oct 2012 (W42),Málaga CF (8),2-1,1-1,Real Valladolid CF (8)
?,(Sat) 20 Oct 2012 (W42),Real Madrid (8),2-0,1-0,RC Celta Vigo (8)
?,(Sat) 20 Oct 2012 (W42),Valencia CF (8),3-2,1-2,Athletic Club Bilbao (8)
?,(Sun) 21 Oct 2012 (W42),RCD Espanyol (8),3-2,1-1,Rayo Vallecano (8)
?,(Sun) 21 Oct 2012 (W42),Getafe CF (8),0-1,0-0,Levante UD (8)
?,(Sun) 21 Oct 2012 (W42),Granada CF (8),1-2,0-2,Real Zaragoza (8)
?,(Sun) 21 Oct 2012 (W42),CA Osasuna (8),0-0,0-0,Real Betis (8)
?,(Sun) 21 Oct 2012 (W42),Real Sociedad (8),0-1,0-0,Atlético Madrid (8)
?,(Mon) 22 Oct 2012 (W43),Sevilla FC (8),3-2,1-2,RCD Mallorca (8)
?,(Sat) 27 Oct 2012 (W43),Real Betis (9),1-0,1-0,Valencia CF (9)
?,(Sat) 27 Oct 2012 (W43),RC Celta Vigo (9),1-1,1-1,RCD La Coruña (9)
?,(Sat) 27 Oct 2012 (W43),RCD Espanyol (9),0-0,0-0,Málaga CF (9)
?,(Sat) 27 Oct 2012 (W43),Rayo Vallecano (9),0-5,0-1,FC Barcelona (9)
?,(Sun) 28 Oct 2012 (W43),Athletic Club Bilbao (9),1-2,0-1,Getafe CF (9)
?,(Sun) 28 Oct 2012 (W43),Atlético Madrid (9),3-1,2-1,CA Osasuna (9)
?,(Sun) 28 Oct 2012 (W43),Levante UD (9),3-1,1-0,Granada CF (9)
?,(Sun) 28 Oct 2012 (W43),RCD Mallorca (9),0-5,0-2,Real Madrid (9)
?,(Sun) 28 Oct 2012 (W43),Real Zaragoza (9),2-1,2-0,Sevilla FC (9)
?,(Mon) 29 Oct 2012 (W44),Real Valladolid CF (9),2-2,1-1,Real Sociedad (9)
?,(Sat) 3 Nov 2012 (W44),FC Barcelona (10),3-1,2-1,RC Celta Vigo (10)
?,(Sat) 3 Nov 2012 (W44),Málaga CF (10),1-2,0-1,Rayo Vallecano (10)
?,(Sat) 3 Nov 2012 (W44),Real Madrid (10),4-0,2-0,Real Zaragoza (10)
?,(Sat) 3 Nov 2012 (W44),Valencia CF (10),2-0,1-0,Atlético Madrid (10)
?,(Sun) 4 Nov 2012 (W44),Granada CF (10),1-2,0-2,Athletic Club Bilbao (10)
?,(Sun) 4 Nov 2012 (W44),RCD La Coruña (10),1-0,1-0,RCD Mallorca (10)
?,(Sun) 4 Nov 2012 (W44),CA Osasuna (10),0-1,0-0,Real Valladolid CF (10)
?,(Sun) 4 Nov 2012 (W44),Sevilla FC (10),0-0,0-0,Levante UD (10)
?,(Sun) 4 Nov 2012 (W44),Real Sociedad (10),0-1,0-0,RCD Espanyol (10)
?,(Mon) 5 Nov 2012 (W45),Getafe CF (10),2-4,0-0,Real Betis (10)
?,(Fri) 9 Nov 2012 (W45),Real Betis (11),1-2,0-1,Granada CF (11)
?,(Sat) 10 Nov 2012 (W45),RCD Espanyol (11),0-3,0-1,CA Osasuna (11)
?,(Sat) 10 Nov 2012 (W45),Málaga CF (11),1-2,1-1,Real Sociedad (11)
?,(Sat) 10 Nov 2012 (W45),Rayo Vallecano (11),3-2,0-2,RC Celta Vigo (11)
?,(Sat) 10 Nov 2012 (W45),Real Zaragoza (11),5-3,1-2,RCD La Coruña (11)
?,(Sun) 11 Nov 2012 (W45),Athletic Club Bilbao (11),2-1,2-0,Sevilla FC (11)
?,(Sun) 11 Nov 2012 (W45),Atlético Madrid (11),2-0,2-0,Getafe CF (11)
?,(Sun) 11 Nov 2012 (W45),Levante UD (11),1-2,0-1,Real Madrid (11)
?,(Sun) 11 Nov 2012 (W45),RCD Mallorca (11),2-4,0-3,FC Barcelona (11)
?,(Sun) 11 Nov 2012 (W45),Real Valladolid CF (11),1-1,0-1,Valencia CF (11)
?,(Sat) 17 Nov 2012 (W46),FC Barcelona (12),3-1,2-1,Real Zaragoza (12)
?,(Sat) 17 Nov 2012 (W46),CA Osasuna (12),0-0,0-0,Málaga CF (12)
?,(Sat) 17 Nov 2012 (W46),Real Madrid (12),5-1,3-1,Athletic Club Bilbao (12)
?,(Sat) 17 Nov 2012 (W46),Valencia CF (12),2-1,1-1,RCD Espanyol (12)
?,(Sun) 18 Nov 2012 (W46),RC Celta Vigo (12),1-1,0-1,RCD Mallorca (12)
?,(Sun) 18 Nov 2012 (W46),Getafe CF (12),2-1,0-1,Real Valladolid CF (12)
?,(Sun) 18 Nov 2012 (W46),Granada CF (12),0-1,0-0,Atlético Madrid (12)
?,(Sun) 18 Nov 2012 (W46),RCD La Coruña (12),0-2,0-1,Levante UD (12)
?,(Sun) 18 Nov 2012 (W46),Sevilla FC (12),5-1,4-0,Real Betis (12)
?,(Mon) 19 Nov 2012 (W47),Real Sociedad (12),4-0,2-0,Rayo Vallecano (12)
?,(Fri) 23 Nov 2012 (W47),Real Sociedad (13),0-0,0-0,CA Osasuna (13)
?,(Sat) 24 Nov 2012 (W47),Real Betis (13),1-0,1-0,Real Madrid (13)
?,(Sat) 24 Nov 2012 (W47),Málaga CF (13),4-0,1-0,Valencia CF (13)
?,(Sat) 24 Nov 2012 (W47),Real Valladolid CF (13),1-0,0-0,Granada CF (13)
?,(Sat) 24 Nov 2012 (W47),Rayo Vallecano (13),2-0,0-0,RCD Mallorca (13)
?,(Sun) 25 Nov 2012 (W47),Athletic Club Bilbao (13),1-1,1-0,RCD La Coruña (13)
?,(Sun) 25 Nov 2012 (W47),Atlético Madrid (13),4-0,3-0,Sevilla FC (13)
?,(Sun) 25 Nov 2012 (W47),RCD Espanyol (13),0-2,0-1,Getafe CF (13)
?,(Sun) 25 Nov 2012 (W47),Levante UD (13),0-4,0-0,FC Barcelona (13)
?,(Mon) 26 Nov 2012 (W48),Real Zaragoza (13),0-1,0-0,RC Celta Vigo (13)
?,(Fri) 30 Nov 2012 (W48),CA Osasuna (14),1-0,1-0,Rayo Vallecano (14)
?,(Sat) 1 Dec 2012 (W48),FC Barcelona (14),5-1,3-0,Athletic Club Bilbao (14)
?,(Sat) 1 Dec 2012 (W48),Getafe CF (14),1-0,0-0,Málaga CF (14)
?,(Sat) 1 Dec 2012 (W48),Real Madrid (14),2-0,1-0,Atlético Madrid (14)
?,(Sat) 1 Dec 2012 (W48),Valencia CF (14),2-5,1-1,Real Sociedad (14)
?,(Sun) 2 Dec 2012 (W48),RC Celta Vigo (14),1-1,1-0,Levante UD (14)
?,(Sun) 2 Dec 2012 (W48),Granada CF (14),0-0,0-0,RCD Espanyol (14)
?,(Sun) 2 Dec 2012 (W48),RCD La Coruña (14),2-3,0-1,Real Betis (14)
?,(Sun) 2 Dec 2012 (W48),RCD Mallorca (14),1-1,0-1,Real Zaragoza (14)
?,(Mon) 3 Dec 2012 (W49),Sevilla FC (14),1-2,0-2,Real Valladolid CF (14)
?,(Fri) 7 Dec 2012 (W49),RCD Espanyol (15),2-2,1-1,Sevilla FC (15)
?,(Sat) 8 Dec 2012 (W49),Málaga CF (15),4-0,2-0,Granada CF (15)
?,(Sat) 8 Dec 2012 (W49),CA Osasuna (15),0-1,0-0,Valencia CF (15)
?,(Sat) 8 Dec 2012 (W49),Real Sociedad (15),1-1,0-0,Getafe CF (15)
?,(Sat) 8 Dec 2012 (W49),Real Valladolid CF (15),2-3,2-2,Real Madrid (15)
?,(Sun) 9 Dec 2012 (W49),Athletic Club Bilbao (15),1-0,1-0,RC Celta Vigo (15)
?,(Sun) 9 Dec 2012 (W49),Atlético Madrid (15),6-0,3-0,RCD La Coruña (15)
?,(Sun) 9 Dec 2012 (W49),Real Betis (15),1-2,1-2,FC Barcelona (15)
?,(Sun) 9 Dec 2012 (W49),Levante UD (15),4-0,1-0,RCD Mallorca (15)
?,(Mon) 10 Dec 2012 (W50),Rayo Vallecano (15),0-2,0-1,Real Zaragoza (15)
?,(Sat) 15 Dec 2012 (W50),Getafe CF (16),1-1,0-0,CA Osasuna (16)
?,(Sat) 15 Dec 2012 (W50),Granada CF (16),0-0,0-0,Real Sociedad (16)
?,(Sat) 15 Dec 2012 (W50),RCD Mallorca (16),0-1,0-1,Athletic Club Bilbao (16)
?,(Sat) 15 Dec 2012 (W50),Sevilla FC (16),0-2,0-0,Málaga CF (16)
?,(Sun) 16 Dec 2012 (W50),FC Barcelona (16),4-1,2-1,Atlético Madrid (16)
?,(Sun) 16 Dec 2012 (W50),Real Madrid (16),2-2,1-1,RCD Espanyol (16)
?,(Sun) 16 Dec 2012 (W50),Valencia CF (16),0-1,0-0,Rayo Vallecano (16)
?,(Sun) 16 Dec 2012 (W50),Real Zaragoza (16),0-1,0-1,Levante UD (16)
?,(Mon) 17 Dec 2012 (W51),RC Celta Vigo (16),0-1,0-0,Real Betis (16)
?,(Mon) 17 Dec 2012 (W51),RCD La Coruña (16),0-0,0-0,Real Valladolid CF (16)
?,(Thu) 20 Dec 2012 (W51),RCD Espanyol (17),2-0,1-0,RCD La Coruña (17)
?,(Thu) 20 Dec 2012 (W51),Real Sociedad (17),2-1,1-0,Sevilla FC (17)
?,(Thu) 20 Dec 2012 (W51),Rayo Vallecano (17),3-0,0-0,Levante UD (17)
?,(Fri) 21 Dec 2012 (W51),Atlético Madrid (17),1-0,0-0,RC Celta Vigo (17)
?,(Fri) 21 Dec 2012 (W51),Valencia CF (17),4-2,3-1,Getafe CF (17)
?,(Sat) 22 Dec 2012 (W51),Athletic Club Bilbao (17),0-2,0-2,Real Zaragoza (17)
?,(Sat) 22 Dec 2012 (W51),Real Betis (17),1-2,1-1,RCD Mallorca (17)
?,(Sat) 22 Dec 2012 (W51),Málaga CF (17),3-2,0-0,Real Madrid (17)
?,(Sat) 22 Dec 2012 (W51),CA Osasuna (17),1-2,1-1,Granada CF (17)
?,(Sat) 22 Dec 2012 (W51),Real Valladolid CF (17),1-3,0-1,FC Barcelona (17)
?,(Fri) 4 Jan 2013 (W1),Real Zaragoza (18),1-2,0-1,Real Betis (18)
?,(Sat) 5 Jan 2013 (W1),Granada CF (18),1-2,0-0,Valencia CF (18)
?,(Sat) 5 Jan 2013 (W1),RCD La Coruña (18),1-0,0-0,Málaga CF (18)
?,(Sat) 5 Jan 2013 (W1),Levante UD (18),3-1,2-1,Athletic Club Bilbao (18)
?,(Sat) 5 Jan 2013 (W1),Sevilla FC (18),1-0,0-0,CA Osasuna (18)
?,(Sun) 6 Jan 2013 (W1),FC Barcelona (18),4-0,4-0,RCD Espanyol (18)
?,(Sun) 6 Jan 2013 (W1),RC Celta Vigo (18),3-1,2-1,Real Valladolid CF (18)
?,(Sun) 6 Jan 2013 (W1),RCD Mallorca (18),1-1,0-0,Atlético Madrid (18)
?,(Sun) 6 Jan 2013 (W1),Real Madrid (18),4-3,2-2,Real Sociedad (18)
?,(Mon) 7 Jan 2013 (W2),Rayo Vallecano (18),3-1,2-0,Getafe CF (18)
?,(Fri) 11 Jan 2013 (W2),Athletic Club Bilbao (19),1-2,0-0,Rayo Vallecano (19)
?,(Sat) 12 Jan 2013 (W2),RCD Espanyol (19),1-0,1-0,RC Celta Vigo (19)
?,(Sat) 12 Jan 2013 (W2),CA Osasuna (19),0-0,0-0,Real Madrid (19)
?,(Sat) 12 Jan 2013 (W2),Valencia CF (19),2-0,0-0,Sevilla FC (19)
?,(Sat) 12 Jan 2013 (W2),Real Valladolid CF (19),3-1,1-1,RCD Mallorca (19)
?,(Sun) 13 Jan 2013 (W2),Atlético Madrid (19),2-0,2-0,Real Zaragoza (19)
?,(Sun) 13 Jan 2013 (W2),Real Betis (19),2-0,1-0,Levante UD (19)
?,(Sun) 13 Jan 2013 (W2),Málaga CF (19),1-3,0-1,FC Barcelona (19)
?,(Sun) 13 Jan 2013 (W2),Real Sociedad (19),1-1,1-1,RCD La Coruña (19)
?,(Mon) 14 Jan 2013 (W3),Getafe CF (19),2-2,2-1,Granada CF (19)
?,(Fri) 18 Jan 2013 (W3),RCD Espanyol (20),3-2,1-2,RCD Mallorca (20)
?,(Sat) 19 Jan 2013 (W3),Getafe CF (20),1-1,1-1,Sevilla FC (20)
?,(Sat) 19 Jan 2013 (W3),Granada CF (20),2-0,1-0,Rayo Vallecano (20)
?,(Sat) 19 Jan 2013 (W3),Málaga CF (20),1-1,1-0,RC Celta Vigo (20)
?,(Sat) 19 Jan 2013 (W3),Real Sociedad (20),3-2,1-2,FC Barcelona (20)
?,(Sun) 20 Jan 2013 (W3),Atlético Madrid (20),2-0,1-0,Levante UD (20)
?,(Sun) 20 Jan 2013 (W3),CA Osasuna (20),2-1,1-0,RCD La Coruña (20)
?,(Sun) 20 Jan 2013 (W3),Valencia CF (20),0-5,0-5,Real Madrid (20)
?,(Sun) 20 Jan 2013 (W3),Real Valladolid CF (20),2-0,1-0,Real Zaragoza (20)
?,(Mon) 21 Jan 2013 (W4),Real Betis (20),1-1,1-1,Athletic Club Bilbao (20)
?,(Sat) 26 Jan 2013 (W4),RC Celta Vigo (21),1-1,1-0,Real Sociedad (21)
?,(Sat) 26 Jan 2013 (W4),RCD La Coruña (21),2-3,2-1,Valencia CF (21)
?,(Sat) 26 Jan 2013 (W4),Levante UD (21),2-1,1-1,Real Valladolid CF (21)
?,(Sat) 26 Jan 2013 (W4),Real Zaragoza (21),0-0,0-0,RCD Espanyol (21)
?,(Sun) 27 Jan 2013 (W4),Athletic Club Bilbao (21),3-0,0-0,Atlético Madrid (21)
?,(Sun) 27 Jan 2013 (W4),FC Barcelona (21),5-1,3-1,CA Osasuna (21)
?,(Sun) 27 Jan 2013 (W4),RCD Mallorca (21),2-3,1-2,Málaga CF (21)
?,(Sun) 27 Jan 2013 (W4),Real Madrid (21),4-0,0-0,Getafe CF (21)
?,(Sun) 27 Jan 2013 (W4),Rayo Vallecano (21),3-0,1-0,Real Betis (21)
?,(Mon) 28 Jan 2013 (W5),Sevilla FC (21),3-0,1-0,Granada CF (21)
?,(Fri) 1 Feb 2013 (W5),Real Valladolid CF (22),2-2,2-1,Athletic Club Bilbao (22)
?,(Sat) 2 Feb 2013 (W5),RCD Espanyol (22),3-2,1-0,Levante UD (22)
?,(Sat) 2 Feb 2013 (W5),Getafe CF (22),3-1,1-1,RCD La Coruña (22)
?,(Sat) 2 Feb 2013 (W5),Granada CF (22),1-0,1-0,Real Madrid (22)
?,(Sat) 2 Feb 2013 (W5),CA Osasuna (22),1-0,0-0,RC Celta Vigo (22)
?,(Sun) 3 Feb 2013 (W5),Atlético Madrid (22),1-0,0-0,Real Betis (22)
?,(Sun) 3 Feb 2013 (W5),Málaga CF (22),1-1,1-1,Real Zaragoza (22)
?,(Sun) 3 Feb 2013 (W5),Sevilla FC (22),2-1,1-0,Rayo Vallecano (22)
?,(Sun) 3 Feb 2013 (W5),Real Sociedad (22),3-0,0-0,RCD Mallorca (22)
?,(Sun) 3 Feb 2013 (W5),Valencia CF (22),1-1,1-1,FC Barcelona (22)
?,(Sat) 9 Feb 2013 (W6),RC Celta Vigo (23),0-1,0-0,Valencia CF (23)
?,(Sat) 9 Feb 2013 (W6),RCD La Coruña (23),0-3,0-1,Granada CF (23)
?,(Sat) 9 Feb 2013 (W6),Levante UD (23),1-2,1-1,Málaga CF (23)
?,(Sat) 9 Feb 2013 (W6),RCD Mallorca (23),1-1,0-0,CA Osasuna (23)
?,(Sat) 9 Feb 2013 (W6),Real Madrid (23),4-1,2-0,Sevilla FC (23)
?,(Sun) 10 Feb 2013 (W6),Athletic Club Bilbao (23),0-4,0-1,RCD Espanyol (23)
?,(Sun) 10 Feb 2013 (W6),FC Barcelona (23),6-1,2-0,Getafe CF (23)
?,(Sun) 10 Feb 2013 (W6),Rayo Vallecano (23),2-1,2-0,Atlético Madrid (23)
?,(Sun) 10 Feb 2013 (W6),Real Zaragoza (23),1-2,0-2,Real Sociedad (23)
?,(Mon) 11 Feb 2013 (W7),Real Betis (23),0-0,0-0,Real Valladolid CF (23)
?,(Fri) 15 Feb 2013 (W7),Sevilla FC (24),3-1,3-1,RCD La Coruña (24)
?,(Sat) 16 Feb 2013 (W7),Getafe CF (24),3-1,3-1,RC Celta Vigo (24)
?,(Sat) 16 Feb 2013 (W7),Granada CF (24),1-2,1-0,FC Barcelona (24)
?,(Sat) 16 Feb 2013 (W7),Málaga CF (24),1-0,1-0,Athletic Club Bilbao (24)
?,(Sat) 16 Feb 2013 (W7),CA Osasuna (24),1-0,1-0,Real Zaragoza (24)
?,(Sun) 17 Feb 2013 (W7),RCD Espanyol (24),1-0,1-0,Real Betis (24)
?,(Sun) 17 Feb 2013 (W7),Real Madrid (24),2-0,2-0,Rayo Vallecano (24)
?,(Sun) 17 Feb 2013 (W7),Real Sociedad (24),1-1,1-1,Levante UD (24)
?,(Sun) 17 Feb 2013 (W7),Valencia CF (24),2-0,0-0,RCD Mallorca (24)
?,(Sun) 17 Feb 2013 (W7),Real Valladolid CF (24),0-3,0-1,Atlético Madrid (24)
?,(Fri) 22 Feb 2013 (W8),Athletic Club Bilbao (25),1-3,1-1,Real Sociedad (25)
?,(Sat) 23 Feb 2013 (W8),FC Barcelona (25),2-1,0-1,Sevilla FC (25)
?,(Sat) 23 Feb 2013 (W8),RCD La Coruña (25),1-2,1-0,Real Madrid (25)
?,(Sat) 23 Feb 2013 (W8),RCD Mallorca (25),1-3,1-0,Getafe CF (25)
?,(Sat) 23 Feb 2013 (W8),Real Zaragoza (25),2-2,2-1,Valencia CF (25)
?,(Sun) 24 Feb 2013 (W8),Atlético Madrid (25),1-0,1-0,RCD Espanyol (25)
?,(Sun) 24 Feb 2013 (W8),Real Betis (25),3-0,3-0,Málaga CF (25)
?,(Sun) 24 Feb 2013 (W8),RC Celta Vigo (25),2-1,1-1,Granada CF (25)
?,(Sun) 24 Feb 2013 (W8),Rayo Vallecano (25),1-2,0-0,Real Valladolid CF (25)
?,(Mon) 25 Feb 2013 (W9),Levante UD (25),0-2,0-0,CA Osasuna (25)
?,(Fri) 1 Mar 2013 (W9),Getafe CF (26),2-0,1-0,Real Zaragoza (26)
?,(Sat) 2 Mar 2013 (W9),RCD La Coruña (26),0-0,0-0,Rayo Vallecano (26)
?,(Sat) 2 Mar 2013 (W9),CA Osasuna (26),0-1,0-0,Athletic Club Bilbao (26)
?,(Sat) 2 Mar 2013 (W9),Real Madrid (26),2-1,1-1,FC Barcelona (26)
?,(Sat) 2 Mar 2013 (W9),Valencia CF (26),2-2,2-1,Levante UD (26)
?,(Sun) 3 Mar 2013 (W9),RCD Espanyol (26),0-0,0-0,Real Valladolid CF (26)
?,(Sun) 3 Mar 2013 (W9),Granada CF (26),1-2,1-1,RCD Mallorca (26)
?,(Sun) 3 Mar 2013 (W9),Málaga CF (26),0-0,0-0,Atlético Madrid (26)
?,(Sun) 3 Mar 2013 (W9),Real Sociedad (26),3-3,0-1,Real Betis (26)
?,(Mon) 4 Mar 2013 (W10),Sevilla FC (26),4-1,2-1,RC Celta Vigo (26)
?,(Fri) 8 Mar 2013 (W10),Real Betis (27),2-1,1-0,CA Osasuna (27)
?,(Sat) 9 Mar 2013 (W10),FC Barcelona (27),2-0,1-0,RCD La Coruña (27)
?,(Sat) 9 Mar 2013 (W10),RCD Mallorca (27),2-1,1-0,Sevilla FC (27)
?,(Sat) 9 Mar 2013 (W10),Real Valladolid CF (27),1-1,1-1,Málaga CF (27)
?,(Sat) 9 Mar 2013 (W10),Rayo Vallecano (27),2-0,1-0,RCD Espanyol (27)
?,(Sun) 10 Mar 2013 (W10),Athletic Club Bilbao (27),1-0,0-0,Valencia CF (27)
?,(Sun) 10 Mar 2013 (W10),Atlético Madrid (27),0-1,0-0,Real Sociedad (27)
?,(Sun) 10 Mar 2013 (W10),RC Celta Vigo (27),1-2,0-0,Real Madrid (27)
?,(Sun) 10 Mar 2013 (W10),Levante UD (27),0-0,0-0,Getafe CF (27)
?,(Mon) 11 Mar 2013 (W11),Real Zaragoza (27),0-0,0-0,Granada CF (27)
?,(Fri) 15 Mar 2013 (W11),RCD La Coruña (28),3-1,1-0,RC Celta Vigo (28)
?,(Sat) 16 Mar 2013 (W11),Getafe CF (28),1-0,1-0,Athletic Club Bilbao (28)
?,(Sat) 16 Mar 2013 (W11),Real Madrid (28),5-2,1-2,RCD Mallorca (28)
?,(Sat) 16 Mar 2013 (W11),Real Sociedad (28),4-1,3-0,Real Valladolid CF (28)
?,(Sat) 16 Mar 2013 (W11),Valencia CF (28),3-0,1-0,Real Betis (28)
?,(Sun) 17 Mar 2013 (W11),FC Barcelona (28),3-1,2-0,Rayo Vallecano (28)
?,(Sun) 17 Mar 2013 (W11),Granada CF (28),1-1,1-0,Levante UD (28)
?,(Sun) 17 Mar 2013 (W11),Málaga CF (28),0-2,0-0,RCD Espanyol (28)
?,(Sun) 17 Mar 2013 (W11),CA Osasuna (28),0-2,0-1,Atlético Madrid (28)
?,(Sun) 17 Mar 2013 (W11),Sevilla FC (28),4-0,1-0,Real Zaragoza (28)
?,(Sat) 30 Mar 2013 (W13),RC Celta Vigo (29),2-2,1-1,FC Barcelona (29)
?,(Sat) 30 Mar 2013 (W13),Levante UD (29),1-0,1-0,Sevilla FC (29)
?,(Sat) 30 Mar 2013 (W13),Rayo Vallecano (29),1-3,1-1,Málaga CF (29)
?,(Sat) 30 Mar 2013 (W13),Real Zaragoza (29),1-1,1-1,Real Madrid (29)
?,(Sun) 31 Mar 2013 (W13),Atlético Madrid (29),1-1,1-1,Valencia CF (29)
?,(Sun) 31 Mar 2013 (W13),RCD Espanyol (29),2-2,2-1,Real Sociedad (29)
?,(Sun) 31 Mar 2013 (W13),RCD Mallorca (29),2-3,1-1,RCD La Coruña (29)
?,(Sun) 31 Mar 2013 (W13),Real Valladolid CF (29),1-3,1-0,CA Osasuna (29)
?,(Mon) 1 Apr 2013 (W14),Athletic Club Bilbao (29),1-0,0-0,Granada CF (29)
?,(Mon) 1 Apr 2013 (W14),Real Betis (29),0-0,0-0,Getafe CF (29)
?,(Fri) 5 Apr 2013 (W14),Granada CF (30),1-5,0-3,Real Betis (30)
?,(Sat) 6 Apr 2013 (W14),FC Barcelona (30),5-0,4-0,RCD Mallorca (30)
?,(Sat) 6 Apr 2013 (W14),RCD La Coruña (30),3-2,2-2,Real Zaragoza (30)
?,(Sat) 6 Apr 2013 (W14),Real Madrid (30),5-1,2-1,Levante UD (30)
?,(Sat) 6 Apr 2013 (W14),Real Sociedad (30),4-2,3-1,Málaga CF (30)
?,(Sun) 7 Apr 2013 (W14),RC Celta Vigo (30),0-2,0-1,Rayo Vallecano (30)
?,(Sun) 7 Apr 2013 (W14),Getafe CF (30),0-0,0-0,Atlético Madrid (30)
?,(Sun) 7 Apr 2013 (W14),CA Osasuna (30),0-2,0-0,RCD Espanyol (30)
?,(Sun) 7 Apr 2013 (W14),Valencia CF (30),2-1,1-0,Real Valladolid CF (30)
?,(Mon) 8 Apr 2013 (W15),Sevilla FC (30),2-1,1-0,Athletic Club Bilbao (30)
?,(Fri) 12 Apr 2013 (W15),Real Betis (31),3-3,1-3,Sevilla FC (31)
?,(Sat) 13 Apr 2013 (W15),RCD Espanyol (31),3-3,1-0,Valencia CF (31)
?,(Sat) 13 Apr 2013 (W15),Levante UD (31),0-4,0-3,RCD La Coruña (31)
?,(Sat) 13 Apr 2013 (W15),Málaga CF (31),1-0,0-0,CA Osasuna (31)
?,(Sat) 13 Apr 2013 (W15),Real Valladolid CF (31),2-1,0-1,Getafe CF (31)
?,(Sun) 14 Apr 2013 (W15),Athletic Club Bilbao (31),0-3,0-1,Real Madrid (31)
?,(Sun) 14 Apr 2013 (W15),Atlético Madrid (31),5-0,2-0,Granada CF (31)
?,(Sun) 14 Apr 2013 (W15),Rayo Vallecano (31),0-2,0-2,Real Sociedad (31)
?,(Sun) 14 Apr 2013 (W15),Real Zaragoza (31),0-3,0-2,FC Barcelona (31)
?,(Mon) 15 Apr 2013 (W16),RCD Mallorca (31),1-0,0-0,RC Celta Vigo (31)
?,(Fri) 19 Apr 2013 (W16),RCD Mallorca (32),1-1,1-1,Rayo Vallecano (32)
?,(Sat) 20 Apr 2013 (W16),FC Barcelona (32),1-0,0-0,Levante UD (32)
?,(Sat) 20 Apr 2013 (W16),Granada CF (32),1-1,0-0,Real Valladolid CF (32)
?,(Sat) 20 Apr 2013 (W16),Real Madrid (32),3-1,1-0,Real Betis (32)
?,(Sat) 20 Apr 2013 (W16),Valencia CF (32),5-1,4-1,Málaga CF (32)
?,(Sun) 21 Apr 2013 (W16),Getafe CF (32),0-2,0-1,RCD Espanyol (32)
?,(Sun) 21 Apr 2013 (W16),RCD La Coruña (32),1-1,1-1,Athletic Club Bilbao (32)
?,(Sun) 21 Apr 2013 (W16),CA Osasuna (32),0-0,0-0,Real Sociedad (32)
?,(Sun) 21 Apr 2013 (W16),Sevilla FC (32),0-1,0-0,Atlético Madrid (32)
?,(Mon) 22 Apr 2013 (W17),RC Celta Vigo (32),2-1,1-1,Real Zaragoza (32)
?,(Fri) 26 Apr 2013 (W17),Rayo Vallecano (33),2-2,1-2,CA Osasuna (33)
?,(Sat) 27 Apr 2013 (W17),Athletic Club Bilbao (33),2-2,1-0,FC Barcelona (33)
?,(Sat) 27 Apr 2013 (W17),Atlético Madrid (33),1-2,1-1,Real Madrid (33)
?,(Sat) 27 Apr 2013 (W17),Levante UD (33),0-1,0-1,RC Celta Vigo (33)
?,(Sat) 27 Apr 2013 (W17),Real Zaragoza (33),3-2,1-1,RCD Mallorca (33)
?,(Sun) 28 Apr 2013 (W17),RCD Espanyol (33),0-1,0-1,Granada CF (33)
?,(Sun) 28 Apr 2013 (W17),Málaga CF (33),2-1,1-0,Getafe CF (33)
?,(Sun) 28 Apr 2013 (W17),Real Sociedad (33),4-2,1-1,Valencia CF (33)
?,(Sun) 28 Apr 2013 (W17),Real Valladolid CF (33),1-1,1-0,Sevilla FC (33)
?,(Mon) 29 Apr 2013 (W18),Real Betis (33),1-1,0-1,RCD La Coruña (33)
?,(Fri) 3 May 2013 (W18),RC Celta Vigo (34),1-1,0-1,Athletic Club Bilbao (34)
?,(Sat) 4 May 2013 (W18),Granada CF (34),1-0,1-0,Málaga CF (34)
?,(Sat) 4 May 2013 (W18),RCD La Coruña (34),0-0,0-0,Atlético Madrid (34)
?,(Sat) 4 May 2013 (W18),Real Madrid (34),4-3,2-2,Real Valladolid CF (34)
?,(Sat) 4 May 2013 (W18),Valencia CF (34),4-0,2-0,CA Osasuna (34)
?,(Sun) 5 May 2013 (W18),FC Barcelona (34),4-2,1-2,Real Betis (34)
?,(Sun) 5 May 2013 (W18),RCD Mallorca (34),1-1,1-1,Levante UD (34)
?,(Sun) 5 May 2013 (W18),Sevilla FC (34),3-0,3-0,RCD Espanyol (34)
?,(Sun) 5 May 2013 (W18),Real Zaragoza (34),3-0,1-0,Rayo Vallecano (34)
?,(Mon) 6 May 2013 (W19),Getafe CF (34),2-1,2-1,Real Sociedad (34)
?,(Wed) 8 May 2013 (W19),RC Celta Vigo (35),1-3,0-0,Atlético Madrid (35)
?,(Wed) 8 May 2013 (W19),Real Madrid (35),6-2,4-2,Málaga CF (35)
?,(Fri) 10 May 2013 (W19),Levante UD (35),0-0,0-0,Real Zaragoza (35)
?,(Sat) 11 May 2013 (W19),Athletic Club Bilbao (35),2-1,1-0,RCD Mallorca (35)
?,(Sat) 11 May 2013 (W19),RCD Espanyol (35),1-1,1-0,Real Madrid (36)
?,(Sat) 11 May 2013 (W19),CA Osasuna (35),1-0,0-0,Getafe CF (35)
?,(Sat) 11 May 2013 (W19),Real Valladolid CF (35),1-0,0-0,RCD La Coruña (35)
?,(Sun) 12 May 2013 (W19),Atlético Madrid (36),1-2,0-0,FC Barcelona (35)
?,(Sun) 12 May 2013 (W19),Real Betis (35),1-0,0-0,RC Celta Vigo (36)
?,(Sun) 12 May 2013 (W19),Málaga CF (36),0-0,0-0,Sevilla FC (35)
?,(Sun) 12 May 2013 (W19),Rayo Vallecano (35),0-4,0-2,Valencia CF (35)
?,(Mon) 13 May 2013 (W20),Real Sociedad (35),2-2,2-1,Granada CF (35)
?,(Sat) 18 May 2013 (W20),Getafe CF (36),0-1,0-1,Valencia CF (36)
?,(Sat) 18 May 2013 (W20),Granada CF (36),3-0,1-0,CA Osasuna (36)
?,(Sat) 18 May 2013 (W20),Sevilla FC (36),1-2,1-2,Real Sociedad (36)
?,(Sun) 19 May 2013 (W20),FC Barcelona (36),2-1,2-0,Real Valladolid CF (36)
?,(Sun) 19 May 2013 (W20),RCD La Coruña (36),2-0,0-0,RCD Espanyol (36)
?,(Sun) 19 May 2013 (W20),Levante UD (36),2-3,0-1,Rayo Vallecano (36)
?,(Sun) 19 May 2013 (W20),Real Zaragoza (36),1-2,1-0,Athletic Club Bilbao (36)
?,(Mon) 20 May 2013 (W21),RCD Mallorca (36),1-0,1-0,Real Betis (36)
?,(Sun) 26 May 2013 (W21),Athletic Club Bilbao (37),0-1,0-0,Levante UD (37)
?,(Sun) 26 May 2013 (W21),Atlético Madrid (37),0-0,0-0,RCD Mallorca (37)
?,(Sun) 26 May 2013 (W21),Real Betis (37),4-0,2-0,Real Zaragoza (37)
?,(Sun) 26 May 2013 (W21),RCD Espanyol (37),0-2,0-1,FC Barcelona (37)
?,(Sun) 26 May 2013 (W21),Getafe CF (37),1-2,0-0,Rayo Vallecano (37)
?,(Sun) 26 May 2013 (W21),Málaga CF (37),3-1,1-0,RCD La Coruña (37)
?,(Sun) 26 May 2013 (W21),CA Osasuna (37),2-1,0-0,Sevilla FC (37)
?,(Sun) 26 May 2013 (W21),Real Sociedad (37),3-3,0-1,Real Madrid (37)
?,(Sun) 26 May 2013 (W21),Valencia CF (37),1-0,0-0,Granada CF (37)
?,(Sun) 26 May 2013 (W21),Real Valladolid CF (37),0-2,0-1,RC Celta Vigo (37)
?,(Sat) 1 Jun 2013 (W22),FC Barcelona (38),4-1,3-0,Málaga CF (38)
?,(Sat) 1 Jun 2013 (W22),RC Celta Vigo (38),1-0,1-0,RCD Espanyol (38)
?,(Sat) 1 Jun 2013 (W22),Granada CF (38),2-0,1-0,Getafe CF (38)
?,(Sat) 1 Jun 2013 (W22),RCD La Coruña (38),0-1,0-1,Real Sociedad (38)
?,(Sat) 1 Jun 2013 (W22),Levante UD (38),1-1,0-0,Real Betis (38)
?,(Sat) 1 Jun 2013 (W22),RCD Mallorca (38),4-2,2-1,Real Valladolid CF (38)
?,(Sat) 1 Jun 2013 (W22),Real Madrid (38),4-2,2-0,CA Osasuna (38)
?,(Sat) 1 Jun 2013 (W22),Sevilla FC (38),4-3,2-1,Valencia CF (38)
?,(Sat) 1 Jun 2013 (W22),Rayo Vallecano (38),2-2,1-1,Athletic Club Bilbao (38)
?,(Sat) 1 Jun 2013 (W22),Real Zaragoza (38),1-3,0-0,Atlético Madrid (38)
