Round,Date,Team 1,FT,HT,Team 2
?,(Fri) 17 Aug 2012 (W33),FC Barcelona B (1),4-5,2-2,UD Almería (1)
?,(Fri) 17 Aug 2012 (W33),CD Mirandés (1),0-1,0-1,SD Huesca (1)
?,(Fri) 17 Aug 2012 (W33),Villarreal CF (1),2-1,1-1,Real Madrid B (1)
?,(Sat) 18 Aug 2012 (W33),Girona FC (1),0-0,0-0,CE Sabadell (1)
?,(Sat) 18 Aug 2012 (W33),CD Lugo (1),1-0,1-0,Hércules CF (1)
?,(Sat) 18 Aug 2012 (W33),Xerez CD (1),2-0,0-0,Recreativo Huelva (1)
?,(Sun) 19 Aug 2012 (W33),AD Alcorcón (1),1-1,0-0,CD Guadalajara (1)
?,(Sun) 19 Aug 2012 (W33),Elche CF (1),4-2,3-1,SD Ponferradina (1)
?,(Sun) 19 Aug 2012 (W33),CD Numancia (1),2-0,1-0,Sporting Gijón (1)
?,(Sun) 19 Aug 2012 (W33),Real Racing Santander (1),0-1,0-1,UD Las Palmas (1)
?,(Mon) 20 Aug 2012 (W34),Real Murcia CF (1),0-0,0-0,Córdoba CF (1)
?,(Fri) 24 Aug 2012 (W34),UD Almería (2),2-1,2-1,Xerez CD (2)
?,(Sat) 25 Aug 2012 (W34),CD Guadalajara (2),1-5,1-1,Girona FC (2)
?,(Sat) 25 Aug 2012 (W34),SD Huesca (2),1-1,1-1,CD Numancia (2)
?,(Sat) 25 Aug 2012 (W34),UD Las Palmas (2),1-1,1-1,CD Lugo (2)
?,(Sat) 25 Aug 2012 (W34),SD Ponferradina (2),2-0,0-0,AD Alcorcón (2)
?,(Sat) 25 Aug 2012 (W34),Real Madrid B (2),3-2,2-1,FC Barcelona B (2)
?,(Sat) 25 Aug 2012 (W34),Recreativo Huelva (2),1-0,0-0,CD Mirandés (2)
?,(Sat) 25 Aug 2012 (W34),CE Sabadell (2),0-0,0-0,Villarreal CF (2)
?,(Sat) 25 Aug 2012 (W34),Sporting Gijón (2),2-3,1-1,Real Murcia CF (2)
?,(Sun) 26 Aug 2012 (W34),Córdoba CF (2),2-0,1-0,Real Racing Santander (2)
?,(Sun) 26 Aug 2012 (W34),Hércules CF (2),1-2,0-2,Elche CF (2)
?,(Sat) 1 Sep 2012 (W35),UD Almería (3),1-0,1-0,Real Madrid B (3)
?,(Sat) 1 Sep 2012 (W35),Elche CF (3),3-1,1-0,UD Las Palmas (3)
?,(Sat) 1 Sep 2012 (W35),Girona FC (3),1-0,1-0,SD Ponferradina (3)
?,(Sat) 1 Sep 2012 (W35),CD Lugo (3),1-1,1-0,Córdoba CF (3)
?,(Sat) 1 Sep 2012 (W35),Real Murcia CF (3),2-1,2-0,SD Huesca (3)
?,(Sat) 1 Sep 2012 (W35),CD Numancia (3),0-0,0-0,Recreativo Huelva (3)
?,(Sat) 1 Sep 2012 (W35),Villarreal CF (3),2-1,0-1,CD Guadalajara (3)
?,(Sat) 1 Sep 2012 (W35),Xerez CD (3),0-4,0-1,CD Mirandés (3)
?,(Sun) 2 Sep 2012 (W35),AD Alcorcón (3),1-0,1-0,Hércules CF (3)
?,(Sun) 2 Sep 2012 (W35),FC Barcelona B (3),2-0,1-0,CE Sabadell (3)
?,(Sun) 2 Sep 2012 (W35),Real Racing Santander (3),0-0,0-0,Sporting Gijón (3)
?,(Sat) 8 Sep 2012 (W36),CD Guadalajara (4),0-1,0-0,FC Barcelona B (4)
?,(Sat) 8 Sep 2012 (W36),Hércules CF (4),2-1,2-1,Girona FC (4)
?,(Sat) 8 Sep 2012 (W36),UD Las Palmas (4),1-3,1-2,AD Alcorcón (4)
?,(Sat) 8 Sep 2012 (W36),CD Mirandés (4),0-0,0-0,CD Numancia (4)
?,(Sat) 8 Sep 2012 (W36),SD Ponferradina (4),0-1,0-0,Villarreal CF (4)
?,(Sat) 8 Sep 2012 (W36),Real Madrid B (4),3-2,2-1,Xerez CD (4)
?,(Sat) 8 Sep 2012 (W36),Recreativo Huelva (4),3-2,2-0,Real Murcia CF (4)
?,(Sat) 8 Sep 2012 (W36),CE Sabadell (4),3-0,2-0,UD Almería (4)
?,(Sun) 9 Sep 2012 (W36),Córdoba CF (4),0-1,0-1,Elche CF (4)
?,(Sun) 9 Sep 2012 (W36),SD Huesca (4),1-1,0-1,Real Racing Santander (4)
?,(Sun) 9 Sep 2012 (W36),Sporting Gijón (4),1-1,1-1,CD Lugo (4)
?,(Fri) 14 Sep 2012 (W37),Real Madrid B (5),2-3,2-0,CE Sabadell (5)
?,(Sat) 15 Sep 2012 (W37),AD Alcorcón (5),2-1,1-0,Córdoba CF (5)
?,(Sat) 15 Sep 2012 (W37),UD Almería (5),4-0,2-0,CD Guadalajara (5)
?,(Sat) 15 Sep 2012 (W37),FC Barcelona B (5),2-1,1-1,SD Ponferradina (5)
?,(Sat) 15 Sep 2012 (W37),Elche CF (5),2-1,1-0,Sporting Gijón (5)
?,(Sat) 15 Sep 2012 (W37),CD Lugo (5),2-4,0-1,SD Huesca (5)
?,(Sat) 15 Sep 2012 (W37),Real Murcia CF (5),2-2,0-2,CD Mirandés (5)
?,(Sat) 15 Sep 2012 (W37),Real Racing Santander (5),3-0,0-0,Recreativo Huelva (5)
?,(Sat) 15 Sep 2012 (W37),Xerez CD (5),2-0,1-0,CD Numancia (5)
?,(Sun) 16 Sep 2012 (W37),Girona FC (5),5-0,2-0,UD Las Palmas (5)
?,(Sun) 16 Sep 2012 (W37),Villarreal CF (5),1-0,1-0,Hércules CF (5)
?,(Sat) 22 Sep 2012 (W38),Córdoba CF (6),2-0,0-0,Girona FC (6)
?,(Sat) 22 Sep 2012 (W38),CD Guadalajara (6),3-4,1-1,Real Madrid B (6)
?,(Sat) 22 Sep 2012 (W38),Hércules CF (6),0-3,0-0,FC Barcelona B (6)
?,(Sat) 22 Sep 2012 (W38),SD Huesca (6),0-0,0-0,Elche CF (6)
?,(Sat) 22 Sep 2012 (W38),UD Las Palmas (6),2-2,0-1,Villarreal CF (6)
?,(Sat) 22 Sep 2012 (W38),CD Mirandés (6),0-1,0-0,Real Racing Santander (6)
?,(Sat) 22 Sep 2012 (W38),SD Ponferradina (6),2-2,2-1,UD Almería (6)
?,(Sat) 22 Sep 2012 (W38),Recreativo Huelva (6),3-0,0-0,CD Lugo (6)
?,(Sat) 22 Sep 2012 (W38),CE Sabadell (6),3-0,1-0,Xerez CD (6)
?,(Sat) 22 Sep 2012 (W38),Sporting Gijón (6),2-1,0-1,AD Alcorcón (6)
?,(Sun) 23 Sep 2012 (W38),CD Numancia (6),1-0,0-0,Real Murcia CF (6)
?,(Fri) 28 Sep 2012 (W39),Real Madrid B (7),1-2,1-0,SD Ponferradina (7)
?,(Sat) 29 Sep 2012 (W39),AD Alcorcón (7),1-0,0-0,SD Huesca (7)
?,(Sat) 29 Sep 2012 (W39),FC Barcelona B (7),1-1,1-0,UD Las Palmas (7)
?,(Sat) 29 Sep 2012 (W39),Elche CF (7),3-0,3-0,Recreativo Huelva (7)
?,(Sat) 29 Sep 2012 (W39),Girona FC (7),3-1,3-0,Sporting Gijón (7)
?,(Sat) 29 Sep 2012 (W39),CD Lugo (7),2-0,1-0,CD Mirandés (7)
?,(Sat) 29 Sep 2012 (W39),CE Sabadell (7),2-1,1-0,CD Guadalajara (7)
?,(Sat) 29 Sep 2012 (W39),Real Racing Santander (7),1-1,1-0,CD Numancia (7)
?,(Sat) 29 Sep 2012 (W39),Villarreal CF (7),2-0,0-0,Córdoba CF (7)
?,(Sat) 29 Sep 2012 (W39),Xerez CD (7),0-3,0-2,Real Murcia CF (7)
?,(Sun) 30 Sep 2012 (W39),UD Almería (7),0-0,0-0,Hércules CF (7)
?,(Sat) 6 Oct 2012 (W40),Córdoba CF (8),2-1,2-0,FC Barcelona B (8)
?,(Sat) 6 Oct 2012 (W40),CD Guadalajara (8),1-1,0-0,Xerez CD (8)
?,(Sat) 6 Oct 2012 (W40),SD Huesca (8),0-0,0-0,Girona FC (8)
?,(Sat) 6 Oct 2012 (W40),UD Las Palmas (8),1-2,0-0,UD Almería (8)
?,(Sat) 6 Oct 2012 (W40),CD Mirandés (8),1-2,0-1,Elche CF (8)
?,(Sat) 6 Oct 2012 (W40),Real Murcia CF (8),1-0,0-0,Real Racing Santander (8)
?,(Sat) 6 Oct 2012 (W40),CD Numancia (8),3-0,1-0,CD Lugo (8)
?,(Sat) 6 Oct 2012 (W40),SD Ponferradina (8),3-1,1-0,CE Sabadell (8)
?,(Sat) 6 Oct 2012 (W40),Recreativo Huelva (8),4-2,1-1,AD Alcorcón (8)
?,(Sun) 7 Oct 2012 (W40),Sporting Gijón (8),2-0,1-0,Villarreal CF (8)
?,(Mon) 8 Oct 2012 (W41),Hércules CF (8),2-4,2-1,Real Madrid B (8)
?,(Sat) 13 Oct 2012 (W41),AD Alcorcón (9),4-0,1-0,CD Mirandés (9)
?,(Sat) 13 Oct 2012 (W41),FC Barcelona B (9),3-0,1-0,Sporting Gijón (9)
?,(Sat) 13 Oct 2012 (W41),CD Guadalajara (9),2-0,0-0,SD Ponferradina (9)
?,(Sat) 13 Oct 2012 (W41),CD Lugo (9),2-1,1-0,Real Murcia CF (9)
?,(Sat) 13 Oct 2012 (W41),Villarreal CF (9),1-1,1-1,SD Huesca (9)
?,(Sat) 13 Oct 2012 (W41),Xerez CD (9),1-1,1-1,Real Racing Santander (9)
?,(Sun) 14 Oct 2012 (W41),UD Almería (9),3-0,1-0,Córdoba CF (9)
?,(Sun) 14 Oct 2012 (W41),Elche CF (9),4-0,2-0,CD Numancia (9)
?,(Sun) 14 Oct 2012 (W41),Girona FC (9),5-2,1-0,Recreativo Huelva (9)
?,(Sun) 14 Oct 2012 (W41),CE Sabadell (9),1-2,0-2,Hércules CF (9)
?,(Mon) 15 Oct 2012 (W42),Real Madrid B (9),3-2,2-1,UD Las Palmas (9)
?,(Sat) 20 Oct 2012 (W42),Córdoba CF (10),1-0,0-0,Real Madrid B (10)
?,(Sat) 20 Oct 2012 (W42),Hércules CF (10),0-0,0-0,CD Guadalajara (10)
?,(Sat) 20 Oct 2012 (W42),CD Mirandés (10),1-1,0-0,Girona FC (10)
?,(Sat) 20 Oct 2012 (W42),CD Numancia (10),0-1,0-0,AD Alcorcón (10)
?,(Sat) 20 Oct 2012 (W42),SD Ponferradina (10),0-1,0-0,Xerez CD (10)
?,(Sat) 20 Oct 2012 (W42),Sporting Gijón (10),2-1,0-0,UD Almería (10)
?,(Sun) 21 Oct 2012 (W42),UD Las Palmas (10),1-0,1-0,CE Sabadell (10)
?,(Sun) 21 Oct 2012 (W42),Real Murcia CF (10),1-0,0-0,Elche CF (10)
?,(Sun) 21 Oct 2012 (W42),Recreativo Huelva (10),2-0,0-0,Villarreal CF (10)
?,(Sun) 21 Oct 2012 (W42),Real Racing Santander (10),0-0,0-0,CD Lugo (10)
?,(Fri) 26 Oct 2012 (W43),FC Barcelona B (10),2-3,1-1,Recreativo Huelva (11)
?,(Sat) 27 Oct 2012 (W43),UD Almería (11),1-0,0-0,SD Huesca (10)
?,(Sat) 27 Oct 2012 (W43),CD Guadalajara (11),2-3,2-1,UD Las Palmas (11)
?,(Sat) 27 Oct 2012 (W43),CE Sabadell (11),1-1,0-1,Córdoba CF (11)
?,(Sat) 27 Oct 2012 (W43),Villarreal CF (11),2-0,1-0,CD Mirandés (11)
?,(Sun) 28 Oct 2012 (W43),AD Alcorcón (11),1-0,1-0,Real Murcia CF (11)
?,(Sun) 28 Oct 2012 (W43),Elche CF (11),1-0,1-0,Real Racing Santander (11)
?,(Sun) 28 Oct 2012 (W43),Girona FC (11),3-1,0-1,CD Numancia (11)
?,(Sun) 28 Oct 2012 (W43),SD Ponferradina (11),1-0,0-0,Hércules CF (11)
?,(Sun) 28 Oct 2012 (W43),Real Madrid B (11),2-4,1-2,Sporting Gijón (11)
?,(Sun) 28 Oct 2012 (W43),Xerez CD (11),1-0,1-0,CD Lugo (11)
?,(Wed) 31 Oct 2012 (W44),SD Huesca (11),1-4,1-0,FC Barcelona B (11)
?,(Sat) 3 Nov 2012 (W44),CD Mirandés (12),3-0,1-0,FC Barcelona B (12)
?,(Sat) 3 Nov 2012 (W44),Real Murcia CF (12),0-1,0-0,Girona FC (12)
?,(Sat) 3 Nov 2012 (W44),CD Numancia (12),1-1,0-0,Villarreal CF (12)
?,(Sat) 3 Nov 2012 (W44),Real Racing Santander (12),2-1,1-0,AD Alcorcón (12)
?,(Sun) 4 Nov 2012 (W44),Córdoba CF (12),1-0,0-0,CD Guadalajara (12)
?,(Sun) 4 Nov 2012 (W44),Hércules CF (12),1-5,0-2,Xerez CD (12)
?,(Sun) 4 Nov 2012 (W44),SD Huesca (12),2-2,0-1,Real Madrid B (12)
?,(Sun) 4 Nov 2012 (W44),UD Las Palmas (12),1-0,0-0,SD Ponferradina (12)
?,(Sun) 4 Nov 2012 (W44),CD Lugo (12),1-0,0-0,Elche CF (12)
?,(Sun) 4 Nov 2012 (W44),Recreativo Huelva (12),0-2,0-1,UD Almería (12)
?,(Sun) 4 Nov 2012 (W44),Sporting Gijón (12),0-0,0-0,CE Sabadell (12)
?,(Sat) 10 Nov 2012 (W45),FC Barcelona B (13),3-3,1-0,CD Numancia (13)
?,(Sat) 10 Nov 2012 (W45),Girona FC (13),1-0,1-0,Real Racing Santander (13)
?,(Sat) 10 Nov 2012 (W45),CD Guadalajara (13),2-1,2-1,Sporting Gijón (13)
?,(Sat) 10 Nov 2012 (W45),CE Sabadell (13),1-0,1-0,SD Huesca (13)
?,(Sat) 10 Nov 2012 (W45),Xerez CD (13),0-0,0-0,Elche CF (13)
?,(Sun) 11 Nov 2012 (W45),AD Alcorcón (13),2-1,0-0,CD Lugo (13)
?,(Sun) 11 Nov 2012 (W45),UD Almería (13),0-0,0-0,CD Mirandés (13)
?,(Sun) 11 Nov 2012 (W45),Hércules CF (13),0-2,0-2,UD Las Palmas (13)
?,(Sun) 11 Nov 2012 (W45),SD Ponferradina (13),3-5,1-3,Córdoba CF (13)
?,(Sun) 11 Nov 2012 (W45),Villarreal CF (13),1-1,0-0,Real Murcia CF (13)
?,(Mon) 12 Nov 2012 (W46),Real Madrid B (13),0-1,0-0,Recreativo Huelva (13)
?,(Fri) 16 Nov 2012 (W46),Sporting Gijón (14),2-3,2-1,SD Ponferradina (14)
?,(Sat) 17 Nov 2012 (W46),UD Las Palmas (14),1-1,1-0,Xerez CD (14)
?,(Sat) 17 Nov 2012 (W46),CD Lugo (14),1-2,0-1,Girona FC (14)
?,(Sat) 17 Nov 2012 (W46),Real Murcia CF (14),1-0,1-0,FC Barcelona B (14)
?,(Sat) 17 Nov 2012 (W46),Real Racing Santander (14),0-3,0-2,Villarreal CF (14)
?,(Sun) 18 Nov 2012 (W46),Córdoba CF (14),1-2,1-1,Hércules CF (14)
?,(Sun) 18 Nov 2012 (W46),Elche CF (14),1-0,0-0,AD Alcorcón (14)
?,(Sun) 18 Nov 2012 (W46),SD Huesca (14),2-1,0-1,CD Guadalajara (14)
?,(Sun) 18 Nov 2012 (W46),CD Mirandés (14),0-0,0-0,Real Madrid B (14)
?,(Sun) 18 Nov 2012 (W46),CD Numancia (14),0-0,0-0,UD Almería (14)
?,(Sun) 18 Nov 2012 (W46),Recreativo Huelva (14),2-5,1-2,CE Sabadell (14)
?,(Sat) 24 Nov 2012 (W47),Girona FC (15),0-1,0-1,Elche CF (15)
?,(Sat) 24 Nov 2012 (W47),CD Guadalajara (15),1-0,1-0,Recreativo Huelva (15)
?,(Sat) 24 Nov 2012 (W47),Hércules CF (15),1-1,1-1,Sporting Gijón (15)
?,(Sat) 24 Nov 2012 (W47),UD Las Palmas (15),3-0,1-0,Córdoba CF (15)
?,(Sat) 24 Nov 2012 (W47),CE Sabadell (15),1-1,1-1,CD Mirandés (15)
?,(Sat) 24 Nov 2012 (W47),Villarreal CF (15),1-1,1-0,CD Lugo (15)
?,(Sun) 25 Nov 2012 (W47),UD Almería (15),3-2,2-0,Real Murcia CF (15)
?,(Sun) 25 Nov 2012 (W47),FC Barcelona B (15),4-1,3-0,Real Racing Santander (15)
?,(Sun) 25 Nov 2012 (W47),SD Ponferradina (15),2-1,0-1,SD Huesca (15)
?,(Sun) 25 Nov 2012 (W47),Real Madrid B (15),2-4,1-1,CD Numancia (15)
?,(Sun) 25 Nov 2012 (W47),Xerez CD (15),2-4,0-1,AD Alcorcón (15)
?,(Fri) 30 Nov 2012 (W48),Real Murcia CF (16),0-0,0-0,Real Madrid B (16)
?,(Sat) 1 Dec 2012 (W48),Córdoba CF (16),0-0,0-0,Xerez CD (16)
?,(Sat) 1 Dec 2012 (W48),CD Lugo (16),1-2,1-0,FC Barcelona B (16)
?,(Sat) 1 Dec 2012 (W48),Sporting Gijón (16),1-1,0-1,UD Las Palmas (16)
?,(Sun) 2 Dec 2012 (W48),AD Alcorcón (16),4-1,2-1,Girona FC (16)
?,(Sun) 2 Dec 2012 (W48),Elche CF (16),1-0,0-0,Villarreal CF (16)
?,(Sun) 2 Dec 2012 (W48),SD Huesca (16),1-1,1-0,Hércules CF (16)
?,(Sun) 2 Dec 2012 (W48),CD Mirandés (16),0-0,0-0,CD Guadalajara (16)
?,(Sun) 2 Dec 2012 (W48),CD Numancia (16),2-1,0-1,CE Sabadell (16)
?,(Sun) 2 Dec 2012 (W48),Recreativo Huelva (16),0-2,0-1,SD Ponferradina (16)
?,(Sun) 2 Dec 2012 (W48),Real Racing Santander (16),3-4,1-3,UD Almería (16)
?,(Sat) 8 Dec 2012 (W49),UD Almería (17),0-1,0-0,CD Lugo (17)
?,(Sat) 8 Dec 2012 (W49),FC Barcelona B (17),1-1,1-0,Elche CF (17)
?,(Sat) 8 Dec 2012 (W49),CD Guadalajara (17),5-1,2-0,CD Numancia (17)
?,(Sat) 8 Dec 2012 (W49),UD Las Palmas (17),4-0,1-0,SD Huesca (17)
?,(Sat) 8 Dec 2012 (W49),CE Sabadell (17),2-2,1-0,Real Murcia CF (17)
?,(Sun) 9 Dec 2012 (W49),Córdoba CF (17),1-1,1-0,Sporting Gijón (17)
?,(Sun) 9 Dec 2012 (W49),Hércules CF (17),1-1,0-0,Recreativo Huelva (17)
?,(Sun) 9 Dec 2012 (W49),SD Ponferradina (17),3-1,1-1,CD Mirandés (17)
?,(Sun) 9 Dec 2012 (W49),Real Madrid B (17),4-0,2-0,Real Racing Santander (17)
?,(Sun) 9 Dec 2012 (W49),Villarreal CF (17),4-0,0-0,AD Alcorcón (17)
?,(Sun) 9 Dec 2012 (W49),Xerez CD (17),0-2,0-1,Girona FC (17)
?,(Fri) 14 Dec 2012 (W50),CD Lugo (18),3-2,2-2,Real Madrid B (18)
?,(Sat) 15 Dec 2012 (W50),AD Alcorcón (18),1-1,1-0,FC Barcelona B (18)
?,(Sat) 15 Dec 2012 (W50),Girona FC (18),2-0,0-0,Villarreal CF (18)
?,(Sat) 15 Dec 2012 (W50),SD Huesca (18),1-3,1-1,Córdoba CF (18)
?,(Sat) 15 Dec 2012 (W50),Real Murcia CF (18),0-1,0-0,CD Guadalajara (18)
?,(Sun) 16 Dec 2012 (W50),Elche CF (18),1-0,0-0,UD Almería (18)
?,(Sun) 16 Dec 2012 (W50),CD Mirandés (18),3-2,3-0,Hércules CF (18)
?,(Sun) 16 Dec 2012 (W50),CD Numancia (18),0-1,0-1,SD Ponferradina (18)
?,(Sun) 16 Dec 2012 (W50),Recreativo Huelva (18),0-0,0-0,UD Las Palmas (18)
?,(Sun) 16 Dec 2012 (W50),Real Racing Santander (18),0-1,0-1,CE Sabadell (18)
?,(Sun) 16 Dec 2012 (W50),Sporting Gijón (18),3-0,0-0,Xerez CD (18)
?,(Thu) 20 Dec 2012 (W51),Xerez CD (19),0-0,0-0,Villarreal CF (19)
?,(Fri) 21 Dec 2012 (W51),UD Almería (19),0-1,0-1,AD Alcorcón (19)
?,(Fri) 21 Dec 2012 (W51),Real Madrid B (19),0-1,0-0,Elche CF (19)
?,(Sat) 22 Dec 2012 (W51),FC Barcelona B (19),4-4,1-0,Girona FC (19)
?,(Sat) 22 Dec 2012 (W51),Córdoba CF (19),0-2,0-1,Recreativo Huelva (19)
?,(Sat) 22 Dec 2012 (W51),CD Guadalajara (19),1-1,1-1,Real Racing Santander (19)
?,(Sat) 22 Dec 2012 (W51),Hércules CF (19),1-3,1-3,CD Numancia (19)
?,(Sat) 22 Dec 2012 (W51),UD Las Palmas (19),2-0,1-0,CD Mirandés (19)
?,(Sat) 22 Dec 2012 (W51),SD Ponferradina (19),1-0,0-0,Real Murcia CF (19)
?,(Sat) 22 Dec 2012 (W51),CE Sabadell (19),0-1,0-1,CD Lugo (19)
?,(Sat) 22 Dec 2012 (W51),Sporting Gijón (19),1-0,0-0,SD Huesca (19)
?,(Sat) 5 Jan 2013 (W1),AD Alcorcón (20),3-2,1-2,Real Madrid B (20)
?,(Sat) 5 Jan 2013 (W1),Recreativo Huelva (20),1-1,0-1,Sporting Gijón (20)
?,(Sat) 5 Jan 2013 (W1),Real Racing Santander (20),2-1,1-1,SD Ponferradina (20)
?,(Sat) 5 Jan 2013 (W1),Villarreal CF (20),1-3,0-1,FC Barcelona B (20)
?,(Sun) 6 Jan 2013 (W1),Elche CF (20),3-2,3-2,CE Sabadell (20)
?,(Sun) 6 Jan 2013 (W1),Girona FC (20),0-1,0-0,UD Almería (20)
?,(Sun) 6 Jan 2013 (W1),CD Lugo (20),0-0,0-0,CD Guadalajara (20)
?,(Sun) 6 Jan 2013 (W1),CD Mirandés (20),0-0,0-0,Córdoba CF (20)
?,(Sun) 6 Jan 2013 (W1),Real Murcia CF (20),2-1,1-1,Hércules CF (20)
?,(Sun) 6 Jan 2013 (W1),CD Numancia (20),3-0,0-0,UD Las Palmas (20)
?,(Sun) 6 Jan 2013 (W1),Xerez CD (20),1-1,1-0,SD Huesca (20)
?,(Sat) 12 Jan 2013 (W2),UD Almería (21),1-1,0-0,Villarreal CF (21)
?,(Sat) 12 Jan 2013 (W2),FC Barcelona B (21),4-2,1-0,Xerez CD (21)
?,(Sat) 12 Jan 2013 (W2),CD Guadalajara (21),0-0,0-0,Elche CF (21)
?,(Sun) 13 Jan 2013 (W2),Córdoba CF (21),1-0,1-0,CD Numancia (21)
?,(Sun) 13 Jan 2013 (W2),Hércules CF (21),2-0,1-0,Real Racing Santander (21)
?,(Sun) 13 Jan 2013 (W2),SD Huesca (21),3-1,0-1,Recreativo Huelva (21)
?,(Sun) 13 Jan 2013 (W2),UD Las Palmas (21),3-2,2-1,Real Murcia CF (21)
?,(Sun) 13 Jan 2013 (W2),SD Ponferradina (21),0-1,0-0,CD Lugo (21)
?,(Sun) 13 Jan 2013 (W2),Real Madrid B (21),0-0,0-0,Girona FC (21)
?,(Sun) 13 Jan 2013 (W2),CE Sabadell (21),2-0,1-0,AD Alcorcón (21)
?,(Sun) 13 Jan 2013 (W2),Sporting Gijón (21),1-1,1-1,CD Mirandés (21)
?,(Sat) 19 Jan 2013 (W3),CD Guadalajara (22),3-0,1-0,AD Alcorcón (22)
?,(Sat) 19 Jan 2013 (W3),UD Las Palmas (22),1-0,1-0,Real Racing Santander (22)
?,(Sat) 19 Jan 2013 (W3),Real Madrid B (22),5-0,2-0,Villarreal CF (22)
?,(Sat) 19 Jan 2013 (W3),CE Sabadell (22),4-1,2-0,Girona FC (22)
?,(Sun) 20 Jan 2013 (W3),UD Almería (22),2-2,1-1,FC Barcelona B (22)
?,(Sun) 20 Jan 2013 (W3),Córdoba CF (22),5-0,2-0,Real Murcia CF (22)
?,(Sun) 20 Jan 2013 (W3),Hércules CF (22),3-0,2-0,CD Lugo (22)
?,(Sun) 20 Jan 2013 (W3),SD Huesca (22),0-1,0-0,CD Mirandés (22)
?,(Sun) 20 Jan 2013 (W3),SD Ponferradina (22),1-1,1-1,Elche CF (22)
?,(Sun) 20 Jan 2013 (W3),Recreativo Huelva (22),2-0,2-0,Xerez CD (22)
?,(Sun) 20 Jan 2013 (W3),Sporting Gijón (22),1-1,0-1,CD Numancia (22)
?,(Fri) 25 Jan 2013 (W4),Villarreal CF (23),3-0,1-0,CE Sabadell (23)
?,(Sat) 26 Jan 2013 (W4),Elche CF (23),2-0,1-0,Hércules CF (23)
?,(Sat) 26 Jan 2013 (W4),Girona FC (23),2-0,0-0,CD Guadalajara (23)
?,(Sat) 26 Jan 2013 (W4),CD Lugo (23),3-1,2-1,UD Las Palmas (23)
?,(Sat) 26 Jan 2013 (W4),Real Murcia CF (23),1-1,0-0,Sporting Gijón (23)
?,(Sat) 26 Jan 2013 (W4),Real Racing Santander (23),1-3,1-1,Córdoba CF (23)
?,(Sun) 27 Jan 2013 (W4),AD Alcorcón (23),1-0,0-0,SD Ponferradina (23)
?,(Sun) 27 Jan 2013 (W4),FC Barcelona B (23),3-1,0-1,Real Madrid B (23)
?,(Sun) 27 Jan 2013 (W4),CD Mirandés (23),2-1,2-1,Recreativo Huelva (23)
?,(Sun) 27 Jan 2013 (W4),CD Numancia (23),1-2,0-0,SD Huesca (23)
?,(Sun) 27 Jan 2013 (W4),Xerez CD (23),0-2,0-2,UD Almería (23)
?,(Sat) 2 Feb 2013 (W5),CD Guadalajara (24),0-0,0-0,Villarreal CF (24)
?,(Sat) 2 Feb 2013 (W5),Hércules CF (24),3-0,2-0,AD Alcorcón (24)
?,(Sat) 2 Feb 2013 (W5),UD Las Palmas (24),0-0,0-0,Elche CF (24)
?,(Sat) 2 Feb 2013 (W5),CE Sabadell (24),3-2,1-2,FC Barcelona B (24)
?,(Sat) 2 Feb 2013 (W5),Sporting Gijón (24),1-2,1-0,Real Racing Santander (24)
?,(Sun) 3 Feb 2013 (W5),Córdoba CF (24),1-0,1-0,CD Lugo (24)
?,(Sun) 3 Feb 2013 (W5),SD Huesca (24),2-0,1-0,Real Murcia CF (24)
?,(Sun) 3 Feb 2013 (W5),CD Mirandés (24),1-0,0-0,Xerez CD (24)
?,(Sun) 3 Feb 2013 (W5),SD Ponferradina (24),2-0,1-0,Girona FC (24)
?,(Sun) 3 Feb 2013 (W5),Recreativo Huelva (24),2-0,0-0,CD Numancia (24)
?,(Mon) 4 Feb 2013 (W6),Real Madrid B (24),2-1,1-1,UD Almería (24)
?,(Fri) 8 Feb 2013 (W6),UD Almería (25),5-1,2-0,CE Sabadell (25)
?,(Sat) 9 Feb 2013 (W6),FC Barcelona B (25),0-1,0-0,CD Guadalajara (25)
?,(Sat) 9 Feb 2013 (W6),Elche CF (25),0-0,0-0,Córdoba CF (25)
?,(Sat) 9 Feb 2013 (W6),Girona FC (25),1-1,1-0,Hércules CF (25)
?,(Sat) 9 Feb 2013 (W6),CD Lugo (25),1-2,0-1,Sporting Gijón (25)
?,(Sat) 9 Feb 2013 (W6),Real Murcia CF (25),1-2,0-0,Recreativo Huelva (25)
?,(Sat) 9 Feb 2013 (W6),Real Racing Santander (25),1-0,1-0,SD Huesca (25)
?,(Sat) 9 Feb 2013 (W6),Villarreal CF (25),3-0,2-0,SD Ponferradina (25)
?,(Sat) 9 Feb 2013 (W6),Xerez CD (25),0-1,0-0,Real Madrid B (25)
?,(Sun) 10 Feb 2013 (W6),AD Alcorcón (25),3-1,2-0,UD Las Palmas (25)
?,(Sun) 10 Feb 2013 (W6),CD Numancia (25),0-0,0-0,CD Mirandés (25)
?,(Sat) 16 Feb 2013 (W7),CD Guadalajara (26),2-2,2-1,UD Almería (26)
?,(Sat) 16 Feb 2013 (W7),SD Ponferradina (26),3-2,1-1,FC Barcelona B (26)
?,(Sat) 16 Feb 2013 (W7),CE Sabadell (26),3-1,1-0,Real Madrid B (26)
?,(Sun) 17 Feb 2013 (W7),Córdoba CF (26),1-1,0-0,AD Alcorcón (26)
?,(Sun) 17 Feb 2013 (W7),Hércules CF (26),1-1,0-1,Villarreal CF (26)
?,(Sun) 17 Feb 2013 (W7),SD Huesca (26),3-0,2-0,CD Lugo (26)
?,(Sun) 17 Feb 2013 (W7),UD Las Palmas (26),5-2,2-0,Girona FC (26)
?,(Sun) 17 Feb 2013 (W7),CD Mirandés (26),0-1,0-1,Real Murcia CF (26)
?,(Sun) 17 Feb 2013 (W7),CD Numancia (26),3-0,2-0,Xerez CD (26)
?,(Sun) 17 Feb 2013 (W7),Recreativo Huelva (26),1-0,1-0,Real Racing Santander (26)
?,(Sun) 17 Feb 2013 (W7),Sporting Gijón (26),0-2,0-1,Elche CF (26)
?,(Sat) 23 Feb 2013 (W8),AD Alcorcón (27),0-1,0-1,Sporting Gijón (27)
?,(Sat) 23 Feb 2013 (W8),FC Barcelona B (27),1-0,0-0,Hércules CF (27)
?,(Sat) 23 Feb 2013 (W8),CD Lugo (27),2-0,1-0,Recreativo Huelva (27)
?,(Sat) 23 Feb 2013 (W8),Real Murcia CF (27),0-0,0-0,CD Numancia (27)
?,(Sat) 23 Feb 2013 (W8),Real Racing Santander (27),2-0,1-0,CD Mirandés (27)
?,(Sun) 24 Feb 2013 (W8),UD Almería (27),4-1,2-1,SD Ponferradina (27)
?,(Sun) 24 Feb 2013 (W8),Elche CF (27),3-1,1-1,SD Huesca (27)
?,(Sun) 24 Feb 2013 (W8),Girona FC (27),2-0,0-0,Córdoba CF (27)
?,(Sun) 24 Feb 2013 (W8),Real Madrid B (27),2-1,1-0,CD Guadalajara (27)
?,(Sun) 24 Feb 2013 (W8),Villarreal CF (27),1-1,1-0,UD Las Palmas (27)
?,(Sun) 24 Feb 2013 (W8),Xerez CD (27),0-1,0-0,CE Sabadell (27)
?,(Sat) 2 Mar 2013 (W9),UD Las Palmas (28),3-3,1-1,FC Barcelona B (28)
?,(Sat) 2 Mar 2013 (W9),Recreativo Huelva (28),1-2,0-1,Elche CF (28)
?,(Sun) 3 Mar 2013 (W9),Córdoba CF (28),0-2,0-2,Villarreal CF (28)
?,(Sun) 3 Mar 2013 (W9),CD Guadalajara (28),1-1,1-1,CE Sabadell (28)
?,(Sun) 3 Mar 2013 (W9),Hércules CF (28),0-2,0-0,UD Almería (28)
?,(Sun) 3 Mar 2013 (W9),SD Huesca (28),0-1,0-0,AD Alcorcón (28)
?,(Sun) 3 Mar 2013 (W9),CD Mirandés (28),1-0,0-0,CD Lugo (28)
?,(Sun) 3 Mar 2013 (W9),Real Murcia CF (28),3-1,0-0,Xerez CD (28)
?,(Sun) 3 Mar 2013 (W9),CD Numancia (28),2-0,1-0,Real Racing Santander (28)
?,(Sun) 3 Mar 2013 (W9),SD Ponferradina (28),2-0,1-0,Real Madrid B (28)
?,(Sun) 3 Mar 2013 (W9),Sporting Gijón (28),4-0,2-0,Girona FC (28)
?,(Sat) 9 Mar 2013 (W10),UD Almería (29),2-3,0-2,UD Las Palmas (29)
?,(Sat) 9 Mar 2013 (W10),FC Barcelona B (29),4-3,1-0,Córdoba CF (29)
?,(Sat) 9 Mar 2013 (W10),Elche CF (29),0-1,0-1,CD Mirandés (29)
?,(Sat) 9 Mar 2013 (W10),CD Lugo (29),0-0,0-0,CD Numancia (29)
?,(Sat) 9 Mar 2013 (W10),CE Sabadell (29),0-3,0-1,SD Ponferradina (29)
?,(Sat) 9 Mar 2013 (W10),Xerez CD (29),0-1,0-0,CD Guadalajara (29)
?,(Sun) 10 Mar 2013 (W10),AD Alcorcón (29),2-1,0-1,Recreativo Huelva (29)
?,(Sun) 10 Mar 2013 (W10),Girona FC (29),2-1,2-1,SD Huesca (29)
?,(Sun) 10 Mar 2013 (W10),Real Racing Santander (29),2-1,0-0,Real Murcia CF (29)
?,(Sun) 10 Mar 2013 (W10),Villarreal CF (29),2-1,1-0,Sporting Gijón (29)
?,(Mon) 11 Mar 2013 (W11),Real Madrid B (29),1-1,0-1,Hércules CF (29)
?,(Sat) 16 Mar 2013 (W11),SD Huesca (30),0-1,0-0,Villarreal CF (30)
?,(Sat) 16 Mar 2013 (W11),UD Las Palmas (30),2-0,1-0,Real Madrid B (30)
?,(Sat) 16 Mar 2013 (W11),Recreativo Huelva (30),1-3,0-2,Girona FC (30)
?,(Sat) 16 Mar 2013 (W11),Sporting Gijón (30),5-2,2-1,FC Barcelona B (30)
?,(Sun) 17 Mar 2013 (W11),Córdoba CF (30),4-1,2-1,UD Almería (30)
?,(Sun) 17 Mar 2013 (W11),Hércules CF (30),3-1,1-1,CE Sabadell (30)
?,(Sun) 17 Mar 2013 (W11),CD Mirandés (30),0-2,0-2,AD Alcorcón (30)
?,(Sun) 17 Mar 2013 (W11),Real Murcia CF (30),0-1,0-1,CD Lugo (30)
?,(Sun) 17 Mar 2013 (W11),CD Numancia (30),3-1,0-0,Elche CF (30)
?,(Sun) 17 Mar 2013 (W11),SD Ponferradina (30),2-2,1-2,CD Guadalajara (30)
?,(Sun) 17 Mar 2013 (W11),Real Racing Santander (30),1-1,0-1,Xerez CD (30)
?,(Sat) 23 Mar 2013 (W12),FC Barcelona B (31),0-1,0-1,SD Huesca (31)
?,(Sat) 23 Mar 2013 (W12),Girona FC (31),4-0,1-0,CD Mirandés (31)
?,(Sat) 23 Mar 2013 (W12),CD Lugo (31),3-2,1-1,Real Racing Santander (31)
?,(Sat) 23 Mar 2013 (W12),Xerez CD (31),1-2,0-1,SD Ponferradina (31)
?,(Sun) 24 Mar 2013 (W12),AD Alcorcón (31),1-1,0-1,CD Numancia (31)
?,(Sun) 24 Mar 2013 (W12),UD Almería (31),0-1,0-1,Sporting Gijón (31)
?,(Sun) 24 Mar 2013 (W12),Elche CF (31),1-0,1-0,Real Murcia CF (31)
?,(Sun) 24 Mar 2013 (W12),CD Guadalajara (31),0-2,0-1,Hércules CF (31)
?,(Sun) 24 Mar 2013 (W12),Real Madrid B (31),4-0,3-0,Córdoba CF (31)
?,(Sun) 24 Mar 2013 (W12),CE Sabadell (31),0-4,0-2,UD Las Palmas (31)
?,(Sun) 24 Mar 2013 (W12),Villarreal CF (31),1-1,0-0,Recreativo Huelva (31)
?,(Sat) 30 Mar 2013 (W13),Córdoba CF (32),3-0,1-0,CE Sabadell (32)
?,(Sat) 30 Mar 2013 (W13),UD Las Palmas (32),0-1,0-0,CD Guadalajara (32)
?,(Sat) 30 Mar 2013 (W13),CD Lugo (32),4-0,2-0,Xerez CD (32)
?,(Sat) 30 Mar 2013 (W13),Sporting Gijón (32),1-0,1-0,Real Madrid B (32)
?,(Sun) 31 Mar 2013 (W13),Hércules CF (32),1-1,1-1,SD Ponferradina (32)
?,(Sun) 31 Mar 2013 (W13),SD Huesca (32),1-2,0-1,UD Almería (32)
?,(Sun) 31 Mar 2013 (W13),CD Mirandés (32),1-5,1-2,Villarreal CF (32)
?,(Sun) 31 Mar 2013 (W13),Real Murcia CF (32),1-1,1-1,AD Alcorcón (32)
?,(Sun) 31 Mar 2013 (W13),CD Numancia (32),2-1,1-0,Girona FC (32)
?,(Sun) 31 Mar 2013 (W13),Recreativo Huelva (32),2-0,1-0,FC Barcelona B (32)
?,(Sun) 31 Mar 2013 (W13),Real Racing Santander (32),0-0,0-0,Elche CF (32)
?,(Sat) 6 Apr 2013 (W14),AD Alcorcón (33),0-1,0-1,Real Racing Santander (33)
?,(Sat) 6 Apr 2013 (W14),FC Barcelona B (33),1-1,0-0,CD Mirandés (33)
?,(Sat) 6 Apr 2013 (W14),Elche CF (33),0-0,0-0,CD Lugo (33)
?,(Sat) 6 Apr 2013 (W14),SD Ponferradina (33),0-1,0-0,UD Las Palmas (33)
?,(Sun) 7 Apr 2013 (W14),UD Almería (33),2-1,1-0,Recreativo Huelva (33)
?,(Sun) 7 Apr 2013 (W14),Girona FC (33),5-2,2-1,Real Murcia CF (33)
?,(Sun) 7 Apr 2013 (W14),CD Guadalajara (33),3-1,1-0,Córdoba CF (33)
?,(Sun) 7 Apr 2013 (W14),Real Madrid B (33),5-1,2-0,SD Huesca (33)
?,(Sun) 7 Apr 2013 (W14),CE Sabadell (33),4-3,3-2,Sporting Gijón (33)
?,(Sun) 7 Apr 2013 (W14),Villarreal CF (33),6-1,2-1,CD Numancia (33)
?,(Sun) 7 Apr 2013 (W14),Xerez CD (33),0-0,0-0,Hércules CF (33)
?,(Sat) 13 Apr 2013 (W15),UD Las Palmas (34),0-0,0-0,Hércules CF (34)
?,(Sat) 13 Apr 2013 (W15),CD Lugo (34),0-1,0-1,AD Alcorcón (34)
?,(Sat) 13 Apr 2013 (W15),CD Mirandés (34),1-0,1-0,UD Almería (34)
?,(Sat) 13 Apr 2013 (W15),CD Numancia (34),0-1,0-0,FC Barcelona B (34)
?,(Sat) 13 Apr 2013 (W15),Recreativo Huelva (34),1-3,0-0,Real Madrid B (34)
?,(Sat) 13 Apr 2013 (W15),Real Racing Santander (34),0-1,0-0,Girona FC (34)
?,(Sat) 13 Apr 2013 (W15),Sporting Gijón (34),3-0,1-0,CD Guadalajara (34)
?,(Sun) 14 Apr 2013 (W15),Córdoba CF (34),0-1,0-0,SD Ponferradina (34)
?,(Sun) 14 Apr 2013 (W15),Elche CF (34),2-1,0-1,Xerez CD (34)
?,(Sun) 14 Apr 2013 (W15),SD Huesca (34),4-3,2-0,CE Sabadell (34)
?,(Sun) 14 Apr 2013 (W15),Real Murcia CF (34),1-1,1-0,Villarreal CF (34)
?,(Fri) 19 Apr 2013 (W16),CE Sabadell (35),1-1,1-1,Recreativo Huelva (35)
?,(Sat) 20 Apr 2013 (W16),Girona FC (35),4-0,2-0,CD Lugo (35)
?,(Sat) 20 Apr 2013 (W16),CD Guadalajara (35),1-0,1-0,SD Huesca (35)
?,(Sat) 20 Apr 2013 (W16),SD Ponferradina (35),1-0,0-0,Sporting Gijón (35)
?,(Sat) 20 Apr 2013 (W16),Xerez CD (35),1-2,1-1,UD Las Palmas (35)
?,(Sun) 21 Apr 2013 (W16),AD Alcorcón (35),1-0,0-0,Elche CF (35)
?,(Sun) 21 Apr 2013 (W16),UD Almería (35),1-1,1-1,CD Numancia (35)
?,(Sun) 21 Apr 2013 (W16),FC Barcelona B (35),1-1,1-0,Real Murcia CF (35)
?,(Sun) 21 Apr 2013 (W16),Hércules CF (35),1-0,1-0,Córdoba CF (35)
?,(Sun) 21 Apr 2013 (W16),Real Madrid B (35),6-1,1-0,CD Mirandés (35)
?,(Sun) 21 Apr 2013 (W16),Villarreal CF (35),1-0,0-0,Real Racing Santander (35)
?,(Fri) 26 Apr 2013 (W17),CD Mirandés (36),2-0,2-0,CE Sabadell (36)
?,(Fri) 26 Apr 2013 (W17),Real Racing Santander (36),1-2,1-1,FC Barcelona B (36)
?,(Sat) 27 Apr 2013 (W17),AD Alcorcón (36),2-1,1-0,Xerez CD (36)
?,(Sat) 27 Apr 2013 (W17),Córdoba CF (36),5-1,2-0,UD Las Palmas (36)
?,(Sat) 27 Apr 2013 (W17),SD Huesca (36),1-1,1-0,SD Ponferradina (36)
?,(Sat) 27 Apr 2013 (W17),CD Lugo (36),0-0,0-0,Villarreal CF (36)
?,(Sat) 27 Apr 2013 (W17),Sporting Gijón (36),0-1,0-0,Hércules CF (36)
?,(Sun) 28 Apr 2013 (W17),Elche CF (36),0-0,0-0,Girona FC (36)
?,(Sun) 28 Apr 2013 (W17),Real Murcia CF (36),1-0,1-0,UD Almería (36)
?,(Sun) 28 Apr 2013 (W17),CD Numancia (36),3-3,2-2,Real Madrid B (36)
?,(Sun) 28 Apr 2013 (W17),Recreativo Huelva (36),1-0,0-0,CD Guadalajara (36)
?,(Fri) 3 May 2013 (W18),Xerez CD (37),1-3,1-0,Córdoba CF (37)
?,(Sat) 4 May 2013 (W18),FC Barcelona B (37),2-2,2-1,CD Lugo (37)
?,(Sat) 4 May 2013 (W18),Girona FC (37),3-2,0-2,AD Alcorcón (37)
?,(Sat) 4 May 2013 (W18),CD Guadalajara (37),1-1,1-0,CD Mirandés (37)
?,(Sat) 4 May 2013 (W18),UD Las Palmas (37),4-2,1-1,Sporting Gijón (37)
?,(Sat) 4 May 2013 (W18),SD Ponferradina (37),1-0,1-0,Recreativo Huelva (37)
?,(Sun) 5 May 2013 (W18),UD Almería (37),2-1,1-1,Real Racing Santander (37)
?,(Sun) 5 May 2013 (W18),Hércules CF (37),2-1,1-1,SD Huesca (37)
?,(Sun) 5 May 2013 (W18),Real Madrid B (37),2-0,0-0,Real Murcia CF (37)
?,(Sun) 5 May 2013 (W18),CE Sabadell (37),2-1,1-0,CD Numancia (37)
?,(Sun) 5 May 2013 (W18),Villarreal CF (37),2-3,1-0,Elche CF (37)
?,(Fri) 10 May 2013 (W19),Elche CF (38),1-1,1-0,FC Barcelona B (38)
?,(Sat) 11 May 2013 (W19),Girona FC (38),2-4,1-3,Xerez CD (38)
?,(Sat) 11 May 2013 (W19),SD Huesca (38),0-0,0-0,UD Las Palmas (38)
?,(Sat) 11 May 2013 (W19),CD Lugo (38),3-5,1-1,UD Almería (38)
?,(Sat) 11 May 2013 (W19),CD Mirandés (38),0-0,0-0,SD Ponferradina (38)
?,(Sat) 11 May 2013 (W19),Real Murcia CF (38),1-1,0-1,CE Sabadell (38)
?,(Sat) 11 May 2013 (W19),CD Numancia (38),2-2,1-1,CD Guadalajara (38)
?,(Sat) 11 May 2013 (W19),Sporting Gijón (38),3-0,2-0,Córdoba CF (38)
?,(Sun) 12 May 2013 (W19),AD Alcorcón (38),1-3,0-2,Villarreal CF (38)
?,(Sun) 12 May 2013 (W19),Real Racing Santander (38),1-0,0-0,Real Madrid B (38)
?,(Mon) 13 May 2013 (W20),Recreativo Huelva (38),0-2,0-1,Hércules CF (38)
?,(Sat) 18 May 2013 (W20),FC Barcelona B (39),1-1,1-0,AD Alcorcón (39)
?,(Sat) 18 May 2013 (W20),Córdoba CF (39),2-2,1-0,SD Huesca (39)
?,(Sat) 18 May 2013 (W20),UD Las Palmas (39),0-0,0-0,Recreativo Huelva (39)
?,(Sat) 18 May 2013 (W20),SD Ponferradina (39),1-1,0-0,CD Numancia (39)
?,(Sat) 18 May 2013 (W20),Real Madrid B (39),3-1,2-1,CD Lugo (39)
?,(Sat) 18 May 2013 (W20),Villarreal CF (39),4-1,1-0,Girona FC (39)
?,(Sat) 18 May 2013 (W20),Xerez CD (39),0-2,0-1,Sporting Gijón (39)
?,(Sun) 19 May 2013 (W20),UD Almería (39),2-1,2-1,Elche CF (39)
?,(Sun) 19 May 2013 (W20),Hércules CF (39),1-0,0-0,CD Mirandés (39)
?,(Sun) 19 May 2013 (W20),CE Sabadell (39),0-2,0-1,Real Racing Santander (39)
?,(Mon) 20 May 2013 (W21),CD Guadalajara (39),3-1,1-0,Real Murcia CF (39)
?,(Sat) 25 May 2013 (W21),AD Alcorcón (40),0-3,0-1,UD Almería (40)
?,(Sat) 25 May 2013 (W21),SD Huesca (40),2-1,1-1,Sporting Gijón (40)
?,(Sat) 25 May 2013 (W21),CD Mirandés (40),1-0,1-0,UD Las Palmas (40)
?,(Sun) 26 May 2013 (W21),Elche CF (40),1-1,0-1,Real Madrid B (40)
?,(Sun) 26 May 2013 (W21),Girona FC (40),1-0,1-0,FC Barcelona B (40)
?,(Sun) 26 May 2013 (W21),CD Lugo (40),2-0,0-0,CE Sabadell (40)
?,(Sun) 26 May 2013 (W21),Real Murcia CF (40),0-2,0-0,SD Ponferradina (40)
?,(Sun) 26 May 2013 (W21),CD Numancia (40),3-2,1-1,Hércules CF (40)
?,(Sun) 26 May 2013 (W21),Recreativo Huelva (40),2-1,1-1,Córdoba CF (40)
?,(Sun) 26 May 2013 (W21),Real Racing Santander (40),0-0,0-0,CD Guadalajara (40)
?,(Mon) 27 May 2013 (W22),Villarreal CF (40),3-2,1-0,Xerez CD (40)
?,(Sat) 1 Jun 2013 (W22),CE Sabadell (41),0-0,0-0,Elche CF (41)
?,(Sun) 2 Jun 2013 (W22),UD Almería (41),2-1,1-1,Girona FC (41)
?,(Sun) 2 Jun 2013 (W22),FC Barcelona B (41),0-3,0-1,Villarreal CF (41)
?,(Sun) 2 Jun 2013 (W22),Córdoba CF (41),1-2,0-1,CD Mirandés (41)
?,(Sun) 2 Jun 2013 (W22),CD Guadalajara (41),0-1,0-0,CD Lugo (41)
?,(Sun) 2 Jun 2013 (W22),Hércules CF (41),0-2,0-1,Real Murcia CF (41)
?,(Sun) 2 Jun 2013 (W22),SD Huesca (41),3-1,2-1,Xerez CD (41)
?,(Sun) 2 Jun 2013 (W22),UD Las Palmas (41),2-1,2-0,CD Numancia (41)
?,(Sun) 2 Jun 2013 (W22),SD Ponferradina (41),2-2,0-1,Real Racing Santander (41)
?,(Sun) 2 Jun 2013 (W22),Real Madrid B (41),4-0,2-0,AD Alcorcón (41)
?,(Sun) 2 Jun 2013 (W22),Sporting Gijón (41),0-0,0-0,Recreativo Huelva (41)
?,(Sat) 8 Jun 2013 (W23),AD Alcorcón (42),4-0,3-0,CE Sabadell (42)
?,(Sat) 8 Jun 2013 (W23),Elche CF (42),3-1,0-1,CD Guadalajara (42)
?,(Sat) 8 Jun 2013 (W23),Girona FC (42),1-1,0-0,Real Madrid B (42)
?,(Sat) 8 Jun 2013 (W23),CD Lugo (42),2-2,2-0,SD Ponferradina (42)
?,(Sat) 8 Jun 2013 (W23),CD Mirandés (42),2-1,1-0,Sporting Gijón (42)
?,(Sat) 8 Jun 2013 (W23),Real Murcia CF (42),1-0,0-0,UD Las Palmas (42)
?,(Sat) 8 Jun 2013 (W23),Recreativo Huelva (42),0-0,0-0,SD Huesca (42)
?,(Sat) 8 Jun 2013 (W23),Real Racing Santander (42),3-0,0-0,Hércules CF (42)
?,(Sat) 8 Jun 2013 (W23),Villarreal CF (42),1-0,0-0,UD Almería (42)
?,(Sat) 8 Jun 2013 (W23),Xerez CD (42),2-1,1-1,FC Barcelona B (42)
?,(Sun) 9 Jun 2013 (W23),CD Numancia (42),1-0,0-0,Córdoba CF (42)
