Round,Date,Team 1,FT,HT,Team 2
?,(Sat) 1 Sep 1984 (35),Athletic Club Bilbao (1),1-1,?,Real Valladolid CF (1)
?,(Sat) 1 Sep 1984 (35),Elche CF (1),0-1,?,Valencia CF (1)
?,(Sat) 1 Sep 1984 (35),RCD Español (1),0-0,?,Atlético Madrid (1)
?,(Sun) 2 Sep 1984 (35),Real Betis (1),0-0,?,Real Sociedad (1)
?,(Sun) 2 Sep 1984 (35),Málaga CF (1),0-1,?,Sevilla FC (1)
?,(Sun) 2 Sep 1984 (35),CA Osasuna (1),2-0,?,Real Murcia CF (1)
?,(Sun) 2 Sep 1984 (35),R. Racing C. (1),1-0,?,Real Sporting (1)
?,(Sun) 2 Sep 1984 (35),Real Madrid CF (1),0-3,?,FC Barcelona (1)
?,(Sun) 2 Sep 1984 (35),Real Zaragoza (1),0-1,?,Hércules CF (1)
?,(Sun) 9 Sep 1984 (36),Atlético Madrid (2),3-0,?,CA Osasuna (2)
?,(Sun) 9 Sep 1984 (36),FC Barcelona (2),4-0,?,Real Zaragoza (2)
?,(Sun) 9 Sep 1984 (36),Real Sporting (2),1-1,?,Real Madrid CF (2)
?,(Sun) 9 Sep 1984 (36),Hércules CF (2),1-0,?,Elche CF (2)
?,(Sun) 9 Sep 1984 (36),Real Murcia CF (2),0-1,?,Real Betis (2)
?,(Sun) 9 Sep 1984 (36),Real Sociedad (2),0-1,?,Málaga CF (2)
?,(Sun) 9 Sep 1984 (36),Sevilla FC (2),3-0,?,Athletic Club Bilbao (2)
?,(Sun) 9 Sep 1984 (36),Valencia CF (2),5-1,?,RCD Español (2)
?,(Sun) 9 Sep 1984 (36),Real Valladolid CF (2),1-0,?,R. Racing C. (2)
?,(Sun) 23 Sep 1984 (38),Athletic Club Bilbao (3),1-0,?,R. Racing C. (3)
?,(Sun) 23 Sep 1984 (38),Atlético Madrid (3),2-1,?,Real Sociedad (3)
?,(Sun) 23 Sep 1984 (38),FC Barcelona (3),1-0,?,RCD Español (3)
?,(Sun) 23 Sep 1984 (38),Real Sporting (3),2-0,?,Elche CF (3)
?,(Sun) 23 Sep 1984 (38),Hércules CF (3),1-1,?,CA Osasuna (3)
?,(Sun) 23 Sep 1984 (38),Real Murcia CF (3),4-0,?,Málaga CF (3)
?,(Sun) 23 Sep 1984 (38),Sevilla FC (3),1-0,?,Real Madrid CF (3)
?,(Sun) 23 Sep 1984 (38),Valencia CF (3),0-1,?,Real Betis (3)
?,(Sun) 23 Sep 1984 (38),Real Valladolid CF (3),1-1,?,Real Zaragoza (3)
?,(Sat) 29 Sep 1984 (39),Real Betis (4),1-2,?,FC Barcelona (4)
?,(Sat) 29 Sep 1984 (39),Real Sociedad (4),4-0,?,Hércules CF (4)
?,(Sun) 30 Sep 1984 (39),Elche CF (4),0-0,?,Sevilla FC (4)
?,(Sun) 30 Sep 1984 (39),RCD Español (4),2-2,?,Real Valladolid CF (4)
?,(Sun) 30 Sep 1984 (39),Málaga CF (4),1-0,?,Atlético Madrid (4)
?,(Sun) 30 Sep 1984 (39),Real Murcia CF (4),0-3,?,Valencia CF (4)
?,(Sun) 30 Sep 1984 (39),CA Osasuna (4),0-0,?,Real Sporting (4)
?,(Sun) 30 Sep 1984 (39),Real Madrid CF (4),3-0,?,R. Racing C. (4)
?,(Sun) 30 Sep 1984 (39),Real Zaragoza (4),1-0,?,Athletic Club Bilbao (4)
?,(Sun) 7 Oct 1984 (40),Athletic Club Bilbao (5),0-0,?,Real Madrid CF (5)
?,(Sun) 7 Oct 1984 (40),Atlético Madrid (5),2-1,?,Real Murcia CF (5)
?,(Sun) 7 Oct 1984 (40),FC Barcelona (5),2-0,?,CA Osasuna (5)
?,(Sun) 7 Oct 1984 (40),Real Sporting (5),1-0,?,RCD Español (5)
?,(Sun) 7 Oct 1984 (40),Hércules CF (5),2-2,?,Real Betis (5)
?,(Sun) 7 Oct 1984 (40),R. Racing C. (5),2-0,?,Málaga CF (5)
?,(Sun) 7 Oct 1984 (40),Sevilla FC (5),2-1,?,Real Zaragoza (5)
?,(Sun) 7 Oct 1984 (40),Valencia CF (5),2-0,?,Real Sociedad (5)
?,(Sun) 7 Oct 1984 (40),Real Valladolid CF (5),1-2,?,Elche CF (5)
?,(Fri) 12 Oct 1984 (41),Atlético Madrid (6),1-0,?,Hércules CF (6)
?,(Fri) 12 Oct 1984 (41),Real Betis (6),1-1,?,Real Valladolid CF (6)
?,(Fri) 12 Oct 1984 (41),Elche CF (6),2-0,?,R. Racing C. (6)
?,(Fri) 12 Oct 1984 (41),RCD Español (6),1-0,?,Athletic Club Bilbao (6)
?,(Fri) 12 Oct 1984 (41),Málaga CF (6),0-0,?,Valencia CF (6)
?,(Fri) 12 Oct 1984 (41),Real Murcia CF (6),1-1,?,FC Barcelona (6)
?,(Fri) 12 Oct 1984 (41),CA Osasuna (6),4-0,?,Sevilla FC (6)
?,(Fri) 12 Oct 1984 (41),Real Sociedad (6),0-0,?,Real Sporting (6)
?,(Fri) 12 Oct 1984 (41),Real Zaragoza (6),0-2,?,Real Madrid CF (6)
?,(Sat) 20 Oct 1984 (42),Real Madrid CF (7),0-0,?,Málaga CF (7)
?,(Sat) 20 Oct 1984 (42),Valencia CF (7),0-0,?,Atlético Madrid (7)
?,(Sun) 21 Oct 1984 (42),Athletic Club Bilbao (7),0-0,?,Elche CF (7)
?,(Sun) 21 Oct 1984 (42),FC Barcelona (7),1-1,?,Real Sociedad (7)
?,(Sun) 21 Oct 1984 (42),Real Sporting (7),1-1,?,Real Betis (7)
?,(Sun) 21 Oct 1984 (42),Hércules CF (7),2-1,?,Real Murcia CF (7)
?,(Sun) 21 Oct 1984 (42),R. Racing C. (7),1-1,?,Real Zaragoza (7)
?,(Sun) 21 Oct 1984 (42),Sevilla FC (7),0-0,?,RCD Español (7)
?,(Sun) 21 Oct 1984 (42),Real Valladolid CF (7),2-3,?,CA Osasuna (7)
?,(Sun) 28 Oct 1984 (43),Atlético Madrid (8),1-2,?,FC Barcelona (8)
?,(Sun) 28 Oct 1984 (43),Real Betis (8),1-2,?,Sevilla FC (8)
?,(Sun) 28 Oct 1984 (43),Elche CF (8),0-1,?,Real Madrid CF (8)
?,(Sun) 28 Oct 1984 (43),RCD Español (8),5-0,?,R. Racing C. (8)
?,(Sun) 28 Oct 1984 (43),Málaga CF (8),2-0,?,Real Zaragoza (8)
?,(Sun) 28 Oct 1984 (43),Real Murcia CF (8),0-3,?,Real Sporting (8)
?,(Sun) 28 Oct 1984 (43),CA Osasuna (8),1-2,?,Athletic Club Bilbao (8)
?,(Sun) 28 Oct 1984 (43),Real Sociedad (8),0-0,?,Real Valladolid CF (8)
?,(Sun) 28 Oct 1984 (43),Valencia CF (8),3-0,?,Hércules CF (8)
?,(Thu) 1 Nov 1984 (44),Real Betis (9),0-1,?,Atlético Madrid (9)
?,(Thu) 1 Nov 1984 (44),Elche CF (9),0-0,?,FC Barcelona (9)
?,(Thu) 1 Nov 1984 (44),RCD Español (9),2-2,?,Hércules CF (9)
?,(Thu) 1 Nov 1984 (44),Málaga CF (9),0-1,?,Athletic Club Bilbao (9)
?,(Thu) 1 Nov 1984 (44),CA Osasuna (9),2-0,?,Valencia CF (9)
?,(Thu) 1 Nov 1984 (44),R. Racing C. (9),1-0,?,Sevilla FC (9)
?,(Thu) 1 Nov 1984 (44),Real Sociedad (9),4-0,?,Real Murcia CF (9)
?,(Thu) 1 Nov 1984 (44),Real Madrid CF (9),2-0,?,Real Valladolid CF (9)
?,(Thu) 1 Nov 1984 (44),Real Zaragoza (9),2-0,?,Real Sporting (9)
?,(Sun) 4 Nov 1984 (44),Athletic Club Bilbao (10),1-1,?,Real Betis (10)
?,(Sun) 4 Nov 1984 (44),FC Barcelona (10),1-1,?,Valencia CF (10)
?,(Sun) 4 Nov 1984 (44),Real Sporting (10),2-1,?,Atlético Madrid (10)
?,(Sun) 4 Nov 1984 (44),Hércules CF (10),1-1,?,Málaga CF (10)
?,(Sun) 4 Nov 1984 (44),R. Racing C. (10),5-0,?,CA Osasuna (10)
?,(Sun) 4 Nov 1984 (44),Real Madrid CF (10),4-1,?,RCD Español (10)
?,(Sun) 4 Nov 1984 (44),Sevilla FC (10),0-1,?,Real Sociedad (10)
?,(Sun) 4 Nov 1984 (44),Real Valladolid CF (10),1-1,?,Real Murcia CF (10)
?,(Sun) 4 Nov 1984 (44),Real Zaragoza (10),1-0,?,Elche CF (10)
?,(Sat) 17 Nov 1984 (46),Real Sociedad (11),0-0,?,R. Racing C. (11)
?,(Sun) 18 Nov 1984 (46),Atlético Madrid (11),1-1,?,Sevilla FC (11)
?,(Sun) 18 Nov 1984 (46),Real Betis (11),4-1,?,Real Madrid CF (11)
?,(Sun) 18 Nov 1984 (46),RCD Español (11),1-0,?,Elche CF (11)
?,(Sun) 18 Nov 1984 (46),Hércules CF (11),1-1,?,Real Sporting (11)
?,(Sun) 18 Nov 1984 (46),Málaga CF (11),1-2,?,FC Barcelona (11)
?,(Sun) 18 Nov 1984 (46),Real Murcia CF (11),0-0,?,Athletic Club Bilbao (11)
?,(Sun) 18 Nov 1984 (46),CA Osasuna (11),0-1,?,Real Zaragoza (11)
?,(Sun) 18 Nov 1984 (46),Valencia CF (11),0-0,?,Real Valladolid CF (11)
?,(Wed) 21 Nov 1984 (47),Athletic Club Bilbao (12),1-1,?,Real Sociedad (12)
?,(Wed) 21 Nov 1984 (47),FC Barcelona (12),2-0,?,Hércules CF (12)
?,(Wed) 21 Nov 1984 (47),Elche CF (12),1-1,?,Málaga CF (12)
?,(Wed) 21 Nov 1984 (47),Real Sporting (12),1-1,?,Valencia CF (12)
?,(Wed) 21 Nov 1984 (47),R. Racing C. (12),1-1,?,Real Betis (12)
?,(Wed) 21 Nov 1984 (47),Real Madrid CF (12),1-0,?,CA Osasuna (12)
?,(Wed) 21 Nov 1984 (47),Sevilla FC (12),0-0,?,Real Murcia CF (12)
?,(Wed) 21 Nov 1984 (47),Real Valladolid CF (12),2-2,?,Atlético Madrid (12)
?,(Wed) 21 Nov 1984 (47),Real Zaragoza (12),1-1,?,RCD Español (12)
?,(Sun) 25 Nov 1984 (47),Atlético Madrid (13),2-1,?,R. Racing C. (13)
?,(Sun) 25 Nov 1984 (47),FC Barcelona (13),4-2,?,Real Valladolid CF (13)
?,(Sun) 25 Nov 1984 (47),Real Betis (13),2-0,?,Elche CF (13)
?,(Sun) 25 Nov 1984 (47),Hércules CF (13),0-0,?,Sevilla FC (13)
?,(Sun) 25 Nov 1984 (47),Málaga CF (13),0-0,?,Real Sporting (13)
?,(Sun) 25 Nov 1984 (47),Real Murcia CF (13),0-1,?,Real Madrid CF (13)
?,(Sun) 25 Nov 1984 (47),CA Osasuna (13),5-0,?,RCD Español (13)
?,(Sun) 25 Nov 1984 (47),Real Sociedad (13),2-1,?,Real Zaragoza (13)
?,(Sun) 25 Nov 1984 (47),Valencia CF (13),1-1,?,Athletic Club Bilbao (13)
?,(Sun) 2 Dec 1984 (48),Athletic Club Bilbao (14),2-2,?,Atlético Madrid (14)
?,(Sun) 2 Dec 1984 (48),Elche CF (14),0-0,?,CA Osasuna (14)
?,(Sun) 2 Dec 1984 (48),RCD Español (14),0-0,?,Málaga CF (14)
?,(Sun) 2 Dec 1984 (48),Real Sporting (14),2-2,?,FC Barcelona (14)
?,(Sun) 2 Dec 1984 (48),R. Racing C. (14),2-2,?,Real Murcia CF (14)
?,(Sun) 2 Dec 1984 (48),Real Madrid CF (14),1-1,?,Real Sociedad (14)
?,(Sun) 2 Dec 1984 (48),Sevilla FC (14),0-0,?,Valencia CF (14)
?,(Sun) 2 Dec 1984 (48),Real Valladolid CF (14),3-1,?,Hércules CF (14)
?,(Sun) 2 Dec 1984 (48),Real Zaragoza (14),0-0,?,Real Betis (14)
?,(Sat) 8 Dec 1984 (49),Atlético Madrid (15),0-1,?,Real Madrid CF (15)
?,(Sat) 8 Dec 1984 (49),FC Barcelona (15),3-1,?,Sevilla FC (15)
?,(Sat) 8 Dec 1984 (49),Real Betis (15),3-1,?,RCD Español (15)
?,(Sat) 8 Dec 1984 (49),Real Murcia CF (15),0-3,?,Real Zaragoza (15)
?,(Sat) 8 Dec 1984 (49),Real Sociedad (15),2-0,?,Elche CF (15)
?,(Sun) 9 Dec 1984 (49),Real Sporting (15),1-3,?,Real Valladolid CF (15)
?,(Sun) 9 Dec 1984 (49),Hércules CF (15),0-0,?,Athletic Club Bilbao (15)
?,(Sun) 9 Dec 1984 (49),Málaga CF (15),2-1,?,CA Osasuna (15)
?,(Sun) 9 Dec 1984 (49),Valencia CF (15),0-0,?,R. Racing C. (15)
?,(Sun) 16 Dec 1984 (50),Athletic Club Bilbao (16),1-0,?,FC Barcelona (16)
?,(Sun) 16 Dec 1984 (50),Elche CF (16),0-0,?,Real Murcia CF (16)
?,(Sun) 16 Dec 1984 (50),RCD Español (16),1-3,?,Real Sociedad (16)
?,(Sun) 16 Dec 1984 (50),Málaga CF (16),3-1,?,Real Valladolid CF (16)
?,(Sun) 16 Dec 1984 (50),CA Osasuna (16),1-2,?,Real Betis (16)
?,(Sun) 16 Dec 1984 (50),R. Racing C. (16),2-0,?,Hércules CF (16)
?,(Sun) 16 Dec 1984 (50),Real Madrid CF (16),1-0,?,Valencia CF (16)
?,(Sun) 16 Dec 1984 (50),Sevilla FC (16),0-1,?,Real Sporting (16)
?,(Sun) 16 Dec 1984 (50),Real Zaragoza (16),1-1,?,Atlético Madrid (16)
?,(Sun) 23 Dec 1984 (51),Atlético Madrid (17),1-0,?,Elche CF (17)
?,(Sun) 23 Dec 1984 (51),FC Barcelona (17),2-0,?,R. Racing C. (17)
?,(Sun) 23 Dec 1984 (51),Real Betis (17),0-1,?,Málaga CF (17)
?,(Sun) 23 Dec 1984 (51),Real Sporting (17),1-1,?,Athletic Club Bilbao (17)
?,(Sun) 23 Dec 1984 (51),Hércules CF (17),2-2,?,Real Madrid CF (17)
?,(Sun) 23 Dec 1984 (51),Real Murcia CF (17),1-0,?,RCD Español (17)
?,(Sun) 23 Dec 1984 (51),Real Sociedad (17),0-2,?,CA Osasuna (17)
?,(Sun) 23 Dec 1984 (51),Valencia CF (17),4-1,?,Real Zaragoza (17)
?,(Sun) 23 Dec 1984 (51),Real Valladolid CF (17),2-3,?,Sevilla FC (17)
?,(Sun) 30 Dec 1984 (52),Atlético Madrid (18),2-2,?,RCD Español (18)
?,(Sun) 30 Dec 1984 (52),FC Barcelona (18),3-2,?,Real Madrid CF (18)
?,(Sun) 30 Dec 1984 (52),Real Sporting (18),0-0,?,R. Racing C. (18)
?,(Sun) 30 Dec 1984 (52),Hércules CF (18),0-0,?,Real Zaragoza (18)
?,(Sun) 30 Dec 1984 (52),Real Murcia CF (18),0-0,?,CA Osasuna (18)
?,(Sun) 30 Dec 1984 (52),Real Sociedad (18),0-1,?,Real Betis (18)
?,(Sun) 30 Dec 1984 (52),Sevilla FC (18),2-0,?,Málaga CF (18)
?,(Sun) 30 Dec 1984 (52),Valencia CF (18),0-0,?,Elche CF (18)
?,(Sun) 30 Dec 1984 (52),Real Valladolid CF (18),0-0,?,Athletic Club Bilbao (18)
?,(Sun) 6 Jan 1985 (0),Athletic Club Bilbao (19),0-0,?,Sevilla FC (19)
?,(Sun) 6 Jan 1985 (0),Real Betis (19),0-2,?,Real Murcia CF (19)
?,(Sun) 6 Jan 1985 (0),Elche CF (19),2-0,?,Hércules CF (19)
?,(Sun) 6 Jan 1985 (0),RCD Español (19),3-2,?,Valencia CF (19)
?,(Sun) 6 Jan 1985 (0),Málaga CF (19),1-3,?,Real Sociedad (19)
?,(Sun) 6 Jan 1985 (0),R. Racing C. (19),1-0,?,Real Valladolid CF (19)
?,(Sun) 6 Jan 1985 (0),Real Madrid CF (19),0-0,?,Real Sporting (19)
?,(Sun) 6 Jan 1985 (0),Real Zaragoza (19),2-4,?,FC Barcelona (19)
?,(Wed) 20 Mar 1985 (11),CA Osasuna (19),0-0,?,Atlético Madrid (19)
?,(Sun) 13 Jan 1985 (1),Athletic Club Bilbao (20),4-1,?,Málaga CF (20)
?,(Sun) 13 Jan 1985 (1),Atlético Madrid (20),2-0,?,Real Betis (20)
?,(Sun) 13 Jan 1985 (1),FC Barcelona (20),4-0,?,Elche CF (20)
?,(Sun) 13 Jan 1985 (1),Real Sporting (20),0-2,?,Real Zaragoza (20)
?,(Sun) 13 Jan 1985 (1),Hércules CF (20),0-0,?,RCD Español (20)
?,(Sun) 13 Jan 1985 (1),Real Murcia CF (20),2-2,?,Real Sociedad (20)
?,(Sun) 13 Jan 1985 (1),Sevilla FC (20),0-0,?,R. Racing C. (20)
?,(Sun) 13 Jan 1985 (1),Valencia CF (20),0-0,?,CA Osasuna (20)
?,(Sun) 13 Jan 1985 (1),Real Valladolid CF (20),1-1,?,Real Madrid CF (20)
?,(Sat) 19 Jan 1985 (2),Real Sociedad (21),0-4,?,Atlético Madrid (21)
?,(Sun) 20 Jan 1985 (2),Real Betis (21),1-3,?,Valencia CF (21)
?,(Sun) 20 Jan 1985 (2),Elche CF (21),0-0,?,Real Sporting (21)
?,(Sun) 20 Jan 1985 (2),RCD Español (21),0-0,?,FC Barcelona (21)
?,(Sun) 20 Jan 1985 (2),Málaga CF (21),0-0,?,Real Murcia CF (21)
?,(Sun) 20 Jan 1985 (2),CA Osasuna (21),2-1,?,Hércules CF (21)
?,(Sun) 20 Jan 1985 (2),R. Racing C. (21),1-0,?,Athletic Club Bilbao (21)
?,(Sun) 20 Jan 1985 (2),Real Madrid CF (21),1-2,?,Sevilla FC (21)
?,(Sun) 20 Jan 1985 (2),Real Zaragoza (21),1-1,?,Real Valladolid CF (21)
?,(Sun) 27 Jan 1985 (3),Athletic Club Bilbao (22),0-3,?,Real Zaragoza (22)
?,(Sun) 27 Jan 1985 (3),Atlético Madrid (22),3-0,?,Málaga CF (22)
?,(Sun) 27 Jan 1985 (3),FC Barcelona (22),4-0,?,Real Betis (22)
?,(Sun) 27 Jan 1985 (3),Real Sporting (22),1-0,?,CA Osasuna (22)
?,(Sun) 27 Jan 1985 (3),Hércules CF (22),0-0,?,Real Sociedad (22)
?,(Sun) 27 Jan 1985 (3),R. Racing C. (22),0-0,?,Real Madrid CF (22)
?,(Sun) 27 Jan 1985 (3),Sevilla FC (22),1-1,?,Elche CF (22)
?,(Sun) 27 Jan 1985 (3),Valencia CF (22),1-1,?,Real Murcia CF (22)
?,(Sun) 27 Jan 1985 (3),Real Valladolid CF (22),1-1,?,RCD Español (22)
?,(Sun) 3 Feb 1985 (4),Real Betis (23),1-0,?,Hércules CF (23)
?,(Sun) 3 Feb 1985 (4),Elche CF (23),1-1,?,Real Valladolid CF (23)
?,(Sun) 3 Feb 1985 (4),RCD Español (23),2-2,?,Real Sporting (23)
?,(Sun) 3 Feb 1985 (4),Málaga CF (23),2-0,?,R. Racing C. (23)
?,(Sun) 3 Feb 1985 (4),Real Murcia CF (23),0-1,?,Atlético Madrid (23)
?,(Sun) 3 Feb 1985 (4),CA Osasuna (23),1-2,?,FC Barcelona (23)
?,(Sun) 3 Feb 1985 (4),Real Sociedad (23),4-1,?,Valencia CF (23)
?,(Sun) 3 Feb 1985 (4),Real Madrid CF (23),2-2,?,Athletic Club Bilbao (23)
?,(Sun) 3 Feb 1985 (4),Real Zaragoza (23),4-1,?,Sevilla FC (23)
?,(Sun) 10 Feb 1985 (5),Athletic Club Bilbao (24),2-1,?,RCD Español (24)
?,(Sun) 10 Feb 1985 (5),FC Barcelona (24),6-0,?,Real Murcia CF (24)
?,(Sun) 10 Feb 1985 (5),Real Sporting (24),1-0,?,Real Sociedad (24)
?,(Sun) 10 Feb 1985 (5),Hércules CF (24),1-3,?,Atlético Madrid (24)
?,(Sun) 10 Feb 1985 (5),R. Racing C. (24),2-0,?,Elche CF (24)
?,(Sun) 10 Feb 1985 (5),Real Madrid CF (24),1-2,?,Real Zaragoza (24)
?,(Sun) 10 Feb 1985 (5),Sevilla FC (24),1-2,?,CA Osasuna (24)
?,(Sun) 10 Feb 1985 (5),Valencia CF (24),1-1,?,Málaga CF (24)
?,(Sun) 10 Feb 1985 (5),Real Valladolid CF (24),3-1,?,Real Betis (24)
?,(Sun) 17 Feb 1985 (6),Atlético Madrid (25),2-3,?,Valencia CF (25)
?,(Sun) 17 Feb 1985 (6),Real Betis (25),1-2,?,Real Sporting (25)
?,(Sun) 17 Feb 1985 (6),Elche CF (25),1-0,?,Athletic Club Bilbao (25)
?,(Sun) 17 Feb 1985 (6),RCD Español (25),1-0,?,Sevilla FC (25)
?,(Sun) 17 Feb 1985 (6),Málaga CF (25),1-1,?,Real Madrid CF (25)
?,(Sun) 17 Feb 1985 (6),Real Murcia CF (25),0-2,?,Hércules CF (25)
?,(Sun) 17 Feb 1985 (6),CA Osasuna (25),3-0,?,Real Valladolid CF (25)
?,(Sun) 17 Feb 1985 (6),Real Sociedad (25),0-0,?,FC Barcelona (25)
?,(Sun) 17 Feb 1985 (6),Real Zaragoza (25),0-0,?,R. Racing C. (25)
?,(Wed) 20 Feb 1985 (7),Athletic Club Bilbao (26),5-0,?,CA Osasuna (26)
?,(Wed) 20 Feb 1985 (7),FC Barcelona (26),2-2,?,Atlético Madrid (26)
?,(Wed) 20 Feb 1985 (7),Real Sporting (26),1-0,?,Real Murcia CF (26)
?,(Wed) 20 Feb 1985 (7),Hércules CF (26),2-0,?,Valencia CF (26)
?,(Wed) 20 Feb 1985 (7),R. Racing C. (26),1-3,?,RCD Español (26)
?,(Wed) 20 Feb 1985 (7),Real Madrid CF (26),6-1,?,Elche CF (26)
?,(Wed) 20 Feb 1985 (7),Sevilla FC (26),1-0,?,Real Betis (26)
?,(Wed) 20 Feb 1985 (7),Real Valladolid CF (26),1-1,?,Real Sociedad (26)
?,(Wed) 20 Feb 1985 (7),Real Zaragoza (26),0-0,?,Málaga CF (26)
?,(Sun) 3 Mar 1985 (8),Atlético Madrid (27),0-0,?,Real Sporting (27)
?,(Sun) 3 Mar 1985 (8),Real Betis (27),0-2,?,Athletic Club Bilbao (27)
?,(Sun) 3 Mar 1985 (8),Elche CF (27),0-0,?,Real Zaragoza (27)
?,(Sun) 3 Mar 1985 (8),RCD Español (27),2-0,?,Real Madrid CF (27)
?,(Sun) 3 Mar 1985 (8),Málaga CF (27),1-1,?,Hércules CF (27)
?,(Sun) 3 Mar 1985 (8),Real Murcia CF (27),1-2,?,Real Valladolid CF (27)
?,(Sun) 3 Mar 1985 (8),CA Osasuna (27),0-0,?,R. Racing C. (27)
?,(Sun) 3 Mar 1985 (8),Real Sociedad (27),5-1,?,Sevilla FC (27)
?,(Sun) 3 Mar 1985 (8),Valencia CF (27),2-5,?,FC Barcelona (27)
?,(Sat) 9 Mar 1985 (9),Athletic Club Bilbao (28),1-0,?,Real Murcia CF (28)
?,(Sat) 9 Mar 1985 (9),Real Sporting (28),4-0,?,Hércules CF (28)
?,(Sat) 9 Mar 1985 (9),R. Racing C. (28),1-0,?,Real Sociedad (28)
?,(Sun) 10 Mar 1985 (9),FC Barcelona (28),1-0,?,Málaga CF (28)
?,(Sun) 10 Mar 1985 (9),Elche CF (28),0-3,?,RCD Español (28)
?,(Sun) 10 Mar 1985 (9),Real Madrid CF (28),3-2,?,Real Betis (28)
?,(Sun) 10 Mar 1985 (9),Sevilla FC (28),2-4,?,Atlético Madrid (28)
?,(Sun) 10 Mar 1985 (9),Real Valladolid CF (28),1-0,?,Valencia CF (28)
?,(Sun) 10 Mar 1985 (9),Real Zaragoza (28),1-2,?,CA Osasuna (28)
?,(Sun) 17 Mar 1985 (10),Atlético Madrid (29),2-0,?,Real Valladolid CF (29)
?,(Sun) 17 Mar 1985 (10),Real Betis (29),1-2,?,R. Racing C. (29)
?,(Sun) 17 Mar 1985 (10),RCD Español (29),3-2,?,Real Zaragoza (29)
?,(Sun) 17 Mar 1985 (10),Hércules CF (29),1-0,?,FC Barcelona (29)
?,(Sun) 17 Mar 1985 (10),Málaga CF (29),0-0,?,Elche CF (29)
?,(Sun) 17 Mar 1985 (10),Real Murcia CF (29),2-0,?,Sevilla FC (29)
?,(Sun) 17 Mar 1985 (10),CA Osasuna (29),1-0,?,Real Madrid CF (29)
?,(Sun) 17 Mar 1985 (10),Real Sociedad (29),1-2,?,Athletic Club Bilbao (29)
?,(Sun) 17 Mar 1985 (10),Valencia CF (29),0-2,?,Real Sporting (29)
?,(Sun) 24 Mar 1985 (11),Athletic Club Bilbao (30),3-2,?,Valencia CF (30)
?,(Sun) 24 Mar 1985 (11),Elche CF (30),2-1,?,Real Betis (30)
?,(Sun) 24 Mar 1985 (11),RCD Español (30),1-0,?,CA Osasuna (30)
?,(Sun) 24 Mar 1985 (11),Real Sporting (30),2-0,?,Málaga CF (30)
?,(Sun) 24 Mar 1985 (11),R. Racing C. (30),1-2,?,Atlético Madrid (30)
?,(Sun) 24 Mar 1985 (11),Real Madrid CF (30),5-0,?,Real Murcia CF (30)
?,(Sun) 24 Mar 1985 (11),Sevilla FC (30),2-0,?,Hércules CF (30)
?,(Sun) 24 Mar 1985 (11),Real Valladolid CF (30),1-2,?,FC Barcelona (30)
?,(Sun) 24 Mar 1985 (11),Real Zaragoza (30),1-2,?,Real Sociedad (30)
?,(Sat) 30 Mar 1985 (12),FC Barcelona (31),2-0,?,Real Sporting (31)
?,(Sat) 30 Mar 1985 (12),Málaga CF (31),1-1,?,RCD Español (31)
?,(Sat) 30 Mar 1985 (12),Real Sociedad (31),0-3,?,Real Madrid CF (31)
?,(Sat) 30 Mar 1985 (12),Valencia CF (31),0-0,?,Sevilla FC (31)
?,(Sun) 31 Mar 1985 (12),Atlético Madrid (31),0-0,?,Athletic Club Bilbao (31)
?,(Sun) 31 Mar 1985 (12),Real Betis (31),2-0,?,Real Zaragoza (31)
?,(Sun) 31 Mar 1985 (12),Hércules CF (31),2-1,?,Real Valladolid CF (31)
?,(Sun) 31 Mar 1985 (12),Real Murcia CF (31),3-1,?,R. Racing C. (31)
?,(Sun) 31 Mar 1985 (12),CA Osasuna (31),2-2,?,Elche CF (31)
?,(Sat) 6 Apr 1985 (13),RCD Español (32),0-1,?,Real Betis (32)
?,(Sun) 7 Apr 1985 (13),Athletic Club Bilbao (32),4-1,?,Hércules CF (32)
?,(Sun) 7 Apr 1985 (13),Elche CF (32),1-1,?,Real Sociedad (32)
?,(Sun) 7 Apr 1985 (13),CA Osasuna (32),1-0,?,Málaga CF (32)
?,(Sun) 7 Apr 1985 (13),R. Racing C. (32),1-1,?,Valencia CF (32)
?,(Sun) 7 Apr 1985 (13),Real Madrid CF (32),0-4,?,Atlético Madrid (32)
?,(Sun) 7 Apr 1985 (13),Sevilla FC (32),2-2,?,FC Barcelona (32)
?,(Sun) 7 Apr 1985 (13),Real Valladolid CF (32),0-0,?,Real Sporting (32)
?,(Sun) 7 Apr 1985 (13),Real Zaragoza (32),3-0,?,Real Murcia CF (32)
?,(Sun) 14 Apr 1985 (14),Atlético Madrid (33),0-1,?,Real Zaragoza (33)
?,(Sun) 14 Apr 1985 (14),FC Barcelona (33),0-0,?,Athletic Club Bilbao (33)
?,(Sun) 14 Apr 1985 (14),Real Betis (33),3-1,?,CA Osasuna (33)
?,(Sun) 14 Apr 1985 (14),Real Sporting (33),2-0,?,Sevilla FC (33)
?,(Sun) 14 Apr 1985 (14),Hércules CF (33),2-0,?,R. Racing C. (33)
?,(Sun) 14 Apr 1985 (14),Real Murcia CF (33),2-1,?,Elche CF (33)
?,(Sun) 14 Apr 1985 (14),Real Sociedad (33),2-0,?,RCD Español (33)
?,(Sun) 14 Apr 1985 (14),Valencia CF (33),1-0,?,Real Madrid CF (33)
?,(Sun) 14 Apr 1985 (14),Real Valladolid CF (33),1-1,?,Málaga CF (33)
?,(Sun) 21 Apr 1985 (15),Athletic Club Bilbao (34),2-0,?,Real Sporting (34)
?,(Sun) 21 Apr 1985 (15),Elche CF (34),1-0,?,Atlético Madrid (34)
?,(Sun) 21 Apr 1985 (15),RCD Español (34),1-0,?,Real Murcia CF (34)
?,(Sun) 21 Apr 1985 (15),Málaga CF (34),1-1,?,Real Betis (34)
?,(Sun) 21 Apr 1985 (15),CA Osasuna (34),1-0,?,Real Sociedad (34)
?,(Sun) 21 Apr 1985 (15),R. Racing C. (34),0-0,?,FC Barcelona (34)
?,(Sun) 21 Apr 1985 (15),Real Madrid CF (34),0-1,?,Hércules CF (34)
?,(Sun) 21 Apr 1985 (15),Sevilla FC (34),0-2,?,Real Valladolid CF (34)
?,(Sun) 21 Apr 1985 (15),Real Zaragoza (34),2-2,?,Valencia CF (34)
