Round,Date,Team 1,FT,HT,Team 2
?,(Sat) 28 Aug 2004 (W35),Atlético Madrid (1),2-0,1-0,Málaga CF (1)
?,(Sat) 28 Aug 2004 (W35),RCD Espanyol (1),1-1,1-0,RCD La Coruña (1)
?,(Sat) 28 Aug 2004 (W35),CD Numancia (1),1-1,1-1,Real Betis (1)
?,(Sun) 29 Aug 2004 (W35),RCD Mallorca (1),0-1,0-0,Real Madrid (1)
?,(Sun) 29 Aug 2004 (W35),CA Osasuna (1),1-1,1-1,Athletic Club Bilbao (1)
?,(Sun) 29 Aug 2004 (W35),Real Racing Santander (1),0-2,0-0,FC Barcelona (1)
?,(Sun) 29 Aug 2004 (W35),Sevilla FC (1),1-0,0-0,Albacete Balompié (1)
?,(Sun) 29 Aug 2004 (W35),Real Sociedad (1),1-1,0-1,Levante UD (1)
?,(Sun) 29 Aug 2004 (W35),Real Zaragoza (1),3-1,1-1,Getafe CF (1)
?,(Mon) 30 Aug 2004 (W36),Valencia CF (1),2-1,2-0,Villarreal CF (1)
?,(Sat) 11 Sep 2004 (W37),Athletic Club Bilbao (2),2-2,2-0,Valencia CF (2)
?,(Sat) 11 Sep 2004 (W37),FC Barcelona (2),2-0,1-0,Sevilla FC (2)
?,(Sat) 11 Sep 2004 (W37),Real Madrid (2),1-0,1-0,CD Numancia (2)
?,(Sun) 12 Sep 2004 (W37),Albacete Balompié (2),0-2,0-0,Atlético Madrid (2)
?,(Sun) 12 Sep 2004 (W37),Real Betis (2),1-4,0-2,RCD Espanyol (2)
?,(Sun) 12 Sep 2004 (W37),Getafe CF (2),1-2,0-1,RCD Mallorca (2)
?,(Sun) 12 Sep 2004 (W37),RCD La Coruña (2),1-3,1-0,CA Osasuna (2)
?,(Sun) 12 Sep 2004 (W37),Levante UD (2),3-1,0-1,Real Racing Santander (2)
?,(Sun) 12 Sep 2004 (W37),Málaga CF (2),0-0,0-0,Real Zaragoza (2)
?,(Sun) 12 Sep 2004 (W37),Villarreal CF (2),0-0,0-0,Real Sociedad (2)
?,(Sat) 18 Sep 2004 (W38),RCD Espanyol (3),1-0,1-0,Real Madrid (3)
?,(Sat) 18 Sep 2004 (W38),CA Osasuna (3),3-2,0-1,Real Betis (3)
?,(Sat) 18 Sep 2004 (W38),Valencia CF (3),3-1,1-0,Real Sociedad (3)
?,(Sun) 19 Sep 2004 (W38),Athletic Club Bilbao (3),1-2,0-0,RCD La Coruña (3)
?,(Sun) 19 Sep 2004 (W38),Atlético Madrid (3),1-1,0-1,FC Barcelona (3)
?,(Sun) 19 Sep 2004 (W38),RCD Mallorca (3),1-2,0-1,Málaga CF (3)
?,(Sun) 19 Sep 2004 (W38),CD Numancia (3),1-0,1-0,Getafe CF (3)
?,(Sun) 19 Sep 2004 (W38),Real Racing Santander (3),1-1,0-0,Villarreal CF (3)
?,(Sun) 19 Sep 2004 (W38),Sevilla FC (3),3-0,1-0,Levante UD (3)
?,(Sun) 19 Sep 2004 (W38),Real Zaragoza (3),4-3,1-2,Albacete Balompié (3)
?,(Tue) 21 Sep 2004 (W39),Real Madrid (4),1-0,0-0,CA Osasuna (4)
?,(Wed) 22 Sep 2004 (W39),Albacete Balompié (4),0-0,0-0,RCD Mallorca (4)
?,(Wed) 22 Sep 2004 (W39),Real Betis (4),2-1,1-1,Athletic Club Bilbao (4)
?,(Wed) 22 Sep 2004 (W39),Getafe CF (4),1-0,1-0,RCD Espanyol (4)
?,(Wed) 22 Sep 2004 (W39),RCD La Coruña (4),1-5,0-4,Valencia CF (4)
?,(Wed) 22 Sep 2004 (W39),Levante UD (4),1-0,1-0,Atlético Madrid (4)
?,(Wed) 22 Sep 2004 (W39),Málaga CF (4),4-1,3-0,CD Numancia (4)
?,(Wed) 22 Sep 2004 (W39),Real Sociedad (4),0-1,0-1,Real Racing Santander (4)
?,(Wed) 22 Sep 2004 (W39),Villarreal CF (4),0-0,0-0,Sevilla FC (4)
?,(Thu) 23 Sep 2004 (W39),FC Barcelona (4),4-1,1-1,Real Zaragoza (4)
?,(Sat) 25 Sep 2004 (W39),Athletic Club Bilbao (5),2-1,2-0,Real Madrid (5)
?,(Sat) 25 Sep 2004 (W39),Atlético Madrid (5),1-0,1-0,Villarreal CF (5)
?,(Sat) 25 Sep 2004 (W39),RCD La Coruña (5),1-1,0-0,Real Betis (5)
?,(Sun) 26 Sep 2004 (W39),RCD Espanyol (5),1-0,0-0,Málaga CF (5)
?,(Sun) 26 Sep 2004 (W39),RCD Mallorca (5),1-3,0-3,FC Barcelona (5)
?,(Sun) 26 Sep 2004 (W39),CD Numancia (5),0-0,0-0,Albacete Balompié (5)
?,(Sun) 26 Sep 2004 (W39),CA Osasuna (5),2-1,2-1,Getafe CF (5)
?,(Sun) 26 Sep 2004 (W39),Sevilla FC (5),2-1,1-1,Real Sociedad (5)
?,(Sun) 26 Sep 2004 (W39),Valencia CF (5),2-0,2-0,Real Racing Santander (5)
?,(Sun) 26 Sep 2004 (W39),Real Zaragoza (5),4-3,1-2,Levante UD (5)
?,(Sat) 2 Oct 2004 (W40),Real Betis (6),1-1,1-1,Valencia CF (6)
?,(Sat) 2 Oct 2004 (W40),Real Sociedad (6),1-0,1-0,Atlético Madrid (6)
?,(Sun) 3 Oct 2004 (W40),Albacete Balompié (6),1-0,0-0,RCD Espanyol (6)
?,(Sun) 3 Oct 2004 (W40),FC Barcelona (6),1-0,0-0,CD Numancia (6)
?,(Sun) 3 Oct 2004 (W40),Getafe CF (6),3-1,1-0,Athletic Club Bilbao (6)
?,(Sun) 3 Oct 2004 (W40),Levante UD (6),2-0,2-0,RCD Mallorca (6)
?,(Sun) 3 Oct 2004 (W40),Málaga CF (6),2-0,1-0,CA Osasuna (6)
?,(Sun) 3 Oct 2004 (W40),Real Madrid (6),0-1,0-1,RCD La Coruña (6)
?,(Sun) 3 Oct 2004 (W40),Real Racing Santander (6),0-0,0-0,Sevilla FC (6)
?,(Sun) 3 Oct 2004 (W40),Villarreal CF (6),2-0,1-0,Real Zaragoza (6)
?,(Sat) 16 Oct 2004 (W42),Real Betis (7),1-1,1-0,Real Madrid (7)
?,(Sat) 16 Oct 2004 (W42),RCD Espanyol (7),0-1,0-1,FC Barcelona (7)
?,(Sat) 16 Oct 2004 (W42),RCD La Coruña (7),2-1,1-0,Getafe CF (7)
?,(Sun) 17 Oct 2004 (W42),Athletic Club Bilbao (7),1-0,1-0,Málaga CF (7)
?,(Sun) 17 Oct 2004 (W42),Atlético Madrid (7),1-0,1-0,Real Racing Santander (7)
?,(Sun) 17 Oct 2004 (W42),RCD Mallorca (7),1-1,1-1,Villarreal CF (7)
?,(Sun) 17 Oct 2004 (W42),CD Numancia (7),1-3,0-1,Levante UD (7)
?,(Sun) 17 Oct 2004 (W42),CA Osasuna (7),3-2,2-1,Albacete Balompié (7)
?,(Sun) 17 Oct 2004 (W42),Valencia CF (7),1-2,0-0,Sevilla FC (7)
?,(Sun) 17 Oct 2004 (W42),Real Zaragoza (7),2-1,1-1,Real Sociedad (7)
?,(Sat) 23 Oct 2004 (W43),Málaga CF (8),1-1,1-0,RCD La Coruña (8)
?,(Sat) 23 Oct 2004 (W43),Real Madrid (8),1-0,1-0,Valencia CF (8)
?,(Sun) 24 Oct 2004 (W43),Albacete Balompié (8),1-0,1-0,Athletic Club Bilbao (8)
?,(Sun) 24 Oct 2004 (W43),FC Barcelona (8),3-0,2-0,CA Osasuna (8)
?,(Sun) 24 Oct 2004 (W43),Getafe CF (8),0-2,0-0,Real Betis (8)
?,(Sun) 24 Oct 2004 (W43),Levante UD (8),0-2,0-0,RCD Espanyol (8)
?,(Sun) 24 Oct 2004 (W43),Real Racing Santander (8),1-0,1-0,Real Zaragoza (8)
?,(Sun) 24 Oct 2004 (W43),Sevilla FC (8),2-1,1-0,Atlético Madrid (8)
?,(Sun) 24 Oct 2004 (W43),Real Sociedad (8),2-1,1-0,RCD Mallorca (8)
?,(Sun) 24 Oct 2004 (W43),Villarreal CF (8),4-0,1-0,CD Numancia (8)
?,(Sat) 30 Oct 2004 (W44),Athletic Club Bilbao (9),1-1,1-1,FC Barcelona (9)
?,(Sat) 30 Oct 2004 (W44),Valencia CF (9),1-1,0-0,Atlético Madrid (9)
?,(Sun) 31 Oct 2004 (W44),Real Betis (9),1-1,1-1,Málaga CF (9)
?,(Sun) 31 Oct 2004 (W44),RCD Espanyol (9),0-0,0-0,Villarreal CF (9)
?,(Sun) 31 Oct 2004 (W44),RCD La Coruña (9),0-0,0-0,Albacete Balompié (9)
?,(Sun) 31 Oct 2004 (W44),RCD Mallorca (9),1-2,0-1,Real Racing Santander (9)
?,(Sun) 31 Oct 2004 (W44),CD Numancia (9),0-2,0-0,Real Sociedad (9)
?,(Sun) 31 Oct 2004 (W44),CA Osasuna (9),0-1,0-1,Levante UD (9)
?,(Sun) 31 Oct 2004 (W44),Real Madrid (9),2-0,1-0,Getafe CF (9)
?,(Sun) 31 Oct 2004 (W44),Real Zaragoza (9),3-0,2-0,Sevilla FC (9)
?,(Sat) 6 Nov 2004 (W45),Albacete Balompié (10),0-0,0-0,Real Betis (10)
?,(Sat) 6 Nov 2004 (W45),FC Barcelona (10),2-1,2-1,RCD La Coruña (10)
?,(Sun) 7 Nov 2004 (W45),Atlético Madrid (10),1-1,0-1,Real Zaragoza (10)
?,(Sun) 7 Nov 2004 (W45),Getafe CF (10),1-0,1-0,Valencia CF (10)
?,(Sun) 7 Nov 2004 (W45),Levante UD (10),1-0,0-0,Athletic Club Bilbao (10)
?,(Sun) 7 Nov 2004 (W45),Málaga CF (10),0-2,0-1,Real Madrid (10)
?,(Sun) 7 Nov 2004 (W45),Real Racing Santander (10),2-0,0-0,CD Numancia (10)
?,(Sun) 7 Nov 2004 (W45),Sevilla FC (10),1-1,0-0,RCD Mallorca (10)
?,(Sun) 7 Nov 2004 (W45),Real Sociedad (10),0-2,0-0,RCD Espanyol (10)
?,(Sun) 7 Nov 2004 (W45),Villarreal CF (10),3-0,2-0,CA Osasuna (10)
?,(Sat) 13 Nov 2004 (W46),Athletic Club Bilbao (11),2-1,0-0,Villarreal CF (11)
?,(Sat) 13 Nov 2004 (W46),RCD Espanyol (11),2-1,1-0,Real Racing Santander (11)
?,(Sat) 13 Nov 2004 (W46),Getafe CF (11),1-0,0-0,Málaga CF (11)
?,(Sat) 13 Nov 2004 (W46),RCD La Coruña (11),1-0,0-0,Levante UD (11)
?,(Sat) 13 Nov 2004 (W46),CD Numancia (11),2-1,0-0,Sevilla FC (11)
?,(Sat) 13 Nov 2004 (W46),CA Osasuna (11),1-0,0-0,Real Sociedad (11)
?,(Sat) 13 Nov 2004 (W46),Valencia CF (11),0-0,0-0,Real Zaragoza (11)
?,(Sun) 14 Nov 2004 (W46),Real Betis (11),2-1,0-0,FC Barcelona (11)
?,(Sun) 14 Nov 2004 (W46),RCD Mallorca (11),1-1,1-0,Atlético Madrid (11)
?,(Sun) 14 Nov 2004 (W46),Real Madrid (11),6-1,3-1,Albacete Balompié (11)
?,(Sat) 20 Nov 2004 (W47),FC Barcelona (12),3-0,2-0,Real Madrid (12)
?,(Sat) 20 Nov 2004 (W47),Málaga CF (12),0-2,0-1,Valencia CF (12)
?,(Sat) 20 Nov 2004 (W47),Villarreal CF (12),0-2,0-1,RCD La Coruña (12)
?,(Sun) 21 Nov 2004 (W47),Albacete Balompié (12),1-1,0-0,Getafe CF (12)
?,(Sun) 21 Nov 2004 (W47),Atlético Madrid (12),2-0,0-0,CD Numancia (12)
?,(Sun) 21 Nov 2004 (W47),Levante UD (12),1-2,1-1,Real Betis (12)
?,(Sun) 21 Nov 2004 (W47),Real Racing Santander (12),1-1,0-1,CA Osasuna (12)
?,(Sun) 21 Nov 2004 (W47),Sevilla FC (12),1-0,1-0,RCD Espanyol (12)
?,(Sun) 21 Nov 2004 (W47),Real Sociedad (12),3-2,0-2,Athletic Club Bilbao (12)
?,(Sun) 21 Nov 2004 (W47),Real Zaragoza (12),0-1,0-1,RCD Mallorca (12)
?,(Sat) 27 Nov 2004 (W48),Athletic Club Bilbao (13),3-0,2-0,Real Racing Santander (13)
?,(Sat) 27 Nov 2004 (W48),RCD Espanyol (13),2-1,0-0,Atlético Madrid (13)
?,(Sat) 27 Nov 2004 (W48),Getafe CF (13),1-2,0-2,FC Barcelona (13)
?,(Sun) 28 Nov 2004 (W48),Real Betis (13),2-1,2-0,Villarreal CF (13)
?,(Sun) 28 Nov 2004 (W48),RCD La Coruña (13),2-2,2-1,Real Sociedad (13)
?,(Sun) 28 Nov 2004 (W48),Málaga CF (13),0-2,0-1,Albacete Balompié (13)
?,(Sun) 28 Nov 2004 (W48),CD Numancia (13),2-1,2-1,Real Zaragoza (13)
?,(Sun) 28 Nov 2004 (W48),CA Osasuna (13),4-1,1-1,Sevilla FC (13)
?,(Sun) 28 Nov 2004 (W48),Real Madrid (13),5-0,1-0,Levante UD (13)
?,(Sun) 28 Nov 2004 (W48),Valencia CF (13),2-0,1-0,RCD Mallorca (13)
?,(Sat) 4 Dec 2004 (W49),Albacete Balompié (14),0-1,0-0,Valencia CF (14)
?,(Sat) 4 Dec 2004 (W49),FC Barcelona (14),4-0,2-0,Málaga CF (14)
?,(Sat) 4 Dec 2004 (W49),Real Sociedad (14),1-0,1-0,Real Betis (14)
?,(Sun) 5 Dec 2004 (W49),Atlético Madrid (14),3-2,2-1,CA Osasuna (14)
?,(Sun) 5 Dec 2004 (W49),Levante UD (14),0-0,0-0,Getafe CF (14)
?,(Sun) 5 Dec 2004 (W49),RCD Mallorca (14),3-2,0-1,CD Numancia (14)
?,(Sun) 5 Dec 2004 (W49),Real Racing Santander (14),2-2,1-0,RCD La Coruña (14)
?,(Sun) 5 Dec 2004 (W49),Sevilla FC (14),2-0,0-0,Athletic Club Bilbao (14)
?,(Sun) 5 Dec 2004 (W49),Villarreal CF (14),0-0,0-0,Real Madrid (14)
?,(Sun) 5 Dec 2004 (W49),Real Zaragoza (14),0-1,0-1,RCD Espanyol (14)
?,(Sat) 11 Dec 2004 (W50),Albacete Balompié (15),1-2,0-1,FC Barcelona (15)
?,(Sat) 11 Dec 2004 (W50),Athletic Club Bilbao (15),1-0,1-0,Atlético Madrid (15)
?,(Sun) 12 Dec 2004 (W50),Real Betis (15),2-1,1-0,Real Racing Santander (15)
?,(Sun) 12 Dec 2004 (W50),RCD Espanyol (15),2-1,2-0,RCD Mallorca (15)
?,(Sun) 12 Dec 2004 (W50),Getafe CF (15),1-2,0-1,Villarreal CF (15)
?,(Sun) 12 Dec 2004 (W50),RCD La Coruña (15),2-2,0-1,Sevilla FC (15)
?,(Sun) 12 Dec 2004 (W50),Málaga CF (15),1-0,0-0,Levante UD (15)
?,(Sun) 12 Dec 2004 (W50),CA Osasuna (15),2-2,1-1,Real Zaragoza (15)
?,(Sun) 12 Dec 2004 (W50),Valencia CF (15),1-0,1-0,CD Numancia (15)
?,(Sat) 18 Dec 2004 (W51),FC Barcelona (16),1-1,0-0,Valencia CF (16)
?,(Sat) 18 Dec 2004 (W51),Levante UD (16),1-1,1-1,Albacete Balompié (16)
?,(Sat) 18 Dec 2004 (W51),Real Racing Santander (16),2-3,1-1,Real Madrid (15)
?,(Sun) 19 Dec 2004 (W51),Atlético Madrid (16),1-0,1-0,RCD La Coruña (16)
?,(Sun) 19 Dec 2004 (W51),RCD Mallorca (16),1-2,0-2,CA Osasuna (16)
?,(Sun) 19 Dec 2004 (W51),CD Numancia (16),0-0,0-0,RCD Espanyol (16)
?,(Sun) 19 Dec 2004 (W51),Sevilla FC (16),2-1,1-1,Real Betis (16)
?,(Sun) 19 Dec 2004 (W51),Real Sociedad (15),1-1,0-0,Getafe CF (16)
?,(Sun) 19 Dec 2004 (W51),Villarreal CF (16),3-0,1-0,Málaga CF (16)
?,(Sun) 19 Dec 2004 (W51),Real Zaragoza (16),0-2,0-0,Athletic Club Bilbao (16)
?,(Tue) 21 Dec 2004 (W52),FC Barcelona (17),2-1,1-0,Levante UD (17)
?,(Tue) 21 Dec 2004 (W52),Real Betis (17),1-0,1-0,Atlético Madrid (17)
?,(Wed) 22 Dec 2004 (W52),Albacete Balompié (17),2-2,1-2,Villarreal CF (17)
?,(Wed) 22 Dec 2004 (W52),Athletic Club Bilbao (17),4-0,2-0,RCD Mallorca (17)
?,(Wed) 22 Dec 2004 (W52),Getafe CF (17),2-0,2-0,Real Racing Santander (17)
?,(Wed) 22 Dec 2004 (W52),RCD La Coruña (17),2-3,0-1,Real Zaragoza (17)
?,(Wed) 22 Dec 2004 (W52),Málaga CF (17),1-5,1-1,Real Sociedad (16)
?,(Wed) 22 Dec 2004 (W52),CA Osasuna (17),2-0,0-0,CD Numancia (17)
?,(Wed) 22 Dec 2004 (W52),Real Madrid (16),0-1,0-1,Sevilla FC (17)
?,(Wed) 22 Dec 2004 (W52),Valencia CF (17),3-0,1-0,RCD Espanyol (17)
?,(Wed) 5 Jan 2005 (W1),Real Madrid (17),2-1,1-0,Real Sociedad (17)
?,(Sat) 8 Jan 2005 (W1),CD Numancia (18),1-1,0-1,Athletic Club Bilbao (18)
?,(Sat) 8 Jan 2005 (W1),Sevilla FC (18),0-0,0-0,Getafe CF (18)
?,(Sat) 8 Jan 2005 (W1),Valencia CF (18),2-1,0-0,Levante UD (18)
?,(Sun) 9 Jan 2005 (W1),Atlético Madrid (18),0-3,0-1,Real Madrid (18)
?,(Sun) 9 Jan 2005 (W1),RCD Espanyol (18),4-1,3-1,CA Osasuna (18)
?,(Sun) 9 Jan 2005 (W1),RCD Mallorca (18),2-2,0-0,RCD La Coruña (18)
?,(Sun) 9 Jan 2005 (W1),Real Racing Santander (18),2-1,2-0,Málaga CF (18)
?,(Sun) 9 Jan 2005 (W1),Real Sociedad (18),0-2,0-1,Albacete Balompié (18)
?,(Sun) 9 Jan 2005 (W1),Villarreal CF (18),3-0,1-0,FC Barcelona (18)
?,(Sun) 9 Jan 2005 (W1),Real Zaragoza (18),1-0,1-0,Real Betis (18)
?,(Sat) 15 Jan 2005 (W2),Getafe CF (19),1-1,0-1,Atlético Madrid (19)
?,(Sat) 15 Jan 2005 (W2),Málaga CF (19),1-0,0-0,Sevilla FC (19)
?,(Sun) 16 Jan 2005 (W2),Albacete Balompié (19),0-0,0-0,Real Racing Santander (19)
?,(Sun) 16 Jan 2005 (W2),Athletic Club Bilbao (19),1-1,1-1,RCD Espanyol (19)
?,(Sun) 16 Jan 2005 (W2),FC Barcelona (19),1-0,0-0,Real Sociedad (19)
?,(Sun) 16 Jan 2005 (W2),Real Betis (19),2-0,1-0,RCD Mallorca (19)
?,(Sun) 16 Jan 2005 (W2),RCD La Coruña (19),1-1,0-0,CD Numancia (19)
?,(Sun) 16 Jan 2005 (W2),Levante UD (19),2-4,0-2,Villarreal CF (19)
?,(Sun) 16 Jan 2005 (W2),CA Osasuna (19),0-0,0-0,Valencia CF (19)
?,(Sun) 16 Jan 2005 (W2),Real Madrid (19),3-1,1-1,Real Zaragoza (19)
?,(Sat) 22 Jan 2005 (W3),Athletic Club Bilbao (20),4-3,0-1,CA Osasuna (20)
?,(Sat) 22 Jan 2005 (W3),FC Barcelona (20),3-0,1-0,Real Racing Santander (20)
?,(Sun) 23 Jan 2005 (W3),Albacete Balompié (20),0-2,0-2,Sevilla FC (20)
?,(Sun) 23 Jan 2005 (W3),Real Betis (20),4-0,3-0,CD Numancia (20)
?,(Sun) 23 Jan 2005 (W3),Getafe CF (20),3-0,3-0,Real Zaragoza (20)
?,(Sun) 23 Jan 2005 (W3),RCD La Coruña (20),4-1,2-1,RCD Espanyol (20)
?,(Sun) 23 Jan 2005 (W3),Levante UD (20),2-1,1-0,Real Sociedad (20)
?,(Sun) 23 Jan 2005 (W3),Málaga CF (20),1-0,0-0,Atlético Madrid (20)
?,(Sun) 23 Jan 2005 (W3),Real Madrid (20),3-1,1-1,RCD Mallorca (20)
?,(Sun) 23 Jan 2005 (W3),Villarreal CF (20),3-1,2-0,Valencia CF (20)
?,(Sat) 29 Jan 2005 (W4),Atlético Madrid (21),3-1,3-1,Albacete Balompié (21)
?,(Sat) 29 Jan 2005 (W4),Sevilla FC (21),0-4,0-0,FC Barcelona (21)
?,(Sun) 30 Jan 2005 (W4),RCD Espanyol (21),2-2,1-0,Real Betis (21)
?,(Sun) 30 Jan 2005 (W4),RCD Mallorca (21),3-1,2-1,Getafe CF (21)
?,(Sun) 30 Jan 2005 (W4),CD Numancia (21),1-2,0-0,Real Madrid (21)
?,(Sun) 30 Jan 2005 (W4),CA Osasuna (21),1-1,0-0,RCD La Coruña (21)
?,(Sun) 30 Jan 2005 (W4),Real Racing Santander (21),2-2,1-0,Levante UD (21)
?,(Sun) 30 Jan 2005 (W4),Real Sociedad (21),0-4,0-0,Villarreal CF (21)
?,(Sun) 30 Jan 2005 (W4),Valencia CF (21),2-2,0-1,Athletic Club Bilbao (21)
?,(Sun) 30 Jan 2005 (W4),Real Zaragoza (21),1-0,1-0,Málaga CF (21)
?,(Sat) 5 Feb 2005 (W5),Real Madrid (22),4-0,2-0,RCD Espanyol (22)
?,(Sat) 5 Feb 2005 (W5),Real Sociedad (22),3-3,1-1,Valencia CF (22)
?,(Sun) 6 Feb 2005 (W5),Albacete Balompié (22),2-1,0-1,Real Zaragoza (22)
?,(Sun) 6 Feb 2005 (W5),FC Barcelona (22),0-2,0-1,Atlético Madrid (22)
?,(Sun) 6 Feb 2005 (W5),Real Betis (22),3-1,2-1,CA Osasuna (22)
?,(Sun) 6 Feb 2005 (W5),Getafe CF (22),1-0,1-0,CD Numancia (22)
?,(Sun) 6 Feb 2005 (W5),RCD La Coruña (22),1-1,0-0,Athletic Club Bilbao (22)
?,(Sun) 6 Feb 2005 (W5),Levante UD (22),0-3,0-1,Sevilla FC (22)
?,(Sun) 6 Feb 2005 (W5),Málaga CF (22),0-0,0-0,RCD Mallorca (22)
?,(Sun) 6 Feb 2005 (W5),Villarreal CF (22),2-1,0-1,Real Racing Santander (22)
?,(Sat) 12 Feb 2005 (W6),Valencia CF (23),1-2,0-1,RCD La Coruña (23)
?,(Sat) 12 Feb 2005 (W6),Real Zaragoza (23),1-4,0-3,FC Barcelona (23)
?,(Sun) 13 Feb 2005 (W6),Athletic Club Bilbao (23),4-4,2-3,Real Betis (23)
?,(Sun) 13 Feb 2005 (W6),Atlético Madrid (23),0-0,0-0,Levante UD (23)
?,(Sun) 13 Feb 2005 (W6),RCD Espanyol (23),2-0,0-0,Getafe CF (23)
?,(Sun) 13 Feb 2005 (W6),RCD Mallorca (23),2-1,0-1,Albacete Balompié (23)
?,(Sun) 13 Feb 2005 (W6),CD Numancia (23),0-1,0-1,Málaga CF (23)
?,(Sun) 13 Feb 2005 (W6),CA Osasuna (23),1-2,1-0,Real Madrid (23)
?,(Sun) 13 Feb 2005 (W6),Real Racing Santander (23),1-3,0-3,Real Sociedad (23)
?,(Sun) 13 Feb 2005 (W6),Sevilla FC (23),2-1,1-0,Villarreal CF (23)
?,(Sat) 19 Feb 2005 (W7),FC Barcelona (24),2-0,1-0,RCD Mallorca (24)
?,(Sat) 19 Feb 2005 (W7),Real Madrid (24),0-2,0-0,Athletic Club Bilbao (24)
?,(Sat) 19 Feb 2005 (W7),Real Sociedad (24),1-0,0-0,Sevilla FC (24)
?,(Sun) 20 Feb 2005 (W7),Albacete Balompié (24),1-2,1-0,CD Numancia (24)
?,(Sun) 20 Feb 2005 (W7),Real Betis (24),2-0,1-0,RCD La Coruña (24)
?,(Sun) 20 Feb 2005 (W7),Getafe CF (24),0-0,0-0,CA Osasuna (24)
?,(Sun) 20 Feb 2005 (W7),Levante UD (24),0-0,0-0,Real Zaragoza (24)
?,(Sun) 20 Feb 2005 (W7),Málaga CF (24),3-2,2-0,RCD Espanyol (24)
?,(Sun) 20 Feb 2005 (W7),Real Racing Santander (24),1-0,0-0,Valencia CF (24)
?,(Sun) 20 Feb 2005 (W7),Villarreal CF (24),3-2,0-2,Atlético Madrid (24)
?,(Sat) 26 Feb 2005 (W8),RCD Espanyol (25),2-1,2-0,Albacete Balompié (25)
?,(Sat) 26 Feb 2005 (W8),RCD La Coruña (25),2-0,2-0,Real Madrid (25)
?,(Sat) 26 Feb 2005 (W8),RCD Mallorca (25),1-2,0-0,Levante UD (25)
?,(Sat) 26 Feb 2005 (W8),CD Numancia (25),1-1,1-0,FC Barcelona (25)
?,(Sun) 27 Feb 2005 (W8),Atlético Madrid (25),1-0,1-0,Real Sociedad (25)
?,(Sun) 27 Feb 2005 (W8),CA Osasuna (25),1-6,0-3,Málaga CF (25)
?,(Sun) 27 Feb 2005 (W8),Sevilla FC (25),2-2,1-1,Real Racing Santander (25)
?,(Sun) 27 Feb 2005 (W8),Valencia CF (25),2-1,1-1,Real Betis (25)
?,(Sun) 27 Feb 2005 (W8),Real Zaragoza (25),1-0,1-0,Villarreal CF (25)
?,(Tue) 1 Mar 2005 (W9),FC Barcelona (26),0-0,0-0,RCD Espanyol (26)
?,(Wed) 2 Mar 2005 (W9),Albacete Balompié (26),1-1,0-0,CA Osasuna (26)
?,(Wed) 2 Mar 2005 (W9),Getafe CF (25),1-1,0-1,RCD La Coruña (26)
?,(Wed) 2 Mar 2005 (W9),Levante UD (26),1-1,1-1,CD Numancia (26)
?,(Wed) 2 Mar 2005 (W9),Málaga CF (26),1-0,1-0,Athletic Club Bilbao (25)
?,(Wed) 2 Mar 2005 (W9),Real Madrid (26),3-1,2-0,Real Betis (26)
?,(Wed) 2 Mar 2005 (W9),Real Racing Santander (26),2-1,1-1,Atlético Madrid (26)
?,(Wed) 2 Mar 2005 (W9),Sevilla FC (26),2-2,1-1,Valencia CF (26)
?,(Wed) 2 Mar 2005 (W9),Real Sociedad (26),2-1,1-1,Real Zaragoza (26)
?,(Wed) 2 Mar 2005 (W9),Villarreal CF (26),2-1,0-1,RCD Mallorca (26)
?,(Sat) 5 Mar 2005 (W9),Atlético Madrid (27),3-0,3-0,Sevilla FC (27)
?,(Sat) 5 Mar 2005 (W9),CA Osasuna (27),0-1,0-1,FC Barcelona (27)
?,(Sat) 5 Mar 2005 (W9),Valencia CF (27),1-1,1-1,Real Madrid (27)
?,(Sun) 6 Mar 2005 (W9),Athletic Club Bilbao (26),3-1,1-1,Albacete Balompié (27)
?,(Sun) 6 Mar 2005 (W9),Real Betis (27),2-2,1-1,Getafe CF (26)
?,(Sun) 6 Mar 2005 (W9),RCD Espanyol (27),2-1,1-1,Levante UD (27)
?,(Sun) 6 Mar 2005 (W9),RCD La Coruña (27),1-0,1-0,Málaga CF (27)
?,(Sun) 6 Mar 2005 (W9),RCD Mallorca (27),3-2,2-2,Real Sociedad (27)
?,(Sun) 6 Mar 2005 (W9),CD Numancia (27),1-1,0-1,Villarreal CF (27)
?,(Sun) 6 Mar 2005 (W9),Real Zaragoza (27),1-0,0-0,Real Racing Santander (27)
?,(Sat) 12 Mar 2005 (W10),FC Barcelona (28),2-0,2-0,Athletic Club Bilbao (27)
?,(Sat) 12 Mar 2005 (W10),Málaga CF (28),1-2,1-2,Real Betis (28)
?,(Sun) 13 Mar 2005 (W10),Albacete Balompié (28),0-1,0-1,RCD La Coruña (28)
?,(Sun) 13 Mar 2005 (W10),Atlético Madrid (28),1-0,1-0,Valencia CF (28)
?,(Sun) 13 Mar 2005 (W10),Getafe CF (27),2-1,1-0,Real Madrid (28)
?,(Sun) 13 Mar 2005 (W10),Levante UD (28),4-0,3-0,CA Osasuna (28)
?,(Sun) 13 Mar 2005 (W10),Real Racing Santander (28),3-0,2-0,RCD Mallorca (28)
?,(Sun) 13 Mar 2005 (W10),Sevilla FC (28),0-1,0-1,Real Zaragoza (28)
?,(Sun) 13 Mar 2005 (W10),Real Sociedad (28),2-1,1-0,CD Numancia (28)
?,(Sun) 13 Mar 2005 (W10),Villarreal CF (28),4-1,1-1,RCD Espanyol (28)
?,(Wed) 16 Mar 2005 (W11),Athletic Club Bilbao (28),1-2,1-0,Getafe CF (28)
?,(Sat) 19 Mar 2005 (W11),Real Betis (29),2-1,1-0,Albacete Balompié (29)
?,(Sat) 19 Mar 2005 (W11),RCD Espanyol (29),2-2,1-1,Real Sociedad (29)
?,(Sat) 19 Mar 2005 (W11),RCD La Coruña (29),0-1,0-1,FC Barcelona (29)
?,(Sun) 20 Mar 2005 (W11),Athletic Club Bilbao (29),3-1,1-0,Levante UD (29)
?,(Sun) 20 Mar 2005 (W11),RCD Mallorca (29),0-1,0-1,Sevilla FC (29)
?,(Sun) 20 Mar 2005 (W11),CD Numancia (29),2-3,2-2,Real Racing Santander (29)
?,(Sun) 20 Mar 2005 (W11),Real Madrid (29),1-0,0-0,Málaga CF (29)
?,(Sun) 20 Mar 2005 (W11),Valencia CF (29),3-1,2-0,Getafe CF (29)
?,(Sun) 20 Mar 2005 (W11),Real Zaragoza (29),0-0,0-0,Atlético Madrid (29)
?,(Sat) 2 Apr 2005 (W13),Real Sociedad (30),2-0,2-0,CA Osasuna (29)
?,(Sat) 2 Apr 2005 (W13),Villarreal CF (29),3-1,2-1,Athletic Club Bilbao (30)
?,(Sat) 2 Apr 2005 (W13),Real Zaragoza (30),2-2,1-0,Valencia CF (30)
?,(Sun) 3 Apr 2005 (W13),Albacete Balompié (30),1-2,1-2,Real Madrid (30)
?,(Sun) 3 Apr 2005 (W13),Atlético Madrid (30),4-0,1-0,RCD Mallorca (30)
?,(Sun) 3 Apr 2005 (W13),FC Barcelona (30),3-3,1-2,Real Betis (30)
?,(Sun) 3 Apr 2005 (W13),Levante UD (30),0-1,0-1,RCD La Coruña (30)
?,(Sun) 3 Apr 2005 (W13),Málaga CF (30),1-1,1-1,Getafe CF (30)
?,(Sun) 3 Apr 2005 (W13),Real Racing Santander (30),1-3,1-2,RCD Espanyol (30)
?,(Sun) 3 Apr 2005 (W13),Sevilla FC (30),1-0,0-0,CD Numancia (30)
?,(Sat) 9 Apr 2005 (W14),Athletic Club Bilbao (31),3-0,1-0,Real Sociedad (31)
?,(Sat) 9 Apr 2005 (W14),CD Numancia (31),1-0,0-0,Atlético Madrid (31)
?,(Sun) 10 Apr 2005 (W14),Real Betis (31),2-2,2-1,Levante UD (31)
?,(Sun) 10 Apr 2005 (W14),RCD Espanyol (31),1-3,0-2,Sevilla FC (31)
?,(Sun) 10 Apr 2005 (W14),Getafe CF (31),1-0,0-0,Albacete Balompié (31)
?,(Sun) 10 Apr 2005 (W14),RCD La Coruña (31),1-1,0-0,Villarreal CF (30)
?,(Sun) 10 Apr 2005 (W14),RCD Mallorca (31),0-2,0-0,Real Zaragoza (31)
?,(Sun) 10 Apr 2005 (W14),CA Osasuna (30),1-0,0-0,Real Racing Santander (31)
?,(Sun) 10 Apr 2005 (W14),Real Madrid (31),4-2,3-1,FC Barcelona (31)
?,(Sun) 10 Apr 2005 (W14),Valencia CF (31),2-2,2-1,Málaga CF (31)
?,(Sat) 16 Apr 2005 (W15),Atlético Madrid (32),0-0,0-0,RCD Espanyol (32)
?,(Sat) 16 Apr 2005 (W15),Sevilla FC (32),0-1,0-1,CA Osasuna (31)
?,(Sat) 16 Apr 2005 (W15),Real Sociedad (32),1-0,1-0,RCD La Coruña (32)
?,(Sun) 17 Apr 2005 (W15),Albacete Balompié (32),1-2,0-0,Málaga CF (32)
?,(Sun) 17 Apr 2005 (W15),FC Barcelona (32),2-0,1-0,Getafe CF (32)
?,(Sun) 17 Apr 2005 (W15),Levante UD (32),0-2,0-1,Real Madrid (32)
?,(Sun) 17 Apr 2005 (W15),RCD Mallorca (32),0-0,0-0,Valencia CF (32)
?,(Sun) 17 Apr 2005 (W15),Real Racing Santander (32),0-2,0-0,Athletic Club Bilbao (32)
?,(Sun) 17 Apr 2005 (W15),Villarreal CF (31),0-0,0-0,Real Betis (32)
?,(Sun) 17 Apr 2005 (W15),Real Zaragoza (32),4-1,0-0,CD Numancia (32)
?,(Sat) 23 Apr 2005 (W16),CA Osasuna (32),1-0,1-0,Atlético Madrid (33)
?,(Sat) 23 Apr 2005 (W16),Real Madrid (33),2-1,0-1,Villarreal CF (32)
?,(Sun) 24 Apr 2005 (W16),Athletic Club Bilbao (33),1-3,0-2,Sevilla FC (33)
?,(Sun) 24 Apr 2005 (W16),Real Betis (33),2-3,0-1,Real Sociedad (33)
?,(Sun) 24 Apr 2005 (W16),RCD Espanyol (33),3-1,2-0,Real Zaragoza (33)
?,(Sun) 24 Apr 2005 (W16),Getafe CF (33),1-0,1-0,Levante UD (33)
?,(Sun) 24 Apr 2005 (W16),RCD La Coruña (33),1-4,1-0,Real Racing Santander (33)
?,(Sun) 24 Apr 2005 (W16),Málaga CF (33),0-4,0-2,FC Barcelona (33)
?,(Sun) 24 Apr 2005 (W16),CD Numancia (33),1-2,0-0,RCD Mallorca (33)
?,(Sun) 24 Apr 2005 (W16),Valencia CF (33),2-0,0-0,Albacete Balompié (33)
?,(Thu) 28 Apr 2005 (W17),CA Osasuna (33),3-2,1-1,Villarreal CF (33)
?,(Sat) 30 Apr 2005 (W17),Atlético Madrid (34),1-1,0-0,Athletic Club Bilbao (34)
?,(Sat) 30 Apr 2005 (W17),CD Numancia (34),1-1,0-0,Valencia CF (34)
?,(Sat) 30 Apr 2005 (W17),Real Sociedad (34),0-2,0-0,Real Madrid (34)
?,(Sun) 1 May 2005 (W17),FC Barcelona (34),2-0,0-0,Albacete Balompié (34)
?,(Sun) 1 May 2005 (W17),Levante UD (34),0-1,0-1,Málaga CF (34)
?,(Sun) 1 May 2005 (W17),RCD Mallorca (34),3-2,0-1,RCD Espanyol (34)
?,(Sun) 1 May 2005 (W17),Real Racing Santander (34),1-1,0-0,Real Betis (34)
?,(Sun) 1 May 2005 (W17),Sevilla FC (34),2-0,2-0,RCD La Coruña (34)
?,(Sun) 1 May 2005 (W17),Villarreal CF (34),4-0,2-0,Getafe CF (34)
?,(Sun) 1 May 2005 (W17),Real Zaragoza (34),5-1,2-0,CA Osasuna (34)
?,(Sat) 7 May 2005 (W18),Athletic Club Bilbao (35),2-0,0-0,Real Zaragoza (35)
?,(Sat) 7 May 2005 (W18),Real Betis (35),1-0,1-0,Sevilla FC (35)
?,(Sat) 7 May 2005 (W18),CA Osasuna (35),1-1,0-1,RCD Mallorca (35)
?,(Sat) 7 May 2005 (W18),Real Madrid (35),5-0,2-0,Real Racing Santander (35)
?,(Sun) 8 May 2005 (W18),Albacete Balompié (35),3-1,1-0,Levante UD (35)
?,(Sun) 8 May 2005 (W18),RCD Espanyol (35),3-0,0-0,CD Numancia (35)
?,(Sun) 8 May 2005 (W18),Getafe CF (35),2-0,2-0,Real Sociedad (35)
?,(Sun) 8 May 2005 (W18),RCD La Coruña (35),2-0,0-0,Atlético Madrid (35)
?,(Sun) 8 May 2005 (W18),Málaga CF (35),0-2,0-0,Villarreal CF (35)
?,(Sun) 8 May 2005 (W18),Valencia CF (35),0-2,0-2,FC Barcelona (35)
?,(Sat) 14 May 2005 (W19),Levante UD (36),1-1,1-0,FC Barcelona (36)
?,(Sat) 14 May 2005 (W19),Sevilla FC (36),2-2,1-1,Real Madrid (36)
?,(Sun) 15 May 2005 (W19),Atlético Madrid (36),1-2,0-2,Real Betis (36)
?,(Sun) 15 May 2005 (W19),RCD Espanyol (36),2-2,1-1,Valencia CF (36)
?,(Sun) 15 May 2005 (W19),RCD Mallorca (36),4-3,1-2,Athletic Club Bilbao (36)
?,(Sun) 15 May 2005 (W19),CD Numancia (36),2-2,1-2,CA Osasuna (36)
?,(Sun) 15 May 2005 (W19),Real Racing Santander (36),2-1,2-0,Getafe CF (36)
?,(Sun) 15 May 2005 (W19),Real Sociedad (36),1-3,0-1,Málaga CF (36)
?,(Sun) 15 May 2005 (W19),Villarreal CF (36),1-0,0-0,Albacete Balompié (36)
?,(Sun) 15 May 2005 (W19),Real Zaragoza (36),2-2,0-2,RCD La Coruña (36)
?,(Sat) 21 May 2005 (W20),Real Betis (37),3-2,0-1,Real Zaragoza (37)
?,(Sat) 21 May 2005 (W20),Real Madrid (37),0-0,0-0,Atlético Madrid (37)
?,(Sun) 22 May 2005 (W20),Albacete Balompié (37),2-2,2-0,Real Sociedad (37)
?,(Sun) 22 May 2005 (W20),Athletic Club Bilbao (37),0-2,0-1,CD Numancia (37)
?,(Sun) 22 May 2005 (W20),FC Barcelona (37),3-3,2-2,Villarreal CF (37)
?,(Sun) 22 May 2005 (W20),Getafe CF (37),0-0,0-0,Sevilla FC (37)
?,(Sun) 22 May 2005 (W20),RCD La Coruña (37),0-3,0-2,RCD Mallorca (37)
?,(Sun) 22 May 2005 (W20),Levante UD (37),0-0,0-0,Valencia CF (37)
?,(Sun) 22 May 2005 (W20),Málaga CF (37),2-0,1-0,Real Racing Santander (37)
?,(Sun) 22 May 2005 (W20),CA Osasuna (37),1-1,1-1,RCD Espanyol (37)
?,(Sun) 29 May 2005 (W21),Atlético Madrid (38),2-2,0-1,Getafe CF (38)
?,(Sun) 29 May 2005 (W21),RCD Espanyol (38),2-0,1-0,Athletic Club Bilbao (38)
?,(Sun) 29 May 2005 (W21),RCD Mallorca (38),1-1,0-0,Real Betis (38)
?,(Sun) 29 May 2005 (W21),CD Numancia (38),1-1,0-0,RCD La Coruña (38)
?,(Sun) 29 May 2005 (W21),Real Racing Santander (38),1-0,1-0,Albacete Balompié (38)
?,(Sun) 29 May 2005 (W21),Sevilla FC (38),0-2,0-0,Málaga CF (38)
?,(Sun) 29 May 2005 (W21),Real Sociedad (38),0-0,0-0,FC Barcelona (38)
?,(Sun) 29 May 2005 (W21),Valencia CF (38),1-0,0-0,CA Osasuna (38)
?,(Sun) 29 May 2005 (W21),Villarreal CF (38),4-1,2-1,Levante UD (38)
?,(Sun) 29 May 2005 (W21),Real Zaragoza (38),1-3,1-1,Real Madrid (38)
