Round,Date,Team 1,FT,HT,Team 2
?,(Sat) 28 Aug 2004 (W35),SD Eibar (1),2-1,2-0,Cádiz CF (1)
?,(Sat) 28 Aug 2004 (W35),UE Lleida (1),1-2,0-1,Racing Ferrol (1)
?,(Sat) 28 Aug 2004 (W35),Pontevedra CF (1),0-1,0-0,Polideportivo Ejido (1)
?,(Sat) 28 Aug 2004 (W35),CD Tenerife (1),1-0,0-0,Elche CF (1)
?,(Sun) 29 Aug 2004 (W35),Deportivo Alavés (1),2-4,0-2,Real Valladolid CF (1)
?,(Sun) 29 Aug 2004 (W35),UD Almería (1),0-1,0-0,RC Celta Vigo (1)
?,(Sun) 29 Aug 2004 (W35),CF Ciudad de Murcia (1),1-0,1-0,Córdoba CF (1)
?,(Sun) 29 Aug 2004 (W35),Gimnàstic Tarragona (1),2-0,0-0,Real Murcia CF (1)
?,(Sun) 29 Aug 2004 (W35),Sporting Gijón (1),0-1,0-0,Recreativo Huelva (1)
?,(Sun) 29 Aug 2004 (W35),Terrassa FC (1),3-0,1-0,UD Salamanca (1)
?,(Sun) 29 Aug 2004 (W35),Xerez CD (1),1-0,0-0,Málaga CF B (1)
?,(Sat) 4 Sep 2004 (W36),RC Celta Vigo (2),1-0,0-0,Gimnàstic Tarragona (2)
?,(Sat) 4 Sep 2004 (W36),Elche CF (2),3-1,1-1,CF Ciudad de Murcia (2)
?,(Sat) 4 Sep 2004 (W36),Real Valladolid CF (2),2-1,1-0,CD Tenerife (2)
?,(Sun) 5 Sep 2004 (W36),Cádiz CF (2),0-2,0-2,UE Lleida (2)
?,(Sun) 5 Sep 2004 (W36),Córdoba CF (2),0-0,0-0,Pontevedra CF (2)
?,(Sun) 5 Sep 2004 (W36),Racing Ferrol (2),0-1,0-0,UD Almería (2)
?,(Sun) 5 Sep 2004 (W36),Málaga CF B (2),0-0,0-0,SD Eibar (2)
?,(Sun) 5 Sep 2004 (W36),Real Murcia CF (2),1-3,0-1,Sporting Gijón (2)
?,(Sun) 5 Sep 2004 (W36),Polideportivo Ejido (2),0-0,0-0,Terrassa FC (2)
?,(Sun) 5 Sep 2004 (W36),Recreativo Huelva (2),0-0,0-0,Deportivo Alavés (2)
?,(Sun) 5 Sep 2004 (W36),UD Salamanca (2),1-1,0-0,Xerez CD (2)
?,(Sat) 11 Sep 2004 (W37),Deportivo Alavés (3),1-0,1-0,CD Tenerife (3)
?,(Sat) 11 Sep 2004 (W37),UD Almería (3),0-1,0-1,Cádiz CF (3)
?,(Sat) 11 Sep 2004 (W37),Terrassa FC (3),2-0,1-0,Córdoba CF (3)
?,(Sun) 12 Sep 2004 (W37),CF Ciudad de Murcia (3),2-2,0-1,Real Valladolid CF (3)
?,(Sun) 12 Sep 2004 (W37),SD Eibar (3),2-1,2-1,UD Salamanca (3)
?,(Sun) 12 Sep 2004 (W37),Gimnàstic Tarragona (3),1-1,0-0,Racing Ferrol (3)
?,(Sun) 12 Sep 2004 (W37),UE Lleida (3),2-1,1-1,Málaga CF B (3)
?,(Sun) 12 Sep 2004 (W37),Pontevedra CF (3),2-2,1-0,Elche CF (3)
?,(Sun) 12 Sep 2004 (W37),Recreativo Huelva (3),1-0,0-0,Real Murcia CF (3)
?,(Sun) 12 Sep 2004 (W37),Sporting Gijón (3),1-0,0-0,RC Celta Vigo (3)
?,(Sun) 12 Sep 2004 (W37),Xerez CD (3),1-0,1-0,Polideportivo Ejido (3)
?,(Sat) 18 Sep 2004 (W38),Elche CF (4),1-0,1-0,Terrassa FC (4)
?,(Sat) 18 Sep 2004 (W38),Racing Ferrol (4),0-0,0-0,Sporting Gijón (4)
?,(Sat) 18 Sep 2004 (W38),Málaga CF B (4),1-2,0-0,UD Almería (4)
?,(Sat) 18 Sep 2004 (W38),Polideportivo Ejido (4),4-1,0-1,SD Eibar (4)
?,(Sat) 18 Sep 2004 (W38),UD Salamanca (4),0-1,0-1,UE Lleida (4)
?,(Sun) 19 Sep 2004 (W38),Cádiz CF (4),2-1,0-0,Gimnàstic Tarragona (4)
?,(Sun) 19 Sep 2004 (W38),RC Celta Vigo (4),1-1,1-1,Recreativo Huelva (4)
?,(Sun) 19 Sep 2004 (W38),Córdoba CF (4),1-2,0-1,Xerez CD (4)
?,(Sun) 19 Sep 2004 (W38),Real Murcia CF (4),1-5,1-3,Deportivo Alavés (4)
?,(Sun) 19 Sep 2004 (W38),CD Tenerife (4),1-0,1-0,CF Ciudad de Murcia (4)
?,(Sun) 19 Sep 2004 (W38),Real Valladolid CF (4),0-1,0-0,Pontevedra CF (4)
?,(Sat) 25 Sep 2004 (W39),Deportivo Alavés (5),1-1,1-1,CF Ciudad de Murcia (5)
?,(Sat) 25 Sep 2004 (W39),Gimnàstic Tarragona (5),0-2,0-2,Málaga CF B (5)
?,(Sat) 25 Sep 2004 (W39),Pontevedra CF (5),1-1,0-0,CD Tenerife (5)
?,(Sat) 25 Sep 2004 (W39),Xerez CD (5),1-1,0-1,Elche CF (5)
?,(Sun) 26 Sep 2004 (W39),UD Almería (5),0-1,0-0,UD Salamanca (5)
?,(Sun) 26 Sep 2004 (W39),SD Eibar (5),1-0,0-0,Córdoba CF (5)
?,(Sun) 26 Sep 2004 (W39),UE Lleida (5),0-1,0-1,Polideportivo Ejido (5)
?,(Sun) 26 Sep 2004 (W39),Real Murcia CF (5),1-1,0-0,RC Celta Vigo (5)
?,(Sun) 26 Sep 2004 (W39),Recreativo Huelva (5),0-1,0-0,Racing Ferrol (5)
?,(Sun) 26 Sep 2004 (W39),Sporting Gijón (5),0-0,0-0,Cádiz CF (5)
?,(Sun) 26 Sep 2004 (W39),Terrassa FC (5),2-1,1-1,Real Valladolid CF (5)
?,(Sat) 2 Oct 2004 (W40),RC Celta Vigo (6),2-2,2-2,Deportivo Alavés (6)
?,(Sat) 2 Oct 2004 (W40),Córdoba CF (6),0-1,0-1,UE Lleida (6)
?,(Sun) 3 Oct 2004 (W40),Cádiz CF (6),0-0,0-0,Recreativo Huelva (6)
?,(Sun) 3 Oct 2004 (W40),CF Ciudad de Murcia (6),2-3,1-1,Pontevedra CF (6)
?,(Sun) 3 Oct 2004 (W40),Elche CF (6),1-0,1-0,SD Eibar (6)
?,(Sun) 3 Oct 2004 (W40),Racing Ferrol (6),3-1,0-1,Real Murcia CF (6)
?,(Sun) 3 Oct 2004 (W40),Polideportivo Ejido (6),2-0,1-0,UD Almería (6)
?,(Sun) 3 Oct 2004 (W40),UD Salamanca (6),0-1,0-1,Gimnàstic Tarragona (6)
?,(Sun) 3 Oct 2004 (W40),CD Tenerife (6),2-1,2-0,Terrassa FC (6)
?,(Sun) 3 Oct 2004 (W40),Real Valladolid CF (6),1-1,1-0,Xerez CD (6)
?,(Mon) 4 Oct 2004 (W41),Málaga CF B (6),1-0,0-0,Sporting Gijón (6)
?,(Sat) 9 Oct 2004 (W41),RC Celta Vigo (7),1-1,1-1,Racing Ferrol (7)
?,(Sat) 9 Oct 2004 (W41),SD Eibar (7),2-0,2-0,Real Valladolid CF (7)
?,(Sat) 9 Oct 2004 (W41),UE Lleida (7),1-2,0-0,Elche CF (7)
?,(Sat) 9 Oct 2004 (W41),Recreativo Huelva (7),0-1,0-1,Málaga CF B (7)
?,(Sun) 10 Oct 2004 (W41),Deportivo Alavés (7),3-2,1-0,Pontevedra CF (7)
?,(Sun) 10 Oct 2004 (W41),UD Almería (7),2-0,1-0,Córdoba CF (7)
?,(Sun) 10 Oct 2004 (W41),Gimnàstic Tarragona (7),1-4,0-2,Polideportivo Ejido (7)
?,(Sun) 10 Oct 2004 (W41),Real Murcia CF (7),0-2,0-0,Cádiz CF (7)
?,(Sun) 10 Oct 2004 (W41),Sporting Gijón (7),1-2,1-1,UD Salamanca (7)
?,(Sun) 10 Oct 2004 (W41),Terrassa FC (7),0-1,0-0,CF Ciudad de Murcia (7)
?,(Sun) 10 Oct 2004 (W41),Xerez CD (7),1-1,0-0,CD Tenerife (7)
?,(Sat) 16 Oct 2004 (W42),Málaga CF B (8),0-2,0-2,Real Murcia CF (8)
?,(Sat) 16 Oct 2004 (W42),Polideportivo Ejido (8),1-1,0-1,Sporting Gijón (8)
?,(Sat) 16 Oct 2004 (W42),Pontevedra CF (8),3-3,1-2,Terrassa FC (8)
?,(Sat) 16 Oct 2004 (W42),CD Tenerife (8),1-1,0-1,SD Eibar (8)
?,(Sun) 17 Oct 2004 (W42),Cádiz CF (8),2-0,1-0,RC Celta Vigo (8)
?,(Sun) 17 Oct 2004 (W42),CF Ciudad de Murcia (8),0-2,0-1,Xerez CD (8)
?,(Sun) 17 Oct 2004 (W42),Córdoba CF (8),2-0,0-0,Gimnàstic Tarragona (8)
?,(Sun) 17 Oct 2004 (W42),Elche CF (8),0-0,0-0,UD Almería (8)
?,(Sun) 17 Oct 2004 (W42),Racing Ferrol (8),2-1,0-0,Deportivo Alavés (8)
?,(Sun) 17 Oct 2004 (W42),UD Salamanca (8),1-0,1-0,Recreativo Huelva (8)
?,(Sun) 17 Oct 2004 (W42),Real Valladolid CF (8),1-1,0-1,UE Lleida (8)
?,(Sat) 23 Oct 2004 (W43),SD Eibar (9),3-2,3-0,CF Ciudad de Murcia (9)
?,(Sat) 23 Oct 2004 (W43),Gimnàstic Tarragona (9),2-0,1-0,Elche CF (9)
?,(Sat) 23 Oct 2004 (W43),UE Lleida (9),1-1,0-0,CD Tenerife (9)
?,(Sat) 23 Oct 2004 (W43),Xerez CD (9),1-0,1-0,Pontevedra CF (9)
?,(Sun) 24 Oct 2004 (W43),Deportivo Alavés (9),4-1,3-1,Terrassa FC (9)
?,(Sun) 24 Oct 2004 (W43),UD Almería (9),0-0,0-0,Real Valladolid CF (9)
?,(Sun) 24 Oct 2004 (W43),RC Celta Vigo (9),0-0,0-0,Málaga CF B (9)
?,(Sun) 24 Oct 2004 (W43),Racing Ferrol (9),1-1,1-1,Cádiz CF (9)
?,(Sun) 24 Oct 2004 (W43),Real Murcia CF (9),0-0,0-0,UD Salamanca (9)
?,(Sun) 24 Oct 2004 (W43),Recreativo Huelva (9),1-1,1-1,Polideportivo Ejido (9)
?,(Sun) 24 Oct 2004 (W43),Sporting Gijón (9),3-1,0-1,Córdoba CF (9)
?,(Sat) 30 Oct 2004 (W44),Cádiz CF (10),0-1,0-0,Deportivo Alavés (10)
?,(Sun) 31 Oct 2004 (W44),CF Ciudad de Murcia (10),1-2,0-0,UE Lleida (10)
?,(Sun) 31 Oct 2004 (W44),Córdoba CF (10),0-2,0-1,Recreativo Huelva (10)
?,(Sun) 31 Oct 2004 (W44),Elche CF (10),4-0,1-0,Sporting Gijón (10)
?,(Sun) 31 Oct 2004 (W44),Málaga CF B (10),1-1,1-1,Racing Ferrol (10)
?,(Sun) 31 Oct 2004 (W44),Polideportivo Ejido (10),1-1,0-1,Real Murcia CF (10)
?,(Sun) 31 Oct 2004 (W44),Pontevedra CF (10),2-3,0-2,SD Eibar (10)
?,(Sun) 31 Oct 2004 (W44),UD Salamanca (10),0-1,0-1,RC Celta Vigo (10)
?,(Sun) 31 Oct 2004 (W44),CD Tenerife (10),1-3,0-1,UD Almería (10)
?,(Sun) 31 Oct 2004 (W44),Terrassa FC (10),0-1,0-0,Xerez CD (10)
?,(Sun) 31 Oct 2004 (W44),Real Valladolid CF (10),1-0,0-0,Gimnàstic Tarragona (10)
?,(Sat) 6 Nov 2004 (W45),Deportivo Alavés (11),2-0,0-0,Xerez CD (11)
?,(Sat) 6 Nov 2004 (W45),Cádiz CF (11),4-0,1-0,Málaga CF B (11)
?,(Sat) 6 Nov 2004 (W45),Racing Ferrol (11),2-1,0-0,UD Salamanca (11)
?,(Sat) 6 Nov 2004 (W45),Gimnàstic Tarragona (11),1-0,1-0,CD Tenerife (11)
?,(Sun) 7 Nov 2004 (W45),UD Almería (11),0-0,0-0,CF Ciudad de Murcia (11)
?,(Sun) 7 Nov 2004 (W45),RC Celta Vigo (11),1-0,0-0,Polideportivo Ejido (11)
?,(Sun) 7 Nov 2004 (W45),SD Eibar (11),1-0,1-0,Terrassa FC (11)
?,(Sun) 7 Nov 2004 (W45),UE Lleida (11),3-0,0-0,Pontevedra CF (11)
?,(Sun) 7 Nov 2004 (W45),Real Murcia CF (11),1-0,0-0,Córdoba CF (11)
?,(Sun) 7 Nov 2004 (W45),Recreativo Huelva (11),2-1,0-0,Elche CF (11)
?,(Sun) 7 Nov 2004 (W45),Sporting Gijón (11),1-1,0-0,Real Valladolid CF (11)
?,(Sat) 13 Nov 2004 (W46),Córdoba CF (12),0-1,0-0,RC Celta Vigo (12)
?,(Sat) 13 Nov 2004 (W46),Terrassa FC (12),3-0,0-0,UE Lleida (12)
?,(Sun) 14 Nov 2004 (W46),CF Ciudad de Murcia (12),1-1,0-1,Gimnàstic Tarragona (12)
?,(Sun) 14 Nov 2004 (W46),Elche CF (12),1-0,0-0,Real Murcia CF (12)
?,(Sun) 14 Nov 2004 (W46),Málaga CF B (12),1-1,1-0,Deportivo Alavés (12)
?,(Sun) 14 Nov 2004 (W46),Polideportivo Ejido (12),0-0,0-0,Racing Ferrol (12)
?,(Sun) 14 Nov 2004 (W46),Pontevedra CF (12),0-2,0-1,UD Almería (12)
?,(Sun) 14 Nov 2004 (W46),UD Salamanca (12),1-3,1-2,Cádiz CF (12)
?,(Sun) 14 Nov 2004 (W46),CD Tenerife (12),1-0,0-0,Sporting Gijón (12)
?,(Sun) 14 Nov 2004 (W46),Real Valladolid CF (12),1-0,1-0,Recreativo Huelva (12)
?,(Sun) 14 Nov 2004 (W46),Xerez CD (12),0-3,0-1,SD Eibar (12)
?,(Sat) 20 Nov 2004 (W47),Cádiz CF (13),3-0,1-0,Polideportivo Ejido (13)
?,(Sat) 20 Nov 2004 (W47),UE Lleida (13),1-1,1-1,Xerez CD (13)
?,(Sat) 20 Nov 2004 (W47),Recreativo Huelva (13),0-0,0-0,CD Tenerife (13)
?,(Sun) 21 Nov 2004 (W47),Deportivo Alavés (13),0-2,0-0,SD Eibar (13)
?,(Sun) 21 Nov 2004 (W47),UD Almería (13),2-2,1-1,Terrassa FC (13)
?,(Sun) 21 Nov 2004 (W47),RC Celta Vigo (13),2-2,0-2,Elche CF (13)
?,(Sun) 21 Nov 2004 (W47),Racing Ferrol (13),0-0,0-0,Córdoba CF (13)
?,(Sun) 21 Nov 2004 (W47),Gimnàstic Tarragona (13),0-0,0-0,Pontevedra CF (13)
?,(Sun) 21 Nov 2004 (W47),Málaga CF B (13),1-3,0-1,UD Salamanca (13)
?,(Sun) 21 Nov 2004 (W47),Real Murcia CF (13),0-1,0-1,Real Valladolid CF (13)
?,(Sun) 21 Nov 2004 (W47),Sporting Gijón (13),2-2,0-0,CF Ciudad de Murcia (13)
?,(Sat) 27 Nov 2004 (W48),Terrassa FC (14),1-2,1-1,Gimnàstic Tarragona (14)
?,(Sat) 27 Nov 2004 (W48),Real Valladolid CF (14),3-3,2-2,RC Celta Vigo (14)
?,(Sat) 27 Nov 2004 (W48),Xerez CD (14),1-1,1-1,UD Almería (14)
?,(Sun) 28 Nov 2004 (W48),CF Ciudad de Murcia (14),2-2,2-0,Recreativo Huelva (14)
?,(Sun) 28 Nov 2004 (W48),Córdoba CF (14),0-2,0-1,Cádiz CF (14)
?,(Sun) 28 Nov 2004 (W48),SD Eibar (14),1-1,0-0,UE Lleida (14)
?,(Sun) 28 Nov 2004 (W48),Elche CF (14),2-1,0-0,Racing Ferrol (14)
?,(Sun) 28 Nov 2004 (W48),Polideportivo Ejido (14),1-2,1-1,Málaga CF B (14)
?,(Sun) 28 Nov 2004 (W48),Pontevedra CF (14),1-2,0-1,Sporting Gijón (14)
?,(Sun) 28 Nov 2004 (W48),UD Salamanca (14),3-3,1-2,Deportivo Alavés (14)
?,(Sun) 28 Nov 2004 (W48),CD Tenerife (14),2-1,0-1,Real Murcia CF (14)
?,(Sat) 4 Dec 2004 (W49),Deportivo Alavés (15),2-0,1-0,UE Lleida (15)
?,(Sat) 4 Dec 2004 (W49),RC Celta Vigo (15),1-1,0-1,CD Tenerife (15)
?,(Sat) 4 Dec 2004 (W49),Recreativo Huelva (15),2-1,1-1,Pontevedra CF (15)
?,(Sun) 5 Dec 2004 (W49),UD Almería (15),2-1,1-1,SD Eibar (15)
?,(Sun) 5 Dec 2004 (W49),Cádiz CF (15),3-1,1-1,Elche CF (15)
?,(Sun) 5 Dec 2004 (W49),Racing Ferrol (15),2-3,0-2,Real Valladolid CF (15)
?,(Sun) 5 Dec 2004 (W49),Gimnàstic Tarragona (15),1-0,0-0,Xerez CD (15)
?,(Sun) 5 Dec 2004 (W49),Málaga CF B (15),3-2,1-0,Córdoba CF (15)
?,(Sun) 5 Dec 2004 (W49),Real Murcia CF (15),2-2,0-1,CF Ciudad de Murcia (15)
?,(Sun) 5 Dec 2004 (W49),UD Salamanca (15),1-1,0-1,Polideportivo Ejido (15)
?,(Sun) 5 Dec 2004 (W49),Sporting Gijón (15),2-0,1-0,Terrassa FC (15)
?,(Sat) 11 Dec 2004 (W50),SD Eibar (16),0-2,0-0,Gimnàstic Tarragona (16)
?,(Sat) 11 Dec 2004 (W50),CD Tenerife (16),1-1,1-0,Racing Ferrol (16)
?,(Sat) 11 Dec 2004 (W50),Xerez CD (16),1-0,0-0,Sporting Gijón (16)
?,(Sun) 12 Dec 2004 (W50),CF Ciudad de Murcia (16),2-2,2-1,RC Celta Vigo (16)
?,(Sun) 12 Dec 2004 (W50),Córdoba CF (16),0-0,0-0,UD Salamanca (16)
?,(Sun) 12 Dec 2004 (W50),Elche CF (16),2-1,1-0,Málaga CF B (16)
?,(Sun) 12 Dec 2004 (W50),UE Lleida (16),1-0,0-0,UD Almería (16)
?,(Sun) 12 Dec 2004 (W50),Polideportivo Ejido (16),0-1,0-0,Deportivo Alavés (16)
?,(Sun) 12 Dec 2004 (W50),Pontevedra CF (16),0-1,0-0,Real Murcia CF (16)
?,(Sun) 12 Dec 2004 (W50),Terrassa FC (16),1-0,1-0,Recreativo Huelva (16)
?,(Sun) 12 Dec 2004 (W50),Real Valladolid CF (16),0-1,0-0,Cádiz CF (16)
?,(Sat) 18 Dec 2004 (W51),Cádiz CF (17),4-1,2-0,CD Tenerife (17)
?,(Sat) 18 Dec 2004 (W51),Racing Ferrol (17),4-0,3-0,CF Ciudad de Murcia (17)
?,(Sat) 18 Dec 2004 (W51),Gimnàstic Tarragona (17),2-1,2-0,UE Lleida (17)
?,(Sat) 18 Dec 2004 (W51),Real Murcia CF (17),0-1,0-0,Terrassa FC (17)
?,(Sat) 18 Dec 2004 (W51),Polideportivo Ejido (17),2-0,1-0,Córdoba CF (17)
?,(Sat) 18 Dec 2004 (W51),Recreativo Huelva (17),1-0,0-0,Xerez CD (17)
?,(Sat) 18 Dec 2004 (W51),Sporting Gijón (17),0-0,0-0,SD Eibar (17)
?,(Sun) 19 Dec 2004 (W51),Deportivo Alavés (17),2-1,2-0,UD Almería (17)
?,(Sun) 19 Dec 2004 (W51),RC Celta Vigo (17),2-0,0-0,Pontevedra CF (17)
?,(Sun) 19 Dec 2004 (W51),Málaga CF B (17),0-2,0-1,Real Valladolid CF (17)
?,(Sun) 19 Dec 2004 (W51),UD Salamanca (17),2-0,0-0,Elche CF (17)
?,(Tue) 21 Dec 2004 (W52),SD Eibar (18),1-2,1-0,Recreativo Huelva (18)
?,(Wed) 22 Dec 2004 (W52),UD Almería (18),1-1,1-1,Gimnàstic Tarragona (18)
?,(Wed) 22 Dec 2004 (W52),CF Ciudad de Murcia (18),0-0,0-0,Cádiz CF (18)
?,(Wed) 22 Dec 2004 (W52),Córdoba CF (18),1-2,1-1,Deportivo Alavés (18)
?,(Wed) 22 Dec 2004 (W52),Elche CF (18),3-1,2-0,Polideportivo Ejido (18)
?,(Wed) 22 Dec 2004 (W52),UE Lleida (18),0-2,0-2,Sporting Gijón (18)
?,(Wed) 22 Dec 2004 (W52),CD Tenerife (18),1-1,1-1,Málaga CF B (18)
?,(Wed) 22 Dec 2004 (W52),Terrassa FC (18),1-4,0-1,RC Celta Vigo (18)
?,(Wed) 22 Dec 2004 (W52),Real Valladolid CF (18),3-2,2-2,UD Salamanca (18)
?,(Wed) 22 Dec 2004 (W52),Xerez CD (18),0-1,0-1,Real Murcia CF (18)
?,(Thu) 23 Dec 2004 (W52),Pontevedra CF (18),1-1,0-0,Racing Ferrol (18)
?,(Sat) 8 Jan 2005 (W1),Córdoba CF (19),0-2,0-2,Elche CF (19)
?,(Sat) 8 Jan 2005 (W1),Racing Ferrol (19),3-0,2-0,Terrassa FC (19)
?,(Sat) 8 Jan 2005 (W1),Málaga CF B (19),3-1,2-1,CF Ciudad de Murcia (19)
?,(Sat) 8 Jan 2005 (W1),UD Salamanca (19),4-5,4-2,CD Tenerife (19)
?,(Sun) 9 Jan 2005 (W1),Deportivo Alavés (19),1-1,1-0,Gimnàstic Tarragona (19)
?,(Sun) 9 Jan 2005 (W1),Cádiz CF (19),4-0,1-0,Pontevedra CF (19)
?,(Sun) 9 Jan 2005 (W1),RC Celta Vigo (19),2-1,1-1,Xerez CD (19)
?,(Sun) 9 Jan 2005 (W1),Real Murcia CF (19),1-0,0-0,SD Eibar (19)
?,(Sun) 9 Jan 2005 (W1),Polideportivo Ejido (19),0-3,0-3,Real Valladolid CF (19)
?,(Sun) 9 Jan 2005 (W1),Recreativo Huelva (19),3-0,0-0,UE Lleida (19)
?,(Sun) 9 Jan 2005 (W1),Sporting Gijón (19),1-0,1-0,UD Almería (19)
?,(Sat) 15 Jan 2005 (W2),UD Almería (20),1-0,0-0,Recreativo Huelva (20)
?,(Sat) 15 Jan 2005 (W2),SD Eibar (20),2-1,2-0,RC Celta Vigo (20)
?,(Sat) 15 Jan 2005 (W2),UE Lleida (20),5-1,2-1,Real Murcia CF (20)
?,(Sun) 16 Jan 2005 (W2),Deportivo Alavés (20),1-0,0-0,Elche CF (20)
?,(Sun) 16 Jan 2005 (W2),CF Ciudad de Murcia (20),2-1,1-1,UD Salamanca (20)
?,(Sun) 16 Jan 2005 (W2),Gimnàstic Tarragona (20),1-0,0-0,Sporting Gijón (20)
?,(Sun) 16 Jan 2005 (W2),Pontevedra CF (20),1-1,0-1,Málaga CF B (20)
?,(Sun) 16 Jan 2005 (W2),CD Tenerife (20),1-1,0-1,Polideportivo Ejido (20)
?,(Sun) 16 Jan 2005 (W2),Terrassa FC (20),3-2,1-2,Cádiz CF (20)
?,(Sun) 16 Jan 2005 (W2),Real Valladolid CF (20),0-1,0-0,Córdoba CF (20)
?,(Sun) 16 Jan 2005 (W2),Xerez CD (20),2-2,1-0,Racing Ferrol (20)
?,(Sat) 22 Jan 2005 (W3),Córdoba CF (21),2-0,1-0,CD Tenerife (21)
?,(Sat) 22 Jan 2005 (W3),Elche CF (21),3-2,1-1,Real Valladolid CF (21)
?,(Sat) 22 Jan 2005 (W3),Racing Ferrol (21),0-1,0-0,SD Eibar (21)
?,(Sat) 22 Jan 2005 (W3),Recreativo Huelva (21),1-0,1-0,Gimnàstic Tarragona (21)
?,(Sun) 23 Jan 2005 (W3),Cádiz CF (21),0-1,0-0,Xerez CD (21)
?,(Sun) 23 Jan 2005 (W3),RC Celta Vigo (21),0-0,0-0,UE Lleida (21)
?,(Sun) 23 Jan 2005 (W3),Real Murcia CF (21),0-0,0-0,UD Almería (21)
?,(Sun) 23 Jan 2005 (W3),Polideportivo Ejido (21),2-2,1-1,CF Ciudad de Murcia (21)
?,(Sun) 23 Jan 2005 (W3),UD Salamanca (21),2-0,1-0,Pontevedra CF (21)
?,(Sun) 23 Jan 2005 (W3),Sporting Gijón (21),1-2,1-1,Deportivo Alavés (21)
?,(Mon) 24 Jan 2005 (W4),Málaga CF B (21),0-0,0-0,Terrassa FC (21)
?,(Sat) 29 Jan 2005 (W4),Elche CF (22),0-0,0-0,CD Tenerife (22)
?,(Sat) 29 Jan 2005 (W4),Málaga CF B (22),0-3,0-1,Xerez CD (22)
?,(Sat) 29 Jan 2005 (W4),Polideportivo Ejido (22),1-0,1-0,Pontevedra CF (22)
?,(Sun) 30 Jan 2005 (W4),Cádiz CF (22),1-2,1-1,SD Eibar (22)
?,(Sun) 30 Jan 2005 (W4),RC Celta Vigo (22),1-0,0-0,UD Almería (22)
?,(Sun) 30 Jan 2005 (W4),Córdoba CF (22),0-1,0-0,CF Ciudad de Murcia (22)
?,(Sun) 30 Jan 2005 (W4),Racing Ferrol (22),1-3,0-1,UE Lleida (22)
?,(Sun) 30 Jan 2005 (W4),Real Murcia CF (22),1-0,0-0,Gimnàstic Tarragona (22)
?,(Sun) 30 Jan 2005 (W4),Recreativo Huelva (22),1-1,0-1,Sporting Gijón (22)
?,(Sun) 30 Jan 2005 (W4),UD Salamanca (22),3-1,1-1,Terrassa FC (22)
?,(Sun) 30 Jan 2005 (W4),Real Valladolid CF (22),1-0,1-0,Deportivo Alavés (22)
?,(Sat) 5 Feb 2005 (W5),Gimnàstic Tarragona (23),0-2,0-0,RC Celta Vigo (23)
?,(Sat) 5 Feb 2005 (W5),Xerez CD (23),1-0,1-0,UD Salamanca (23)
?,(Sun) 6 Feb 2005 (W5),Deportivo Alavés (23),0-2,0-0,Recreativo Huelva (23)
?,(Sun) 6 Feb 2005 (W5),UD Almería (23),1-6,0-2,Racing Ferrol (23)
?,(Sun) 6 Feb 2005 (W5),CF Ciudad de Murcia (23),0-0,0-0,Elche CF (23)
?,(Sun) 6 Feb 2005 (W5),SD Eibar (23),0-0,0-0,Málaga CF B (23)
?,(Sun) 6 Feb 2005 (W5),UE Lleida (23),1-3,1-2,Cádiz CF (23)
?,(Sun) 6 Feb 2005 (W5),Pontevedra CF (23),1-1,0-0,Córdoba CF (23)
?,(Sun) 6 Feb 2005 (W5),Sporting Gijón (23),2-0,2-0,Real Murcia CF (23)
?,(Sun) 6 Feb 2005 (W5),CD Tenerife (23),0-2,0-1,Real Valladolid CF (23)
?,(Sun) 6 Feb 2005 (W5),Terrassa FC (23),2-0,1-0,Polideportivo Ejido (23)
?,(Sat) 12 Feb 2005 (W6),Cádiz CF (24),2-1,0-1,UD Almería (24)
?,(Sat) 12 Feb 2005 (W6),CD Tenerife (24),1-0,0-0,Deportivo Alavés (24)
?,(Sun) 13 Feb 2005 (W6),RC Celta Vigo (24),1-0,0-0,Sporting Gijón (24)
?,(Sun) 13 Feb 2005 (W6),Córdoba CF (24),2-1,0-1,Terrassa FC (24)
?,(Sun) 13 Feb 2005 (W6),Elche CF (24),2-0,2-0,Pontevedra CF (24)
?,(Sun) 13 Feb 2005 (W6),Racing Ferrol (24),1-4,1-0,Gimnàstic Tarragona (24)
?,(Sun) 13 Feb 2005 (W6),Málaga CF B (24),1-0,1-0,UE Lleida (24)
?,(Sun) 13 Feb 2005 (W6),Real Murcia CF (24),1-3,1-0,Recreativo Huelva (24)
?,(Sun) 13 Feb 2005 (W6),Polideportivo Ejido (24),0-0,0-0,Xerez CD (24)
?,(Sun) 13 Feb 2005 (W6),UD Salamanca (24),1-2,0-1,SD Eibar (24)
?,(Sun) 13 Feb 2005 (W6),Real Valladolid CF (24),2-1,2-1,CF Ciudad de Murcia (24)
?,(Sat) 19 Feb 2005 (W7),UD Almería (25),0-1,0-1,Málaga CF B (25)
?,(Sat) 19 Feb 2005 (W7),CF Ciudad de Murcia (25),0-1,0-0,CD Tenerife (25)
?,(Sat) 19 Feb 2005 (W7),Pontevedra CF (25),3-0,2-0,Real Valladolid CF (25)
?,(Sat) 19 Feb 2005 (W7),Terrassa FC (25),0-1,0-0,Elche CF (25)
?,(Sun) 20 Feb 2005 (W7),Deportivo Alavés (25),2-3,1-1,Real Murcia CF (25)
?,(Sun) 20 Feb 2005 (W7),SD Eibar (25),0-0,0-0,Polideportivo Ejido (25)
?,(Sun) 20 Feb 2005 (W7),Gimnàstic Tarragona (25),1-1,1-0,Cádiz CF (25)
?,(Sun) 20 Feb 2005 (W7),UE Lleida (25),2-1,1-0,UD Salamanca (25)
?,(Sun) 20 Feb 2005 (W7),Recreativo Huelva (25),1-2,0-1,RC Celta Vigo (25)
?,(Sun) 20 Feb 2005 (W7),Sporting Gijón (25),3-2,0-1,Racing Ferrol (25)
?,(Sun) 20 Feb 2005 (W7),Xerez CD (25),1-1,1-0,Córdoba CF (25)
?,(Sat) 26 Feb 2005 (W8),Cádiz CF (26),0-0,0-0,Sporting Gijón (26)
?,(Sat) 26 Feb 2005 (W8),Málaga CF B (26),0-1,0-0,Gimnàstic Tarragona (26)
?,(Sun) 27 Feb 2005 (W8),RC Celta Vigo (26),1-0,0-0,Real Murcia CF (26)
?,(Sun) 27 Feb 2005 (W8),CF Ciudad de Murcia (26),2-0,0-0,Deportivo Alavés (26)
?,(Sun) 27 Feb 2005 (W8),Elche CF (26),1-2,1-0,Xerez CD (26)
?,(Sun) 27 Feb 2005 (W8),Racing Ferrol (26),0-1,0-0,Recreativo Huelva (26)
?,(Sun) 27 Feb 2005 (W8),Polideportivo Ejido (26),2-0,2-0,UE Lleida (26)
?,(Sun) 27 Feb 2005 (W8),UD Salamanca (26),3-2,3-1,UD Almería (26)
?,(Sun) 27 Feb 2005 (W8),CD Tenerife (26),0-0,0-0,Pontevedra CF (26)
?,(Sun) 27 Feb 2005 (W8),Real Valladolid CF (26),2-2,0-0,Terrassa FC (26)
?,(Sat) 5 Mar 2005 (W9),Recreativo Huelva (27),1-1,1-1,Cádiz CF (27)
?,(Sat) 5 Mar 2005 (W9),Terrassa FC (27),0-0,0-0,CD Tenerife (27)
?,(Sun) 6 Mar 2005 (W9),Deportivo Alavés (27),0-3,0-1,RC Celta Vigo (27)
?,(Sun) 6 Mar 2005 (W9),UD Almería (27),1-1,0-0,Polideportivo Ejido (27)
?,(Sun) 6 Mar 2005 (W9),SD Eibar (26),5-2,3-0,Elche CF (27)
?,(Sun) 6 Mar 2005 (W9),Gimnàstic Tarragona (27),2-0,1-0,UD Salamanca (27)
?,(Sun) 6 Mar 2005 (W9),UE Lleida (27),1-2,1-0,Córdoba CF (26)
?,(Sun) 6 Mar 2005 (W9),Real Murcia CF (27),1-0,1-0,Racing Ferrol (27)
?,(Sun) 6 Mar 2005 (W9),Pontevedra CF (27),2-2,1-2,CF Ciudad de Murcia (27)
?,(Sun) 6 Mar 2005 (W9),Sporting Gijón (27),2-0,2-0,Málaga CF B (27)
?,(Sun) 6 Mar 2005 (W9),Xerez CD (27),0-0,0-0,Real Valladolid CF (27)
?,(Wed) 9 Mar 2005 (W10),Córdoba CF (27),0-0,0-0,SD Eibar (27)
?,(Sat) 12 Mar 2005 (W10),Racing Ferrol (28),1-2,1-1,RC Celta Vigo (28)
?,(Sat) 12 Mar 2005 (W10),Polideportivo Ejido (28),1-0,0-0,Gimnàstic Tarragona (28)
?,(Sat) 12 Mar 2005 (W10),CD Tenerife (28),1-0,0-0,Xerez CD (28)
?,(Sun) 13 Mar 2005 (W10),Cádiz CF (28),0-1,0-0,Real Murcia CF (28)
?,(Sun) 13 Mar 2005 (W10),CF Ciudad de Murcia (28),2-0,2-0,Terrassa FC (28)
?,(Sun) 13 Mar 2005 (W10),Córdoba CF (28),3-0,0-0,UD Almería (28)
?,(Sun) 13 Mar 2005 (W10),Elche CF (28),2-1,0-0,UE Lleida (28)
?,(Sun) 13 Mar 2005 (W10),Málaga CF B (28),0-1,0-1,Recreativo Huelva (28)
?,(Sun) 13 Mar 2005 (W10),Pontevedra CF (28),1-3,0-1,Deportivo Alavés (28)
?,(Sun) 13 Mar 2005 (W10),UD Salamanca (28),2-1,1-0,Sporting Gijón (28)
?,(Sun) 13 Mar 2005 (W10),Real Valladolid CF (28),1-2,1-1,SD Eibar (28)
?,(Sat) 19 Mar 2005 (W11),Deportivo Alavés (29),2-1,1-0,Racing Ferrol (29)
?,(Sat) 19 Mar 2005 (W11),SD Eibar (29),0-0,0-0,CD Tenerife (29)
?,(Sat) 19 Mar 2005 (W11),UE Lleida (29),2-0,1-0,Real Valladolid CF (29)
?,(Sat) 19 Mar 2005 (W11),Recreativo Huelva (29),0-0,0-0,UD Salamanca (29)
?,(Sun) 20 Mar 2005 (W11),UD Almería (29),2-2,1-2,Elche CF (29)
?,(Sun) 20 Mar 2005 (W11),RC Celta Vigo (29),0-2,0-0,Cádiz CF (29)
?,(Sun) 20 Mar 2005 (W11),Gimnàstic Tarragona (29),1-1,0-1,Córdoba CF (29)
?,(Sun) 20 Mar 2005 (W11),Real Murcia CF (29),0-1,0-0,Málaga CF B (29)
?,(Sun) 20 Mar 2005 (W11),Sporting Gijón (29),1-0,0-0,Polideportivo Ejido (29)
?,(Sun) 20 Mar 2005 (W11),Terrassa FC (29),1-0,0-0,Pontevedra CF (29)
?,(Sun) 20 Mar 2005 (W11),Xerez CD (29),3-5,1-3,CF Ciudad de Murcia (29)
?,(Sat) 26 Mar 2005 (W12),Málaga CF B (30),0-1,0-0,RC Celta Vigo (30)
?,(Sat) 26 Mar 2005 (W12),Terrassa FC (30),0-2,0-1,Deportivo Alavés (30)
?,(Sun) 27 Mar 2005 (W12),Cádiz CF (30),2-0,2-0,Racing Ferrol (30)
?,(Sun) 27 Mar 2005 (W12),CF Ciudad de Murcia (30),1-1,1-1,SD Eibar (30)
?,(Sun) 27 Mar 2005 (W12),Córdoba CF (30),0-0,0-0,Sporting Gijón (30)
?,(Sun) 27 Mar 2005 (W12),Elche CF (30),3-3,1-1,Gimnàstic Tarragona (30)
?,(Sun) 27 Mar 2005 (W12),Polideportivo Ejido (30),1-0,0-0,Recreativo Huelva (30)
?,(Sun) 27 Mar 2005 (W12),Pontevedra CF (30),2-1,1-0,Xerez CD (30)
?,(Sun) 27 Mar 2005 (W12),UD Salamanca (30),3-1,1-1,Real Murcia CF (30)
?,(Sun) 27 Mar 2005 (W12),CD Tenerife (30),1-1,0-0,UE Lleida (30)
?,(Sun) 27 Mar 2005 (W12),Real Valladolid CF (30),0-1,0-1,UD Almería (30)
?,(Sat) 2 Apr 2005 (W13),UD Almería (31),0-1,0-0,CD Tenerife (31)
?,(Sat) 2 Apr 2005 (W13),RC Celta Vigo (31),2-0,1-0,UD Salamanca (31)
?,(Sat) 2 Apr 2005 (W13),Xerez CD (31),0-0,0-0,Terrassa FC (31)
?,(Sun) 3 Apr 2005 (W13),Deportivo Alavés (31),1-3,0-1,Cádiz CF (31)
?,(Sun) 3 Apr 2005 (W13),SD Eibar (31),1-2,1-1,Pontevedra CF (31)
?,(Sun) 3 Apr 2005 (W13),Racing Ferrol (31),1-0,1-0,Málaga CF B (31)
?,(Sun) 3 Apr 2005 (W13),Gimnàstic Tarragona (31),0-1,0-1,Real Valladolid CF (31)
?,(Sun) 3 Apr 2005 (W13),UE Lleida (31),0-0,0-0,CF Ciudad de Murcia (31)
?,(Sun) 3 Apr 2005 (W13),Real Murcia CF (31),3-3,2-0,Polideportivo Ejido (31)
?,(Sun) 3 Apr 2005 (W13),Recreativo Huelva (31),3-1,2-1,Córdoba CF (31)
?,(Sun) 3 Apr 2005 (W13),Sporting Gijón (31),3-1,0-0,Elche CF (31)
?,(Sat) 9 Apr 2005 (W14),Córdoba CF (32),1-1,1-0,Real Murcia CF (32)
?,(Sat) 9 Apr 2005 (W14),Málaga CF B (32),1-1,0-1,Cádiz CF (32)
?,(Sat) 9 Apr 2005 (W14),UD Salamanca (32),0-2,0-1,Racing Ferrol (32)
?,(Sat) 9 Apr 2005 (W14),CD Tenerife (32),0-0,0-0,Gimnàstic Tarragona (32)
?,(Sun) 10 Apr 2005 (W14),CF Ciudad de Murcia (32),0-1,0-1,UD Almería (32)
?,(Sun) 10 Apr 2005 (W14),Elche CF (32),0-1,0-0,Recreativo Huelva (32)
?,(Sun) 10 Apr 2005 (W14),Polideportivo Ejido (32),0-3,0-2,RC Celta Vigo (32)
?,(Sun) 10 Apr 2005 (W14),Pontevedra CF (32),5-0,1-0,UE Lleida (32)
?,(Sun) 10 Apr 2005 (W14),Terrassa FC (32),2-3,0-1,SD Eibar (32)
?,(Sun) 10 Apr 2005 (W14),Real Valladolid CF (32),2-0,2-0,Sporting Gijón (32)
?,(Sun) 10 Apr 2005 (W14),Xerez CD (32),0-1,0-0,Deportivo Alavés (32)
?,(Sat) 16 Apr 2005 (W15),UD Almería (33),1-0,0-0,Pontevedra CF (33)
?,(Sat) 16 Apr 2005 (W15),SD Eibar (33),0-0,0-0,Xerez CD (33)
?,(Sat) 16 Apr 2005 (W15),UE Lleida (33),4-2,2-0,Terrassa FC (33)
?,(Sat) 16 Apr 2005 (W15),Real Murcia CF (33),1-0,0-0,Elche CF (33)
?,(Sat) 16 Apr 2005 (W15),Sporting Gijón (33),1-1,1-1,CD Tenerife (33)
?,(Sun) 17 Apr 2005 (W15),Deportivo Alavés (33),3-1,2-1,Málaga CF B (33)
?,(Sun) 17 Apr 2005 (W15),Cádiz CF (33),0-0,0-0,UD Salamanca (33)
?,(Sun) 17 Apr 2005 (W15),RC Celta Vigo (33),0-1,0-0,Córdoba CF (33)
?,(Sun) 17 Apr 2005 (W15),Racing Ferrol (33),2-0,0-0,Polideportivo Ejido (33)
?,(Sun) 17 Apr 2005 (W15),Gimnàstic Tarragona (33),0-0,0-0,CF Ciudad de Murcia (33)
?,(Sun) 17 Apr 2005 (W15),Recreativo Huelva (33),2-0,0-0,Real Valladolid CF (33)
?,(Sat) 23 Apr 2005 (W16),Córdoba CF (34),1-2,0-0,Racing Ferrol (34)
?,(Sat) 23 Apr 2005 (W16),SD Eibar (34),1-2,1-1,Deportivo Alavés (34)
?,(Sun) 24 Apr 2005 (W16),CF Ciudad de Murcia (34),0-2,0-0,Sporting Gijón (34)
?,(Sun) 24 Apr 2005 (W16),Elche CF (34),0-1,0-1,RC Celta Vigo (34)
?,(Sun) 24 Apr 2005 (W16),Polideportivo Ejido (34),0-0,0-0,Cádiz CF (34)
?,(Sun) 24 Apr 2005 (W16),Pontevedra CF (34),3-1,1-0,Gimnàstic Tarragona (34)
?,(Sun) 24 Apr 2005 (W16),UD Salamanca (34),1-2,0-0,Málaga CF B (34)
?,(Sun) 24 Apr 2005 (W16),CD Tenerife (34),2-0,2-0,Recreativo Huelva (34)
?,(Sun) 24 Apr 2005 (W16),Terrassa FC (34),1-1,0-0,UD Almería (34)
?,(Sun) 24 Apr 2005 (W16),Real Valladolid CF (34),0-2,0-0,Real Murcia CF (34)
?,(Sun) 24 Apr 2005 (W16),Xerez CD (34),0-0,0-0,UE Lleida (34)
?,(Sat) 30 Apr 2005 (W17),Deportivo Alavés (35),2-1,0-0,UD Salamanca (35)
?,(Sat) 30 Apr 2005 (W17),UD Almería (35),1-2,1-2,Xerez CD (35)
?,(Sat) 30 Apr 2005 (W17),Racing Ferrol (35),0-1,0-1,Elche CF (35)
?,(Sat) 30 Apr 2005 (W17),Gimnàstic Tarragona (35),3-1,2-0,Terrassa FC (35)
?,(Sat) 30 Apr 2005 (W17),Málaga CF B (35),0-0,0-0,Polideportivo Ejido (35)
?,(Sun) 1 May 2005 (W17),Cádiz CF (35),4-1,1-1,Córdoba CF (35)
?,(Sun) 1 May 2005 (W17),RC Celta Vigo (35),2-0,0-0,Real Valladolid CF (35)
?,(Sun) 1 May 2005 (W17),UE Lleida (35),1-1,1-0,SD Eibar (35)
?,(Sun) 1 May 2005 (W17),Real Murcia CF (35),1-0,1-0,CD Tenerife (35)
?,(Sun) 1 May 2005 (W17),Recreativo Huelva (35),3-2,0-0,CF Ciudad de Murcia (35)
?,(Sun) 1 May 2005 (W17),Sporting Gijón (35),3-2,1-2,Pontevedra CF (35)
?,(Sat) 7 May 2005 (W18),SD Eibar (36),1-0,0-0,UD Almería (36)
?,(Sat) 7 May 2005 (W18),Elche CF (36),1-1,1-0,Cádiz CF (36)
?,(Sat) 7 May 2005 (W18),CD Tenerife (36),3-1,2-0,RC Celta Vigo (36)
?,(Sat) 7 May 2005 (W18),Terrassa FC (36),1-0,0-0,Sporting Gijón (36)
?,(Sun) 8 May 2005 (W18),CF Ciudad de Murcia (36),1-3,0-1,Real Murcia CF (36)
?,(Sun) 8 May 2005 (W18),Córdoba CF (36),5-2,2-2,Málaga CF B (36)
?,(Sun) 8 May 2005 (W18),UE Lleida (36),0-1,0-1,Deportivo Alavés (36)
?,(Sun) 8 May 2005 (W18),Polideportivo Ejido (36),1-1,1-0,UD Salamanca (36)
?,(Sun) 8 May 2005 (W18),Pontevedra CF (36),0-0,0-0,Recreativo Huelva (36)
?,(Sun) 8 May 2005 (W18),Real Valladolid CF (36),1-1,1-0,Racing Ferrol (36)
?,(Sun) 8 May 2005 (W18),Xerez CD (36),1-1,1-0,Gimnàstic Tarragona (36)
?,(Sat) 14 May 2005 (W19),RC Celta Vigo (37),0-1,0-1,CF Ciudad de Murcia (37)
?,(Sat) 14 May 2005 (W19),Racing Ferrol (37),2-2,2-0,CD Tenerife (37)
?,(Sat) 14 May 2005 (W19),Gimnàstic Tarragona (37),3-2,1-2,SD Eibar (37)
?,(Sat) 14 May 2005 (W19),Málaga CF B (37),1-0,1-0,Elche CF (37)
?,(Sat) 14 May 2005 (W19),Real Murcia CF (37),2-2,1-1,Pontevedra CF (37)
?,(Sun) 15 May 2005 (W19),Deportivo Alavés (37),2-0,0-0,Polideportivo Ejido (37)
?,(Sun) 15 May 2005 (W19),UD Almería (37),1-1,0-1,UE Lleida (37)
?,(Sun) 15 May 2005 (W19),Cádiz CF (37),6-1,2-1,Real Valladolid CF (37)
?,(Sun) 15 May 2005 (W19),Recreativo Huelva (37),2-1,0-1,Terrassa FC (37)
?,(Sun) 15 May 2005 (W19),UD Salamanca (37),0-3,0-2,Córdoba CF (37)
?,(Sun) 15 May 2005 (W19),Sporting Gijón (37),0-0,0-0,Xerez CD (37)
?,(Sat) 21 May 2005 (W20),SD Eibar (38),1-0,0-0,Sporting Gijón (38)
?,(Sat) 21 May 2005 (W20),UE Lleida (38),2-0,0-0,Gimnàstic Tarragona (38)
?,(Sat) 21 May 2005 (W20),CD Tenerife (38),2-0,2-0,Cádiz CF (38)
?,(Sun) 22 May 2005 (W20),UD Almería (38),0-1,0-0,Deportivo Alavés (38)
?,(Sun) 22 May 2005 (W20),CF Ciudad de Murcia (38),3-0,1-0,Racing Ferrol (38)
?,(Sun) 22 May 2005 (W20),Córdoba CF (38),2-1,1-0,Polideportivo Ejido (38)
?,(Sun) 22 May 2005 (W20),Elche CF (38),0-2,0-1,UD Salamanca (38)
?,(Sun) 22 May 2005 (W20),Pontevedra CF (38),3-1,1-1,RC Celta Vigo (38)
?,(Sun) 22 May 2005 (W20),Terrassa FC (38),0-2,0-0,Real Murcia CF (38)
?,(Sun) 22 May 2005 (W20),Real Valladolid CF (38),3-0,2-0,Málaga CF B (38)
?,(Sun) 22 May 2005 (W20),Xerez CD (38),0-0,0-0,Recreativo Huelva (38)
?,(Sat) 28 May 2005 (W21),Deportivo Alavés (39),1-1,1-0,Córdoba CF (39)
?,(Sat) 28 May 2005 (W21),RC Celta Vigo (39),2-1,0-0,Terrassa FC (39)
?,(Sat) 28 May 2005 (W21),Málaga CF B (39),2-1,0-1,CD Tenerife (39)
?,(Sat) 28 May 2005 (W21),Sporting Gijón (39),1-1,0-1,UE Lleida (39)
?,(Sun) 29 May 2005 (W21),Cádiz CF (39),0-0,0-0,CF Ciudad de Murcia (39)
?,(Sun) 29 May 2005 (W21),Racing Ferrol (39),1-2,0-0,Pontevedra CF (39)
?,(Sun) 29 May 2005 (W21),Gimnàstic Tarragona (39),1-2,0-1,UD Almería (39)
?,(Sun) 29 May 2005 (W21),Real Murcia CF (39),1-1,1-0,Xerez CD (39)
?,(Sun) 29 May 2005 (W21),Polideportivo Ejido (39),1-0,1-0,Elche CF (39)
?,(Sun) 29 May 2005 (W21),Recreativo Huelva (39),0-0,0-0,SD Eibar (39)
?,(Sun) 29 May 2005 (W21),UD Salamanca (39),1-2,0-1,Real Valladolid CF (39)
?,(Sat) 4 Jun 2005 (W22),Gimnàstic Tarragona (40),1-0,0-0,Deportivo Alavés (40)
?,(Sat) 4 Jun 2005 (W22),Pontevedra CF (40),1-1,0-0,Cádiz CF (40)
?,(Sun) 5 Jun 2005 (W22),UD Almería (40),1-0,1-0,Sporting Gijón (40)
?,(Sun) 5 Jun 2005 (W22),CF Ciudad de Murcia (40),0-0,0-0,Málaga CF B (40)
?,(Sun) 5 Jun 2005 (W22),SD Eibar (40),1-0,1-0,Real Murcia CF (40)
?,(Sun) 5 Jun 2005 (W22),Elche CF (40),1-2,1-1,Córdoba CF (40)
?,(Sun) 5 Jun 2005 (W22),UE Lleida (40),2-3,1-2,Recreativo Huelva (40)
?,(Sun) 5 Jun 2005 (W22),CD Tenerife (40),1-4,1-0,UD Salamanca (40)
?,(Sun) 5 Jun 2005 (W22),Terrassa FC (40),3-2,2-0,Racing Ferrol (40)
?,(Sun) 5 Jun 2005 (W22),Real Valladolid CF (40),2-1,0-1,Polideportivo Ejido (40)
?,(Sun) 5 Jun 2005 (W22),Xerez CD (40),1-3,1-2,RC Celta Vigo (40)
?,(Sat) 11 Jun 2005 (W23),Sporting Gijón (41),0-3,0-0,Gimnàstic Tarragona (41)
?,(Sun) 12 Jun 2005 (W23),Cádiz CF (41),3-1,1-0,Terrassa FC (41)
?,(Sun) 12 Jun 2005 (W23),RC Celta Vigo (41),1-2,0-1,SD Eibar (41)
?,(Sun) 12 Jun 2005 (W23),Córdoba CF (41),3-4,2-4,Real Valladolid CF (41)
?,(Sun) 12 Jun 2005 (W23),Elche CF (41),1-2,1-1,Deportivo Alavés (41)
?,(Sun) 12 Jun 2005 (W23),Racing Ferrol (41),1-2,0-1,Xerez CD (41)
?,(Sun) 12 Jun 2005 (W23),Málaga CF B (41),1-1,0-0,Pontevedra CF (41)
?,(Sun) 12 Jun 2005 (W23),Real Murcia CF (41),1-0,1-0,UE Lleida (41)
?,(Sun) 12 Jun 2005 (W23),Polideportivo Ejido (41),2-2,0-1,CD Tenerife (41)
?,(Sun) 12 Jun 2005 (W23),Recreativo Huelva (41),1-1,1-0,UD Almería (41)
?,(Sun) 12 Jun 2005 (W23),UD Salamanca (41),0-2,0-0,CF Ciudad de Murcia (41)
?,(Fri) 17 Jun 2005 (W24),CF Ciudad de Murcia (42),1-3,1-2,Polideportivo Ejido (42)
?,(Sat) 18 Jun 2005 (W24),Deportivo Alavés (42),0-1,0-0,Sporting Gijón (42)
?,(Sat) 18 Jun 2005 (W24),UD Almería (42),1-0,1-0,Real Murcia CF (42)
?,(Sat) 18 Jun 2005 (W24),SD Eibar (42),1-1,1-0,Racing Ferrol (42)
?,(Sat) 18 Jun 2005 (W24),Gimnàstic Tarragona (42),4-4,0-2,Recreativo Huelva (42)
?,(Sat) 18 Jun 2005 (W24),UE Lleida (42),0-2,0-1,RC Celta Vigo (42)
?,(Sat) 18 Jun 2005 (W24),Pontevedra CF (42),4-1,2-1,UD Salamanca (42)
?,(Sat) 18 Jun 2005 (W24),CD Tenerife (42),0-2,0-1,Córdoba CF (42)
?,(Sat) 18 Jun 2005 (W24),Terrassa FC (42),1-0,1-0,Málaga CF B (42)
?,(Sat) 18 Jun 2005 (W24),Real Valladolid CF (42),1-2,1-1,Elche CF (42)
?,(Sat) 18 Jun 2005 (W24),Xerez CD (42),0-2,0-1,Cádiz CF (42)
