Round,Date,Team 1,FT,HT,Team 2
?,(Sun) 22 Aug 1999 (W33),Albacete Balompié (1),3-1,1-1,SD Eibar (1)
?,(Sun) 22 Aug 1999 (W33),CD Badajoz (1),2-1,0-1,Getafe CF (1)
?,(Sun) 22 Aug 1999 (W33),SD Compostela (1),3-0,0-0,Recreativo Huelva (1)
?,(Sun) 22 Aug 1999 (W33),Córdoba CF (1),0-1,0-1,Sporting Gijón (1)
?,(Sun) 22 Aug 1999 (W33),CF Extremadura (1),1-0,0-0,Atlético Madrid B (1)
?,(Sun) 22 Aug 1999 (W33),UD Las Palmas (1),2-0,1-0,CD Tenerife (1)
?,(Sun) 22 Aug 1999 (W33),CD Leganés (1),1-1,0-0,CP Mérida (1)
?,(Sun) 22 Aug 1999 (W33),UE Lleida (1),2-2,1-0,Villarreal CF (1)
?,(Sun) 22 Aug 1999 (W33),CD Logroñés (1),3-3,2-0,Levante UD (1)
?,(Sun) 22 Aug 1999 (W33),CA Osasuna (1),3-0,2-0,CD Toledo (1)
?,(Sun) 22 Aug 1999 (W33),UD Salamanca (1),2-1,0-1,Elche CF (1)
?,(Sun) 29 Aug 1999 (W34),Atlético Madrid B (2),4-3,1-2,CD Leganés (2)
?,(Sun) 29 Aug 1999 (W34),SD Eibar (2),0-0,0-0,CD Badajoz (2)
?,(Sun) 29 Aug 1999 (W34),Elche CF (2),1-1,1-0,Albacete Balompié (2)
?,(Sun) 29 Aug 1999 (W34),Getafe CF (2),1-2,0-0,CF Extremadura (2)
?,(Sun) 29 Aug 1999 (W34),Levante UD (2),3-0,2-0,UE Lleida (2)
?,(Sun) 29 Aug 1999 (W34),CP Mérida (2),2-0,2-0,CA Osasuna (2)
?,(Sun) 29 Aug 1999 (W34),Recreativo Huelva (2),1-0,0-0,Córdoba CF (2)
?,(Sun) 29 Aug 1999 (W34),Sporting Gijón (2),1-2,1-2,UD Las Palmas (2)
?,(Sun) 29 Aug 1999 (W34),CD Tenerife (2),2-1,1-0,CD Logroñés (2)
?,(Sun) 29 Aug 1999 (W34),CD Toledo (2),0-1,0-0,SD Compostela (2)
?,(Sun) 29 Aug 1999 (W34),Villarreal CF (2),0-0,0-0,UD Salamanca (2)
?,(Sat) 4 Sep 1999 (W35),CD Badajoz (3),1-1,1-0,Elche CF (3)
?,(Sat) 4 Sep 1999 (W35),SD Compostela (3),1-2,0-0,CP Mérida (3)
?,(Sat) 4 Sep 1999 (W35),CF Extremadura (3),2-0,2-0,CD Leganés (3)
?,(Sat) 4 Sep 1999 (W35),CA Osasuna (3),1-0,1-0,Atlético Madrid B (3)
?,(Sun) 5 Sep 1999 (W35),Albacete Balompié (3),0-2,0-0,Villarreal CF (3)
?,(Sun) 5 Sep 1999 (W35),Córdoba CF (3),0-2,0-0,CD Toledo (3)
?,(Sun) 5 Sep 1999 (W35),Getafe CF (3),1-1,0-0,SD Eibar (3)
?,(Sun) 5 Sep 1999 (W35),UD Las Palmas (3),1-2,1-1,Recreativo Huelva (3)
?,(Sun) 5 Sep 1999 (W35),UE Lleida (3),1-2,1-0,CD Tenerife (3)
?,(Sun) 5 Sep 1999 (W35),CD Logroñés (3),2-3,1-0,Sporting Gijón (3)
?,(Sun) 5 Sep 1999 (W35),UD Salamanca (3),3-0,0-0,Levante UD (3)
?,(Sat) 11 Sep 1999 (W36),Atlético Madrid B (4),1-3,0-2,SD Compostela (4)
?,(Sat) 11 Sep 1999 (W36),SD Eibar (4),0-1,0-1,CF Extremadura (4)
?,(Sat) 11 Sep 1999 (W36),Elche CF (4),1-1,1-0,Getafe CF (4)
?,(Sat) 11 Sep 1999 (W36),CD Toledo (4),1-3,1-1,UD Las Palmas (4)
?,(Sun) 12 Sep 1999 (W36),CD Leganés (4),0-1,0-1,CA Osasuna (4)
?,(Sun) 12 Sep 1999 (W36),Levante UD (4),2-0,1-0,Albacete Balompié (4)
?,(Sun) 12 Sep 1999 (W36),CP Mérida (4),0-0,0-0,Córdoba CF (4)
?,(Sun) 12 Sep 1999 (W36),Recreativo Huelva (4),1-1,1-0,CD Logroñés (4)
?,(Sun) 12 Sep 1999 (W36),Sporting Gijón (4),2-1,0-1,UE Lleida (4)
?,(Sun) 12 Sep 1999 (W36),CD Tenerife (4),1-1,1-1,UD Salamanca (4)
?,(Sun) 12 Sep 1999 (W36),Villarreal CF (4),0-0,0-0,CD Badajoz (4)
?,(Sat) 18 Sep 1999 (W37),Albacete Balompié (5),1-0,0-0,CD Tenerife (5)
?,(Sat) 18 Sep 1999 (W37),SD Eibar (5),1-1,0-1,Elche CF (5)
?,(Sat) 18 Sep 1999 (W37),UD Las Palmas (5),2-0,0-0,CP Mérida (5)
?,(Sat) 18 Sep 1999 (W37),UE Lleida (5),0-1,0-0,Recreativo Huelva (5)
?,(Sat) 18 Sep 1999 (W37),UD Salamanca (5),3-2,3-0,Sporting Gijón (5)
?,(Sun) 19 Sep 1999 (W37),CD Badajoz (5),1-1,0-1,Levante UD (5)
?,(Sun) 19 Sep 1999 (W37),SD Compostela (5),0-0,0-0,CD Leganés (5)
?,(Sun) 19 Sep 1999 (W37),Córdoba CF (5),3-0,1-0,Atlético Madrid B (5)
?,(Sun) 19 Sep 1999 (W37),CF Extremadura (5),1-0,0-0,CA Osasuna (5)
?,(Sun) 19 Sep 1999 (W37),Getafe CF (5),0-2,0-0,Villarreal CF (5)
?,(Sun) 19 Sep 1999 (W37),CD Logroñés (5),2-1,2-0,CD Toledo (5)
?,(Sat) 25 Sep 1999 (W38),Atlético Madrid B (6),0-0,0-0,UD Las Palmas (6)
?,(Sat) 25 Sep 1999 (W38),Levante UD (6),2-0,1-0,Getafe CF (6)
?,(Sun) 26 Sep 1999 (W38),Elche CF (6),1-1,0-0,CF Extremadura (6)
?,(Sun) 26 Sep 1999 (W38),CD Leganés (6),1-1,1-0,Córdoba CF (6)
?,(Sun) 26 Sep 1999 (W38),CP Mérida (6),2-2,2-1,CD Logroñés (6)
?,(Sun) 26 Sep 1999 (W38),CA Osasuna (6),2-2,2-1,SD Compostela (6)
?,(Sun) 26 Sep 1999 (W38),Recreativo Huelva (6),0-1,0-1,UD Salamanca (6)
?,(Sun) 26 Sep 1999 (W38),Sporting Gijón (6),1-2,0-1,Albacete Balompié (6)
?,(Sun) 26 Sep 1999 (W38),CD Tenerife (6),0-1,0-1,CD Badajoz (6)
?,(Sun) 26 Sep 1999 (W38),CD Toledo (6),0-3,0-3,UE Lleida (6)
?,(Sun) 26 Sep 1999 (W38),Villarreal CF (6),1-5,0-3,SD Eibar (6)
?,(Sat) 2 Oct 1999 (W39),Córdoba CF (7),2-1,1-1,CA Osasuna (7)
?,(Sat) 2 Oct 1999 (W39),Getafe CF (7),2-2,0-1,CD Tenerife (7)
?,(Sat) 2 Oct 1999 (W39),UD Las Palmas (7),7-1,2-0,CD Leganés (7)
?,(Sun) 3 Oct 1999 (W39),Albacete Balompié (7),1-1,0-0,Recreativo Huelva (7)
?,(Sun) 3 Oct 1999 (W39),CD Badajoz (7),2-1,0-0,Sporting Gijón (7)
?,(Sun) 3 Oct 1999 (W39),SD Eibar (7),4-2,2-2,Levante UD (7)
?,(Sun) 3 Oct 1999 (W39),Elche CF (7),1-0,1-0,Villarreal CF (7)
?,(Sun) 3 Oct 1999 (W39),CF Extremadura (7),3-1,3-0,SD Compostela (7)
?,(Sun) 3 Oct 1999 (W39),UE Lleida (7),0-0,0-0,CP Mérida (7)
?,(Sun) 3 Oct 1999 (W39),CD Logroñés (7),1-1,0-0,Atlético Madrid B (7)
?,(Sun) 3 Oct 1999 (W39),UD Salamanca (7),0-0,0-0,CD Toledo (7)
?,(Sat) 9 Oct 1999 (W40),Atlético Madrid B (8),1-2,1-1,UE Lleida (8)
?,(Sat) 9 Oct 1999 (W40),SD Compostela (8),0-2,0-1,Córdoba CF (8)
?,(Sat) 9 Oct 1999 (W40),Levante UD (8),2-1,1-1,Elche CF (8)
?,(Sat) 9 Oct 1999 (W40),CA Osasuna (8),1-0,1-0,UD Las Palmas (8)
?,(Sat) 9 Oct 1999 (W40),Recreativo Huelva (8),2-2,1-0,CD Badajoz (8)
?,(Sat) 9 Oct 1999 (W40),Sporting Gijón (8),1-0,1-0,Getafe CF (8)
?,(Sat) 9 Oct 1999 (W40),CD Tenerife (8),1-1,0-1,SD Eibar (8)
?,(Sat) 9 Oct 1999 (W40),CD Toledo (8),0-2,0-2,Albacete Balompié (8)
?,(Sat) 9 Oct 1999 (W40),Villarreal CF (8),3-0,0-0,CF Extremadura (8)
?,(Sun) 10 Oct 1999 (W40),CD Leganés (8),0-0,0-0,CD Logroñés (8)
?,(Sun) 10 Oct 1999 (W40),CP Mérida (8),1-2,0-1,UD Salamanca (8)
?,(Tue) 12 Oct 1999 (W41),CD Badajoz (9),1-1,0-1,CD Toledo (9)
?,(Tue) 12 Oct 1999 (W41),Elche CF (9),1-3,1-1,CD Tenerife (9)
?,(Tue) 12 Oct 1999 (W41),CF Extremadura (9),0-0,0-0,Córdoba CF (9)
?,(Tue) 12 Oct 1999 (W41),Getafe CF (9),1-0,1-0,Recreativo Huelva (9)
?,(Tue) 12 Oct 1999 (W41),CD Logroñés (9),3-1,1-0,CA Osasuna (9)
?,(Tue) 12 Oct 1999 (W41),UD Salamanca (9),1-2,1-0,Atlético Madrid B (9)
?,(Tue) 12 Oct 1999 (W41),Villarreal CF (9),1-1,1-1,Levante UD (9)
?,(Wed) 13 Oct 1999 (W41),Albacete Balompié (9),0-2,0-0,CP Mérida (9)
?,(Wed) 13 Oct 1999 (W41),SD Eibar (9),1-1,1-1,Sporting Gijón (9)
?,(Wed) 13 Oct 1999 (W41),UD Las Palmas (9),2-1,0-0,SD Compostela (9)
?,(Wed) 13 Oct 1999 (W41),UE Lleida (9),2-0,0-0,CD Leganés (9)
?,(Sat) 16 Oct 1999 (W41),CD Leganés (10),1-2,0-1,UD Salamanca (10)
?,(Sat) 16 Oct 1999 (W41),Recreativo Huelva (10),0-1,0-0,SD Eibar (10)
?,(Sun) 17 Oct 1999 (W41),Atlético Madrid B (10),0-1,0-0,Albacete Balompié (10)
?,(Sun) 17 Oct 1999 (W41),SD Compostela (10),1-0,1-0,CD Logroñés (10)
?,(Sun) 17 Oct 1999 (W41),Córdoba CF (10),1-2,0-1,UD Las Palmas (10)
?,(Sun) 17 Oct 1999 (W41),Levante UD (10),1-1,0-1,CF Extremadura (10)
?,(Sun) 17 Oct 1999 (W41),CP Mérida (10),0-0,0-0,CD Badajoz (10)
?,(Sun) 17 Oct 1999 (W41),CA Osasuna (10),3-1,0-0,UE Lleida (10)
?,(Sun) 17 Oct 1999 (W41),Sporting Gijón (10),0-2,0-1,Elche CF (10)
?,(Sun) 17 Oct 1999 (W41),CD Tenerife (10),3-1,1-0,Villarreal CF (10)
?,(Sun) 17 Oct 1999 (W41),CD Toledo (10),0-0,0-0,Getafe CF (10)
?,(Sat) 23 Oct 1999 (W42),CF Extremadura (11),2-1,1-0,UD Las Palmas (11)
?,(Sun) 24 Oct 1999 (W42),Albacete Balompié (11),0-0,0-0,CD Leganés (11)
?,(Sun) 24 Oct 1999 (W42),CD Badajoz (11),1-1,1-0,Atlético Madrid B (11)
?,(Sun) 24 Oct 1999 (W42),SD Eibar (11),2-1,1-0,CD Toledo (11)
?,(Sun) 24 Oct 1999 (W42),Elche CF (11),3-1,0-1,Recreativo Huelva (11)
?,(Sun) 24 Oct 1999 (W42),Getafe CF (11),1-0,0-0,CP Mérida (11)
?,(Sun) 24 Oct 1999 (W42),Levante UD (11),2-1,1-0,CD Tenerife (11)
?,(Sun) 24 Oct 1999 (W42),UE Lleida (11),3-1,1-0,SD Compostela (11)
?,(Sun) 24 Oct 1999 (W42),CD Logroñés (11),2-2,0-0,Córdoba CF (11)
?,(Sun) 24 Oct 1999 (W42),UD Salamanca (11),1-0,0-0,CA Osasuna (11)
?,(Sun) 24 Oct 1999 (W42),Villarreal CF (11),1-2,1-2,Sporting Gijón (11)
?,(Sat) 30 Oct 1999 (W43),Córdoba CF (12),1-4,1-1,UE Lleida (12)
?,(Sat) 30 Oct 1999 (W43),UD Las Palmas (12),1-0,0-0,CD Logroñés (12)
?,(Sun) 31 Oct 1999 (W43),SD Compostela (12),2-2,0-0,UD Salamanca (12)
?,(Sun) 31 Oct 1999 (W43),CD Leganés (12),1-0,0-0,CD Badajoz (12)
?,(Sun) 31 Oct 1999 (W43),CP Mérida (12),3-1,1-1,SD Eibar (12)
?,(Sun) 31 Oct 1999 (W43),CA Osasuna (12),0-1,0-0,Albacete Balompié (12)
?,(Sun) 31 Oct 1999 (W43),Recreativo Huelva (12),0-4,0-1,Villarreal CF (12)
?,(Sun) 31 Oct 1999 (W43),Sporting Gijón (12),4-0,2-0,Levante UD (12)
?,(Sun) 31 Oct 1999 (W43),CD Tenerife (12),3-0,1-0,CF Extremadura (12)
?,(Sun) 31 Oct 1999 (W43),CD Toledo (12),2-0,1-0,Elche CF (12)
?,(Mon) 1 Nov 1999 (W44),Atlético Madrid B (12),1-2,0-0,Getafe CF (12)
?,(Sat) 6 Nov 1999 (W44),Getafe CF (13),0-1,0-1,CD Leganés (13)
?,(Sat) 6 Nov 1999 (W44),UD Salamanca (13),4-1,2-1,Córdoba CF (13)
?,(Sun) 7 Nov 1999 (W44),Albacete Balompié (13),2-2,0-0,SD Compostela (13)
?,(Sun) 7 Nov 1999 (W44),CD Badajoz (13),0-1,0-0,CA Osasuna (13)
?,(Sun) 7 Nov 1999 (W44),SD Eibar (13),2-0,0-0,Atlético Madrid B (13)
?,(Sun) 7 Nov 1999 (W44),Elche CF (13),2-1,0-1,CP Mérida (13)
?,(Sun) 7 Nov 1999 (W44),CF Extremadura (13),3-1,2-0,CD Logroñés (13)
?,(Sun) 7 Nov 1999 (W44),Levante UD (13),2-0,0-0,Recreativo Huelva (13)
?,(Sun) 7 Nov 1999 (W44),UE Lleida (13),4-1,0-0,UD Las Palmas (13)
?,(Sun) 7 Nov 1999 (W44),CD Tenerife (13),2-1,0-0,Sporting Gijón (13)
?,(Sun) 7 Nov 1999 (W44),Villarreal CF (13),4-1,2-1,CD Toledo (13)
?,(Sat) 13 Nov 1999 (W45),CD Leganés (14),3-1,2-0,SD Eibar (14)
?,(Sat) 13 Nov 1999 (W45),CD Logroñés (14),1-0,0-0,UE Lleida (14)
?,(Sat) 13 Nov 1999 (W45),Recreativo Huelva (14),2-0,0-0,CD Tenerife (14)
?,(Sun) 14 Nov 1999 (W45),Atlético Madrid B (14),3-0,2-0,Elche CF (14)
?,(Sun) 14 Nov 1999 (W45),SD Compostela (14),1-2,0-0,CD Badajoz (14)
?,(Sun) 14 Nov 1999 (W45),Córdoba CF (14),3-2,3-1,Albacete Balompié (14)
?,(Sun) 14 Nov 1999 (W45),UD Las Palmas (14),0-2,0-1,UD Salamanca (14)
?,(Sun) 14 Nov 1999 (W45),CP Mérida (14),1-1,1-0,Villarreal CF (14)
?,(Sun) 14 Nov 1999 (W45),CA Osasuna (14),0-1,0-0,Getafe CF (14)
?,(Sun) 14 Nov 1999 (W45),Sporting Gijón (14),1-0,1-0,CF Extremadura (14)
?,(Sun) 14 Nov 1999 (W45),CD Toledo (14),0-1,0-0,Levante UD (14)
?,(Sat) 20 Nov 1999 (W46),Albacete Balompié (15),1-1,1-1,UD Las Palmas (15)
?,(Sun) 21 Nov 1999 (W46),CD Badajoz (15),0-0,0-0,Córdoba CF (15)
?,(Sun) 21 Nov 1999 (W46),SD Eibar (15),4-1,2-1,CA Osasuna (15)
?,(Sun) 21 Nov 1999 (W46),Elche CF (15),1-1,1-0,CD Leganés (15)
?,(Sun) 21 Nov 1999 (W46),CF Extremadura (15),1-1,1-0,UE Lleida (15)
?,(Sun) 21 Nov 1999 (W46),Getafe CF (15),4-1,1-0,SD Compostela (15)
?,(Sun) 21 Nov 1999 (W46),Levante UD (15),3-1,2-0,CP Mérida (15)
?,(Sun) 21 Nov 1999 (W46),UD Salamanca (15),3-0,0-0,CD Logroñés (15)
?,(Sun) 21 Nov 1999 (W46),Sporting Gijón (15),3-1,1-1,Recreativo Huelva (15)
?,(Sun) 21 Nov 1999 (W46),CD Tenerife (15),3-0,1-0,CD Toledo (15)
?,(Sun) 21 Nov 1999 (W46),Villarreal CF (15),1-2,0-1,Atlético Madrid B (15)
?,(Sat) 27 Nov 1999 (W47),SD Compostela (16),4-1,2-1,SD Eibar (16)
?,(Sat) 27 Nov 1999 (W47),UD Las Palmas (16),0-0,0-0,CD Badajoz (16)
?,(Sat) 27 Nov 1999 (W47),UE Lleida (16),1-2,0-1,UD Salamanca (16)
?,(Sun) 28 Nov 1999 (W47),Atlético Madrid B (16),2-4,1-0,Levante UD (16)
?,(Sun) 28 Nov 1999 (W47),Córdoba CF (16),0-1,0-1,Getafe CF (16)
?,(Sun) 28 Nov 1999 (W47),CD Leganés (16),1-0,0-0,Villarreal CF (16)
?,(Sun) 28 Nov 1999 (W47),CD Logroñés (16),4-1,2-0,Albacete Balompié (16)
?,(Sun) 28 Nov 1999 (W47),CP Mérida (16),2-0,0-0,CD Tenerife (16)
?,(Sun) 28 Nov 1999 (W47),CA Osasuna (16),0-1,0-1,Elche CF (16)
?,(Sun) 28 Nov 1999 (W47),Recreativo Huelva (16),1-1,0-0,CF Extremadura (16)
?,(Sun) 28 Nov 1999 (W47),CD Toledo (16),0-0,0-0,Sporting Gijón (16)
?,(Sat) 4 Dec 1999 (W48),Albacete Balompié (17),2-2,0-1,UE Lleida (17)
?,(Sat) 4 Dec 1999 (W48),CD Tenerife (17),2-1,1-0,Atlético Madrid B (17)
?,(Sun) 5 Dec 1999 (W48),CD Badajoz (17),2-1,1-1,CD Logroñés (17)
?,(Sun) 5 Dec 1999 (W48),SD Eibar (17),1-1,0-1,Córdoba CF (17)
?,(Sun) 5 Dec 1999 (W48),Elche CF (17),1-1,1-0,SD Compostela (17)
?,(Sun) 5 Dec 1999 (W48),CF Extremadura (17),1-0,1-0,UD Salamanca (17)
?,(Sun) 5 Dec 1999 (W48),Getafe CF (17),2-1,0-0,UD Las Palmas (17)
?,(Sun) 5 Dec 1999 (W48),Levante UD (17),5-2,2-1,CD Leganés (17)
?,(Sun) 5 Dec 1999 (W48),Recreativo Huelva (17),3-0,1-0,CD Toledo (17)
?,(Sun) 5 Dec 1999 (W48),Sporting Gijón (17),1-2,0-0,CP Mérida (17)
?,(Sun) 5 Dec 1999 (W48),Villarreal CF (17),1-0,0-0,CA Osasuna (17)
?,(Sat) 11 Dec 1999 (W49),Atlético Madrid B (18),0-1,0-0,Sporting Gijón (18)
?,(Sat) 11 Dec 1999 (W49),SD Compostela (18),1-1,0-0,Villarreal CF (18)
?,(Sat) 11 Dec 1999 (W49),UD Las Palmas (18),1-1,1-0,SD Eibar (18)
?,(Sat) 11 Dec 1999 (W49),CD Logroñés (18),1-0,0-0,Getafe CF (18)
?,(Sat) 11 Dec 1999 (W49),CA Osasuna (18),2-0,2-0,Levante UD (18)
?,(Sat) 11 Dec 1999 (W49),UD Salamanca (18),2-1,0-0,Albacete Balompié (18)
?,(Sun) 12 Dec 1999 (W49),Córdoba CF (18),2-1,1-1,Elche CF (18)
?,(Sun) 12 Dec 1999 (W49),CD Leganés (18),0-4,0-2,CD Tenerife (18)
?,(Sun) 12 Dec 1999 (W49),UE Lleida (18),2-2,0-0,CD Badajoz (18)
?,(Sun) 12 Dec 1999 (W49),CP Mérida (18),2-0,1-0,Recreativo Huelva (18)
?,(Sun) 12 Dec 1999 (W49),CD Toledo (18),2-0,1-0,CF Extremadura (18)
?,(Sat) 18 Dec 1999 (W50),CD Badajoz (19),2-2,2-0,UD Salamanca (19)
?,(Sat) 18 Dec 1999 (W50),SD Eibar (19),2-5,0-2,CD Logroñés (19)
?,(Sat) 18 Dec 1999 (W50),CF Extremadura (19),3-0,1-0,Albacete Balompié (19)
?,(Sun) 19 Dec 1999 (W50),Elche CF (19),0-3,0-1,UD Las Palmas (19)
?,(Sun) 19 Dec 1999 (W50),Getafe CF (19),2-1,1-0,UE Lleida (19)
?,(Sun) 19 Dec 1999 (W50),Levante UD (19),0-0,0-0,SD Compostela (19)
?,(Sun) 19 Dec 1999 (W50),Recreativo Huelva (19),1-2,1-1,Atlético Madrid B (19)
?,(Sun) 19 Dec 1999 (W50),Sporting Gijón (19),3-0,2-0,CD Leganés (19)
?,(Sun) 19 Dec 1999 (W50),CD Tenerife (19),1-1,1-0,CA Osasuna (19)
?,(Sun) 19 Dec 1999 (W50),CD Toledo (19),3-0,2-0,CP Mérida (19)
?,(Sun) 19 Dec 1999 (W50),Villarreal CF (19),2-1,1-0,Córdoba CF (19)
?,(Tue) 4 Jan 2000 (W1),Córdoba CF (20),1-1,0-1,Levante UD (20)
?,(Tue) 4 Jan 2000 (W1),CF Extremadura (20),0-0,0-0,CP Mérida (20)
?,(Tue) 4 Jan 2000 (W1),UD Las Palmas (20),2-1,2-1,Villarreal CF (20)
?,(Tue) 4 Jan 2000 (W1),UE Lleida (20),1-1,0-0,SD Eibar (20)
?,(Tue) 4 Jan 2000 (W1),CD Logroñés (20),2-2,0-1,Elche CF (20)
?,(Tue) 4 Jan 2000 (W1),CA Osasuna (20),1-0,0-0,Sporting Gijón (20)
?,(Tue) 4 Jan 2000 (W1),UD Salamanca (20),1-1,1-1,Getafe CF (20)
?,(Wed) 5 Jan 2000 (W1),Albacete Balompié (20),0-1,0-1,CD Badajoz (20)
?,(Wed) 5 Jan 2000 (W1),Atlético Madrid B (20),2-1,1-0,CD Toledo (20)
?,(Wed) 5 Jan 2000 (W1),SD Compostela (20),2-1,2-0,CD Tenerife (20)
?,(Wed) 5 Jan 2000 (W1),CD Leganés (20),2-0,1-0,Recreativo Huelva (20)
?,(Sat) 8 Jan 2000 (W1),SD Eibar (21),1-0,0-0,UD Salamanca (21)
?,(Sat) 8 Jan 2000 (W1),Elche CF (21),1-3,1-0,UE Lleida (21)
?,(Sat) 8 Jan 2000 (W1),Recreativo Huelva (21),0-1,0-0,CA Osasuna (21)
?,(Sat) 8 Jan 2000 (W1),CD Toledo (21),1-1,1-0,CD Leganés (21)
?,(Sat) 8 Jan 2000 (W1),Villarreal CF (21),1-0,1-0,CD Logroñés (21)
?,(Sun) 9 Jan 2000 (W1),CD Badajoz (21),2-0,1-0,CF Extremadura (21)
?,(Sun) 9 Jan 2000 (W1),Getafe CF (21),1-1,1-1,Albacete Balompié (21)
?,(Sun) 9 Jan 2000 (W1),Levante UD (21),1-1,0-0,UD Las Palmas (21)
?,(Sun) 9 Jan 2000 (W1),CP Mérida (21),0-1,0-1,Atlético Madrid B (21)
?,(Sun) 9 Jan 2000 (W1),Sporting Gijón (21),1-1,0-1,SD Compostela (21)
?,(Sun) 9 Jan 2000 (W1),CD Tenerife (21),1-1,0-0,Córdoba CF (21)
?,(Sat) 15 Jan 2000 (W2),Atlético Madrid B (22),4-2,1-0,CF Extremadura (22)
?,(Sun) 16 Jan 2000 (W2),SD Eibar (22),0-1,0-0,Albacete Balompié (22)
?,(Sun) 16 Jan 2000 (W2),Elche CF (22),2-2,1-2,UD Salamanca (22)
?,(Sun) 16 Jan 2000 (W2),Getafe CF (22),0-2,0-1,CD Badajoz (22)
?,(Sun) 16 Jan 2000 (W2),Levante UD (22),1-0,1-0,CD Logroñés (22)
?,(Sun) 16 Jan 2000 (W2),CP Mérida (22),0-4,0-2,CD Leganés (22)
?,(Sun) 16 Jan 2000 (W2),Recreativo Huelva (22),0-0,0-0,SD Compostela (22)
?,(Sun) 16 Jan 2000 (W2),Sporting Gijón (22),1-0,0-0,Córdoba CF (22)
?,(Sun) 16 Jan 2000 (W2),CD Tenerife (22),1-2,0-0,UD Las Palmas (22)
?,(Sun) 16 Jan 2000 (W2),CD Toledo (22),0-1,0-0,CA Osasuna (22)
?,(Sun) 16 Jan 2000 (W2),Villarreal CF (22),2-3,2-2,UE Lleida (22)
?,(Sat) 22 Jan 2000 (W3),Córdoba CF (23),2-1,1-1,Recreativo Huelva (23)
?,(Sat) 22 Jan 2000 (W3),UD Las Palmas (23),1-1,1-0,Sporting Gijón (23)
?,(Sat) 22 Jan 2000 (W3),CD Leganés (23),0-1,0-0,Atlético Madrid B (23)
?,(Sat) 22 Jan 2000 (W3),UE Lleida (23),2-0,2-0,Levante UD (23)
?,(Sun) 23 Jan 2000 (W3),Albacete Balompié (23),1-1,1-1,Elche CF (23)
?,(Sun) 23 Jan 2000 (W3),CD Badajoz (23),0-1,0-0,SD Eibar (23)
?,(Sun) 23 Jan 2000 (W3),SD Compostela (23),0-0,0-0,CD Toledo (23)
?,(Sun) 23 Jan 2000 (W3),CF Extremadura (23),1-0,1-0,Getafe CF (23)
?,(Sun) 23 Jan 2000 (W3),CD Logroñés (23),0-0,0-0,CD Tenerife (23)
?,(Sun) 23 Jan 2000 (W3),CA Osasuna (23),0-0,0-0,CP Mérida (23)
?,(Sun) 23 Jan 2000 (W3),UD Salamanca (23),0-2,0-1,Villarreal CF (23)
?,(Sat) 29 Jan 2000 (W4),CP Mérida (24),0-1,0-0,SD Compostela (24)
?,(Sat) 29 Jan 2000 (W4),Recreativo Huelva (24),0-2,0-1,UD Las Palmas (24)
?,(Sat) 29 Jan 2000 (W4),Villarreal CF (24),2-0,1-0,Albacete Balompié (24)
?,(Sun) 30 Jan 2000 (W4),Atlético Madrid B (24),1-1,0-0,CA Osasuna (24)
?,(Sun) 30 Jan 2000 (W4),SD Eibar (24),1-0,1-0,Getafe CF (24)
?,(Sun) 30 Jan 2000 (W4),Elche CF (24),0-0,0-0,CD Badajoz (24)
?,(Sun) 30 Jan 2000 (W4),CD Leganés (24),0-0,0-0,CF Extremadura (24)
?,(Sun) 30 Jan 2000 (W4),Levante UD (24),2-3,1-1,UD Salamanca (24)
?,(Sun) 30 Jan 2000 (W4),Sporting Gijón (24),1-4,1-1,CD Logroñés (24)
?,(Sun) 30 Jan 2000 (W4),CD Tenerife (24),2-1,1-0,UE Lleida (24)
?,(Sun) 30 Jan 2000 (W4),CD Toledo (24),0-3,0-1,Córdoba CF (24)
?,(Sat) 5 Feb 2000 (W5),Getafe CF (25),1-2,1-1,Elche CF (25)
?,(Sat) 5 Feb 2000 (W5),UD Las Palmas (25),0-0,0-0,CD Toledo (25)
?,(Sun) 6 Feb 2000 (W5),Albacete Balompié (25),2-0,1-0,Levante UD (25)
?,(Sun) 6 Feb 2000 (W5),CD Badajoz (25),1-1,1-0,Villarreal CF (25)
?,(Sun) 6 Feb 2000 (W5),SD Compostela (25),1-1,0-1,Atlético Madrid B (25)
?,(Sun) 6 Feb 2000 (W5),Córdoba CF (25),3-0,1-0,CP Mérida (25)
?,(Sun) 6 Feb 2000 (W5),CF Extremadura (25),3-0,0-0,SD Eibar (25)
?,(Sun) 6 Feb 2000 (W5),UE Lleida (25),4-1,1-1,Sporting Gijón (25)
?,(Sun) 6 Feb 2000 (W5),CD Logroñés (25),0-3,0-2,Recreativo Huelva (25)
?,(Sun) 6 Feb 2000 (W5),CA Osasuna (25),1-2,0-1,CD Leganés (25)
?,(Sun) 6 Feb 2000 (W5),UD Salamanca (25),3-0,1-0,CD Tenerife (25)
?,(Sat) 12 Feb 2000 (W6),Levante UD (26),1-1,0-0,CD Badajoz (26)
?,(Sat) 12 Feb 2000 (W6),CD Tenerife (26),2-2,1-0,Albacete Balompié (26)
?,(Sun) 13 Feb 2000 (W6),Atlético Madrid B (26),0-0,0-0,Córdoba CF (26)
?,(Sun) 13 Feb 2000 (W6),Elche CF (26),2-0,2-0,SD Eibar (26)
?,(Sun) 13 Feb 2000 (W6),CD Leganés (26),3-1,2-1,SD Compostela (26)
?,(Sun) 13 Feb 2000 (W6),CP Mérida (26),3-0,1-0,UD Las Palmas (26)
?,(Sun) 13 Feb 2000 (W6),CA Osasuna (26),2-0,2-0,CF Extremadura (26)
?,(Sun) 13 Feb 2000 (W6),Recreativo Huelva (26),4-0,3-0,UE Lleida (26)
?,(Sun) 13 Feb 2000 (W6),Sporting Gijón (26),2-0,1-0,UD Salamanca (26)
?,(Sun) 13 Feb 2000 (W6),CD Toledo (26),2-1,1-0,CD Logroñés (26)
?,(Sun) 13 Feb 2000 (W6),Villarreal CF (26),2-1,1-0,Getafe CF (26)
?,(Sat) 19 Feb 2000 (W7),Getafe CF (27),0-1,0-0,Levante UD (27)
?,(Sat) 19 Feb 2000 (W7),UD Las Palmas (27),1-1,1-0,Atlético Madrid B (27)
?,(Sun) 20 Feb 2000 (W7),Albacete Balompié (27),1-2,0-1,Sporting Gijón (27)
?,(Sun) 20 Feb 2000 (W7),CD Badajoz (27),0-2,0-0,CD Tenerife (27)
?,(Sun) 20 Feb 2000 (W7),SD Compostela (27),1-2,0-2,CA Osasuna (27)
?,(Sun) 20 Feb 2000 (W7),Córdoba CF (27),2-1,0-0,CD Leganés (27)
?,(Sun) 20 Feb 2000 (W7),SD Eibar (27),2-1,1-1,Villarreal CF (27)
?,(Sun) 20 Feb 2000 (W7),CF Extremadura (27),1-1,1-1,Elche CF (27)
?,(Sun) 20 Feb 2000 (W7),UE Lleida (27),1-0,1-0,CD Toledo (27)
?,(Sun) 20 Feb 2000 (W7),CD Logroñés (27),1-2,0-1,CP Mérida (27)
?,(Sun) 20 Feb 2000 (W7),UD Salamanca (27),0-1,0-0,Recreativo Huelva (27)
?,(Sat) 26 Feb 2000 (W8),Sporting Gijón (28),0-0,0-0,CD Badajoz (28)
?,(Sun) 27 Feb 2000 (W8),Atlético Madrid B (28),0-1,0-0,CD Logroñés (28)
?,(Sun) 27 Feb 2000 (W8),SD Compostela (28),2-0,1-0,CF Extremadura (28)
?,(Sun) 27 Feb 2000 (W8),CD Leganés (28),0-0,0-0,UD Las Palmas (28)
?,(Sun) 27 Feb 2000 (W8),Levante UD (28),0-0,0-0,SD Eibar (28)
?,(Sun) 27 Feb 2000 (W8),CP Mérida (28),0-0,0-0,UE Lleida (28)
?,(Sun) 27 Feb 2000 (W8),CA Osasuna (28),0-2,0-1,Córdoba CF (28)
?,(Sun) 27 Feb 2000 (W8),Recreativo Huelva (28),3-3,2-2,Albacete Balompié (28)
?,(Sun) 27 Feb 2000 (W8),CD Tenerife (28),4-0,3-0,Getafe CF (28)
?,(Sun) 27 Feb 2000 (W8),CD Toledo (28),3-0,0-0,UD Salamanca (28)
?,(Sun) 27 Feb 2000 (W8),Villarreal CF (28),1-0,1-0,Elche CF (28)
?,(Sat) 4 Mar 2000 (W9),CD Badajoz (29),0-0,0-0,Recreativo Huelva (29)
?,(Sat) 4 Mar 2000 (W9),SD Eibar (29),0-1,0-1,CD Tenerife (29)
?,(Sat) 4 Mar 2000 (W9),Elche CF (29),1-1,1-0,Levante UD (29)
?,(Sun) 5 Mar 2000 (W9),Albacete Balompié (29),2-1,1-0,CD Toledo (29)
?,(Sun) 5 Mar 2000 (W9),Córdoba CF (29),1-0,0-0,SD Compostela (29)
?,(Sun) 5 Mar 2000 (W9),CF Extremadura (29),4-1,3-0,Villarreal CF (29)
?,(Sun) 5 Mar 2000 (W9),Getafe CF (29),1-0,0-0,Sporting Gijón (29)
?,(Sun) 5 Mar 2000 (W9),UD Las Palmas (29),0-2,0-0,CA Osasuna (29)
?,(Sun) 5 Mar 2000 (W9),UE Lleida (29),3-0,0-0,Atlético Madrid B (29)
?,(Sun) 5 Mar 2000 (W9),CD Logroñés (29),0-1,0-0,CD Leganés (29)
?,(Sun) 5 Mar 2000 (W9),UD Salamanca (29),0-0,0-0,CP Mérida (29)
?,(Sat) 11 Mar 2000 (W10),Atlético Madrid B (30),2-1,0-0,UD Salamanca (30)
?,(Sat) 11 Mar 2000 (W10),SD Compostela (30),0-2,0-1,UD Las Palmas (30)
?,(Sat) 11 Mar 2000 (W10),Córdoba CF (30),2-1,1-0,CF Extremadura (30)
?,(Sat) 11 Mar 2000 (W10),CP Mérida (30),1-1,1-0,Albacete Balompié (30)
?,(Sat) 11 Mar 2000 (W10),CA Osasuna (30),2-0,1-0,CD Logroñés (30)
?,(Sat) 11 Mar 2000 (W10),Recreativo Huelva (30),2-4,0-3,Getafe CF (30)
?,(Sat) 11 Mar 2000 (W10),CD Tenerife (30),1-0,1-0,Elche CF (30)
?,(Sun) 12 Mar 2000 (W10),CD Leganés (30),1-0,0-0,UE Lleida (30)
?,(Sun) 12 Mar 2000 (W10),Levante UD (30),0-0,0-0,Villarreal CF (30)
?,(Sun) 12 Mar 2000 (W10),Sporting Gijón (30),1-1,0-1,SD Eibar (30)
?,(Sun) 12 Mar 2000 (W10),CD Toledo (30),2-0,1-0,CD Badajoz (30)
?,(Sat) 18 Mar 2000 (W11),UD Las Palmas (31),1-1,1-0,Córdoba CF (31)
?,(Sun) 19 Mar 2000 (W11),Albacete Balompié (31),1-0,1-0,Atlético Madrid B (31)
?,(Sun) 19 Mar 2000 (W11),CD Badajoz (31),0-3,0-1,CP Mérida (31)
?,(Sun) 19 Mar 2000 (W11),SD Eibar (31),0-0,0-0,Recreativo Huelva (31)
?,(Sun) 19 Mar 2000 (W11),Elche CF (31),2-1,1-1,Sporting Gijón (31)
?,(Sun) 19 Mar 2000 (W11),CF Extremadura (31),1-1,0-1,Levante UD (31)
?,(Sun) 19 Mar 2000 (W11),Getafe CF (31),2-0,0-0,CD Toledo (31)
?,(Sun) 19 Mar 2000 (W11),UE Lleida (31),1-0,0-0,CA Osasuna (31)
?,(Sun) 19 Mar 2000 (W11),CD Logroñés (31),3-1,2-0,SD Compostela (31)
?,(Sun) 19 Mar 2000 (W11),UD Salamanca (31),0-1,0-0,CD Leganés (31)
?,(Sun) 19 Mar 2000 (W11),Villarreal CF (31),0-0,0-0,CD Tenerife (31)
?,(Sat) 25 Mar 2000 (W12),Córdoba CF (32),1-0,0-0,CD Logroñés (32)
?,(Sun) 26 Mar 2000 (W12),Atlético Madrid B (32),0-0,0-0,CD Badajoz (32)
?,(Sun) 26 Mar 2000 (W12),SD Compostela (32),1-2,0-0,UE Lleida (32)
?,(Sun) 26 Mar 2000 (W12),UD Las Palmas (32),0-1,0-1,CF Extremadura (32)
?,(Sun) 26 Mar 2000 (W12),CD Leganés (32),1-0,0-0,Albacete Balompié (32)
?,(Sun) 26 Mar 2000 (W12),CP Mérida (32),1-0,0-0,Getafe CF (32)
?,(Sun) 26 Mar 2000 (W12),CA Osasuna (32),1-0,1-0,UD Salamanca (32)
?,(Sun) 26 Mar 2000 (W12),Recreativo Huelva (32),1-2,0-1,Elche CF (32)
?,(Sun) 26 Mar 2000 (W12),Sporting Gijón (32),1-2,0-0,Villarreal CF (32)
?,(Sun) 26 Mar 2000 (W12),CD Tenerife (32),1-1,1-0,Levante UD (32)
?,(Sun) 26 Mar 2000 (W12),CD Toledo (32),1-2,1-2,SD Eibar (32)
?,(Sat) 1 Apr 2000 (W13),Elche CF (33),1-0,0-0,CD Toledo (33)
?,(Sat) 1 Apr 2000 (W13),Getafe CF (33),2-0,1-0,Atlético Madrid B (33)
?,(Sat) 1 Apr 2000 (W13),CD Logroñés (33),1-1,0-1,UD Las Palmas (33)
?,(Sun) 2 Apr 2000 (W13),Albacete Balompié (33),2-1,0-0,CA Osasuna (33)
?,(Sun) 2 Apr 2000 (W13),CD Badajoz (33),1-1,0-0,CD Leganés (33)
?,(Sun) 2 Apr 2000 (W13),SD Eibar (33),0-0,0-0,CP Mérida (33)
?,(Sun) 2 Apr 2000 (W13),CF Extremadura (33),0-0,0-0,CD Tenerife (33)
?,(Sun) 2 Apr 2000 (W13),Levante UD (33),0-2,0-2,Sporting Gijón (33)
?,(Sun) 2 Apr 2000 (W13),UE Lleida (33),1-0,1-0,Córdoba CF (33)
?,(Sun) 2 Apr 2000 (W13),UD Salamanca (33),0-0,0-0,SD Compostela (33)
?,(Sun) 2 Apr 2000 (W13),Villarreal CF (33),1-1,0-0,Recreativo Huelva (33)
?,(Sat) 8 Apr 2000 (W14),UD Las Palmas (34),1-0,0-0,UE Lleida (34)
?,(Sat) 8 Apr 2000 (W14),CD Leganés (34),0-0,0-0,Getafe CF (34)
?,(Sat) 8 Apr 2000 (W14),CD Logroñés (34),1-1,1-0,CF Extremadura (34)
?,(Sat) 8 Apr 2000 (W14),Sporting Gijón (34),2-0,2-0,CD Tenerife (34)
?,(Sun) 9 Apr 2000 (W14),Atlético Madrid B (34),2-0,2-0,SD Eibar (34)
?,(Sun) 9 Apr 2000 (W14),SD Compostela (34),1-1,0-0,Albacete Balompié (34)
?,(Sun) 9 Apr 2000 (W14),Córdoba CF (34),0-0,0-0,UD Salamanca (34)
?,(Sun) 9 Apr 2000 (W14),CP Mérida (34),1-1,0-0,Elche CF (34)
?,(Sun) 9 Apr 2000 (W14),CA Osasuna (34),0-0,0-0,CD Badajoz (34)
?,(Sun) 9 Apr 2000 (W14),Recreativo Huelva (34),1-0,0-0,Levante UD (34)
?,(Sun) 9 Apr 2000 (W14),CD Toledo (34),1-3,0-2,Villarreal CF (34)
?,(Sat) 15 Apr 2000 (W15),SD Eibar (35),0-0,0-0,CD Leganés (35)
?,(Sat) 15 Apr 2000 (W15),UE Lleida (35),1-0,0-0,CD Logroñés (35)
?,(Sun) 16 Apr 2000 (W15),Albacete Balompié (35),1-0,1-0,Córdoba CF (35)
?,(Sun) 16 Apr 2000 (W15),CD Badajoz (35),2-2,1-1,SD Compostela (35)
?,(Sun) 16 Apr 2000 (W15),Elche CF (35),1-1,0-0,Atlético Madrid B (35)
?,(Sun) 16 Apr 2000 (W15),CF Extremadura (35),2-2,2-0,Sporting Gijón (35)
?,(Sun) 16 Apr 2000 (W15),Getafe CF (35),0-0,0-0,CA Osasuna (35)
?,(Sun) 16 Apr 2000 (W15),Levante UD (35),1-0,1-0,CD Toledo (35)
?,(Sun) 16 Apr 2000 (W15),UD Salamanca (35),0-2,0-0,UD Las Palmas (35)
?,(Sun) 16 Apr 2000 (W15),CD Tenerife (35),1-2,0-1,Recreativo Huelva (35)
?,(Sun) 16 Apr 2000 (W15),Villarreal CF (35),1-0,1-0,CP Mérida (35)
?,(Sat) 22 Apr 2000 (W16),Córdoba CF (36),0-4,0-3,CD Badajoz (36)
?,(Sat) 22 Apr 2000 (W16),UD Las Palmas (36),2-1,0-0,Albacete Balompié (36)
?,(Sat) 22 Apr 2000 (W16),CD Leganés (36),0-0,0-0,Elche CF (36)
?,(Sat) 22 Apr 2000 (W16),CP Mérida (36),1-0,1-0,Levante UD (36)
?,(Sat) 22 Apr 2000 (W16),CA Osasuna (36),2-0,1-0,SD Eibar (36)
?,(Sat) 22 Apr 2000 (W16),CD Toledo (36),1-1,0-0,CD Tenerife (36)
?,(Sun) 23 Apr 2000 (W16),Atlético Madrid B (36),1-4,0-2,Villarreal CF (36)
?,(Sun) 23 Apr 2000 (W16),SD Compostela (36),3-2,2-1,Getafe CF (36)
?,(Sun) 23 Apr 2000 (W16),UE Lleida (36),2-3,1-1,CF Extremadura (36)
?,(Sun) 23 Apr 2000 (W16),CD Logroñés (36),0-0,0-0,UD Salamanca (36)
?,(Sun) 23 Apr 2000 (W16),Recreativo Huelva (36),0-1,0-0,Sporting Gijón (36)
?,(Sat) 29 Apr 2000 (W17),CD Badajoz (37),0-2,0-1,UD Las Palmas (37)
?,(Sat) 29 Apr 2000 (W17),CF Extremadura (37),1-0,0-0,Recreativo Huelva (37)
?,(Sat) 29 Apr 2000 (W17),Levante UD (37),3-0,0-0,Atlético Madrid B (37)
?,(Sun) 30 Apr 2000 (W17),Albacete Balompié (37),2-2,0-1,CD Logroñés (37)
?,(Sun) 30 Apr 2000 (W17),SD Eibar (37),0-0,0-0,SD Compostela (37)
?,(Sun) 30 Apr 2000 (W17),Elche CF (37),1-3,1-2,CA Osasuna (37)
?,(Sun) 30 Apr 2000 (W17),Getafe CF (37),0-1,0-0,Córdoba CF (37)
?,(Sun) 30 Apr 2000 (W17),UD Salamanca (37),2-1,0-0,UE Lleida (37)
?,(Sun) 30 Apr 2000 (W17),Sporting Gijón (37),0-1,0-0,CD Toledo (37)
?,(Sun) 30 Apr 2000 (W17),CD Tenerife (37),0-1,0-1,CP Mérida (37)
?,(Sun) 30 Apr 2000 (W17),Villarreal CF (37),2-0,1-0,CD Leganés (37)
?,(Sat) 6 May 2000 (W18),Atlético Madrid B (38),2-1,1-1,CD Tenerife (38)
?,(Sat) 6 May 2000 (W18),Córdoba CF (38),1-1,1-1,SD Eibar (38)
?,(Sat) 6 May 2000 (W18),UD Las Palmas (38),2-0,1-0,Getafe CF (38)
?,(Sat) 6 May 2000 (W18),UE Lleida (38),2-2,1-2,Albacete Balompié (38)
?,(Sun) 7 May 2000 (W18),SD Compostela (38),1-1,1-0,Elche CF (38)
?,(Sun) 7 May 2000 (W18),CD Leganés (38),2-0,1-0,Levante UD (38)
?,(Sun) 7 May 2000 (W18),CD Logroñés (38),2-0,0-0,CD Badajoz (38)
?,(Sun) 7 May 2000 (W18),CP Mérida (38),1-0,1-0,Sporting Gijón (38)
?,(Sun) 7 May 2000 (W18),CA Osasuna (38),3-1,2-0,Villarreal CF (38)
?,(Sun) 7 May 2000 (W18),UD Salamanca (38),2-1,1-0,CF Extremadura (38)
?,(Sun) 7 May 2000 (W18),CD Toledo (38),0-2,0-1,Recreativo Huelva (38)
?,(Sat) 13 May 2000 (W19),Albacete Balompié (39),1-0,1-0,UD Salamanca (39)
?,(Sat) 13 May 2000 (W19),CD Badajoz (39),0-0,0-0,UE Lleida (39)
?,(Sat) 13 May 2000 (W19),SD Eibar (39),4-1,1-0,UD Las Palmas (39)
?,(Sat) 13 May 2000 (W19),Elche CF (39),2-1,1-0,Córdoba CF (39)
?,(Sat) 13 May 2000 (W19),Villarreal CF (39),1-1,0-0,SD Compostela (39)
?,(Sun) 14 May 2000 (W19),CF Extremadura (39),1-2,0-2,CD Toledo (39)
?,(Sun) 14 May 2000 (W19),Getafe CF (39),2-2,0-1,CD Logroñés (39)
?,(Sun) 14 May 2000 (W19),Levante UD (39),2-1,2-1,CA Osasuna (39)
?,(Sun) 14 May 2000 (W19),Recreativo Huelva (39),0-3,0-2,CP Mérida (39)
?,(Sun) 14 May 2000 (W19),Sporting Gijón (39),3-1,1-0,Atlético Madrid B (39)
?,(Sun) 14 May 2000 (W19),CD Tenerife (39),0-0,0-0,CD Leganés (39)
?,(Sun) 21 May 2000 (W20),Albacete Balompié (40),3-1,1-0,CF Extremadura (40)
?,(Sun) 21 May 2000 (W20),Atlético Madrid B (40),1-0,0-0,Recreativo Huelva (40)
?,(Sun) 21 May 2000 (W20),SD Compostela (40),4-1,2-1,Levante UD (40)
?,(Sun) 21 May 2000 (W20),Córdoba CF (40),2-4,1-2,Villarreal CF (40)
?,(Sun) 21 May 2000 (W20),UD Las Palmas (40),4-1,3-0,Elche CF (40)
?,(Sun) 21 May 2000 (W20),CD Leganés (40),2-1,0-0,Sporting Gijón (40)
?,(Sun) 21 May 2000 (W20),UE Lleida (40),3-0,1-0,Getafe CF (40)
?,(Sun) 21 May 2000 (W20),CD Logroñés (40),0-1,0-0,SD Eibar (40)
?,(Sun) 21 May 2000 (W20),CP Mérida (40),1-1,1-0,CD Toledo (40)
?,(Sun) 21 May 2000 (W20),CA Osasuna (40),5-0,3-0,CD Tenerife (40)
?,(Sun) 21 May 2000 (W20),UD Salamanca (40),2-2,1-1,CD Badajoz (40)
?,(Sat) 27 May 2000 (W21),CD Badajoz (41),1-2,0-2,Albacete Balompié (41)
?,(Sun) 28 May 2000 (W21),SD Eibar (41),2-0,0-0,UE Lleida (41)
?,(Sun) 28 May 2000 (W21),Elche CF (41),2-1,1-0,CD Logroñés (41)
?,(Sun) 28 May 2000 (W21),Getafe CF (41),1-3,0-2,UD Salamanca (41)
?,(Sun) 28 May 2000 (W21),Levante UD (41),3-0,1-0,Córdoba CF (41)
?,(Sun) 28 May 2000 (W21),CP Mérida (41),1-0,1-0,CF Extremadura (41)
?,(Sun) 28 May 2000 (W21),Recreativo Huelva (41),1-0,0-0,CD Leganés (41)
?,(Sun) 28 May 2000 (W21),Sporting Gijón (41),1-1,0-0,CA Osasuna (41)
?,(Sun) 28 May 2000 (W21),CD Tenerife (41),0-0,0-0,SD Compostela (41)
?,(Sun) 28 May 2000 (W21),CD Toledo (41),1-1,1-0,Atlético Madrid B (41)
?,(Sun) 28 May 2000 (W21),Villarreal CF (41),1-1,1-0,UD Las Palmas (41)
?,(Sat) 3 Jun 2000 (W22),CD Leganés (42),1-2,0-0,CD Toledo (42)
?,(Sat) 3 Jun 2000 (W22),UE Lleida (42),5-2,3-2,Elche CF (42)
?,(Sun) 4 Jun 2000 (W22),Albacete Balompié (42),0-1,0-0,Getafe CF (42)
?,(Sun) 4 Jun 2000 (W22),Atlético Madrid B (42),0-0,0-0,CP Mérida (42)
?,(Sun) 4 Jun 2000 (W22),SD Compostela (42),1-1,1-0,Sporting Gijón (42)
?,(Sun) 4 Jun 2000 (W22),Córdoba CF (42),2-1,1-1,CD Tenerife (42)
?,(Sun) 4 Jun 2000 (W22),CF Extremadura (42),2-2,2-2,CD Badajoz (42)
?,(Sun) 4 Jun 2000 (W22),UD Las Palmas (42),2-1,1-0,Levante UD (42)
?,(Sun) 4 Jun 2000 (W22),CD Logroñés (42),1-0,1-0,Villarreal CF (42)
?,(Sun) 4 Jun 2000 (W22),CA Osasuna (42),2-1,0-1,Recreativo Huelva (42)
?,(Sun) 4 Jun 2000 (W22),UD Salamanca (42),2-1,1-0,SD Eibar (42)
