Round,Date,Team 1,FT,HT,Team 2
?,(Sat) 31 Aug 2002 (W35),Real Racing Santander (1),0-1,0-0,Real Valladolid CF (1)
?,(Sun) 1 Sep 2002 (W35),FC Barcelona (1),2-2,1-1,Atlético Madrid (1)
?,(Sun) 1 Sep 2002 (W35),RCD La Coruña (1),2-4,1-3,Real Betis (1)
?,(Sun) 1 Sep 2002 (W35),RCD Mallorca (1),0-2,0-1,Valencia CF (1)
?,(Sun) 1 Sep 2002 (W35),Recreativo Huelva (1),2-3,2-1,Málaga CF (1)
?,(Sun) 1 Sep 2002 (W35),Sevilla FC (1),0-1,0-1,RC Celta Vigo (1)
?,(Sun) 1 Sep 2002 (W35),Real Sociedad (1),4-2,2-1,Athletic Club Bilbao (1)
?,(Sun) 1 Sep 2002 (W35),Rayo Vallecano (1),2-2,1-1,Deportivo Alavés (1)
?,(Sun) 1 Sep 2002 (W35),Villarreal CF (1),2-2,2-0,CA Osasuna (1)
?,(Mon) 2 Sep 2002 (W36),Real Madrid (1),2-0,1-0,RCD Espanyol (1)
?,(Sat) 14 Sep 2002 (W37),Athletic Club Bilbao (2),0-2,0-2,FC Barcelona (2)
?,(Sat) 14 Sep 2002 (W37),Málaga CF (2),2-1,0-1,Rayo Vallecano (2)
?,(Sat) 14 Sep 2002 (W37),CA Osasuna (2),1-2,1-0,RCD La Coruña (2)
?,(Sat) 14 Sep 2002 (W37),Valencia CF (2),3-0,1-0,Recreativo Huelva (2)
?,(Sun) 15 Sep 2002 (W37),Deportivo Alavés (2),0-1,0-1,Real Racing Santander (2)
?,(Sun) 15 Sep 2002 (W37),Atlético Madrid (2),1-1,0-1,Sevilla FC (2)
?,(Sun) 15 Sep 2002 (W37),RC Celta Vigo (2),3-1,2-0,RCD Mallorca (2)
?,(Sun) 15 Sep 2002 (W37),RCD Espanyol (2),1-3,0-1,Real Sociedad (2)
?,(Sun) 15 Sep 2002 (W37),Real Valladolid CF (2),1-0,1-0,Villarreal CF (2)
?,(Sat) 21 Sep 2002 (W38),FC Barcelona (3),2-0,0-0,RCD Espanyol (3)
?,(Sat) 21 Sep 2002 (W38),RCD La Coruña (3),2-0,2-0,Real Valladolid CF (3)
?,(Sat) 21 Sep 2002 (W38),Real Madrid (2),4-1,1-0,CA Osasuna (3)
?,(Sun) 22 Sep 2002 (W38),Málaga CF (3),2-2,2-0,Valencia CF (3)
?,(Sun) 22 Sep 2002 (W38),RCD Mallorca (3),0-4,0-2,Atlético Madrid (3)
?,(Sun) 22 Sep 2002 (W38),Recreativo Huelva (3),0-3,0-1,RC Celta Vigo (3)
?,(Sun) 22 Sep 2002 (W38),Sevilla FC (3),1-1,0-0,Athletic Club Bilbao (3)
?,(Sun) 22 Sep 2002 (W38),Real Sociedad (3),3-3,1-2,Real Betis (2)
?,(Sun) 22 Sep 2002 (W38),Rayo Vallecano (3),3-1,1-1,Real Racing Santander (3)
?,(Sun) 22 Sep 2002 (W38),Villarreal CF (3),0-1,0-1,Deportivo Alavés (3)
?,(Sat) 28 Sep 2002 (W39),Deportivo Alavés (4),1-2,0-0,RCD La Coruña (4)
?,(Sat) 28 Sep 2002 (W39),Real Betis (3),3-0,1-0,FC Barcelona (4)
?,(Sat) 28 Sep 2002 (W39),Real Valladolid CF (4),1-1,0-1,Real Madrid (3)
?,(Sun) 29 Sep 2002 (W39),Athletic Club Bilbao (4),0-2,0-1,RCD Mallorca (4)
?,(Sun) 29 Sep 2002 (W39),Atlético Madrid (4),1-1,1-1,Recreativo Huelva (4)
?,(Sun) 29 Sep 2002 (W39),RC Celta Vigo (4),2-2,2-2,Málaga CF (4)
?,(Sun) 29 Sep 2002 (W39),RCD Espanyol (4),0-0,0-0,Sevilla FC (4)
?,(Sun) 29 Sep 2002 (W39),CA Osasuna (4),2-3,1-1,Real Sociedad (4)
?,(Sun) 29 Sep 2002 (W39),Real Racing Santander (4),1-1,0-0,Villarreal CF (4)
?,(Sun) 29 Sep 2002 (W39),Valencia CF (4),3-0,2-0,Rayo Vallecano (4)
?,(Sat) 5 Oct 2002 (W40),Recreativo Huelva (5),1-2,0-0,Athletic Club Bilbao (5)
?,(Sun) 6 Oct 2002 (W40),FC Barcelona (5),2-2,2-2,CA Osasuna (5)
?,(Sun) 6 Oct 2002 (W40),RCD La Coruña (5),0-2,0-1,Real Racing Santander (5)
?,(Sun) 6 Oct 2002 (W40),Málaga CF (5),3-1,1-0,Atlético Madrid (5)
?,(Sun) 6 Oct 2002 (W40),RCD Mallorca (5),2-0,0-0,RCD Espanyol (5)
?,(Sun) 6 Oct 2002 (W40),Real Madrid (4),5-2,2-1,Deportivo Alavés (5)
?,(Sun) 6 Oct 2002 (W40),Sevilla FC (5),1-1,0-1,Real Betis (4)
?,(Sun) 6 Oct 2002 (W40),Real Sociedad (5),2-1,0-0,Real Valladolid CF (5)
?,(Sun) 6 Oct 2002 (W40),Valencia CF (5),0-1,0-0,RC Celta Vigo (5)
?,(Sun) 6 Oct 2002 (W40),Rayo Vallecano (5),2-2,1-2,Villarreal CF (5)
?,(Tue) 8 Oct 2002 (W41),Real Betis (5),1-1,1-0,Real Madrid (5)
?,(Sat) 19 Oct 2002 (W42),Atlético Madrid (6),1-1,0-1,Valencia CF (6)
?,(Sat) 19 Oct 2002 (W42),Real Racing Santander (6),2-0,1-0,Real Madrid (6)
?,(Sat) 19 Oct 2002 (W42),Villarreal CF (6),3-1,0-1,RCD La Coruña (6)
?,(Sun) 20 Oct 2002 (W42),Deportivo Alavés (6),2-2,1-1,Real Sociedad (6)
?,(Sun) 20 Oct 2002 (W42),Athletic Club Bilbao (6),1-1,1-0,Málaga CF (6)
?,(Sun) 20 Oct 2002 (W42),Real Betis (6),0-1,0-1,RCD Mallorca (6)
?,(Sun) 20 Oct 2002 (W42),RC Celta Vigo (6),0-1,0-1,Rayo Vallecano (6)
?,(Sun) 20 Oct 2002 (W42),RCD Espanyol (6),2-0,0-0,Recreativo Huelva (6)
?,(Sun) 20 Oct 2002 (W42),CA Osasuna (6),2-1,2-1,Sevilla FC (6)
?,(Sun) 20 Oct 2002 (W42),Real Valladolid CF (6),2-1,0-0,FC Barcelona (6)
?,(Sat) 26 Oct 2002 (W43),FC Barcelona (7),6-1,4-0,Deportivo Alavés (7)
?,(Sat) 26 Oct 2002 (W43),RC Celta Vigo (7),0-0,0-0,Atlético Madrid (7)
?,(Sat) 26 Oct 2002 (W43),Real Madrid (7),1-1,1-1,Villarreal CF (7)
?,(Sat) 26 Oct 2002 (W43),Recreativo Huelva (7),1-1,0-1,Real Betis (7)
?,(Sat) 26 Oct 2002 (W43),Valencia CF (7),5-1,4-0,Athletic Club Bilbao (7)
?,(Sat) 26 Oct 2002 (W43),Rayo Vallecano (7),1-2,0-1,RCD La Coruña (7)
?,(Sun) 27 Oct 2002 (W43),Málaga CF (7),3-4,3-1,RCD Espanyol (7)
?,(Sun) 27 Oct 2002 (W43),RCD Mallorca (7),2-0,0-0,CA Osasuna (7)
?,(Sun) 27 Oct 2002 (W43),Sevilla FC (7),2-1,2-0,Real Valladolid CF (7)
?,(Sun) 27 Oct 2002 (W43),Real Sociedad (7),2-1,0-1,Real Racing Santander (7)
?,(Sat) 2 Nov 2002 (W44),Atlético Madrid (8),2-0,1-0,Rayo Vallecano (8)
?,(Sat) 2 Nov 2002 (W44),RCD La Coruña (8),0-0,0-0,Real Madrid (8)
?,(Sat) 2 Nov 2002 (W44),Real Valladolid CF (8),1-3,1-1,RCD Mallorca (8)
?,(Sun) 3 Nov 2002 (W44),Deportivo Alavés (8),1-0,0-0,Sevilla FC (8)
?,(Sun) 3 Nov 2002 (W44),Athletic Club Bilbao (8),2-1,0-1,RC Celta Vigo (8)
?,(Sun) 3 Nov 2002 (W44),Real Betis (8),3-0,0-0,Málaga CF (8)
?,(Sun) 3 Nov 2002 (W44),RCD Espanyol (8),0-1,0-0,Valencia CF (8)
?,(Sun) 3 Nov 2002 (W44),CA Osasuna (8),0-1,0-0,Recreativo Huelva (8)
?,(Sun) 3 Nov 2002 (W44),Real Racing Santander (8),1-1,1-0,FC Barcelona (8)
?,(Sun) 3 Nov 2002 (W44),Villarreal CF (8),0-1,0-1,Real Sociedad (8)
?,(Sat) 9 Nov 2002 (W45),FC Barcelona (9),1-0,0-0,Villarreal CF (9)
?,(Sat) 9 Nov 2002 (W45),Málaga CF (9),1-0,0-0,CA Osasuna (9)
?,(Sat) 9 Nov 2002 (W45),Real Sociedad (9),1-1,1-1,RCD La Coruña (9)
?,(Sat) 9 Nov 2002 (W45),Valencia CF (9),1-1,0-0,Real Betis (9)
?,(Sat) 9 Nov 2002 (W45),Rayo Vallecano (9),2-3,1-1,Real Madrid (9)
?,(Sun) 10 Nov 2002 (W45),Atlético Madrid (9),3-3,1-0,Athletic Club Bilbao (9)
?,(Sun) 10 Nov 2002 (W45),RC Celta Vigo (9),1-0,1-0,RCD Espanyol (9)
?,(Sun) 10 Nov 2002 (W45),RCD Mallorca (9),3-1,1-0,Deportivo Alavés (9)
?,(Sun) 10 Nov 2002 (W45),Recreativo Huelva (9),1-3,0-2,Real Valladolid CF (9)
?,(Sun) 10 Nov 2002 (W45),Sevilla FC (9),1-0,1-0,Real Racing Santander (9)
?,(Sat) 16 Nov 2002 (W46),RCD La Coruña (10),2-0,0-0,FC Barcelona (10)
?,(Sat) 16 Nov 2002 (W46),Villarreal CF (10),1-0,0-0,Sevilla FC (10)
?,(Sun) 17 Nov 2002 (W46),Deportivo Alavés (10),3-0,2-0,Recreativo Huelva (10)
?,(Sun) 17 Nov 2002 (W46),Athletic Club Bilbao (10),2-1,0-1,Rayo Vallecano (10)
?,(Sun) 17 Nov 2002 (W46),Real Betis (10),2-1,0-0,RC Celta Vigo (10)
?,(Sun) 17 Nov 2002 (W46),RCD Espanyol (10),1-2,0-0,Atlético Madrid (10)
?,(Sun) 17 Nov 2002 (W46),CA Osasuna (10),1-0,1-0,Valencia CF (10)
?,(Sun) 17 Nov 2002 (W46),Real Madrid (10),0-0,0-0,Real Sociedad (10)
?,(Sun) 17 Nov 2002 (W46),Real Racing Santander (10),1-2,1-1,RCD Mallorca (10)
?,(Sun) 17 Nov 2002 (W46),Real Valladolid CF (10),0-0,0-0,Málaga CF (10)
?,(Sat) 23 Nov 2002 (W47),FC Barcelona (11),0-0,0-0,Real Madrid (11)
?,(Sat) 23 Nov 2002 (W47),Sevilla FC (11),1-1,1-0,RCD La Coruña (11)
?,(Sat) 23 Nov 2002 (W47),Rayo Vallecano (11),0-0,0-0,Real Sociedad (11)
?,(Sun) 24 Nov 2002 (W47),Athletic Club Bilbao (11),4-1,1-1,RCD Espanyol (11)
?,(Sun) 24 Nov 2002 (W47),Atlético Madrid (11),1-0,1-0,Real Betis (11)
?,(Sun) 24 Nov 2002 (W47),RC Celta Vigo (11),0-0,0-0,CA Osasuna (11)
?,(Sun) 24 Nov 2002 (W47),Málaga CF (11),0-0,0-0,Deportivo Alavés (11)
?,(Sun) 24 Nov 2002 (W47),RCD Mallorca (11),1-1,0-1,Villarreal CF (11)
?,(Sun) 24 Nov 2002 (W47),Recreativo Huelva (11),2-1,0-1,Real Racing Santander (11)
?,(Sun) 24 Nov 2002 (W47),Valencia CF (11),2-0,2-0,Real Valladolid CF (11)
?,(Sat) 30 Nov 2002 (W48),CA Osasuna (12),1-0,0-0,Atlético Madrid (12)
?,(Sun) 1 Dec 2002 (W48),Deportivo Alavés (12),0-0,0-0,Valencia CF (12)
?,(Sun) 1 Dec 2002 (W48),Real Betis (12),1-0,0-0,Athletic Club Bilbao (12)
?,(Sun) 1 Dec 2002 (W48),RCD Espanyol (12),3-1,1-0,Rayo Vallecano (12)
?,(Sun) 1 Dec 2002 (W48),RCD La Coruña (12),2-2,1-2,RCD Mallorca (12)
?,(Sun) 1 Dec 2002 (W48),Real Racing Santander (12),1-0,1-0,Málaga CF (12)
?,(Sun) 1 Dec 2002 (W48),Real Sociedad (12),2-1,1-1,FC Barcelona (12)
?,(Sun) 1 Dec 2002 (W48),Real Valladolid CF (12),0-2,0-1,RC Celta Vigo (12)
?,(Sun) 1 Dec 2002 (W48),Villarreal CF (12),1-0,0-0,Recreativo Huelva (12)
?,(Sat) 7 Dec 2002 (W49),Málaga CF (13),1-1,0-0,Villarreal CF (13)
?,(Sat) 7 Dec 2002 (W49),Recreativo Huelva (13),1-1,1-1,RCD La Coruña (13)
?,(Sat) 7 Dec 2002 (W49),Sevilla FC (12),0-1,0-0,Real Sociedad (13)
?,(Sat) 7 Dec 2002 (W49),Valencia CF (13),2-0,1-0,Real Racing Santander (13)
?,(Sat) 7 Dec 2002 (W49),Rayo Vallecano (13),1-0,0-0,FC Barcelona (13)
?,(Sun) 8 Dec 2002 (W49),Athletic Club Bilbao (13),1-3,1-3,CA Osasuna (13)
?,(Sun) 8 Dec 2002 (W49),Atlético Madrid (13),1-0,0-0,Real Valladolid CF (13)
?,(Sun) 8 Dec 2002 (W49),RC Celta Vigo (13),2-1,2-0,Deportivo Alavés (13)
?,(Sun) 8 Dec 2002 (W49),RCD Espanyol (13),2-4,0-2,Real Betis (13)
?,(Sun) 8 Dec 2002 (W49),RCD Mallorca (13),1-5,1-1,Real Madrid (12)
?,(Sat) 14 Dec 2002 (W50),Deportivo Alavés (14),2-0,2-0,Atlético Madrid (14)
?,(Sat) 14 Dec 2002 (W50),Villarreal CF (14),0-2,0-0,Valencia CF (14)
?,(Sun) 15 Dec 2002 (W50),FC Barcelona (14),0-3,0-1,Sevilla FC (13)
?,(Sun) 15 Dec 2002 (W50),Real Betis (14),0-1,0-1,Rayo Vallecano (14)
?,(Sun) 15 Dec 2002 (W50),RCD La Coruña (14),1-0,0-0,Málaga CF (14)
?,(Sun) 15 Dec 2002 (W50),CA Osasuna (14),1-0,0-0,RCD Espanyol (14)
?,(Sun) 15 Dec 2002 (W50),Real Madrid (13),4-2,1-2,Recreativo Huelva (14)
?,(Sun) 15 Dec 2002 (W50),Real Racing Santander (14),3-0,0-0,RC Celta Vigo (14)
?,(Sun) 15 Dec 2002 (W50),Real Sociedad (14),2-1,0-0,RCD Mallorca (14)
?,(Sun) 15 Dec 2002 (W50),Real Valladolid CF (14),2-0,0-0,Athletic Club Bilbao (14)
?,(Sat) 21 Dec 2002 (W51),Athletic Club Bilbao (15),2-0,1-0,Deportivo Alavés (15)
?,(Sat) 21 Dec 2002 (W51),Atlético Madrid (15),1-2,0-1,Real Racing Santander (15)
?,(Sat) 21 Dec 2002 (W51),RC Celta Vigo (15),3-1,2-1,Villarreal CF (15)
?,(Sat) 21 Dec 2002 (W51),Málaga CF (15),2-3,2-0,Real Madrid (14)
?,(Sat) 21 Dec 2002 (W51),RCD Mallorca (15),0-4,0-2,FC Barcelona (15)
?,(Sat) 21 Dec 2002 (W51),Rayo Vallecano (15),0-1,0-0,Sevilla FC (14)
?,(Sun) 22 Dec 2002 (W51),Real Betis (15),2-1,1-0,CA Osasuna (15)
?,(Sun) 22 Dec 2002 (W51),RCD Espanyol (15),1-0,1-0,Real Valladolid CF (15)
?,(Sun) 22 Dec 2002 (W51),Recreativo Huelva (15),1-3,1-1,Real Sociedad (15)
?,(Sun) 22 Dec 2002 (W51),Valencia CF (15),0-1,0-1,RCD La Coruña (15)
?,(Thu) 2 Jan 2003 (W1),Real Madrid (15),3-0,2-0,Sevilla FC (15)
?,(Sat) 4 Jan 2003 (W1),RCD La Coruña (16),3-0,1-0,RC Celta Vigo (16)
?,(Sat) 4 Jan 2003 (W1),CA Osasuna (16),0-1,0-1,Rayo Vallecano (16)
?,(Sat) 4 Jan 2003 (W1),Real Racing Santander (16),3-4,3-1,Athletic Club Bilbao (16)
?,(Sat) 4 Jan 2003 (W1),Real Valladolid CF (16),3-0,0-0,Real Betis (16)
?,(Sun) 5 Jan 2003 (W1),Deportivo Alavés (16),2-1,1-1,RCD Espanyol (16)
?,(Sun) 5 Jan 2003 (W1),FC Barcelona (16),3-0,2-0,Recreativo Huelva (16)
?,(Sun) 5 Jan 2003 (W1),Real Madrid (16),4-1,1-0,Valencia CF (16)
?,(Sun) 5 Jan 2003 (W1),Sevilla FC (16),3-0,2-0,RCD Mallorca (16)
?,(Sun) 5 Jan 2003 (W1),Real Sociedad (16),2-2,2-1,Málaga CF (16)
?,(Sun) 5 Jan 2003 (W1),Villarreal CF (16),4-3,3-2,Atlético Madrid (16)
?,(Sat) 11 Jan 2003 (W2),RC Celta Vigo (17),0-1,0-1,Real Madrid (17)
?,(Sat) 11 Jan 2003 (W2),Valencia CF (17),2-2,1-0,Real Sociedad (17)
?,(Sun) 12 Jan 2003 (W2),Athletic Club Bilbao (17),0-1,0-1,Villarreal CF (17)
?,(Sun) 12 Jan 2003 (W2),Atlético Madrid (17),3-1,1-1,RCD La Coruña (17)
?,(Sun) 12 Jan 2003 (W2),Real Betis (17),2-2,1-0,Deportivo Alavés (17)
?,(Sun) 12 Jan 2003 (W2),RCD Espanyol (17),3-0,1-0,Real Racing Santander (17)
?,(Sun) 12 Jan 2003 (W2),Málaga CF (17),0-0,0-0,FC Barcelona (17)
?,(Sun) 12 Jan 2003 (W2),CA Osasuna (17),1-1,0-1,Real Valladolid CF (17)
?,(Sun) 12 Jan 2003 (W2),Recreativo Huelva (17),0-0,0-0,Sevilla FC (17)
?,(Sun) 12 Jan 2003 (W2),Rayo Vallecano (17),1-2,0-0,RCD Mallorca (17)
?,(Sat) 18 Jan 2003 (W3),FC Barcelona (18),2-4,1-2,Valencia CF (18)
?,(Sat) 18 Jan 2003 (W3),Real Sociedad (18),1-0,0-0,RC Celta Vigo (18)
?,(Sun) 19 Jan 2003 (W3),Deportivo Alavés (18),1-1,1-0,CA Osasuna (18)
?,(Sun) 19 Jan 2003 (W3),RCD La Coruña (18),2-1,0-0,Athletic Club Bilbao (18)
?,(Sun) 19 Jan 2003 (W3),RCD Mallorca (18),1-1,0-0,Recreativo Huelva (18)
?,(Sun) 19 Jan 2003 (W3),Real Madrid (18),2-2,2-1,Atlético Madrid (18)
?,(Sun) 19 Jan 2003 (W3),Real Racing Santander (18),0-1,0-0,Real Betis (18)
?,(Sun) 19 Jan 2003 (W3),Sevilla FC (18),0-0,0-0,Málaga CF (18)
?,(Sun) 19 Jan 2003 (W3),Rayo Vallecano (18),0-1,0-1,Real Valladolid CF (18)
?,(Sun) 19 Jan 2003 (W3),Villarreal CF (18),0-0,0-0,RCD Espanyol (18)
?,(Sat) 25 Jan 2003 (W4),Atlético Madrid (19),1-2,0-0,Real Sociedad (19)
?,(Sun) 26 Jan 2003 (W4),Athletic Club Bilbao (19),1-1,0-0,Real Madrid (19)
?,(Sun) 26 Jan 2003 (W4),Real Betis (19),2-1,1-0,Villarreal CF (19)
?,(Sun) 26 Jan 2003 (W4),RC Celta Vigo (19),2-0,0-0,FC Barcelona (19)
?,(Sun) 26 Jan 2003 (W4),RCD Espanyol (19),3-1,3-1,RCD La Coruña (19)
?,(Sun) 26 Jan 2003 (W4),Málaga CF (19),1-0,0-0,RCD Mallorca (19)
?,(Sun) 26 Jan 2003 (W4),CA Osasuna (19),3-1,2-1,Real Racing Santander (19)
?,(Sun) 26 Jan 2003 (W4),Recreativo Huelva (19),2-1,0-1,Rayo Vallecano (19)
?,(Sun) 26 Jan 2003 (W4),Valencia CF (19),1-0,1-0,Sevilla FC (19)
?,(Sun) 26 Jan 2003 (W4),Real Valladolid CF (19),1-3,0-1,Deportivo Alavés (19)
?,(Sat) 1 Feb 2003 (W5),Atlético Madrid (20),3-0,1-0,FC Barcelona (20)
?,(Sun) 2 Feb 2003 (W5),Deportivo Alavés (20),1-1,0-1,Rayo Vallecano (20)
?,(Sun) 2 Feb 2003 (W5),Athletic Club Bilbao (20),3-0,1-0,Real Sociedad (20)
?,(Sun) 2 Feb 2003 (W5),Real Betis (20),0-2,0-0,RCD La Coruña (20)
?,(Sun) 2 Feb 2003 (W5),RC Celta Vigo (20),0-1,0-0,Sevilla FC (20)
?,(Sun) 2 Feb 2003 (W5),RCD Espanyol (20),2-2,2-0,Real Madrid (20)
?,(Sun) 2 Feb 2003 (W5),Málaga CF (20),4-0,0-0,Recreativo Huelva (20)
?,(Sun) 2 Feb 2003 (W5),CA Osasuna (20),0-1,0-1,Villarreal CF (20)
?,(Sun) 2 Feb 2003 (W5),Valencia CF (20),1-0,0-0,RCD Mallorca (20)
?,(Sun) 2 Feb 2003 (W5),Real Valladolid CF (20),2-1,1-1,Real Racing Santander (20)
?,(Sat) 8 Feb 2003 (W6),Real Madrid (21),4-1,1-1,Real Betis (21)
?,(Sat) 8 Feb 2003 (W6),Villarreal CF (21),1-0,1-0,Real Valladolid CF (21)
?,(Sun) 9 Feb 2003 (W6),FC Barcelona (21),2-2,2-0,Athletic Club Bilbao (21)
?,(Sun) 9 Feb 2003 (W6),RCD La Coruña (21),1-1,0-0,CA Osasuna (21)
?,(Sun) 9 Feb 2003 (W6),RCD Mallorca (21),0-2,0-0,RC Celta Vigo (21)
?,(Sun) 9 Feb 2003 (W6),Recreativo Huelva (21),1-1,1-0,Valencia CF (21)
?,(Sun) 9 Feb 2003 (W6),Real Racing Santander (21),2-0,1-0,Deportivo Alavés (21)
?,(Sun) 9 Feb 2003 (W6),Sevilla FC (21),1-1,0-0,Atlético Madrid (21)
?,(Sun) 9 Feb 2003 (W6),Real Sociedad (21),0-0,0-0,RCD Espanyol (21)
?,(Sun) 9 Feb 2003 (W6),Rayo Vallecano (21),2-1,1-0,Málaga CF (21)
?,(Sat) 15 Feb 2003 (W7),RCD Espanyol (22),0-2,0-2,FC Barcelona (22)
?,(Sat) 15 Feb 2003 (W7),Valencia CF (22),2-0,0-0,Málaga CF (22)
?,(Sat) 15 Feb 2003 (W7),Real Valladolid CF (22),0-1,0-0,RCD La Coruña (22)
?,(Sun) 16 Feb 2003 (W7),Deportivo Alavés (22),1-0,0-0,Villarreal CF (22)
?,(Sun) 16 Feb 2003 (W7),Athletic Club Bilbao (22),2-0,0-0,Sevilla FC (22)
?,(Sun) 16 Feb 2003 (W7),Atlético Madrid (22),2-1,1-1,RCD Mallorca (22)
?,(Sun) 16 Feb 2003 (W7),Real Betis (22),3-2,1-0,Real Sociedad (22)
?,(Sun) 16 Feb 2003 (W7),RC Celta Vigo (22),4-1,1-0,Recreativo Huelva (22)
?,(Sun) 16 Feb 2003 (W7),CA Osasuna (22),1-0,1-0,Real Madrid (22)
?,(Sun) 16 Feb 2003 (W7),Real Racing Santander (22),2-0,2-0,Rayo Vallecano (22)
?,(Sat) 22 Feb 2003 (W8),FC Barcelona (23),4-0,3-0,Real Betis (23)
?,(Sat) 22 Feb 2003 (W8),RCD La Coruña (23),6-0,3-0,Deportivo Alavés (23)
?,(Sat) 22 Feb 2003 (W8),Real Madrid (23),3-1,2-1,Real Valladolid CF (23)
?,(Sun) 23 Feb 2003 (W8),Málaga CF (23),1-1,0-1,RC Celta Vigo (23)
?,(Sun) 23 Feb 2003 (W8),RCD Mallorca (23),1-1,1-1,Athletic Club Bilbao (23)
?,(Sun) 23 Feb 2003 (W8),Recreativo Huelva (23),3-0,0-0,Atlético Madrid (23)
?,(Sun) 23 Feb 2003 (W8),Sevilla FC (23),1-0,1-0,RCD Espanyol (23)
?,(Sun) 23 Feb 2003 (W8),Real Sociedad (23),2-0,1-0,CA Osasuna (23)
?,(Sun) 23 Feb 2003 (W8),Rayo Vallecano (23),0-4,0-3,Valencia CF (23)
?,(Sun) 23 Feb 2003 (W8),Villarreal CF (23),0-3,0-0,Real Racing Santander (23)
?,(Sat) 1 Mar 2003 (W9),Deportivo Alavés (24),1-5,0-2,Real Madrid (24)
?,(Sat) 1 Mar 2003 (W9),Athletic Club Bilbao (24),2-3,0-3,Recreativo Huelva (24)
?,(Sat) 1 Mar 2003 (W9),RCD Espanyol (24),2-0,2-0,RCD Mallorca (24)
?,(Sun) 2 Mar 2003 (W9),Atlético Madrid (24),2-1,1-0,Málaga CF (24)
?,(Sun) 2 Mar 2003 (W9),Real Betis (24),0-1,0-0,Sevilla FC (24)
?,(Sun) 2 Mar 2003 (W9),RC Celta Vigo (24),1-1,1-1,Valencia CF (24)
?,(Sun) 2 Mar 2003 (W9),CA Osasuna (24),2-2,0-0,FC Barcelona (24)
?,(Sun) 2 Mar 2003 (W9),Real Racing Santander (24),1-2,0-1,RCD La Coruña (24)
?,(Sun) 2 Mar 2003 (W9),Real Valladolid CF (24),3-0,3-0,Real Sociedad (24)
?,(Sun) 2 Mar 2003 (W9),Villarreal CF (24),2-1,1-0,Rayo Vallecano (24)
?,(Sat) 8 Mar 2003 (W10),FC Barcelona (25),1-1,1-0,Real Valladolid CF (25)
?,(Sat) 8 Mar 2003 (W10),RCD La Coruña (25),2-1,2-1,Villarreal CF (25)
?,(Sat) 8 Mar 2003 (W10),Real Madrid (25),4-1,2-0,Real Racing Santander (25)
?,(Sat) 8 Mar 2003 (W10),Valencia CF (25),0-1,0-0,Atlético Madrid (25)
?,(Sun) 9 Mar 2003 (W10),Málaga CF (25),3-0,1-0,Athletic Club Bilbao (25)
?,(Sun) 9 Mar 2003 (W10),RCD Mallorca (25),2-1,1-1,Real Betis (25)
?,(Sun) 9 Mar 2003 (W10),Recreativo Huelva (25),0-0,0-0,RCD Espanyol (25)
?,(Sun) 9 Mar 2003 (W10),Sevilla FC (25),2-0,2-0,CA Osasuna (25)
?,(Sun) 9 Mar 2003 (W10),Real Sociedad (25),3-1,3-0,Deportivo Alavés (25)
?,(Sun) 9 Mar 2003 (W10),Rayo Vallecano (25),1-0,0-0,RC Celta Vigo (25)
?,(Sat) 15 Mar 2003 (W11),RCD La Coruña (26),2-0,1-0,Rayo Vallecano (26)
?,(Sat) 15 Mar 2003 (W11),Real Racing Santander (26),1-2,1-1,Real Sociedad (26)
?,(Sat) 15 Mar 2003 (W11),Villarreal CF (26),0-1,0-0,Real Madrid (26)
?,(Sun) 16 Mar 2003 (W11),Deportivo Alavés (26),0-0,0-0,FC Barcelona (26)
?,(Sun) 16 Mar 2003 (W11),Athletic Club Bilbao (26),1-0,1-0,Valencia CF (26)
?,(Sun) 16 Mar 2003 (W11),Atlético Madrid (26),0-1,0-0,RC Celta Vigo (26)
?,(Sun) 16 Mar 2003 (W11),Real Betis (26),1-1,1-0,Recreativo Huelva (26)
?,(Sun) 16 Mar 2003 (W11),RCD Espanyol (26),2-1,0-0,Málaga CF (26)
?,(Sun) 16 Mar 2003 (W11),CA Osasuna (26),0-0,0-0,RCD Mallorca (26)
?,(Sun) 16 Mar 2003 (W11),Real Valladolid CF (26),0-0,0-0,Sevilla FC (26)
?,(Sat) 22 Mar 2003 (W12),Rayo Vallecano (27),0-0,0-0,Atlético Madrid (27)
?,(Sun) 23 Mar 2003 (W12),FC Barcelona (27),6-1,3-0,Real Racing Santander (27)
?,(Sun) 23 Mar 2003 (W12),RC Celta Vigo (27),2-1,1-1,Athletic Club Bilbao (27)
?,(Sun) 23 Mar 2003 (W12),Málaga CF (27),0-0,0-0,Real Betis (27)
?,(Sun) 23 Mar 2003 (W12),RCD Mallorca (27),2-1,0-1,Real Valladolid CF (27)
?,(Sun) 23 Mar 2003 (W12),Real Madrid (27),2-0,1-0,RCD La Coruña (27)
?,(Sun) 23 Mar 2003 (W12),Recreativo Huelva (27),1-1,0-0,CA Osasuna (27)
?,(Sun) 23 Mar 2003 (W12),Sevilla FC (27),3-2,1-0,Deportivo Alavés (27)
?,(Sun) 23 Mar 2003 (W12),Real Sociedad (27),2-2,1-0,Villarreal CF (27)
?,(Sun) 23 Mar 2003 (W12),Valencia CF (27),1-1,0-1,RCD Espanyol (27)
?,(Sat) 5 Apr 2003 (W14),Real Betis (28),2-0,1-0,Valencia CF (28)
?,(Sat) 5 Apr 2003 (W14),RCD Espanyol (28),0-0,0-0,RC Celta Vigo (28)
?,(Sat) 5 Apr 2003 (W14),Real Madrid (28),3-1,0-1,Rayo Vallecano (28)
?,(Sat) 5 Apr 2003 (W14),Villarreal CF (28),2-0,0-0,FC Barcelona (28)
?,(Sun) 6 Apr 2003 (W14),Deportivo Alavés (28),0-0,0-0,RCD Mallorca (28)
?,(Sun) 6 Apr 2003 (W14),Athletic Club Bilbao (28),1-0,0-0,Atlético Madrid (28)
?,(Sun) 6 Apr 2003 (W14),RCD La Coruña (28),2-1,1-1,Real Sociedad (28)
?,(Sun) 6 Apr 2003 (W14),CA Osasuna (28),0-1,0-0,Málaga CF (28)
?,(Sun) 6 Apr 2003 (W14),Real Racing Santander (28),1-0,1-0,Sevilla FC (28)
?,(Sun) 6 Apr 2003 (W14),Real Valladolid CF (28),0-1,0-1,Recreativo Huelva (28)
?,(Sat) 12 Apr 2003 (W15),FC Barcelona (29),2-4,2-1,RCD La Coruña (29)
?,(Sat) 12 Apr 2003 (W15),Sevilla FC (29),3-1,1-1,Villarreal CF (29)
?,(Sun) 13 Apr 2003 (W15),Atlético Madrid (29),3-3,0-1,RCD Espanyol (29)
?,(Sun) 13 Apr 2003 (W15),RC Celta Vigo (29),1-0,1-0,Real Betis (29)
?,(Sun) 13 Apr 2003 (W15),Málaga CF (29),1-0,0-0,Real Valladolid CF (29)
?,(Sun) 13 Apr 2003 (W15),RCD Mallorca (29),3-3,1-3,Real Racing Santander (29)
?,(Sun) 13 Apr 2003 (W15),Recreativo Huelva (29),1-0,1-0,Deportivo Alavés (29)
?,(Sun) 13 Apr 2003 (W15),Real Sociedad (29),4-2,4-1,Real Madrid (29)
?,(Sun) 13 Apr 2003 (W15),Valencia CF (29),1-0,1-0,CA Osasuna (29)
?,(Sun) 13 Apr 2003 (W15),Rayo Vallecano (29),1-1,0-0,Athletic Club Bilbao (29)
?,(Sat) 19 Apr 2003 (W16),Real Madrid (30),1-1,1-1,FC Barcelona (30)
?,(Sat) 19 Apr 2003 (W16),Real Valladolid CF (30),1-0,0-0,Valencia CF (30)
?,(Sat) 19 Apr 2003 (W16),Villarreal CF (30),1-1,1-1,RCD Mallorca (30)
?,(Sun) 20 Apr 2003 (W16),Deportivo Alavés (30),0-1,0-0,Málaga CF (30)
?,(Sun) 20 Apr 2003 (W16),Real Betis (30),2-2,0-1,Atlético Madrid (30)
?,(Sun) 20 Apr 2003 (W16),RCD Espanyol (30),3-3,0-3,Athletic Club Bilbao (30)
?,(Sun) 20 Apr 2003 (W16),RCD La Coruña (30),3-1,2-0,Sevilla FC (30)
?,(Sun) 20 Apr 2003 (W16),CA Osasuna (30),0-2,0-1,RC Celta Vigo (30)
?,(Sun) 20 Apr 2003 (W16),Real Racing Santander (30),1-0,0-0,Recreativo Huelva (30)
?,(Sun) 20 Apr 2003 (W16),Real Sociedad (30),5-0,1-0,Rayo Vallecano (30)
?,(Sat) 26 Apr 2003 (W17),Athletic Club Bilbao (31),3-1,3-1,Real Betis (31)
?,(Sat) 26 Apr 2003 (W17),Atlético Madrid (31),0-1,0-1,CA Osasuna (31)
?,(Sun) 27 Apr 2003 (W17),FC Barcelona (31),2-1,2-0,Real Sociedad (31)
?,(Sun) 27 Apr 2003 (W17),RC Celta Vigo (31),0-0,0-0,Real Valladolid CF (31)
?,(Sun) 27 Apr 2003 (W17),Málaga CF (31),2-2,0-0,Real Racing Santander (31)
?,(Sun) 27 Apr 2003 (W17),RCD Mallorca (31),3-0,2-0,RCD La Coruña (31)
?,(Sun) 27 Apr 2003 (W17),Recreativo Huelva (31),5-0,1-0,Villarreal CF (31)
?,(Sun) 27 Apr 2003 (W17),Sevilla FC (31),1-3,1-1,Real Madrid (31)
?,(Sun) 27 Apr 2003 (W17),Valencia CF (31),3-0,1-0,Deportivo Alavés (31)
?,(Sun) 27 Apr 2003 (W17),Rayo Vallecano (31),0-3,0-1,RCD Espanyol (31)
?,(Sat) 3 May 2003 (W18),Real Madrid (32),1-5,1-0,RCD Mallorca (32)
?,(Sat) 3 May 2003 (W18),Real Sociedad (32),1-0,1-0,Sevilla FC (32)
?,(Sun) 4 May 2003 (W18),Deportivo Alavés (32),0-0,0-0,RC Celta Vigo (32)
?,(Sun) 4 May 2003 (W18),FC Barcelona (32),3-0,0-0,Rayo Vallecano (32)
?,(Sun) 4 May 2003 (W18),Real Betis (32),1-1,1-0,RCD Espanyol (32)
?,(Sun) 4 May 2003 (W18),RCD La Coruña (32),5-0,4-0,Recreativo Huelva (32)
?,(Sun) 4 May 2003 (W18),CA Osasuna (32),1-5,0-3,Athletic Club Bilbao (32)
?,(Sun) 4 May 2003 (W18),Real Racing Santander (32),2-1,2-1,Valencia CF (32)
?,(Sun) 4 May 2003 (W18),Real Valladolid CF (32),3-1,1-0,Atlético Madrid (32)
?,(Sun) 4 May 2003 (W18),Villarreal CF (32),0-0,0-0,Málaga CF (32)
?,(Sat) 10 May 2003 (W19),Athletic Club Bilbao (33),0-0,0-0,Real Valladolid CF (33)
?,(Sat) 10 May 2003 (W19),Atlético Madrid (33),0-1,0-0,Deportivo Alavés (33)
?,(Sat) 10 May 2003 (W19),RCD Espanyol (33),0-0,0-0,CA Osasuna (33)
?,(Sat) 10 May 2003 (W19),Málaga CF (33),0-2,0-1,RCD La Coruña (33)
?,(Sat) 10 May 2003 (W19),Recreativo Huelva (33),0-0,0-0,Real Madrid (33)
?,(Sun) 11 May 2003 (W19),RC Celta Vigo (33),2-2,1-0,Real Racing Santander (33)
?,(Sun) 11 May 2003 (W19),RCD Mallorca (33),1-3,0-2,Real Sociedad (33)
?,(Sun) 11 May 2003 (W19),Sevilla FC (33),0-0,0-0,FC Barcelona (33)
?,(Sun) 11 May 2003 (W19),Valencia CF (33),1-2,0-2,Villarreal CF (33)
?,(Sun) 11 May 2003 (W19),Rayo Vallecano (33),1-1,1-1,Real Betis (33)
?,(Sat) 17 May 2003 (W20),RCD La Coruña (34),1-2,0-1,Valencia CF (34)
?,(Sat) 17 May 2003 (W20),Real Racing Santander (34),0-2,0-0,Atlético Madrid (34)
?,(Sun) 18 May 2003 (W20),Deportivo Alavés (34),2-4,2-1,Athletic Club Bilbao (34)
?,(Sun) 18 May 2003 (W20),FC Barcelona (34),1-2,0-1,RCD Mallorca (34)
?,(Sun) 18 May 2003 (W20),CA Osasuna (34),2-1,2-1,Real Betis (34)
?,(Sun) 18 May 2003 (W20),Real Madrid (34),5-1,3-0,Málaga CF (34)
?,(Sun) 18 May 2003 (W20),Sevilla FC (34),3-3,1-0,Rayo Vallecano (34)
?,(Sun) 18 May 2003 (W20),Real Sociedad (34),1-0,1-0,Recreativo Huelva (34)
?,(Sun) 18 May 2003 (W20),Real Valladolid CF (34),1-1,1-1,RCD Espanyol (34)
?,(Sun) 18 May 2003 (W20),Villarreal CF (34),5-0,0-0,RC Celta Vigo (34)
?,(Sat) 24 May 2003 (W21),Athletic Club Bilbao (35),2-1,0-0,Real Racing Santander (35)
?,(Sat) 24 May 2003 (W21),Atlético Madrid (35),3-2,1-2,Villarreal CF (35)
?,(Sat) 24 May 2003 (W21),RC Celta Vigo (35),3-0,0-0,RCD La Coruña (35)
?,(Sat) 24 May 2003 (W21),Valencia CF (35),1-2,1-1,Real Madrid (35)
?,(Sat) 24 May 2003 (W21),Rayo Vallecano (35),0-0,0-0,CA Osasuna (35)
?,(Sun) 25 May 2003 (W21),Real Betis (35),2-2,0-0,Real Valladolid CF (35)
?,(Sun) 25 May 2003 (W21),RCD Espanyol (35),3-1,1-0,Deportivo Alavés (35)
?,(Sun) 25 May 2003 (W21),Málaga CF (35),0-2,0-0,Real Sociedad (35)
?,(Sun) 25 May 2003 (W21),RCD Mallorca (35),1-3,1-1,Sevilla FC (35)
?,(Sun) 25 May 2003 (W21),Recreativo Huelva (35),1-3,0-1,FC Barcelona (35)
?,(Sat) 31 May 2003 (W22),Real Madrid (36),1-1,0-1,RC Celta Vigo (36)
?,(Sun) 1 Jun 2003 (W22),Deportivo Alavés (36),0-1,0-0,Real Betis (36)
?,(Sun) 1 Jun 2003 (W22),FC Barcelona (36),2-1,1-0,Málaga CF (36)
?,(Sun) 1 Jun 2003 (W22),RCD La Coruña (36),3-2,1-1,Atlético Madrid (36)
?,(Sun) 1 Jun 2003 (W22),RCD Mallorca (36),1-1,0-0,Rayo Vallecano (36)
?,(Sun) 1 Jun 2003 (W22),Real Racing Santander (36),5-2,2-0,RCD Espanyol (36)
?,(Sun) 1 Jun 2003 (W22),Sevilla FC (36),1-0,0-0,Recreativo Huelva (36)
?,(Sun) 1 Jun 2003 (W22),Real Sociedad (36),1-1,1-1,Valencia CF (36)
?,(Sun) 1 Jun 2003 (W22),Real Valladolid CF (36),0-2,0-2,CA Osasuna (36)
?,(Sun) 1 Jun 2003 (W22),Villarreal CF (36),1-1,1-1,Athletic Club Bilbao (36)
?,(Sat) 14 Jun 2003 (W24),Real Valladolid CF (37),2-0,0-0,Rayo Vallecano (37)
?,(Sun) 15 Jun 2003 (W24),Athletic Club Bilbao (37),3-2,2-0,RCD La Coruña (37)
?,(Sun) 15 Jun 2003 (W24),Atlético Madrid (37),0-4,0-3,Real Madrid (37)
?,(Sun) 15 Jun 2003 (W24),Real Betis (37),4-2,2-0,Real Racing Santander (37)
?,(Sun) 15 Jun 2003 (W24),RC Celta Vigo (37),3-2,1-0,Real Sociedad (37)
?,(Sun) 15 Jun 2003 (W24),RCD Espanyol (37),2-2,1-0,Villarreal CF (37)
?,(Sun) 15 Jun 2003 (W24),Málaga CF (37),3-2,1-1,Sevilla FC (37)
?,(Sun) 15 Jun 2003 (W24),CA Osasuna (37),4-2,1-1,Deportivo Alavés (37)
?,(Sun) 15 Jun 2003 (W24),Recreativo Huelva (37),1-1,0-1,RCD Mallorca (37)
?,(Sun) 15 Jun 2003 (W24),Valencia CF (37),1-3,0-1,FC Barcelona (37)
?,(Sat) 21 Jun 2003 (W25),Deportivo Alavés (38),1-1,0-1,Real Valladolid CF (38)
?,(Sat) 21 Jun 2003 (W25),RCD La Coruña (38),2-1,0-1,RCD Espanyol (38)
?,(Sat) 21 Jun 2003 (W25),RCD Mallorca (38),1-0,0-0,Málaga CF (38)
?,(Sat) 21 Jun 2003 (W25),Real Racing Santander (38),2-3,1-2,CA Osasuna (38)
?,(Sat) 21 Jun 2003 (W25),Sevilla FC (38),0-3,0-2,Valencia CF (38)
?,(Sat) 21 Jun 2003 (W25),Rayo Vallecano (38),0-0,0-0,Recreativo Huelva (38)
?,(Sun) 22 Jun 2003 (W25),FC Barcelona (38),2-0,1-0,RC Celta Vigo (38)
?,(Sun) 22 Jun 2003 (W25),Real Madrid (38),3-1,2-1,Athletic Club Bilbao (38)
?,(Sun) 22 Jun 2003 (W25),Real Sociedad (38),3-0,0-0,Atlético Madrid (38)
?,(Sun) 22 Jun 2003 (W25),Villarreal CF (38),1-4,1-2,Real Betis (38)
