Round,Date,Team 1,FT,HT,Team 2
?,(Sat) 31 Aug 2002 (W35),UD Almería (1),1-2,1-0,UD Salamanca (1)
?,(Sat) 31 Aug 2002 (W35),Elche CF (1),0-1,0-0,Xerez CD (1)
?,(Sat) 31 Aug 2002 (W35),Getafe CF (1),2-2,0-2,Levante UD (1)
?,(Sat) 31 Aug 2002 (W35),UD Las Palmas (1),2-0,2-0,Racing Ferrol (1)
?,(Sat) 31 Aug 2002 (W35),Terrassa FC (1),1-1,1-1,Albacete Balompié (1)
?,(Sun) 1 Sep 2002 (W35),CD Badajoz (1),0-0,0-0,CD Leganés (1)
?,(Sun) 1 Sep 2002 (W35),SD Compostela (1),1-1,1-0,CD Tenerife (1)
?,(Sun) 1 Sep 2002 (W35),SD Eibar (1),0-0,0-0,Polideportivo Ejido (1)
?,(Sun) 1 Sep 2002 (W35),CD Numancia (1),1-0,1-0,Sporting Gijón (1)
?,(Sun) 1 Sep 2002 (W35),Real Oviedo (1),0-1,0-0,Real Murcia CF (1)
?,(Sun) 1 Sep 2002 (W35),Real Zaragoza (1),0-0,0-0,Córdoba CF (1)
?,(Sat) 14 Sep 2002 (W37),Córdoba CF (2),3-0,1-0,UD Almería (2)
?,(Sat) 14 Sep 2002 (W37),Racing Ferrol (2),1-1,1-1,SD Compostela (2)
?,(Sat) 14 Sep 2002 (W37),CD Tenerife (2),1-1,0-1,Real Oviedo (2)
?,(Sun) 15 Sep 2002 (W37),Albacete Balompié (2),1-0,1-0,CD Badajoz (2)
?,(Sun) 15 Sep 2002 (W37),CD Leganés (2),2-1,0-0,CD Numancia (2)
?,(Sun) 15 Sep 2002 (W37),Levante UD (2),3-2,0-0,Real Zaragoza (2)
?,(Sun) 15 Sep 2002 (W37),Real Murcia CF (2),2-0,1-0,Getafe CF (2)
?,(Sun) 15 Sep 2002 (W37),Polideportivo Ejido (2),1-2,0-1,Terrassa FC (2)
?,(Sun) 15 Sep 2002 (W37),UD Salamanca (2),0-0,0-0,SD Eibar (2)
?,(Sun) 15 Sep 2002 (W37),Sporting Gijón (2),0-0,0-0,Elche CF (2)
?,(Sun) 15 Sep 2002 (W37),Xerez CD (2),2-2,0-1,UD Las Palmas (2)
?,(Sat) 21 Sep 2002 (W38),UD Almería (3),2-2,2-0,Levante UD (3)
?,(Sat) 21 Sep 2002 (W38),SD Eibar (3),1-0,0-0,Córdoba CF (3)
?,(Sat) 21 Sep 2002 (W38),UD Las Palmas (3),1-1,0-1,SD Compostela (3)
?,(Sat) 21 Sep 2002 (W38),CD Numancia (3),1-2,0-1,Albacete Balompié (3)
?,(Sat) 21 Sep 2002 (W38),Real Oviedo (3),1-2,0-0,Racing Ferrol (3)
?,(Sun) 22 Sep 2002 (W38),CD Badajoz (3),0-2,0-1,Polideportivo Ejido (3)
?,(Sun) 22 Sep 2002 (W38),Elche CF (3),1-1,1-1,CD Leganés (3)
?,(Sun) 22 Sep 2002 (W38),Getafe CF (3),2-1,1-1,CD Tenerife (3)
?,(Sun) 22 Sep 2002 (W38),Terrassa FC (3),1-0,1-0,UD Salamanca (3)
?,(Sun) 22 Sep 2002 (W38),Xerez CD (3),1-0,0-0,Sporting Gijón (3)
?,(Sun) 22 Sep 2002 (W38),Real Zaragoza (3),1-0,0-0,Real Murcia CF (3)
?,(Sat) 28 Sep 2002 (W39),SD Compostela (4),0-1,0-0,Real Oviedo (4)
?,(Sat) 28 Sep 2002 (W39),Córdoba CF (4),0-2,0-0,Terrassa FC (4)
?,(Sat) 28 Sep 2002 (W39),CD Leganés (4),1-2,1-2,Xerez CD (4)
?,(Sat) 28 Sep 2002 (W39),Levante UD (4),3-1,1-1,SD Eibar (4)
?,(Sun) 29 Sep 2002 (W39),Albacete Balompié (4),1-1,0-1,Elche CF (4)
?,(Sun) 29 Sep 2002 (W39),Racing Ferrol (4),2-1,1-0,Getafe CF (4)
?,(Sun) 29 Sep 2002 (W39),Real Murcia CF (4),3-0,2-0,UD Almería (4)
?,(Sun) 29 Sep 2002 (W39),Polideportivo Ejido (4),3-2,1-2,CD Numancia (4)
?,(Sun) 29 Sep 2002 (W39),UD Salamanca (4),0-1,0-0,CD Badajoz (4)
?,(Sun) 29 Sep 2002 (W39),Sporting Gijón (4),0-0,0-0,UD Las Palmas (4)
?,(Sun) 29 Sep 2002 (W39),CD Tenerife (4),2-0,0-0,Real Zaragoza (4)
?,(Sat) 5 Oct 2002 (W40),Getafe CF (5),2-0,0-0,SD Compostela (5)
?,(Sat) 5 Oct 2002 (W40),UD Las Palmas (5),2-0,1-0,Real Oviedo (5)
?,(Sat) 5 Oct 2002 (W40),Xerez CD (5),1-0,0-0,Albacete Balompié (5)
?,(Sun) 6 Oct 2002 (W40),UD Almería (5),1-1,1-0,CD Tenerife (5)
?,(Sun) 6 Oct 2002 (W40),CD Badajoz (5),2-0,2-0,Córdoba CF (5)
?,(Sun) 6 Oct 2002 (W40),SD Eibar (5),1-1,0-0,Real Murcia CF (5)
?,(Sun) 6 Oct 2002 (W40),Elche CF (5),3-0,0-0,Polideportivo Ejido (5)
?,(Sun) 6 Oct 2002 (W40),CD Numancia (5),1-0,1-0,UD Salamanca (5)
?,(Sun) 6 Oct 2002 (W40),Sporting Gijón (5),1-1,1-1,CD Leganés (5)
?,(Sun) 6 Oct 2002 (W40),Terrassa FC (5),1-1,1-0,Levante UD (5)
?,(Sun) 6 Oct 2002 (W40),Real Zaragoza (5),2-2,2-1,Racing Ferrol (5)
?,(Sat) 12 Oct 2002 (W41),CD Leganés (6),1-1,0-1,UD Las Palmas (6)
?,(Sat) 12 Oct 2002 (W41),Polideportivo Ejido (6),2-0,1-0,Xerez CD (6)
?,(Sun) 13 Oct 2002 (W41),Albacete Balompié (6),4-0,1-0,Sporting Gijón (6)
?,(Sun) 13 Oct 2002 (W41),SD Compostela (6),0-0,0-0,Real Zaragoza (6)
?,(Sun) 13 Oct 2002 (W41),Córdoba CF (6),1-1,0-1,CD Numancia (6)
?,(Sun) 13 Oct 2002 (W41),Racing Ferrol (6),1-1,0-1,UD Almería (6)
?,(Sun) 13 Oct 2002 (W41),Levante UD (6),4-0,3-0,CD Badajoz (6)
?,(Sun) 13 Oct 2002 (W41),Real Murcia CF (6),0-0,0-0,Terrassa FC (6)
?,(Sun) 13 Oct 2002 (W41),Real Oviedo (6),3-4,3-2,Getafe CF (6)
?,(Sun) 13 Oct 2002 (W41),UD Salamanca (6),1-3,1-0,Elche CF (6)
?,(Sun) 13 Oct 2002 (W41),CD Tenerife (6),1-0,1-0,SD Eibar (6)
?,(Sat) 19 Oct 2002 (W42),SD Eibar (7),1-0,1-0,Racing Ferrol (7)
?,(Sat) 19 Oct 2002 (W42),Elche CF (7),0-0,0-0,Córdoba CF (7)
?,(Sat) 19 Oct 2002 (W42),UD Las Palmas (7),2-1,2-1,Getafe CF (7)
?,(Sun) 20 Oct 2002 (W42),UD Almería (7),2-1,0-1,SD Compostela (7)
?,(Sun) 20 Oct 2002 (W42),CD Badajoz (7),1-0,1-0,Real Murcia CF (7)
?,(Sun) 20 Oct 2002 (W42),CD Leganés (7),1-1,0-0,Albacete Balompié (7)
?,(Sun) 20 Oct 2002 (W42),CD Numancia (7),0-2,0-1,Levante UD (7)
?,(Sun) 20 Oct 2002 (W42),Sporting Gijón (7),1-1,0-0,Polideportivo Ejido (7)
?,(Sun) 20 Oct 2002 (W42),Terrassa FC (7),1-1,1-1,CD Tenerife (7)
?,(Sun) 20 Oct 2002 (W42),Xerez CD (7),0-1,0-1,UD Salamanca (7)
?,(Sun) 20 Oct 2002 (W42),Real Zaragoza (7),3-1,0-0,Real Oviedo (7)
?,(Sat) 26 Oct 2002 (W43),Levante UD (8),2-2,1-0,Elche CF (8)
?,(Sat) 26 Oct 2002 (W43),Polideportivo Ejido (8),1-0,0-0,CD Leganés (8)
?,(Sun) 27 Oct 2002 (W43),Albacete Balompié (8),2-1,1-0,UD Las Palmas (8)
?,(Sun) 27 Oct 2002 (W43),SD Compostela (8),1-0,1-0,SD Eibar (8)
?,(Sun) 27 Oct 2002 (W43),Córdoba CF (8),1-3,1-2,Xerez CD (8)
?,(Sun) 27 Oct 2002 (W43),Racing Ferrol (8),1-1,0-1,Terrassa FC (8)
?,(Sun) 27 Oct 2002 (W43),Getafe CF (8),1-2,0-0,Real Zaragoza (8)
?,(Sun) 27 Oct 2002 (W43),Real Murcia CF (8),2-1,0-0,CD Numancia (8)
?,(Sun) 27 Oct 2002 (W43),Real Oviedo (8),1-1,1-0,UD Almería (8)
?,(Sun) 27 Oct 2002 (W43),UD Salamanca (8),0-0,0-0,Sporting Gijón (8)
?,(Sun) 27 Oct 2002 (W43),CD Tenerife (8),3-3,0-1,CD Badajoz (8)
?,(Sat) 2 Nov 2002 (W44),Albacete Balompié (9),1-1,1-1,Polideportivo Ejido (9)
?,(Sat) 2 Nov 2002 (W44),CD Badajoz (9),1-0,1-0,Racing Ferrol (9)
?,(Sat) 2 Nov 2002 (W44),SD Eibar (9),2-1,2-1,Real Oviedo (9)
?,(Sat) 2 Nov 2002 (W44),UD Las Palmas (9),0-1,0-0,Real Zaragoza (9)
?,(Sat) 2 Nov 2002 (W44),Terrassa FC (9),2-1,1-1,SD Compostela (9)
?,(Sat) 2 Nov 2002 (W44),Xerez CD (9),2-1,1-1,Levante UD (9)
?,(Sun) 3 Nov 2002 (W44),UD Almería (9),1-1,1-0,Getafe CF (9)
?,(Sun) 3 Nov 2002 (W44),Elche CF (9),0-2,0-0,Real Murcia CF (9)
?,(Sun) 3 Nov 2002 (W44),CD Leganés (9),0-2,0-1,UD Salamanca (9)
?,(Sun) 3 Nov 2002 (W44),CD Numancia (9),1-0,0-0,CD Tenerife (9)
?,(Sun) 3 Nov 2002 (W44),Sporting Gijón (9),0-0,0-0,Córdoba CF (9)
?,(Sat) 9 Nov 2002 (W45),Córdoba CF (10),1-0,0-0,CD Leganés (10)
?,(Sat) 9 Nov 2002 (W45),CD Tenerife (10),0-0,0-0,Elche CF (10)
?,(Sun) 10 Nov 2002 (W45),SD Compostela (10),3-0,0-0,CD Badajoz (10)
?,(Sun) 10 Nov 2002 (W45),Racing Ferrol (10),1-0,0-0,CD Numancia (10)
?,(Sun) 10 Nov 2002 (W45),Getafe CF (10),4-2,1-1,SD Eibar (10)
?,(Sun) 10 Nov 2002 (W45),Levante UD (10),2-1,1-0,Sporting Gijón (10)
?,(Sun) 10 Nov 2002 (W45),Real Murcia CF (10),1-1,0-1,Xerez CD (10)
?,(Sun) 10 Nov 2002 (W45),Real Oviedo (10),2-2,1-0,Terrassa FC (10)
?,(Sun) 10 Nov 2002 (W45),Polideportivo Ejido (10),0-0,0-0,UD Las Palmas (10)
?,(Sun) 10 Nov 2002 (W45),UD Salamanca (10),0-1,0-0,Albacete Balompié (10)
?,(Sun) 10 Nov 2002 (W45),Real Zaragoza (10),1-0,0-0,UD Almería (10)
?,(Sat) 16 Nov 2002 (W46),Albacete Balompié (11),0-0,0-0,Córdoba CF (11)
?,(Sat) 16 Nov 2002 (W46),Terrassa FC (11),1-1,1-1,Getafe CF (11)
?,(Sun) 17 Nov 2002 (W46),CD Badajoz (11),0-1,0-0,Real Oviedo (11)
?,(Sun) 17 Nov 2002 (W46),SD Eibar (11),0-0,0-0,Real Zaragoza (11)
?,(Sun) 17 Nov 2002 (W46),Elche CF (11),1-2,1-1,Racing Ferrol (11)
?,(Sun) 17 Nov 2002 (W46),UD Las Palmas (11),2-2,2-1,UD Almería (11)
?,(Sun) 17 Nov 2002 (W46),CD Leganés (11),0-1,0-0,Levante UD (11)
?,(Sun) 17 Nov 2002 (W46),CD Numancia (11),2-2,2-2,SD Compostela (11)
?,(Sun) 17 Nov 2002 (W46),Polideportivo Ejido (11),1-1,1-1,UD Salamanca (11)
?,(Sun) 17 Nov 2002 (W46),Sporting Gijón (11),1-0,0-0,Real Murcia CF (11)
?,(Sun) 17 Nov 2002 (W46),Xerez CD (11),1-1,1-1,CD Tenerife (11)
?,(Sat) 23 Nov 2002 (W47),UD Almería (12),2-1,0-0,SD Eibar (12)
?,(Sat) 23 Nov 2002 (W47),SD Compostela (12),0-1,0-0,Elche CF (12)
?,(Sun) 24 Nov 2002 (W47),Córdoba CF (12),0-1,0-0,Polideportivo Ejido (12)
?,(Sun) 24 Nov 2002 (W47),Racing Ferrol (12),2-1,1-0,Xerez CD (12)
?,(Sun) 24 Nov 2002 (W47),Getafe CF (12),0-1,0-0,CD Badajoz (12)
?,(Sun) 24 Nov 2002 (W47),Levante UD (12),2-2,1-1,Albacete Balompié (12)
?,(Sun) 24 Nov 2002 (W47),Real Murcia CF (12),0-1,0-0,CD Leganés (12)
?,(Sun) 24 Nov 2002 (W47),Real Oviedo (12),1-1,1-0,CD Numancia (12)
?,(Sun) 24 Nov 2002 (W47),UD Salamanca (12),2-1,0-1,UD Las Palmas (12)
?,(Sun) 24 Nov 2002 (W47),CD Tenerife (12),2-2,1-0,Sporting Gijón (12)
?,(Sun) 24 Nov 2002 (W47),Real Zaragoza (12),1-0,1-0,Terrassa FC (12)
?,(Sat) 30 Nov 2002 (W48),UD Las Palmas (13),0-1,0-1,SD Eibar (13)
?,(Sat) 30 Nov 2002 (W48),CD Leganés (13),1-1,1-1,CD Tenerife (13)
?,(Sat) 30 Nov 2002 (W48),Sporting Gijón (13),3-1,1-0,Racing Ferrol (13)
?,(Sun) 1 Dec 2002 (W48),Albacete Balompié (13),0-0,0-0,Real Murcia CF (13)
?,(Sun) 1 Dec 2002 (W48),CD Badajoz (13),0-4,0-3,Real Zaragoza (13)
?,(Sun) 1 Dec 2002 (W48),Elche CF (13),2-1,1-1,Real Oviedo (13)
?,(Sun) 1 Dec 2002 (W48),CD Numancia (13),1-3,0-1,Getafe CF (13)
?,(Sun) 1 Dec 2002 (W48),Polideportivo Ejido (13),0-0,0-0,Levante UD (13)
?,(Sun) 1 Dec 2002 (W48),UD Salamanca (13),2-0,1-0,Córdoba CF (13)
?,(Sun) 1 Dec 2002 (W48),Terrassa FC (13),0-2,0-0,UD Almería (13)
?,(Sun) 1 Dec 2002 (W48),Xerez CD (13),0-1,0-1,SD Compostela (13)
?,(Sat) 7 Dec 2002 (W49),SD Eibar (14),1-1,1-0,Terrassa FC (14)
?,(Sat) 7 Dec 2002 (W49),Real Oviedo (14),1-2,1-0,Xerez CD (14)
?,(Sat) 7 Dec 2002 (W49),CD Tenerife (14),1-1,1-1,Albacete Balompié (14)
?,(Sun) 8 Dec 2002 (W49),UD Almería (14),2-1,1-0,CD Badajoz (14)
?,(Sun) 8 Dec 2002 (W49),SD Compostela (14),2-3,1-2,Sporting Gijón (14)
?,(Sun) 8 Dec 2002 (W49),Córdoba CF (14),2-2,1-1,UD Las Palmas (14)
?,(Sun) 8 Dec 2002 (W49),Racing Ferrol (14),1-1,0-0,CD Leganés (14)
?,(Sun) 8 Dec 2002 (W49),Getafe CF (14),1-1,0-1,Elche CF (14)
?,(Sun) 8 Dec 2002 (W49),Levante UD (14),0-1,0-0,UD Salamanca (14)
?,(Sun) 8 Dec 2002 (W49),Real Murcia CF (14),3-0,1-0,Polideportivo Ejido (14)
?,(Sun) 8 Dec 2002 (W49),Real Zaragoza (14),1-0,1-0,CD Numancia (14)
?,(Sat) 14 Dec 2002 (W50),Albacete Balompié (15),2-0,2-0,Racing Ferrol (15)
?,(Sat) 14 Dec 2002 (W50),UD Las Palmas (15),2-0,1-0,Terrassa FC (15)
?,(Sat) 14 Dec 2002 (W50),Polideportivo Ejido (15),0-1,0-0,CD Tenerife (15)
?,(Sun) 15 Dec 2002 (W50),CD Badajoz (15),1-1,0-0,SD Eibar (15)
?,(Sun) 15 Dec 2002 (W50),Córdoba CF (15),1-2,0-0,Levante UD (15)
?,(Sun) 15 Dec 2002 (W50),Elche CF (15),4-0,1-0,Real Zaragoza (15)
?,(Sun) 15 Dec 2002 (W50),CD Leganés (15),0-0,0-0,SD Compostela (15)
?,(Sun) 15 Dec 2002 (W50),CD Numancia (15),0-0,0-0,UD Almería (15)
?,(Sun) 15 Dec 2002 (W50),UD Salamanca (15),0-0,0-0,Real Murcia CF (15)
?,(Sun) 15 Dec 2002 (W50),Sporting Gijón (15),1-0,1-0,Real Oviedo (15)
?,(Sun) 15 Dec 2002 (W50),Xerez CD (15),0-0,0-0,Getafe CF (15)
?,(Sat) 21 Dec 2002 (W51),UD Almería (16),0-3,0-1,Elche CF (16)
?,(Sat) 21 Dec 2002 (W51),SD Compostela (16),3-3,1-2,Albacete Balompié (16)
?,(Sat) 21 Dec 2002 (W51),Racing Ferrol (16),1-1,0-0,Polideportivo Ejido (16)
?,(Sat) 21 Dec 2002 (W51),Real Murcia CF (16),1-0,1-0,Córdoba CF (16)
?,(Sat) 21 Dec 2002 (W51),Real Oviedo (16),1-1,0-1,CD Leganés (16)
?,(Sat) 21 Dec 2002 (W51),CD Tenerife (16),0-0,0-0,UD Salamanca (16)
?,(Sat) 21 Dec 2002 (W51),Terrassa FC (16),1-0,1-0,CD Badajoz (16)
?,(Sun) 22 Dec 2002 (W51),SD Eibar (16),1-2,1-0,CD Numancia (16)
?,(Sun) 22 Dec 2002 (W51),Getafe CF (16),0-1,0-1,Sporting Gijón (16)
?,(Sun) 22 Dec 2002 (W51),Levante UD (16),1-1,0-0,UD Las Palmas (16)
?,(Sun) 22 Dec 2002 (W51),Real Zaragoza (16),1-0,0-0,Xerez CD (16)
?,(Sat) 4 Jan 2003 (W1),Córdoba CF (17),1-1,0-0,CD Tenerife (17)
?,(Sat) 4 Jan 2003 (W1),Elche CF (17),0-0,0-0,SD Eibar (17)
?,(Sat) 4 Jan 2003 (W1),UD Las Palmas (17),2-0,0-0,CD Badajoz (17)
?,(Sat) 4 Jan 2003 (W1),CD Numancia (17),1-1,0-0,Terrassa FC (17)
?,(Sat) 4 Jan 2003 (W1),Sporting Gijón (17),1-1,0-0,Real Zaragoza (17)
?,(Sat) 4 Jan 2003 (W1),Xerez CD (17),1-2,0-1,UD Almería (17)
?,(Sun) 5 Jan 2003 (W1),Albacete Balompié (17),0-1,0-0,Real Oviedo (17)
?,(Sun) 5 Jan 2003 (W1),CD Leganés (17),2-1,1-0,Getafe CF (17)
?,(Sun) 5 Jan 2003 (W1),Levante UD (17),0-0,0-0,Real Murcia CF (17)
?,(Sun) 5 Jan 2003 (W1),Polideportivo Ejido (17),0-2,0-2,SD Compostela (17)
?,(Sun) 5 Jan 2003 (W1),UD Salamanca (17),0-0,0-0,Racing Ferrol (17)
?,(Sat) 11 Jan 2003 (W2),UD Almería (18),1-0,1-0,Sporting Gijón (18)
?,(Sat) 11 Jan 2003 (W2),Racing Ferrol (18),0-0,0-0,Córdoba CF (18)
?,(Sat) 11 Jan 2003 (W2),Real Murcia CF (18),6-1,2-0,UD Las Palmas (18)
?,(Sat) 11 Jan 2003 (W2),Real Oviedo (18),0-3,0-0,Polideportivo Ejido (18)
?,(Sat) 11 Jan 2003 (W2),Terrassa FC (18),1-1,1-1,Elche CF (18)
?,(Sun) 12 Jan 2003 (W2),CD Badajoz (18),1-1,1-0,CD Numancia (18)
?,(Sun) 12 Jan 2003 (W2),SD Compostela (18),0-0,0-0,UD Salamanca (18)
?,(Sun) 12 Jan 2003 (W2),SD Eibar (18),1-0,0-0,Xerez CD (18)
?,(Sun) 12 Jan 2003 (W2),Getafe CF (18),1-2,0-0,Albacete Balompié (18)
?,(Sun) 12 Jan 2003 (W2),CD Tenerife (18),0-0,0-0,Levante UD (18)
?,(Sun) 12 Jan 2003 (W2),Real Zaragoza (18),2-2,1-0,CD Leganés (18)
?,(Sat) 18 Jan 2003 (W3),Albacete Balompié (19),0-0,0-0,Real Zaragoza (19)
?,(Sat) 18 Jan 2003 (W3),UD Las Palmas (19),0-0,0-0,CD Numancia (19)
?,(Sat) 18 Jan 2003 (W3),Polideportivo Ejido (19),1-1,0-1,Getafe CF (19)
?,(Sat) 18 Jan 2003 (W3),Xerez CD (19),2-2,1-2,Terrassa FC (19)
?,(Sun) 19 Jan 2003 (W3),Córdoba CF (19),0-0,0-0,SD Compostela (19)
?,(Sun) 19 Jan 2003 (W3),Elche CF (19),0-1,0-0,CD Badajoz (19)
?,(Sun) 19 Jan 2003 (W3),CD Leganés (19),5-2,3-1,UD Almería (19)
?,(Sun) 19 Jan 2003 (W3),Levante UD (19),1-0,0-0,Racing Ferrol (19)
?,(Sun) 19 Jan 2003 (W3),Real Murcia CF (19),2-0,2-0,CD Tenerife (19)
?,(Sun) 19 Jan 2003 (W3),UD Salamanca (19),0-0,0-0,Real Oviedo (19)
?,(Sun) 19 Jan 2003 (W3),Sporting Gijón (19),1-0,0-0,SD Eibar (19)
?,(Sat) 25 Jan 2003 (W4),UD Las Palmas (20),1-0,0-0,CD Tenerife (20)
?,(Sun) 26 Jan 2003 (W4),UD Almería (20),1-1,0-0,Albacete Balompié (20)
?,(Sun) 26 Jan 2003 (W4),CD Badajoz (20),0-1,0-1,Xerez CD (20)
?,(Sun) 26 Jan 2003 (W4),SD Compostela (20),3-1,2-0,Levante UD (20)
?,(Sun) 26 Jan 2003 (W4),SD Eibar (20),0-1,0-1,CD Leganés (20)
?,(Sun) 26 Jan 2003 (W4),Racing Ferrol (20),0-3,0-2,Real Murcia CF (20)
?,(Sun) 26 Jan 2003 (W4),Getafe CF (20),1-0,0-0,UD Salamanca (20)
?,(Sun) 26 Jan 2003 (W4),CD Numancia (20),1-0,0-0,Elche CF (20)
?,(Sun) 26 Jan 2003 (W4),Real Oviedo (20),1-0,0-0,Córdoba CF (20)
?,(Sun) 26 Jan 2003 (W4),Terrassa FC (20),0-0,0-0,Sporting Gijón (20)
?,(Sun) 26 Jan 2003 (W4),Real Zaragoza (20),0-0,0-0,Polideportivo Ejido (20)
?,(Sat) 1 Feb 2003 (W5),CD Leganés (21),1-1,1-1,Terrassa FC (21)
?,(Sat) 1 Feb 2003 (W5),Levante UD (21),1-0,1-0,Real Oviedo (21)
?,(Sat) 1 Feb 2003 (W5),CD Tenerife (21),4-0,0-0,Racing Ferrol (21)
?,(Sun) 2 Feb 2003 (W5),Albacete Balompié (21),1-1,1-1,SD Eibar (21)
?,(Sun) 2 Feb 2003 (W5),Córdoba CF (21),3-0,2-0,Getafe CF (21)
?,(Sun) 2 Feb 2003 (W5),Elche CF (21),3-2,1-2,UD Las Palmas (21)
?,(Sun) 2 Feb 2003 (W5),Real Murcia CF (21),2-0,1-0,SD Compostela (21)
?,(Sun) 2 Feb 2003 (W5),Polideportivo Ejido (21),2-0,2-0,UD Almería (21)
?,(Sun) 2 Feb 2003 (W5),UD Salamanca (21),0-1,0-0,Real Zaragoza (21)
?,(Sun) 2 Feb 2003 (W5),Sporting Gijón (21),4-0,2-0,CD Badajoz (21)
?,(Sun) 2 Feb 2003 (W5),Xerez CD (21),2-2,1-2,CD Numancia (21)
?,(Sat) 8 Feb 2003 (W6),Córdoba CF (22),2-1,0-0,Real Zaragoza (22)
?,(Sat) 8 Feb 2003 (W6),Racing Ferrol (22),1-2,1-1,UD Las Palmas (22)
?,(Sun) 9 Feb 2003 (W6),Albacete Balompié (22),1-0,1-0,Terrassa FC (22)
?,(Sun) 9 Feb 2003 (W6),CD Leganés (22),1-3,0-2,CD Badajoz (22)
?,(Sun) 9 Feb 2003 (W6),Levante UD (22),1-0,0-0,Getafe CF (22)
?,(Sun) 9 Feb 2003 (W6),Real Murcia CF (22),0-1,0-0,Real Oviedo (22)
?,(Sun) 9 Feb 2003 (W6),Polideportivo Ejido (22),0-0,0-0,SD Eibar (22)
?,(Sun) 9 Feb 2003 (W6),UD Salamanca (22),2-1,2-1,UD Almería (22)
?,(Sun) 9 Feb 2003 (W6),Sporting Gijón (22),1-2,1-2,CD Numancia (22)
?,(Sun) 9 Feb 2003 (W6),CD Tenerife (22),5-1,1-1,SD Compostela (22)
?,(Sun) 9 Feb 2003 (W6),Xerez CD (22),2-1,1-0,Elche CF (22)
?,(Sat) 15 Feb 2003 (W7),UD Almería (23),1-3,0-1,Córdoba CF (23)
?,(Sat) 15 Feb 2003 (W7),SD Compostela (23),1-1,1-1,Racing Ferrol (23)
?,(Sat) 15 Feb 2003 (W7),Getafe CF (23),3-1,1-0,Real Murcia CF (23)
?,(Sat) 15 Feb 2003 (W7),UD Las Palmas (23),4-0,2-0,Xerez CD (23)
?,(Sat) 15 Feb 2003 (W7),Real Oviedo (23),0-2,0-2,CD Tenerife (23)
?,(Sun) 16 Feb 2003 (W7),CD Badajoz (23),0-3,0-1,Albacete Balompié (23)
?,(Sun) 16 Feb 2003 (W7),SD Eibar (23),1-1,0-1,UD Salamanca (23)
?,(Sun) 16 Feb 2003 (W7),Elche CF (23),1-1,0-1,Sporting Gijón (23)
?,(Sun) 16 Feb 2003 (W7),CD Numancia (23),2-1,2-1,CD Leganés (23)
?,(Sun) 16 Feb 2003 (W7),Terrassa FC (23),2-0,1-0,Polideportivo Ejido (23)
?,(Sun) 16 Feb 2003 (W7),Real Zaragoza (23),1-0,1-0,Levante UD (23)
?,(Sat) 22 Feb 2003 (W8),Sporting Gijón (24),1-1,0-0,Xerez CD (24)
?,(Sun) 23 Feb 2003 (W8),Albacete Balompié (24),3-1,1-1,CD Numancia (24)
?,(Sun) 23 Feb 2003 (W8),SD Compostela (24),0-3,0-0,UD Las Palmas (24)
?,(Sun) 23 Feb 2003 (W8),Córdoba CF (24),0-0,0-0,SD Eibar (24)
?,(Sun) 23 Feb 2003 (W8),Racing Ferrol (24),1-1,0-1,Real Oviedo (24)
?,(Sun) 23 Feb 2003 (W8),CD Leganés (24),2-2,1-1,Elche CF (24)
?,(Sun) 23 Feb 2003 (W8),Levante UD (24),2-1,1-0,UD Almería (24)
?,(Sun) 23 Feb 2003 (W8),Real Murcia CF (24),2-0,1-0,Real Zaragoza (24)
?,(Sun) 23 Feb 2003 (W8),Polideportivo Ejido (24),1-0,1-0,CD Badajoz (24)
?,(Sun) 23 Feb 2003 (W8),UD Salamanca (24),1-2,0-1,Terrassa FC (24)
?,(Sun) 23 Feb 2003 (W8),CD Tenerife (24),1-0,0-0,Getafe CF (24)
?,(Sat) 1 Mar 2003 (W9),CD Badajoz (25),1-1,0-0,UD Salamanca (25)
?,(Sat) 1 Mar 2003 (W9),Real Zaragoza (25),1-3,0-3,CD Tenerife (25)
?,(Sun) 2 Mar 2003 (W9),UD Almería (25),1-1,0-0,Real Murcia CF (25)
?,(Sun) 2 Mar 2003 (W9),SD Eibar (25),1-1,0-0,Levante UD (25)
?,(Sun) 2 Mar 2003 (W9),Elche CF (25),1-2,0-1,Albacete Balompié (25)
?,(Sun) 2 Mar 2003 (W9),Getafe CF (25),3-1,1-1,Racing Ferrol (25)
?,(Sun) 2 Mar 2003 (W9),UD Las Palmas (25),2-2,1-1,Sporting Gijón (25)
?,(Sun) 2 Mar 2003 (W9),CD Numancia (25),2-2,1-2,Polideportivo Ejido (25)
?,(Sun) 2 Mar 2003 (W9),Real Oviedo (25),1-1,0-1,SD Compostela (25)
?,(Sun) 2 Mar 2003 (W9),Terrassa FC (25),0-4,0-2,Córdoba CF (25)
?,(Sun) 2 Mar 2003 (W9),Xerez CD (25),2-2,0-1,CD Leganés (25)
?,(Sat) 8 Mar 2003 (W10),Racing Ferrol (26),1-2,0-1,Real Zaragoza (26)
?,(Sat) 8 Mar 2003 (W10),Levante UD (26),1-0,0-0,Terrassa FC (26)
?,(Sat) 8 Mar 2003 (W10),CD Tenerife (26),1-1,0-1,UD Almería (26)
?,(Sun) 9 Mar 2003 (W10),Albacete Balompié (26),0-0,0-0,Xerez CD (26)
?,(Sun) 9 Mar 2003 (W10),SD Compostela (26),1-3,0-1,Getafe CF (26)
?,(Sun) 9 Mar 2003 (W10),Córdoba CF (26),0-0,0-0,CD Badajoz (26)
?,(Sun) 9 Mar 2003 (W10),CD Leganés (26),0-2,0-0,Sporting Gijón (26)
?,(Sun) 9 Mar 2003 (W10),Real Murcia CF (26),4-2,2-0,SD Eibar (26)
?,(Sun) 9 Mar 2003 (W10),Real Oviedo (26),0-0,0-0,UD Las Palmas (26)
?,(Sun) 9 Mar 2003 (W10),Polideportivo Ejido (26),2-0,1-0,Elche CF (26)
?,(Sun) 9 Mar 2003 (W10),UD Salamanca (26),0-0,0-0,CD Numancia (26)
?,(Sat) 15 Mar 2003 (W11),UD Las Palmas (27),1-4,1-3,CD Leganés (27)
?,(Sat) 15 Mar 2003 (W11),Terrassa FC (27),0-1,0-0,Real Murcia CF (27)
?,(Sun) 16 Mar 2003 (W11),UD Almería (27),3-2,3-2,Racing Ferrol (27)
?,(Sun) 16 Mar 2003 (W11),CD Badajoz (27),1-1,0-1,Levante UD (27)
?,(Sun) 16 Mar 2003 (W11),SD Eibar (27),1-1,1-0,CD Tenerife (27)
?,(Sun) 16 Mar 2003 (W11),Elche CF (27),2-1,2-0,UD Salamanca (27)
?,(Sun) 16 Mar 2003 (W11),Getafe CF (27),1-1,1-0,Real Oviedo (27)
?,(Sun) 16 Mar 2003 (W11),CD Numancia (27),0-0,0-0,Córdoba CF (27)
?,(Sun) 16 Mar 2003 (W11),Sporting Gijón (27),0-1,0-0,Albacete Balompié (27)
?,(Sun) 16 Mar 2003 (W11),Xerez CD (27),2-1,0-1,Polideportivo Ejido (27)
?,(Sun) 16 Mar 2003 (W11),Real Zaragoza (27),0-1,0-0,SD Compostela (27)
?,(Sat) 22 Mar 2003 (W12),Racing Ferrol (28),0-1,0-0,SD Eibar (28)
?,(Sat) 22 Mar 2003 (W12),Getafe CF (28),0-0,0-0,UD Las Palmas (28)
?,(Sat) 22 Mar 2003 (W12),Polideportivo Ejido (28),1-0,1-0,Sporting Gijón (28)
?,(Sun) 23 Mar 2003 (W12),Albacete Balompié (28),2-0,1-0,CD Leganés (28)
?,(Sun) 23 Mar 2003 (W12),SD Compostela (28),4-1,2-0,UD Almería (28)
?,(Sun) 23 Mar 2003 (W12),Córdoba CF (28),1-0,1-0,Elche CF (28)
?,(Sun) 23 Mar 2003 (W12),Levante UD (28),0-0,0-0,CD Numancia (28)
?,(Sun) 23 Mar 2003 (W12),Real Murcia CF (28),2-0,0-0,CD Badajoz (28)
?,(Sun) 23 Mar 2003 (W12),Real Oviedo (28),0-2,0-1,Real Zaragoza (28)
?,(Sun) 23 Mar 2003 (W12),UD Salamanca (28),1-1,1-1,Xerez CD (28)
?,(Sun) 23 Mar 2003 (W12),CD Tenerife (28),1-1,0-1,Terrassa FC (28)
?,(Sat) 29 Mar 2003 (W13),SD Eibar (29),2-1,1-0,SD Compostela (29)
?,(Sat) 29 Mar 2003 (W13),Elche CF (29),0-2,0-1,Levante UD (29)
?,(Sat) 29 Mar 2003 (W13),UD Las Palmas (29),1-1,0-1,Albacete Balompié (29)
?,(Sat) 29 Mar 2003 (W13),Xerez CD (29),1-0,1-0,Córdoba CF (29)
?,(Sun) 30 Mar 2003 (W13),UD Almería (29),1-1,1-1,Real Oviedo (29)
?,(Sun) 30 Mar 2003 (W13),CD Badajoz (29),2-1,2-0,CD Tenerife (29)
?,(Sun) 30 Mar 2003 (W13),CD Leganés (29),2-0,1-0,Polideportivo Ejido (29)
?,(Sun) 30 Mar 2003 (W13),CD Numancia (29),0-2,0-2,Real Murcia CF (29)
?,(Sun) 30 Mar 2003 (W13),Sporting Gijón (29),1-1,0-1,UD Salamanca (29)
?,(Sun) 30 Mar 2003 (W13),Terrassa FC (29),2-1,2-1,Racing Ferrol (29)
?,(Sun) 30 Mar 2003 (W13),Real Zaragoza (29),3-1,1-1,Getafe CF (29)
?,(Sat) 5 Apr 2003 (W14),Real Murcia CF (30),1-0,1-0,Elche CF (30)
?,(Sun) 6 Apr 2003 (W14),SD Compostela (30),2-1,0-0,Terrassa FC (30)
?,(Sun) 6 Apr 2003 (W14),Córdoba CF (30),1-1,1-0,Sporting Gijón (30)
?,(Sun) 6 Apr 2003 (W14),Racing Ferrol (30),2-0,1-0,CD Badajoz (30)
?,(Sun) 6 Apr 2003 (W14),Getafe CF (30),1-1,0-1,UD Almería (30)
?,(Sun) 6 Apr 2003 (W14),Levante UD (30),0-0,0-0,Xerez CD (30)
?,(Sun) 6 Apr 2003 (W14),Real Oviedo (30),1-2,0-1,SD Eibar (30)
?,(Sun) 6 Apr 2003 (W14),Polideportivo Ejido (30),0-1,0-0,Albacete Balompié (30)
?,(Sun) 6 Apr 2003 (W14),UD Salamanca (30),1-1,1-0,CD Leganés (30)
?,(Sun) 6 Apr 2003 (W14),CD Tenerife (30),2-0,1-0,CD Numancia (30)
?,(Sun) 6 Apr 2003 (W14),Real Zaragoza (30),1-2,0-0,UD Las Palmas (30)
?,(Sat) 12 Apr 2003 (W15),Elche CF (31),1-0,0-0,CD Tenerife (31)
?,(Sat) 12 Apr 2003 (W15),UD Las Palmas (31),2-0,2-0,Polideportivo Ejido (31)
?,(Sat) 12 Apr 2003 (W15),Terrassa FC (31),2-2,0-0,Real Oviedo (31)
?,(Sun) 13 Apr 2003 (W15),Albacete Balompié (31),0-0,0-0,UD Salamanca (31)
?,(Sun) 13 Apr 2003 (W15),UD Almería (31),0-1,0-1,Real Zaragoza (31)
?,(Sun) 13 Apr 2003 (W15),CD Badajoz (31),0-2,0-1,SD Compostela (31)
?,(Sun) 13 Apr 2003 (W15),SD Eibar (31),0-0,0-0,Getafe CF (31)
?,(Sun) 13 Apr 2003 (W15),CD Leganés (31),0-3,0-1,Córdoba CF (31)
?,(Sun) 13 Apr 2003 (W15),CD Numancia (31),4-2,1-0,Racing Ferrol (31)
?,(Sun) 13 Apr 2003 (W15),Sporting Gijón (31),3-2,1-0,Levante UD (31)
?,(Sun) 13 Apr 2003 (W15),Xerez CD (31),2-0,0-0,Real Murcia CF (31)
?,(Sat) 19 Apr 2003 (W16),UD Almería (32),1-0,1-0,UD Las Palmas (32)
?,(Sun) 20 Apr 2003 (W16),SD Compostela (32),1-0,0-0,CD Numancia (32)
?,(Sun) 20 Apr 2003 (W16),Córdoba CF (32),0-2,0-0,Albacete Balompié (32)
?,(Sun) 20 Apr 2003 (W16),Racing Ferrol (32),1-0,1-0,Elche CF (32)
?,(Sun) 20 Apr 2003 (W16),Getafe CF (32),2-1,0-0,Terrassa FC (32)
?,(Sun) 20 Apr 2003 (W16),Levante UD (32),4-0,0-0,CD Leganés (32)
?,(Sun) 20 Apr 2003 (W16),Real Murcia CF (32),0-0,0-0,Sporting Gijón (32)
?,(Sun) 20 Apr 2003 (W16),Real Oviedo (32),2-1,0-0,CD Badajoz (32)
?,(Sun) 20 Apr 2003 (W16),UD Salamanca (32),2-0,2-0,Polideportivo Ejido (32)
?,(Sun) 20 Apr 2003 (W16),CD Tenerife (32),1-3,1-2,Xerez CD (32)
?,(Sun) 20 Apr 2003 (W16),Real Zaragoza (32),2-0,0-0,SD Eibar (32)
?,(Sat) 26 Apr 2003 (W17),UD Las Palmas (33),2-1,1-1,UD Salamanca (33)
?,(Sat) 26 Apr 2003 (W17),Polideportivo Ejido (33),2-1,1-1,Córdoba CF (33)
?,(Sat) 26 Apr 2003 (W17),Sporting Gijón (33),2-1,1-0,CD Tenerife (33)
?,(Sat) 26 Apr 2003 (W17),Terrassa FC (33),0-2,0-1,Real Zaragoza (33)
?,(Sun) 27 Apr 2003 (W17),Albacete Balompié (33),2-2,0-1,Levante UD (33)
?,(Sun) 27 Apr 2003 (W17),CD Badajoz (33),1-2,1-0,Getafe CF (33)
?,(Sun) 27 Apr 2003 (W17),SD Eibar (33),2-0,0-0,UD Almería (33)
?,(Sun) 27 Apr 2003 (W17),Elche CF (33),3-1,1-1,SD Compostela (33)
?,(Sun) 27 Apr 2003 (W17),CD Leganés (33),0-1,0-0,Real Murcia CF (33)
?,(Sun) 27 Apr 2003 (W17),CD Numancia (33),4-2,1-0,Real Oviedo (33)
?,(Sun) 27 Apr 2003 (W17),Xerez CD (33),1-1,0-0,Racing Ferrol (33)
?,(Sat) 3 May 2003 (W18),SD Compostela (34),0-1,0-1,Xerez CD (34)
?,(Sat) 3 May 2003 (W18),SD Eibar (34),0-0,0-0,UD Las Palmas (34)
?,(Sun) 4 May 2003 (W18),UD Almería (34),3-0,1-0,Terrassa FC (34)
?,(Sun) 4 May 2003 (W18),Córdoba CF (34),0-2,0-1,UD Salamanca (34)
?,(Sun) 4 May 2003 (W18),Racing Ferrol (34),2-1,1-1,Sporting Gijón (34)
?,(Sun) 4 May 2003 (W18),Getafe CF (34),1-1,0-0,CD Numancia (34)
?,(Sun) 4 May 2003 (W18),Levante UD (34),2-2,1-0,Polideportivo Ejido (34)
?,(Sun) 4 May 2003 (W18),Real Murcia CF (34),0-0,0-0,Albacete Balompié (34)
?,(Sun) 4 May 2003 (W18),Real Oviedo (34),2-1,1-1,Elche CF (34)
?,(Sun) 4 May 2003 (W18),CD Tenerife (34),1-1,1-1,CD Leganés (34)
?,(Sun) 4 May 2003 (W18),Real Zaragoza (34),2-0,1-0,CD Badajoz (34)
?,(Sat) 10 May 2003 (W19),Albacete Balompié (35),1-0,0-0,CD Tenerife (35)
?,(Sat) 10 May 2003 (W19),UD Las Palmas (35),0-1,0-1,Córdoba CF (35)
?,(Sat) 10 May 2003 (W19),Sporting Gijón (35),1-3,1-1,SD Compostela (35)
?,(Sat) 10 May 2003 (W19),Xerez CD (35),4-1,1-0,Real Oviedo (35)
?,(Sun) 11 May 2003 (W19),CD Badajoz (35),4-3,0-1,UD Almería (35)
?,(Sun) 11 May 2003 (W19),Elche CF (35),1-1,1-0,Getafe CF (35)
?,(Sun) 11 May 2003 (W19),CD Leganés (35),1-0,1-0,Racing Ferrol (35)
?,(Sun) 11 May 2003 (W19),CD Numancia (35),2-2,1-2,Real Zaragoza (35)
?,(Sun) 11 May 2003 (W19),Polideportivo Ejido (35),0-1,0-1,Real Murcia CF (35)
?,(Sun) 11 May 2003 (W19),UD Salamanca (35),1-1,0-1,Levante UD (35)
?,(Sun) 11 May 2003 (W19),Terrassa FC (35),1-0,1-0,SD Eibar (35)
?,(Sat) 17 May 2003 (W20),Racing Ferrol (36),2-1,1-0,Albacete Balompié (36)
?,(Sat) 17 May 2003 (W20),Levante UD (36),1-2,1-1,Córdoba CF (36)
?,(Sun) 18 May 2003 (W20),UD Almería (36),1-2,0-1,CD Numancia (36)
?,(Sun) 18 May 2003 (W20),SD Compostela (36),2-0,1-0,CD Leganés (36)
?,(Sun) 18 May 2003 (W20),SD Eibar (36),1-2,1-1,CD Badajoz (36)
?,(Sun) 18 May 2003 (W20),Getafe CF (36),2-1,1-0,Xerez CD (36)
?,(Sun) 18 May 2003 (W20),Real Murcia CF (36),1-1,1-0,UD Salamanca (36)
?,(Sun) 18 May 2003 (W20),Real Oviedo (36),2-1,1-1,Sporting Gijón (36)
?,(Sun) 18 May 2003 (W20),CD Tenerife (36),4-0,2-0,Polideportivo Ejido (36)
?,(Sun) 18 May 2003 (W20),Terrassa FC (36),0-1,0-0,UD Las Palmas (36)
?,(Sun) 18 May 2003 (W20),Real Zaragoza (36),5-2,1-1,Elche CF (36)
?,(Sat) 24 May 2003 (W21),Albacete Balompié (37),1-1,0-0,SD Compostela (37)
?,(Sat) 24 May 2003 (W21),Córdoba CF (37),0-2,0-1,Real Murcia CF (37)
?,(Sat) 24 May 2003 (W21),Elche CF (37),0-2,0-1,UD Almería (37)
?,(Sat) 24 May 2003 (W21),UD Las Palmas (37),1-1,1-0,Levante UD (37)
?,(Sat) 24 May 2003 (W21),Polideportivo Ejido (37),1-1,0-1,Racing Ferrol (37)
?,(Sun) 25 May 2003 (W21),CD Badajoz (37),1-1,0-0,Terrassa FC (37)
?,(Sun) 25 May 2003 (W21),CD Leganés (37),0-1,0-0,Real Oviedo (37)
?,(Sun) 25 May 2003 (W21),CD Numancia (37),1-0,1-0,SD Eibar (37)
?,(Sun) 25 May 2003 (W21),UD Salamanca (37),2-1,0-1,CD Tenerife (37)
?,(Sun) 25 May 2003 (W21),Sporting Gijón (37),0-0,0-0,Getafe CF (37)
?,(Sun) 25 May 2003 (W21),Xerez CD (37),1-3,0-1,Real Zaragoza (37)
?,(Sat) 31 May 2003 (W22),UD Almería (38),6-0,3-0,Xerez CD (38)
?,(Sat) 31 May 2003 (W22),CD Badajoz (38),0-1,0-0,UD Las Palmas (38)
?,(Sat) 31 May 2003 (W22),Getafe CF (38),0-3,0-0,CD Leganés (38)
?,(Sat) 31 May 2003 (W22),Real Oviedo (38),0-0,0-0,Albacete Balompié (38)
?,(Sat) 31 May 2003 (W22),Real Zaragoza (38),1-1,1-0,Sporting Gijón (38)
?,(Sun) 1 Jun 2003 (W22),SD Compostela (38),2-2,2-1,Polideportivo Ejido (38)
?,(Sun) 1 Jun 2003 (W22),SD Eibar (38),0-1,0-1,Elche CF (38)
?,(Sun) 1 Jun 2003 (W22),Racing Ferrol (38),1-1,1-0,UD Salamanca (38)
?,(Sun) 1 Jun 2003 (W22),Real Murcia CF (38),1-0,0-0,Levante UD (38)
?,(Sun) 1 Jun 2003 (W22),CD Tenerife (38),2-0,1-0,Córdoba CF (38)
?,(Sun) 1 Jun 2003 (W22),Terrassa FC (38),1-1,0-1,CD Numancia (38)
?,(Sat) 7 Jun 2003 (W23),Elche CF (39),2-2,0-1,Terrassa FC (39)
?,(Sat) 7 Jun 2003 (W23),UD Las Palmas (39),1-4,0-2,Real Murcia CF (39)
?,(Sat) 7 Jun 2003 (W23),CD Leganés (39),2-0,1-0,Real Zaragoza (39)
?,(Sat) 7 Jun 2003 (W23),Sporting Gijón (39),2-2,1-1,UD Almería (39)
?,(Sun) 8 Jun 2003 (W23),Albacete Balompié (39),3-1,1-1,Getafe CF (39)
?,(Sun) 8 Jun 2003 (W23),Córdoba CF (39),1-2,0-1,Racing Ferrol (39)
?,(Sun) 8 Jun 2003 (W23),Levante UD (39),2-1,1-1,CD Tenerife (39)
?,(Sun) 8 Jun 2003 (W23),CD Numancia (39),4-0,2-0,CD Badajoz (39)
?,(Sun) 8 Jun 2003 (W23),Polideportivo Ejido (39),1-0,1-0,Real Oviedo (39)
?,(Sun) 8 Jun 2003 (W23),UD Salamanca (39),4-2,1-2,SD Compostela (39)
?,(Sun) 8 Jun 2003 (W23),Xerez CD (39),1-1,1-1,SD Eibar (39)
?,(Sat) 14 Jun 2003 (W24),UD Almería (40),0-2,0-2,CD Leganés (40)
?,(Sat) 14 Jun 2003 (W24),SD Eibar (40),1-1,0-0,Sporting Gijón (40)
?,(Sat) 14 Jun 2003 (W24),Racing Ferrol (40),1-0,0-0,Levante UD (40)
?,(Sat) 14 Jun 2003 (W24),Getafe CF (40),2-0,1-0,Polideportivo Ejido (40)
?,(Sat) 14 Jun 2003 (W24),CD Numancia (40),0-1,0-1,UD Las Palmas (40)
?,(Sat) 14 Jun 2003 (W24),CD Tenerife (40),2-1,1-0,Real Murcia CF (40)
?,(Sun) 15 Jun 2003 (W24),CD Badajoz (40),2-3,1-1,Elche CF (40)
?,(Sun) 15 Jun 2003 (W24),SD Compostela (40),1-2,1-0,Córdoba CF (40)
?,(Sun) 15 Jun 2003 (W24),Real Oviedo (40),0-3,0-1,UD Salamanca (40)
?,(Sun) 15 Jun 2003 (W24),Terrassa FC (40),2-0,1-0,Xerez CD (40)
?,(Sun) 15 Jun 2003 (W24),Real Zaragoza (40),1-1,0-0,Albacete Balompié (40)
?,(Sat) 21 Jun 2003 (W25),Albacete Balompié (41),0-1,0-1,UD Almería (41)
?,(Sat) 21 Jun 2003 (W25),Córdoba CF (41),1-0,0-0,Real Oviedo (41)
?,(Sat) 21 Jun 2003 (W25),Elche CF (41),1-1,0-0,CD Numancia (41)
?,(Sat) 21 Jun 2003 (W25),CD Leganés (41),0-1,0-1,SD Eibar (41)
?,(Sat) 21 Jun 2003 (W25),Levante UD (41),3-4,2-0,SD Compostela (41)
?,(Sat) 21 Jun 2003 (W25),Real Murcia CF (41),5-0,3-0,Racing Ferrol (41)
?,(Sat) 21 Jun 2003 (W25),Polideportivo Ejido (41),0-0,0-0,Real Zaragoza (41)
?,(Sat) 21 Jun 2003 (W25),UD Salamanca (41),3-1,1-0,Getafe CF (41)
?,(Sat) 21 Jun 2003 (W25),Sporting Gijón (41),0-0,0-0,Terrassa FC (41)
?,(Sat) 21 Jun 2003 (W25),CD Tenerife (41),0-0,0-0,UD Las Palmas (41)
?,(Sat) 21 Jun 2003 (W25),Xerez CD (41),5-3,3-1,CD Badajoz (41)
?,(Sat) 28 Jun 2003 (W26),CD Badajoz (42),0-3,0-1,Sporting Gijón (42)
?,(Sat) 28 Jun 2003 (W26),CD Numancia (42),1-4,1-3,Xerez CD (42)
?,(Sat) 28 Jun 2003 (W26),Real Oviedo (42),1-2,0-1,Levante UD (42)
?,(Sat) 28 Jun 2003 (W26),Real Zaragoza (42),1-3,1-1,UD Salamanca (42)
?,(Sun) 29 Jun 2003 (W26),UD Almería (42),1-1,0-0,Polideportivo Ejido (42)
?,(Sun) 29 Jun 2003 (W26),SD Compostela (42),1-0,0-0,Real Murcia CF (42)
?,(Sun) 29 Jun 2003 (W26),SD Eibar (42),2-0,0-0,Albacete Balompié (42)
?,(Sun) 29 Jun 2003 (W26),Racing Ferrol (42),0-1,0-0,CD Tenerife (42)
?,(Sun) 29 Jun 2003 (W26),Getafe CF (42),1-1,0-1,Córdoba CF (42)
?,(Sun) 29 Jun 2003 (W26),UD Las Palmas (42),4-1,2-0,Elche CF (42)
?,(Sun) 29 Jun 2003 (W26),Terrassa FC (42),2-0,1-0,CD Leganés (42)
